{
    "model": "test12x12_100k_3step_4gen_3curric/epoch_8_curric0_gen1",
    "MiniGrid-DoorKey-6x6-custom-diff0.94467792277423": {
        "meanRet": 0.9883529329299927,
        "maxRet": 0.9933823347091675,
        "minRet": 0.9854411482810974
    },
    "MiniGrid-DoorKey-8x8-custom-diff0.94467792277423": {
        "meanRet": 0.9792470598220825,
        "maxRet": 0.9874264597892761,
        "minRet": 0.9735293984413147
    },
    "MiniGrid-DoorKey-10x10-custom-diff0.94467792277423": {
        "meanRet": 0.9691352915763854,
        "maxRet": 0.9854411482810974,
        "minRet": 0.9536764621734619
    },
    "MiniGrid-DoorKey-12x12-custom-diff0.94467792277423": {
        "meanRet": 0.940263012280831,
        "maxRet": 0.9708823561668396,
        "minRet": 0.9066911935806274
    }
}