{
    "model": "test12x12_150k_3step_3gen_3curric/epoch_26_curric0_gen2",
    "MiniGrid-DoorKey-6x6-custom-diff0.15": {
        "meanRet": 0.9273333430290223,
        "maxRet": 0.949999988079071,
        "minRet": 0.9125000238418579
    },
    "MiniGrid-DoorKey-8x8-custom-diff0.15": {
        "meanRet": 0.8698333430290223,
        "maxRet": 0.9166666865348816,
        "minRet": 0.8333333134651184
    },
    "MiniGrid-DoorKey-10x10-custom-diff0.15": {
        "meanRet": 0.7964506105140403,
        "maxRet": 0.9166666865348816,
        "minRet": 0.699999988079071
    },
    "MiniGrid-DoorKey-12x12-custom-diff0.15": {
        "meanRet": 0.6316666686534882,
        "maxRet": 0.8708333373069763,
        "minRet": 0.3958333432674408
    }
}