{
    "model": "test12x12_50k_3step_3gen_3curric/epoch_36_curric2_gen2",
    "MiniGrid-DoorKey-6x6-custom-diff0.35106022244325885": {
        "meanRet": 0.9647128582000732,
        "maxRet": 0.9768316745758057,
        "minRet": 0.9554455280303955
    },
    "MiniGrid-DoorKey-8x8-custom-diff0.35106022244325885": {
        "meanRet": 0.9478178024291992,
        "maxRet": 0.9732673168182373,
        "minRet": 0.9269306659698486
    },
    "MiniGrid-DoorKey-10x10-custom-diff0.35106022244325885": {
        "meanRet": 0.9213702964782715,
        "maxRet": 0.969702959060669,
        "minRet": 0.8966336846351624
    },
    "MiniGrid-DoorKey-12x12-custom-diff0.35106022244325885": {
        "meanRet": 0.86925940990448,
        "maxRet": 0.9358415603637695,
        "minRet": 0.8075247406959534
    }
}