{
    "model": "test12x12_50k_3step_3gen_3curric/epoch_25_curric2_gen2",
    "MiniGrid-DoorKey-6x6-custom-diff0.6260602224432589": {
        "meanRet": 0.9797148452355311,
        "maxRet": 0.9860155582427979,
        "minRet": 0.9750277400016785
    },
    "MiniGrid-DoorKey-8x8-custom-diff0.6260602224432589": {
        "meanRet": 0.9695138788223266,
        "maxRet": 0.9820199608802795,
        "minRet": 0.9610432982444763
    },
    "MiniGrid-DoorKey-10x10-custom-diff0.6260602224432589": {
        "meanRet": 0.9560088729858398,
        "maxRet": 0.9800221920013428,
        "minRet": 0.9400665760040283
    },
    "MiniGrid-DoorKey-12x12-custom-diff0.6260602224432589": {
        "meanRet": 0.9318357372283935,
        "maxRet": 0.9660377502441406,
        "minRet": 0.9100998640060425
    }
}