{
    "model": "DO_11_05_RHEA_PARA_ENV_1\\epoch_12_curric0_gen1",
    "MiniGrid-DoorKey-5x5-custom-diff2": {
        "meanRet": 0.701948041265661,
        "maxRet": 0.7428571581840515,
        "minRet": 0.6785714030265808
    },
    "MiniGrid-DoorKey-6x6-custom-diff2": {
        "meanRet": 0.7279545393857089,
        "maxRet": 0.7975000143051147,
        "minRet": 0.6850000023841858
    },
    "MiniGrid-DoorKey-8x8-custom-diff2": {
        "meanRet": 0.7261428594589233,
        "maxRet": 0.7942857146263123,
        "minRet": 0.6657142639160156
    },
    "MiniGrid-DoorKey-16x16-custom-diff2": {
        "meanRet": 0.021642287261784077,
        "maxRet": 0.2595744729042053,
        "minRet": 0.0
    }
}