{
    "model": "test12x12_150k_3step_3gen_3curric/epoch_6_curric0_gen3",
    "MiniGrid-DoorKey-6x6-custom-diff0.9563807381558473": {
        "meanRet": 0.9881307053565979,
        "maxRet": 0.9921568632125854,
        "minRet": 0.9843137264251709
    },
    "MiniGrid-DoorKey-8x8-custom-diff0.9563807381558473": {
        "meanRet": 0.9804182887077332,
        "maxRet": 0.9901960492134094,
        "minRet": 0.9725490212440491
    },
    "MiniGrid-DoorKey-10x10-custom-diff0.9563807381558473": {
        "meanRet": 0.9671633815765381,
        "maxRet": 0.9882352948188782,
        "minRet": 0.9496731758117676
    },
    "MiniGrid-DoorKey-12x12-custom-diff0.9563807381558473": {
        "meanRet": 0.9525751519203186,
        "maxRet": 0.9843137264251709,
        "minRet": 0.9300653338432312
    }
}