{
    "model": "SO_RHEA_2PARA_5GEN_14May\\epoch_6_curric2_gen5",
    "MiniGrid-DoorKey-5x5-custom-diff0": {
        "meanRet": 0.954639983177185,
        "maxRet": 0.9639999866485596,
        "minRet": 0.9459999799728394
    },
    "MiniGrid-DoorKey-6x6-custom-diff0": {
        "meanRet": 0.9570454413240607,
        "maxRet": 0.9725000262260437,
        "minRet": 0.9474999904632568
    },
    "MiniGrid-DoorKey-8x8-custom-diff0": {
        "meanRet": 0.9620312452316284,
        "maxRet": 0.9746875166893005,
        "minRet": 0.9521874785423279
    },
    "MiniGrid-DoorKey-16x16-custom-diff0": {
        "meanRet": 0.9393554747104644,
        "maxRet": 0.971875011920929,
        "minRet": 0.9145703315734863
    }
}