{
    "model": "Rhea_SaRun2\\epoch_6_curric2_gen1",
    "MiniGrid-DoorKey-5x5-custom-diff2": {
        "meanRet": 0.6785714228947958,
        "maxRet": 0.7428571581840515,
        "minRet": 0.6464285850524902
    },
    "MiniGrid-DoorKey-6x6-custom-diff2": {
        "meanRet": 0.7037499944368998,
        "maxRet": 0.7749999761581421,
        "minRet": 0.6399999856948853
    },
    "MiniGrid-DoorKey-8x8-custom-diff2": {
        "meanRet": 0.7595714271068573,
        "maxRet": 0.8328571319580078,
        "minRet": 0.691428542137146
    },
    "MiniGrid-DoorKey-16x16-custom-diff2": {
        "meanRet": 0.40127659440040586,
        "maxRet": 0.6744681000709534,
        "minRet": 0.18617020547389984
    }
}