{
    "model": "test12x12_100k_3step_3gen_3curric/epoch_16_curric2_gen3",
    "MiniGrid-DoorKey-6x6-custom-diff0.7470715046045372": {
        "meanRet": 0.9814883669217428,
        "maxRet": 0.9891162514686584,
        "minRet": 0.9732093214988708
    },
    "MiniGrid-DoorKey-8x8-custom-diff0.7470715046045372": {
        "meanRet": 0.9732762742042541,
        "maxRet": 0.9874418377876282,
        "minRet": 0.9623255729675293
    },
    "MiniGrid-DoorKey-10x10-custom-diff0.7470715046045372": {
        "meanRet": 0.9651720929145813,
        "maxRet": 0.9874418377876282,
        "minRet": 0.9455813765525818
    },
    "MiniGrid-DoorKey-12x12-custom-diff0.7470715046045372": {
        "meanRet": 0.9511069774627685,
        "maxRet": 0.9757209420204163,
        "minRet": 0.9104186296463013
    }
}