{
    "model": "test12x12_100k_3step_4gen_3curric/epoch_19_curric0_gen1",
    "MiniGrid-DoorKey-6x6-custom-diff0.66967792277423": {
        "meanRet": 0.9815791524373568,
        "maxRet": 0.9887966513633728,
        "minRet": 0.9757261276245117
    },
    "MiniGrid-DoorKey-8x8-custom-diff0.66967792277423": {
        "meanRet": 0.9740082931518554,
        "maxRet": 0.9841286540031433,
        "minRet": 0.9663900136947632
    },
    "MiniGrid-DoorKey-10x10-custom-diff0.66967792277423": {
        "meanRet": 0.9648962616920471,
        "maxRet": 0.9822614192962646,
        "minRet": 0.9505186676979065
    },
    "MiniGrid-DoorKey-12x12-custom-diff0.66967792277423": {
        "meanRet": 0.9387925291061401,
        "maxRet": 0.9719917178153992,
        "minRet": 0.9131742715835571
    }
}