{
    "model": "test12x12_50k_3step_3gen_3curric/epoch_35_curric2_gen2",
    "MiniGrid-DoorKey-6x6-custom-diff0.3760602224432589": {
        "meanRet": 0.9623364138603211,
        "maxRet": 0.97670978307724,
        "minRet": 0.9500924348831177
    },
    "MiniGrid-DoorKey-8x8-custom-diff0.3760602224432589": {
        "meanRet": 0.9460332608222961,
        "maxRet": 0.9650647044181824,
        "minRet": 0.933456540107727
    },
    "MiniGrid-DoorKey-10x10-custom-diff0.3760602224432589": {
        "meanRet": 0.9234085011482239,
        "maxRet": 0.9700554609298706,
        "minRet": 0.8935304880142212
    },
    "MiniGrid-DoorKey-12x12-custom-diff0.3760602224432589": {
        "meanRet": 0.8931312394142151,
        "maxRet": 0.9367837309837341,
        "minRet": 0.8536044359207153
    }
}