{
    "model": "test12x12_100k_3step_3gen_3curric/epoch_8_curric1_gen3",
    "MiniGrid-DoorKey-6x6-custom-diff0.9470715046045372": {
        "meanRet": 0.9830432891845703,
        "maxRet": 0.9914159774780273,
        "minRet": 0.9782098531723022
    },
    "MiniGrid-DoorKey-8x8-custom-diff0.9470715046045372": {
        "meanRet": 0.9747667908668518,
        "maxRet": 0.9867938160896301,
        "minRet": 0.9663242697715759
    },
    "MiniGrid-DoorKey-10x10-custom-diff0.9470715046045372": {
        "meanRet": 0.964950840473175,
        "maxRet": 0.9815113544464111,
        "minRet": 0.9405722618103027
    },
    "MiniGrid-DoorKey-12x12-custom-diff0.9470715046045372": {
        "meanRet": 0.9444548797607422,
        "maxRet": 0.9755685925483704,
        "minRet": 0.9035950303077698
    }
}