{
    "model": "Rhea_mi1\\epoch_3_curric1_gen3",
    "MiniGrid-DoorKey-5x5-custom": {
        "meanRet": 0.9032500237226486,
        "maxRet": 0.9190000295639038,
        "minRet": 0.8830000162124634
    },
    "MiniGrid-DoorKey-6x6-custom": {
        "meanRet": 0.892000013589859,
        "maxRet": 0.920799970626831,
        "minRet": 0.8632000088691711
    },
    "MiniGrid-DoorKey-8x8-custom": {
        "meanRet": 0.8452000021934509,
        "maxRet": 0.8964999914169312,
        "minRet": 0.8109999895095825
    },
    "MiniGrid-DoorKey-16x16-custom": {
        "meanRet": 0.0928749986924231,
        "maxRet": 0.6819999814033508,
        "minRet": 0.0
    }
}