{
    "model": "test12x12_75k_3step_3gen_3curric/epoch_39_curric2_gen2",
    "MiniGrid-DoorKey-6x6-custom-diff0.15": {
        "meanRet": 0.9200617317800168,
        "maxRet": 0.949999988079071,
        "minRet": 0.8999999761581421
    },
    "MiniGrid-DoorKey-8x8-custom-diff0.15": {
        "meanRet": 0.8788333368301392,
        "maxRet": 0.9208333492279053,
        "minRet": 0.8458333611488342
    },
    "MiniGrid-DoorKey-10x10-custom-diff0.15": {
        "meanRet": 0.8420000004768372,
        "maxRet": 0.9125000238418579,
        "minRet": 0.7875000238418579
    },
    "MiniGrid-DoorKey-12x12-custom-diff0.15": {
        "meanRet": 0.7238333320617676,
        "maxRet": 0.862500011920929,
        "minRet": 0.5791666507720947
    }
}