{
    "model": "test12x12_100k_4step_3gen_3curric/epoch_13_curric0_gen3",
    "MiniGrid-DoorKey-6x6-custom-diff0.5844064999999999": {
        "meanRet": 0.9556099915504456,
        "maxRet": 0.9860879778862,
        "minRet": 0.9336504340171814
    },
    "MiniGrid-DoorKey-8x8-custom-diff0.5844064999999999": {
        "meanRet": 0.9385731267929077,
        "maxRet": 0.9689655303955078,
        "minRet": 0.9036861062049866
    },
    "MiniGrid-DoorKey-10x10-custom-diff0.5844064999999999": {
        "meanRet": 0.8767181944847107,
        "maxRet": 0.9443519711494446,
        "minRet": 0.7891795635223389
    },
    "MiniGrid-DoorKey-12x12-custom-diff0.5844064999999999": {
        "meanRet": 0.7699167609214783,
        "maxRet": 0.9614744186401367,
        "minRet": 0.5548157095909119
    }
}