{
    "model": "test12x12_100k_3step_3gen_3curric/epoch_2_curric1_gen3",
    "MiniGrid-DoorKey-6x6-custom-diff1": {
        "meanRet": 0.9878009270738672,
        "maxRet": 0.9918749928474426,
        "minRet": 0.9806249737739563
    },
    "MiniGrid-DoorKey-8x8-custom-diff1": {
        "meanRet": 0.9757000041007996,
        "maxRet": 0.9925000071525574,
        "minRet": 0.9606249928474426
    },
    "MiniGrid-DoorKey-10x10-custom-diff1": {
        "meanRet": 0.9684499979019165,
        "maxRet": 0.9868749976158142,
        "minRet": 0.9449999928474426
    },
    "MiniGrid-DoorKey-12x12-custom-diff1": {
        "meanRet": 0.9339000010490417,
        "maxRet": 0.971875011920929,
        "minRet": 0.8731250166893005
    }
}