{
    "model": "Rhea_Fr2\\epoch_1_curric0_gen4",
    "MiniGrid-DoorKey-5x5-custom-diff0": {
        "meanRet": 0.8869599997997284,
        "maxRet": 0.9567999839782715,
        "minRet": 0.8343999981880188
    },
    "MiniGrid-DoorKey-6x6-custom-diff0": {
        "meanRet": 0.7827499985694886,
        "maxRet": 0.9175000190734863,
        "minRet": 0.6675000190734863
    },
    "MiniGrid-DoorKey-8x8-custom-diff0": {
        "meanRet": 0.48854687958955767,
        "maxRet": 0.796093761920929,
        "minRet": 0.16609375178813934
    },
    "MiniGrid-DoorKey-16x16-custom-diff0": {
        "meanRet": 0.029095459263771772,
        "maxRet": 0.4244921803474426,
        "minRet": 0.0
    }
}