{
    "model": "SO_RHEA_2PARA_5GEN_14May\\epoch_5_curric1_gen1",
    "MiniGrid-DoorKey-5x5-custom-diff0": {
        "meanRet": 0.9581090753728693,
        "maxRet": 0.9675999879837036,
        "minRet": 0.9495999813079834
    },
    "MiniGrid-DoorKey-6x6-custom-diff0": {
        "meanRet": 0.9612499833106994,
        "maxRet": 0.9700000286102295,
        "minRet": 0.9549999833106995
    },
    "MiniGrid-DoorKey-8x8-custom-diff0": {
        "meanRet": 0.9660156269868215,
        "maxRet": 0.9817187786102295,
        "minRet": 0.9606249928474426
    },
    "MiniGrid-DoorKey-16x16-custom-diff0": {
        "meanRet": 0.953558599948883,
        "maxRet": 0.9775000214576721,
        "minRet": 0.922656238079071
    }
}