{
    "model": "test12x12_75k_3step_3gen_3curric/epoch_39_curric0_gen1",
    "MiniGrid-DoorKey-6x6-custom-diff0.15": {
        "meanRet": 0.9302469204973292,
        "maxRet": 0.9583333134651184,
        "minRet": 0.9125000238418579
    },
    "MiniGrid-DoorKey-8x8-custom-diff0.15": {
        "meanRet": 0.8941666626930237,
        "maxRet": 0.9541666507720947,
        "minRet": 0.862500011920929
    },
    "MiniGrid-DoorKey-10x10-custom-diff0.15": {
        "meanRet": 0.8342948716420394,
        "maxRet": 0.9291666746139526,
        "minRet": 0.7666666507720947
    },
    "MiniGrid-DoorKey-12x12-custom-diff0.15": {
        "meanRet": 0.742666666507721,
        "maxRet": 0.8833333253860474,
        "minRet": 0.6499999761581421
    }
}