{
    "model": "test12x12_50k_3step_3gen_3curric/epoch_14_curric2_gen3",
    "MiniGrid-DoorKey-6x6-custom-diff0.9010602224432589": {
        "meanRet": 0.9852143961649674,
        "maxRet": 0.9902852773666382,
        "minRet": 0.9812644720077515
    },
    "MiniGrid-DoorKey-8x8-custom-diff0.9010602224432589": {
        "meanRet": 0.9778781771659851,
        "maxRet": 0.988897442817688,
        "minRet": 0.9708558320999146
    },
    "MiniGrid-DoorKey-10x10-custom-diff0.9010602224432589": {
        "meanRet": 0.9696345448493957,
        "maxRet": 0.9854279160499573,
        "minRet": 0.9590593576431274
    },
    "MiniGrid-DoorKey-12x12-custom-diff0.9010602224432589": {
        "meanRet": 0.9452922081947327,
        "maxRet": 0.977794885635376,
        "minRet": 0.9139552712440491
    }
}