{
    "model": "Rhea_mi1\\epoch_4_curric1_gen1",
    "MiniGrid-DoorKey-5x5-custom": {
        "meanRet": 0.8968000213305155,
        "maxRet": 0.9190000295639038,
        "minRet": 0.8830000162124634
    },
    "MiniGrid-DoorKey-6x6-custom": {
        "meanRet": 0.8776000099522727,
        "maxRet": 0.9279999732971191,
        "minRet": 0.8560000061988831
    },
    "MiniGrid-DoorKey-8x8-custom": {
        "meanRet": 0.8852500021457672,
        "maxRet": 0.9054999947547913,
        "minRet": 0.8694999814033508
    },
    "MiniGrid-DoorKey-16x16-custom": {
        "meanRet": 0.5452000051736832,
        "maxRet": 0.7179999947547913,
        "minRet": 0.4180000126361847
    }
}