{
    "model": "test12x12_50k_3step_3gen_3curric/epoch_44_curric2_gen3",
    "MiniGrid-DoorKey-6x6-custom-diff0.15": {
        "meanRet": 0.9200617317800168,
        "maxRet": 0.9458333253860474,
        "minRet": 0.8999999761581421
    },
    "MiniGrid-DoorKey-8x8-custom-diff0.15": {
        "meanRet": 0.8728333330154419,
        "maxRet": 0.9333333373069763,
        "minRet": 0.8374999761581421
    },
    "MiniGrid-DoorKey-10x10-custom-diff0.15": {
        "meanRet": 0.8076666688919067,
        "maxRet": 0.9375,
        "minRet": 0.7291666865348816
    },
    "MiniGrid-DoorKey-12x12-custom-diff0.15": {
        "meanRet": 0.7038333296775818,
        "maxRet": 0.8374999761581421,
        "minRet": 0.512499988079071
    }
}