{
    "model": "Di_Rhea1\\epoch_2_curric0_gen2",
    "MiniGrid-DoorKey-5x5-custom-diff2": {
        "meanRet": 0.652272722937844,
        "maxRet": 0.7428571581840515,
        "minRet": 0.6142857074737549
    },
    "MiniGrid-DoorKey-6x6-custom-diff2": {
        "meanRet": 0.668928576367242,
        "maxRet": 0.7300000190734863,
        "minRet": 0.6175000071525574
    },
    "MiniGrid-DoorKey-8x8-custom-diff2": {
        "meanRet": 0.7112986987287347,
        "maxRet": 0.7942857146263123,
        "minRet": 0.6528571248054504
    },
    "MiniGrid-DoorKey-16x16-custom-diff2": {
        "meanRet": 0.5701063841581344,
        "maxRet": 0.8117021322250366,
        "minRet": 0.27872341871261597
    }
}