{
    "model": "test12x12_150k_3step_3gen_3curric/epoch_24_curric0_gen3",
    "MiniGrid-DoorKey-6x6-custom-diff0.15": {
        "meanRet": 0.9217948730175312,
        "maxRet": 0.949999988079071,
        "minRet": 0.8958333134651184
    },
    "MiniGrid-DoorKey-8x8-custom-diff0.15": {
        "meanRet": 0.8780864256399649,
        "maxRet": 0.925000011920929,
        "minRet": 0.8458333611488342
    },
    "MiniGrid-DoorKey-10x10-custom-diff0.15": {
        "meanRet": 0.8111666703224182,
        "maxRet": 0.9208333492279053,
        "minRet": 0.7208333611488342
    },
    "MiniGrid-DoorKey-12x12-custom-diff0.15": {
        "meanRet": 0.7460000014305115,
        "maxRet": 0.862500011920929,
        "minRet": 0.6541666388511658
    }
}