{
    "model": "test12x12_100k_3step_3gen_3curric/epoch_37_curric0_gen3",
    "MiniGrid-DoorKey-6x6-custom-diff0.15": {
        "meanRet": 0.9165064119375669,
        "maxRet": 0.949999988079071,
        "minRet": 0.8958333134651184
    },
    "MiniGrid-DoorKey-8x8-custom-diff0.15": {
        "meanRet": 0.8696666669845581,
        "maxRet": 0.9166666865348816,
        "minRet": 0.824999988079071
    },
    "MiniGrid-DoorKey-10x10-custom-diff0.15": {
        "meanRet": 0.8129999947547912,
        "maxRet": 0.8999999761581421,
        "minRet": 0.7166666388511658
    },
    "MiniGrid-DoorKey-12x12-custom-diff0.15": {
        "meanRet": 0.7108333325386047,
        "maxRet": 0.8791666626930237,
        "minRet": 0.5083333253860474
    }
}