{
    "model": "test12x12_100k_3step_3gen_3curric/epoch_48_curric0_gen1",
    "MiniGrid-DoorKey-6x6-custom-diff0.15": {
        "meanRet": 0.9139999985694885,
        "maxRet": 0.9458333253860474,
        "minRet": 0.8833333253860474
    },
    "MiniGrid-DoorKey-8x8-custom-diff0.15": {
        "meanRet": 0.8663461552216456,
        "maxRet": 0.9208333492279053,
        "minRet": 0.800000011920929
    },
    "MiniGrid-DoorKey-10x10-custom-diff0.15": {
        "meanRet": 0.8076923076923077,
        "maxRet": 0.9333333373069763,
        "minRet": 0.6833333373069763
    },
    "MiniGrid-DoorKey-12x12-custom-diff0.15": {
        "meanRet": 0.6861666655540466,
        "maxRet": 0.8458333611488342,
        "minRet": 0.5625
    }
}