{
    "model": "test12x12_75k_3step_3gen_3curric/epoch_22_curric2_gen3",
    "MiniGrid-DoorKey-6x6-custom-diff0.6065023600555897": {
        "meanRet": 0.9786280737473414,
        "maxRet": 0.9876288771629333,
        "minRet": 0.9711340069770813
    },
    "MiniGrid-DoorKey-8x8-custom-diff0.6065023600555897": {
        "meanRet": 0.9707628870010376,
        "maxRet": 0.9845361113548279,
        "minRet": 0.9618556499481201
    },
    "MiniGrid-DoorKey-10x10-custom-diff0.6065023600555897": {
        "meanRet": 0.958639178276062,
        "maxRet": 0.9793814420700073,
        "minRet": 0.9371134042739868
    },
    "MiniGrid-DoorKey-12x12-custom-diff0.6065023600555897": {
        "meanRet": 0.9334655037293067,
        "maxRet": 0.9701030850410461,
        "minRet": 0.9164948463439941
    }
}