{
    "model": "test12x12_25k_3step_3gen_3curric/epoch_18_curric0_gen3",
    "MiniGrid-DoorKey-6x6-custom-diff0.9819142875744653": {
        "meanRet": 0.9876531133284936,
        "maxRet": 0.9910827875137329,
        "minRet": 0.9840764403343201
    },
    "MiniGrid-DoorKey-8x8-custom-diff0.9819142875744653": {
        "meanRet": 0.9787261199951172,
        "maxRet": 0.9904458522796631,
        "minRet": 0.9713375568389893
    },
    "MiniGrid-DoorKey-10x10-custom-diff0.9819142875744653": {
        "meanRet": 0.9639235758781433,
        "maxRet": 0.9840764403343201,
        "minRet": 0.9452229142189026
    },
    "MiniGrid-DoorKey-12x12-custom-diff0.9819142875744653": {
        "meanRet": 0.9325859904289245,
        "maxRet": 0.9783439636230469,
        "minRet": 0.9025477766990662
    }
}