{
    "model": "test12x12_150k_3step_3gen_3curric/epoch_1_curric2_gen1",
    "MiniGrid-DoorKey-6x6-custom-diff1.0": {
        "meanRet": 0.1344500008225441,
        "maxRet": 0.9125000238418579,
        "minRet": 0.0
    },
    "MiniGrid-DoorKey-8x8-custom-diff1.0": {
        "meanRet": 0.07684570240477721,
        "maxRet": 0.89453125,
        "minRet": 0.0
    },
    "MiniGrid-DoorKey-10x10-custom-diff1.0": {
        "meanRet": 0.037845833537479244,
        "maxRet": 0.7777000069618225,
        "minRet": 0.0
    },
    "MiniGrid-DoorKey-12x12-custom-diff1.0": {
        "meanRet": 0.03492187491307656,
        "maxRet": 0.7875000238418579,
        "minRet": 0.0
    }
}