{
    "model": "test12x12_25k_3step_3gen_3curric/epoch_14_curric2_gen3",
    "MiniGrid-DoorKey-6x6-custom-diff1": {
        "meanRet": 0.9878472244298017,
        "maxRet": 0.9925000071525574,
        "minRet": 0.9837499856948853
    },
    "MiniGrid-DoorKey-8x8-custom-diff1": {
        "meanRet": 0.9816898151680276,
        "maxRet": 0.9925000071525574,
        "minRet": 0.9762499928474426
    },
    "MiniGrid-DoorKey-10x10-custom-diff1": {
        "meanRet": 0.9724749875068665,
        "maxRet": 0.9862499833106995,
        "minRet": 0.9574999809265137
    },
    "MiniGrid-DoorKey-12x12-custom-diff1": {
        "meanRet": 0.9563999986648559,
        "maxRet": 0.9806249737739563,
        "minRet": 0.934374988079071
    }
}