{
    "model": "test12x12_75k_3step_3gen_3curric/epoch_11_curric0_gen2",
    "MiniGrid-DoorKey-6x6-custom-diff0.9065023600555896": {
        "meanRet": 0.9851458920882299,
        "maxRet": 0.9917241334915161,
        "minRet": 0.9806896448135376
    },
    "MiniGrid-DoorKey-8x8-custom-diff0.9065023600555896": {
        "meanRet": 0.9807724237442017,
        "maxRet": 0.9896551966667175,
        "minRet": 0.9731034636497498
    },
    "MiniGrid-DoorKey-10x10-custom-diff0.9065023600555896": {
        "meanRet": 0.9721655130386353,
        "maxRet": 0.9882758855819702,
        "minRet": 0.9572413563728333
    },
    "MiniGrid-DoorKey-12x12-custom-diff0.9065023600555896": {
        "meanRet": 0.9598896479606629,
        "maxRet": 0.9751724004745483,
        "minRet": 0.9427586197853088
    }
}