{
    "model": "SO_RHEA_2PARA_5GEN_14May\\epoch_10_curric0_gen4",
    "MiniGrid-DoorKey-5x5-custom-diff1": {
        "meanRet": 0.88585364818573,
        "maxRet": 0.9012194871902466,
        "minRet": 0.8682926893234253
    },
    "MiniGrid-DoorKey-6x6-custom-diff1": {
        "meanRet": 0.8865546150641008,
        "maxRet": 0.9092437028884888,
        "minRet": 0.8638655543327332
    },
    "MiniGrid-DoorKey-8x8-custom-diff1": {
        "meanRet": 0.8865402817726136,
        "maxRet": 0.9360189437866211,
        "minRet": 0.8677725195884705
    },
    "MiniGrid-DoorKey-16x16-custom-diff1": {
        "meanRet": 0.8488639056682586,
        "maxRet": 0.9328994154930115,
        "minRet": 0.747573971748352
    }
}