{
    "model": "test12x12_25k_3step_3gen_3curric/epoch_22_curric2_gen1",
    "MiniGrid-DoorKey-6x6-custom-diff0.8819142875744653": {
        "meanRet": 0.9857021307945252,
        "maxRet": 0.9929078221321106,
        "minRet": 0.9815602898597717
    },
    "MiniGrid-DoorKey-8x8-custom-diff0.8819142875744653": {
        "meanRet": 0.9780667203444021,
        "maxRet": 0.9843971729278564,
        "minRet": 0.9723404049873352
    },
    "MiniGrid-DoorKey-10x10-custom-diff0.8819142875744653": {
        "meanRet": 0.9682553219795227,
        "maxRet": 0.980141818523407,
        "minRet": 0.957446813583374
    },
    "MiniGrid-DoorKey-12x12-custom-diff0.8819142875744653": {
        "meanRet": 0.941503553390503,
        "maxRet": 0.978723406791687,
        "minRet": 0.9120567440986633
    }
}