{
    "model": "test12x12_150k_3step_3gen_3curric/epoch_15_curric2_gen2",
    "MiniGrid-DoorKey-6x6-custom-diff0.7313807381558474": {
        "meanRet": 0.9836691000631878,
        "maxRet": 0.9897435903549194,
        "minRet": 0.9794871807098389
    },
    "MiniGrid-DoorKey-8x8-custom-diff0.7313807381558474": {
        "meanRet": 0.975282039642334,
        "maxRet": 0.9863247871398926,
        "minRet": 0.9675213694572449
    },
    "MiniGrid-DoorKey-10x10-custom-diff0.7313807381558474": {
        "meanRet": 0.9613333201408386,
        "maxRet": 0.9769230484962463,
        "minRet": 0.9470085501670837
    },
    "MiniGrid-DoorKey-12x12-custom-diff0.7313807381558474": {
        "meanRet": 0.9409270126086015,
        "maxRet": 0.971794843673706,
        "minRet": 0.9111111164093018
    }
}