{
    "model": "test12x12_150k_3step_3gen_3curric/epoch_14_curric0_gen3",
    "MiniGrid-DoorKey-6x6-custom-diff0.7563807381558474": {
        "meanRet": 0.9844811757405599,
        "maxRet": 0.9900826215744019,
        "minRet": 0.9793388247489929
    },
    "MiniGrid-DoorKey-8x8-custom-diff0.7563807381558474": {
        "meanRet": 0.9757151947571681,
        "maxRet": 0.9867768883705139,
        "minRet": 0.9677686095237732
    },
    "MiniGrid-DoorKey-10x10-custom-diff0.7563807381558474": {
        "meanRet": 0.9661157011985779,
        "maxRet": 0.9834710955619812,
        "minRet": 0.9570248126983643
    },
    "MiniGrid-DoorKey-12x12-custom-diff0.7563807381558474": {
        "meanRet": 0.9444628095626831,
        "maxRet": 0.9652892351150513,
        "minRet": 0.9305785298347473
    }
}