{
    "model": "test12x12_100k_3step_4gen_3curric/epoch_16_curric2_gen2",
    "MiniGrid-DoorKey-6x6-custom-diff0.74467792277423": {
        "meanRet": 0.9846393002404107,
        "maxRet": 0.9899253845214844,
        "minRet": 0.9806903004646301
    },
    "MiniGrid-DoorKey-8x8-custom-diff0.74467792277423": {
        "meanRet": 0.9748805975914001,
        "maxRet": 0.9865671396255493,
        "minRet": 0.968936562538147
    },
    "MiniGrid-DoorKey-10x10-custom-diff0.74467792277423": {
        "meanRet": 0.9676940298080444,
        "maxRet": 0.9899253845214844,
        "minRet": 0.9571828246116638
    },
    "MiniGrid-DoorKey-12x12-custom-diff0.74467792277423": {
        "meanRet": 0.9460000038146973,
        "maxRet": 0.9731343388557434,
        "minRet": 0.9168843030929565
    }
}