{
    "model": "test12x12_25k_3step_3gen_3curric/epoch_20_curric2_gen2",
    "MiniGrid-DoorKey-6x6-custom-diff0.9319142875744653": {
        "meanRet": 0.9844248993643399,
        "maxRet": 0.991946280002594,
        "minRet": 0.9798657894134521
    },
    "MiniGrid-DoorKey-8x8-custom-diff0.9319142875744653": {
        "meanRet": 0.9784697937965393,
        "maxRet": 0.9899328947067261,
        "minRet": 0.9704697728157043
    },
    "MiniGrid-DoorKey-10x10-custom-diff0.9319142875744653": {
        "meanRet": 0.9697986650466919,
        "maxRet": 0.9812080264091492,
        "minRet": 0.9577181339263916
    },
    "MiniGrid-DoorKey-12x12-custom-diff0.9319142875744653": {
        "meanRet": 0.9545503354072571,
        "maxRet": 0.9697986841201782,
        "minRet": 0.9335570335388184
    }
}