{
    "model": "test12x12_100k_3step_3gen_3curric/epoch_33_curric0_gen1",
    "MiniGrid-DoorKey-6x6-custom-diff0.15": {
        "meanRet": 0.9086538461538461,
        "maxRet": 0.9458333253860474,
        "minRet": 0.8708333373069763
    },
    "MiniGrid-DoorKey-8x8-custom-diff0.15": {
        "meanRet": 0.8583333325386048,
        "maxRet": 0.925000011920929,
        "minRet": 0.800000011920929
    },
    "MiniGrid-DoorKey-10x10-custom-diff0.15": {
        "meanRet": 0.8096153850738819,
        "maxRet": 0.9208333492279053,
        "minRet": 0.6875
    },
    "MiniGrid-DoorKey-12x12-custom-diff0.15": {
        "meanRet": 0.6978333353996277,
        "maxRet": 0.862500011920929,
        "minRet": 0.5375000238418579
    }
}