{
    "model": "test12x12_100k_3step_3gen_3curric/epoch_16_curric0_gen3",
    "MiniGrid-DoorKey-6x6-custom-diff0.7470715046045372": {
        "meanRet": 0.9823219959552472,
        "maxRet": 0.9891162514686584,
        "minRet": 0.9765581488609314
    },
    "MiniGrid-DoorKey-8x8-custom-diff0.7470715046045372": {
        "meanRet": 0.970262324810028,
        "maxRet": 0.9849302172660828,
        "minRet": 0.9564651250839233
    },
    "MiniGrid-DoorKey-10x10-custom-diff0.7470715046045372": {
        "meanRet": 0.9684436481732589,
        "maxRet": 0.9891162514686584,
        "minRet": 0.9489302039146423
    },
    "MiniGrid-DoorKey-12x12-custom-diff0.7470715046045372": {
        "meanRet": 0.929449017231281,
        "maxRet": 0.9673488140106201,
        "minRet": 0.8920000195503235
    }
}