{
    "model": "test12x12_25k_3step_3gen_3curric/epoch_20_curric2_gen3",
    "MiniGrid-DoorKey-6x6-custom-diff0.9319142875744653": {
        "meanRet": 0.9878162099764898,
        "maxRet": 0.9932885766029358,
        "minRet": 0.9845637679100037
    },
    "MiniGrid-DoorKey-8x8-custom-diff0.9319142875744653": {
        "meanRet": 0.9824697995185852,
        "maxRet": 0.990604043006897,
        "minRet": 0.9771811962127686
    },
    "MiniGrid-DoorKey-10x10-custom-diff0.9319142875744653": {
        "meanRet": 0.9694765090942383,
        "maxRet": 0.9845637679100037,
        "minRet": 0.9557046890258789
    },
    "MiniGrid-DoorKey-12x12-custom-diff0.9319142875744653": {
        "meanRet": 0.9559463119506836,
        "maxRet": 0.9785234928131104,
        "minRet": 0.9228187799453735
    }
}