{
    "model": "test12x12_100k_3step_3gen_3curric/epoch_24_curric2_gen2",
    "MiniGrid-DoorKey-6x6-custom-diff0.15": {
        "meanRet": 0.9140000009536743,
        "maxRet": 0.9458333253860474,
        "minRet": 0.8833333253860474
    },
    "MiniGrid-DoorKey-8x8-custom-diff0.15": {
        "meanRet": 0.848166663646698,
        "maxRet": 0.9041666388511658,
        "minRet": 0.8083333373069763
    },
    "MiniGrid-DoorKey-10x10-custom-diff0.15": {
        "meanRet": 0.7516666674613952,
        "maxRet": 0.9125000238418579,
        "minRet": 0.6083333492279053
    },
    "MiniGrid-DoorKey-12x12-custom-diff0.15": {
        "meanRet": 0.58950000166893,
        "maxRet": 0.8083333373069763,
        "minRet": 0.3291666805744171
    }
}