{
    "model": "DO_11_05_RHEA_PARA_ENV_1\\epoch_10_curric0_gen2",
    "MiniGrid-DoorKey-5x5-custom-diff2": {
        "meanRet": 0.6758928497632345,
        "maxRet": 0.7107142806053162,
        "minRet": 0.6464285850524902
    },
    "MiniGrid-DoorKey-6x6-custom-diff2": {
        "meanRet": 0.6827499985694885,
        "maxRet": 0.7749999761581421,
        "minRet": 0.5950000286102295
    },
    "MiniGrid-DoorKey-8x8-custom-diff2": {
        "meanRet": 0.6177922080863606,
        "maxRet": 0.7942857146263123,
        "minRet": 0.47285714745521545
    },
    "MiniGrid-DoorKey-16x16-custom-diff2": {
        "meanRet": 0.008311170153319836,
        "maxRet": 0.26595744490623474,
        "minRet": 0.0
    }
}