{
    "model": "test12x12_100k_4step_3gen_3curric/epoch_7_curric2_gen3",
    "MiniGrid-DoorKey-6x6-custom-diff0.9470715046045372": {
        "meanRet": 0.6174967014789581,
        "maxRet": 0.939911961555481,
        "minRet": 0.2763022780418396
    },
    "MiniGrid-DoorKey-8x8-custom-diff0.9470715046045372": {
        "meanRet": 0.0705582049364845,
        "maxRet": 0.8217167854309082,
        "minRet": 0.0
    },
    "MiniGrid-DoorKey-10x10-custom-diff0.9470715046045372": {
        "meanRet": 0.025502874205509823,
        "maxRet": 0.8131328225135803,
        "minRet": 0.0
    },
    "MiniGrid-DoorKey-12x12-custom-diff0.9470715046045372": {
        "meanRet": 0.004174309161802133,
        "maxRet": 0.20036683976650238,
        "minRet": 0.0
    }
}