{
    "model": "SO_RHEA_2PARA_5GEN_14May\\epoch_7_curric1_gen5",
    "MiniGrid-DoorKey-5x5-custom-diff2": {
        "meanRet": 0.7074999928474426,
        "maxRet": 0.7428571581840515,
        "minRet": 0.6785714030265808
    },
    "MiniGrid-DoorKey-6x6-custom-diff2": {
        "meanRet": 0.7115909023718401,
        "maxRet": 0.8199999928474426,
        "minRet": 0.6399999856948853
    },
    "MiniGrid-DoorKey-8x8-custom-diff2": {
        "meanRet": 0.6862857043743134,
        "maxRet": 0.7942857146263123,
        "minRet": 0.6271428465843201
    },
    "MiniGrid-DoorKey-16x16-custom-diff2": {
        "meanRet": 0.603297871351242,
        "maxRet": 0.76382976770401,
        "minRet": 0.3648936152458191
    }
}