{
    "model": "test12x12_75k_3step_3gen_3curric/epoch_49_curric2_gen3",
    "MiniGrid-DoorKey-6x6-custom-diff0.15": {
        "meanRet": 0.924333336353302,
        "maxRet": 0.9583333134651184,
        "minRet": 0.8999999761581421
    },
    "MiniGrid-DoorKey-8x8-custom-diff0.15": {
        "meanRet": 0.8753333353996277,
        "maxRet": 0.9375,
        "minRet": 0.8374999761581421
    },
    "MiniGrid-DoorKey-10x10-custom-diff0.15": {
        "meanRet": 0.8209999942779541,
        "maxRet": 0.9041666388511658,
        "minRet": 0.7416666746139526
    },
    "MiniGrid-DoorKey-12x12-custom-diff0.15": {
        "meanRet": 0.7036666631698608,
        "maxRet": 0.8583333492279053,
        "minRet": 0.5208333134651184
    }
}