{
    "model": "test12x12_50k_3step_3gen_3curric/epoch_4_curric2_gen2",
    "MiniGrid-DoorKey-6x6-custom-diff1": {
        "meanRet": 0.856825008392334,
        "maxRet": 0.9768750071525574,
        "minRet": 0.6387500166893005
    },
    "MiniGrid-DoorKey-8x8-custom-diff1": {
        "meanRet": 0.22263480459942536,
        "maxRet": 0.9443749785423279,
        "minRet": 0.0
    },
    "MiniGrid-DoorKey-10x10-custom-diff1": {
        "meanRet": 0.05765624872098366,
        "maxRet": 0.7774999737739563,
        "minRet": 0.0
    },
    "MiniGrid-DoorKey-12x12-custom-diff1": {
        "meanRet": 0.03015624949087699,
        "maxRet": 0.6343749761581421,
        "minRet": 0.0
    }
}