{
    "model": "test12x12_100k_3step_3gen_3curric/epoch_21_curric0_gen1",
    "MiniGrid-DoorKey-6x6-custom-diff0.6220715046045372": {
        "meanRet": 0.9772439488658199,
        "maxRet": 0.9869273900985718,
        "minRet": 0.9688268303871155
    },
    "MiniGrid-DoorKey-8x8-custom-diff0.6220715046045372": {
        "meanRet": 0.9664134049415588,
        "maxRet": 0.9808938503265381,
        "minRet": 0.9567597508430481
    },
    "MiniGrid-DoorKey-10x10-custom-diff0.6220715046045372": {
        "meanRet": 0.9547083806991578,
        "maxRet": 0.9788826704025269,
        "minRet": 0.9255865812301636
    },
    "MiniGrid-DoorKey-12x12-custom-diff0.6220715046045372": {
        "meanRet": 0.9064417733595922,
        "maxRet": 0.9567597508430481,
        "minRet": 0.8310614228248596
    }
}