{
    "model": "test12x12_75k_3step_3gen_3curric/epoch_19_curric2_gen3",
    "MiniGrid-DoorKey-6x6-custom-diff0.6815023600555896": {
        "meanRet": 0.9815779709815979,
        "maxRet": 0.988990843296051,
        "minRet": 0.9770641922950745
    },
    "MiniGrid-DoorKey-8x8-custom-diff0.6815023600555896": {
        "meanRet": 0.9735412859916687,
        "maxRet": 0.9834862351417542,
        "minRet": 0.9660550355911255
    },
    "MiniGrid-DoorKey-10x10-custom-diff0.6815023600555896": {
        "meanRet": 0.95922935962677,
        "maxRet": 0.9798164963722229,
        "minRet": 0.9422018527984619
    },
    "MiniGrid-DoorKey-12x12-custom-diff0.6815023600555896": {
        "meanRet": 0.9412110018730163,
        "maxRet": 0.973394513130188,
        "minRet": 0.9137614965438843
    }
}