{
    "model": "test12x12_75k_3step_3gen_3curric/epoch_28_curric2_gen3",
    "MiniGrid-DoorKey-6x6-custom-diff0.45650236005558964": {
        "meanRet": 0.974762907394996,
        "maxRet": 0.9863013625144958,
        "minRet": 0.9684931635856628
    },
    "MiniGrid-DoorKey-8x8-custom-diff0.45650236005558964": {
        "meanRet": 0.9611169535380143,
        "maxRet": 0.9753424525260925,
        "minRet": 0.9506849050521851
    },
    "MiniGrid-DoorKey-10x10-custom-diff0.45650236005558964": {
        "meanRet": 0.9431780838966369,
        "maxRet": 0.983561635017395,
        "minRet": 0.9246575236320496
    },
    "MiniGrid-DoorKey-12x12-custom-diff0.45650236005558964": {
        "meanRet": 0.9179178071022034,
        "maxRet": 0.9602739810943604,
        "minRet": 0.8849315047264099
    }
}