{
    "model": "Rhea_SaRun2\\epoch_6_curric0_gen3",
    "MiniGrid-DoorKey-5x5-custom-diff2": {
        "meanRet": 0.6785714192823931,
        "maxRet": 0.7107142806053162,
        "minRet": 0.6464285850524902
    },
    "MiniGrid-DoorKey-6x6-custom-diff2": {
        "meanRet": 0.6953846124502329,
        "maxRet": 0.7524999976158142,
        "minRet": 0.6399999856948853
    },
    "MiniGrid-DoorKey-8x8-custom-diff2": {
        "meanRet": 0.684415568004955,
        "maxRet": 0.7557142972946167,
        "minRet": 0.6399999856948853
    },
    "MiniGrid-DoorKey-16x16-custom-diff2": {
        "meanRet": 0.01243351073935628,
        "maxRet": 0.2148936241865158,
        "minRet": 0.0
    }
}