{
    "model": "test12x12_100k_3step_3gen_3curric/epoch_14_curric2_gen1",
    "MiniGrid-DoorKey-6x6-custom-diff0.7970715046045371": {
        "meanRet": 0.9824056098094354,
        "maxRet": 0.9913687705993652,
        "minRet": 0.9748910069465637
    },
    "MiniGrid-DoorKey-8x8-custom-diff0.7970715046045371": {
        "meanRet": 0.9727253794670105,
        "maxRet": 0.9882301688194275,
        "minRet": 0.962336540222168
    },
    "MiniGrid-DoorKey-10x10-custom-diff0.7970715046045371": {
        "meanRet": 0.9655379271507263,
        "maxRet": 0.9866608381271362,
        "minRet": 0.9411508440971375
    },
    "MiniGrid-DoorKey-12x12-custom-diff0.7970715046045371": {
        "meanRet": 0.9407886816905096,
        "maxRet": 0.9709677696228027,
        "minRet": 0.9042720198631287
    }
}