{
    "model": "test12x12_75k_3step_3gen_3curric/epoch_21_curric1_gen3",
    "MiniGrid-DoorKey-6x6-custom-diff0.6315023600555896": {
        "meanRet": 0.9810297012329101,
        "maxRet": 0.9881188273429871,
        "minRet": 0.9742574095726013
    },
    "MiniGrid-DoorKey-8x8-custom-diff0.6315023600555896": {
        "meanRet": 0.9699009895324707,
        "maxRet": 0.9831683039665222,
        "minRet": 0.9584158658981323
    },
    "MiniGrid-DoorKey-10x10-custom-diff0.6315023600555896": {
        "meanRet": 0.9519999980926513,
        "maxRet": 0.9841583967208862,
        "minRet": 0.9316831827163696
    },
    "MiniGrid-DoorKey-12x12-custom-diff0.6315023600555896": {
        "meanRet": 0.922495048046112,
        "maxRet": 0.9752475023269653,
        "minRet": 0.8900989890098572
    }
}