{
    "model": "Di_Rhea1\\epoch_1_curric2_gen2",
    "MiniGrid-DoorKey-5x5-custom-diff0": {
        "meanRet": 0.9247600018978119,
        "maxRet": 0.9603999853134155,
        "minRet": 0.9028000235557556
    },
    "MiniGrid-DoorKey-6x6-custom-diff0": {
        "meanRet": 0.9127272638407621,
        "maxRet": 0.9474999904632568,
        "minRet": 0.8949999809265137
    },
    "MiniGrid-DoorKey-8x8-custom-diff0": {
        "meanRet": 0.8583906292915344,
        "maxRet": 0.9606249928474426,
        "minRet": 0.7553125023841858
    },
    "MiniGrid-DoorKey-16x16-custom-diff0": {
        "meanRet": 0.6228789001703262,
        "maxRet": 0.8713281154632568,
        "minRet": 0.29300782084465027
    }
}