{
    "model": "test12x12_50k_3step_3gen_3curric/epoch_21_curric0_gen1",
    "MiniGrid-DoorKey-6x6-custom-diff0.7260602224432589": {
        "meanRet": 0.9842657401011541,
        "maxRet": 0.9896650910377502,
        "minRet": 0.9801914095878601
    },
    "MiniGrid-DoorKey-8x8-custom-diff0.7260602224432589": {
        "meanRet": 0.9719578909873963,
        "maxRet": 0.984497606754303,
        "minRet": 0.9629665017127991
    },
    "MiniGrid-DoorKey-10x10-custom-diff0.7260602224432589": {
        "meanRet": 0.9578679418563842,
        "maxRet": 0.9793301224708557,
        "minRet": 0.9388516545295715
    },
    "MiniGrid-DoorKey-12x12-custom-diff0.7260602224432589": {
        "meanRet": 0.9270592515285199,
        "maxRet": 0.968995213508606,
        "minRet": 0.8759808540344238
    }
}