{
    "model": "new_25k_7step_4gen_3curric/epoch_4_curric1_gen2",
    "MiniGrid-DoorKey-6x6-custom-diff1": {
        "meanRet": 0.8545499968528748,
        "maxRet": 0.984375,
        "minRet": 0.7168750166893005
    },
    "MiniGrid-DoorKey-8x8-custom-diff1": {
        "meanRet": 0.6856000006198884,
        "maxRet": 0.9512500166893005,
        "minRet": 0.3687500059604645
    },
    "MiniGrid-DoorKey-10x10-custom-diff1": {
        "meanRet": 0.07247395906597376,
        "maxRet": 0.8681250214576721,
        "minRet": 0.0
    },
    "MiniGrid-DoorKey-12x12-custom-diff1": {
        "meanRet": 0.05889322857062022,
        "maxRet": 0.9225000143051147,
        "minRet": 0.0
    }
}