{
    "model": "test12x12_150k_3step_3gen_3curric/epoch_14_curric2_gen1",
    "MiniGrid-DoorKey-6x6-custom-diff0.7563807381558474": {
        "meanRet": 0.9832066059112549,
        "maxRet": 0.9900826215744019,
        "minRet": 0.9776859283447266
    },
    "MiniGrid-DoorKey-8x8-custom-diff0.7563807381558474": {
        "meanRet": 0.9768925642967224,
        "maxRet": 0.9876033067703247,
        "minRet": 0.9710744023323059
    },
    "MiniGrid-DoorKey-10x10-custom-diff0.7563807381558474": {
        "meanRet": 0.962148756980896,
        "maxRet": 0.984297513961792,
        "minRet": 0.9520661234855652
    },
    "MiniGrid-DoorKey-12x12-custom-diff0.7563807381558474": {
        "meanRet": 0.9395422752086933,
        "maxRet": 0.9776859283447266,
        "minRet": 0.9123966693878174
    }
}