{
    "model": "test12x12_100k_4step_3gen_3curric/epoch_8_curric1_gen3",
    "MiniGrid-DoorKey-6x6-custom-diff0.9220715046045371": {
        "meanRet": 0.24593879647699057,
        "maxRet": 0.908440113067627,
        "minRet": 0.0
    },
    "MiniGrid-DoorKey-8x8-custom-diff0.9220715046045371": {
        "meanRet": 0.04451927915215492,
        "maxRet": 0.8908063173294067,
        "minRet": 0.0
    },
    "MiniGrid-DoorKey-10x10-custom-diff0.9220715046045371": {
        "meanRet": 0.0042027756571769714,
        "maxRet": 0.20173323154449463,
        "minRet": 0.0
    },
    "MiniGrid-DoorKey-12x12-custom-diff0.9220715046045371": {
        "meanRet": 0.006887402385473251,
        "maxRet": 0.33059531450271606,
        "minRet": 0.0
    }
}