{
    "model": "new_25k_7step_4gen_3curric/epoch_4_curric2_gen1",
    "MiniGrid-DoorKey-6x6-custom-diff1": {
        "meanRet": 0.7992499995231629,
        "maxRet": 0.9806249737739563,
        "minRet": 0.5824999809265137
    },
    "MiniGrid-DoorKey-8x8-custom-diff1": {
        "meanRet": 0.06611979116375248,
        "maxRet": 0.8812500238418579,
        "minRet": 0.0
    },
    "MiniGrid-DoorKey-10x10-custom-diff1": {
        "meanRet": 0.04356770869344473,
        "maxRet": 0.6962500214576721,
        "minRet": 0.0
    },
    "MiniGrid-DoorKey-12x12-custom-diff1": {
        "meanRet": 0.0,
        "maxRet": 0.0,
        "minRet": 0.0
    }
}