{
    "model": "test12x12_25k_3step_3gen_3curric/epoch_9_curric2_gen2",
    "MiniGrid-DoorKey-6x6-custom-diff1": {
        "meanRet": 0.9848499917984008,
        "maxRet": 0.9937499761581421,
        "minRet": 0.9743750095367432
    },
    "MiniGrid-DoorKey-8x8-custom-diff1": {
        "meanRet": 0.9751249980926514,
        "maxRet": 0.9881250262260437,
        "minRet": 0.9568750262260437
    },
    "MiniGrid-DoorKey-10x10-custom-diff1": {
        "meanRet": 0.9442749977111816,
        "maxRet": 0.9862499833106995,
        "minRet": 0.9131249785423279
    },
    "MiniGrid-DoorKey-12x12-custom-diff1": {
        "meanRet": 0.9167999982833862,
        "maxRet": 0.9731249809265137,
        "minRet": 0.8581249713897705
    }
}