{
    "model": "Rhea_mi1\\epoch_2_curric1_gen2",
    "MiniGrid-DoorKey-5x5-custom": {
        "meanRet": 0.9073000252246857,
        "maxRet": 0.9190000295639038,
        "minRet": 0.9010000228881836
    },
    "MiniGrid-DoorKey-6x6-custom": {
        "meanRet": 0.8809230831953195,
        "maxRet": 0.9279999732971191,
        "minRet": 0.8560000061988831
    },
    "MiniGrid-DoorKey-8x8-custom": {
        "meanRet": 0.8528500080108643,
        "maxRet": 0.9100000262260437,
        "minRet": 0.8019999861717224
    },
    "MiniGrid-DoorKey-16x16-custom": {
        "meanRet": 0.03993750084191561,
        "maxRet": 0.6610000133514404,
        "minRet": 0.0
    }
}