{
    "model": "Rhea_Fr2\\epoch_1_curric2_gen3",
    "MiniGrid-DoorKey-5x5-custom-diff0": {
        "meanRet": 0.9555999835332235,
        "maxRet": 0.9675999879837036,
        "minRet": 0.9459999799728394
    },
    "MiniGrid-DoorKey-6x6-custom-diff0": {
        "meanRet": 0.938461537544544,
        "maxRet": 0.9599999785423279,
        "minRet": 0.9300000071525574
    },
    "MiniGrid-DoorKey-8x8-custom-diff0": {
        "meanRet": 0.9053593754768372,
        "maxRet": 0.9353125095367432,
        "minRet": 0.866406261920929
    },
    "MiniGrid-DoorKey-16x16-custom-diff0": {
        "meanRet": 0.7817500054836273,
        "maxRet": 0.9064843654632568,
        "minRet": 0.6164453029632568
    }
}