{
    "model": "test12x12_100k_3step_3gen_3curric/epoch_25_curric1_gen3",
    "MiniGrid-DoorKey-6x6-custom-diff0.15": {
        "meanRet": 0.9170000004768372,
        "maxRet": 0.9541666507720947,
        "minRet": 0.887499988079071
    },
    "MiniGrid-DoorKey-8x8-custom-diff0.15": {
        "meanRet": 0.8769999957084655,
        "maxRet": 0.9416666626930237,
        "minRet": 0.8333333134651184
    },
    "MiniGrid-DoorKey-10x10-custom-diff0.15": {
        "meanRet": 0.8189102525894458,
        "maxRet": 0.9083333611488342,
        "minRet": 0.7291666865348816
    },
    "MiniGrid-DoorKey-12x12-custom-diff0.15": {
        "meanRet": 0.7324999976158142,
        "maxRet": 0.9166666865348816,
        "minRet": 0.5083333253860474
    }
}