{
    "model": "test12x12_100k_3step_3gen_3curric/epoch_32_curric2_gen3",
    "MiniGrid-DoorKey-6x6-custom-diff0.15": {
        "meanRet": 0.9145061682771753,
        "maxRet": 0.9583333134651184,
        "minRet": 0.887499988079071
    },
    "MiniGrid-DoorKey-8x8-custom-diff0.15": {
        "meanRet": 0.8756666612625122,
        "maxRet": 0.9208333492279053,
        "minRet": 0.8125
    },
    "MiniGrid-DoorKey-10x10-custom-diff0.15": {
        "meanRet": 0.8233333301544189,
        "maxRet": 0.9083333611488342,
        "minRet": 0.75
    },
    "MiniGrid-DoorKey-12x12-custom-diff0.15": {
        "meanRet": 0.7043333339691162,
        "maxRet": 0.8666666746139526,
        "minRet": 0.5083333253860474
    }
}