{
    "model": "test12x12_150k_3step_3gen_3curric/epoch_8_curric1_gen3",
    "MiniGrid-DoorKey-6x6-custom-diff0.9063807381558474": {
        "meanRet": 0.9866009929350444,
        "maxRet": 0.9931034445762634,
        "minRet": 0.982758641242981
    },
    "MiniGrid-DoorKey-8x8-custom-diff0.9063807381558474": {
        "meanRet": 0.9806069040298462,
        "maxRet": 0.9875862002372742,
        "minRet": 0.9765517115592957
    },
    "MiniGrid-DoorKey-10x10-custom-diff0.9063807381558474": {
        "meanRet": 0.9741517281532288,
        "maxRet": 0.9910345077514648,
        "minRet": 0.9641379117965698
    },
    "MiniGrid-DoorKey-12x12-custom-diff0.9063807381558474": {
        "meanRet": 0.9522094505804556,
        "maxRet": 0.977931022644043,
        "minRet": 0.9386206865310669
    }
}