{
    "model": "test12x12_150k_3step_3gen_3curric/epoch_2_curric1_gen3",
    "MiniGrid-DoorKey-6x6-custom-diff1": {
        "meanRet": 0.9878605810495523,
        "maxRet": 0.9925000071525574,
        "minRet": 0.984375
    },
    "MiniGrid-DoorKey-8x8-custom-diff1": {
        "meanRet": 0.9796336169900566,
        "maxRet": 0.9900000095367432,
        "minRet": 0.9731249809265137
    },
    "MiniGrid-DoorKey-10x10-custom-diff1": {
        "meanRet": 0.9731730749973884,
        "maxRet": 0.9837499856948853,
        "minRet": 0.9649999737739563
    },
    "MiniGrid-DoorKey-12x12-custom-diff1": {
        "meanRet": 0.9598499965667725,
        "maxRet": 0.9800000190734863,
        "minRet": 0.9393749833106995
    }
}