{
    "model": "test12x12_50k_3step_3gen_3curric/epoch_17_curric1_gen2",
    "MiniGrid-DoorKey-6x6-custom-diff0.8260602224432589": {
        "meanRet": 0.9840201845875493,
        "maxRet": 0.990159809589386,
        "minRet": 0.9788057208061218
    },
    "MiniGrid-DoorKey-8x8-custom-diff0.8260602224432589": {
        "meanRet": 0.9739007544517517,
        "maxRet": 0.986375093460083,
        "minRet": 0.9659377336502075
    },
    "MiniGrid-DoorKey-10x10-custom-diff0.8260602224432589": {
        "meanRet": 0.9643330574035645,
        "maxRet": 0.9825904369354248,
        "minRet": 0.9515559077262878
    },
    "MiniGrid-DoorKey-12x12-custom-diff0.8260602224432589": {
        "meanRet": 0.9411707329750061,
        "maxRet": 0.9682085514068604,
        "minRet": 0.9220353364944458
    }
}