{
    "model": "DO_11_05_RHEA_PARA_ENV_1\\epoch_9_curric1_gen1",
    "MiniGrid-DoorKey-5x5-custom-diff2": {
        "meanRet": 0.6810439504109896,
        "maxRet": 0.7107142806053162,
        "minRet": 0.6464285850524902
    },
    "MiniGrid-DoorKey-6x6-custom-diff2": {
        "meanRet": 0.7007499992847442,
        "maxRet": 0.7749999761581421,
        "minRet": 0.6399999856948853
    },
    "MiniGrid-DoorKey-8x8-custom-diff2": {
        "meanRet": 0.7309890114344083,
        "maxRet": 0.7942857146263123,
        "minRet": 0.691428542137146
    },
    "MiniGrid-DoorKey-16x16-custom-diff2": {
        "meanRet": 0.5691489387642253,
        "maxRet": 0.6968085169792175,
        "minRet": 0.4127659499645233
    }
}