{
    "model": "Mo_Rhea1\\epoch_3_curric0_gen3",
    "MiniGrid-DoorKey-5x5-custom-diff2": {
        "meanRet": 0.6318181753158569,
        "maxRet": 0.7107142806053162,
        "minRet": 0.5821428298950195
    },
    "MiniGrid-DoorKey-6x6-custom-diff2": {
        "meanRet": 0.6522727283564481,
        "maxRet": 0.7749999761581421,
        "minRet": 0.550000011920929
    },
    "MiniGrid-DoorKey-8x8-custom-diff2": {
        "meanRet": 0.66700000166893,
        "maxRet": 0.7942857146263123,
        "minRet": 0.550000011920929
    },
    "MiniGrid-DoorKey-16x16-custom-diff2": {
        "meanRet": 0.061535904416814446,
        "maxRet": 0.49893617630004883,
        "minRet": 0.0
    }
}