{
    "model": "test12x12_75k_3step_3gen_3curric/epoch_9_curric2_gen2",
    "MiniGrid-DoorKey-6x6-custom-diff0.9565023600555896": {
        "meanRet": 0.9865882158279419,
        "maxRet": 0.9921568632125854,
        "minRet": 0.9830065369606018
    },
    "MiniGrid-DoorKey-8x8-custom-diff0.9565023600555896": {
        "meanRet": 0.9803418654661912,
        "maxRet": 0.9888888597488403,
        "minRet": 0.9725490212440491
    },
    "MiniGrid-DoorKey-10x10-custom-diff0.9565023600555896": {
        "meanRet": 0.972967312335968,
        "maxRet": 0.9895424842834473,
        "minRet": 0.9614378809928894
    },
    "MiniGrid-DoorKey-12x12-custom-diff0.9565023600555896": {
        "meanRet": 0.9578039073944091,
        "maxRet": 0.9810457229614258,
        "minRet": 0.9346405267715454
    }
}