{
    "model": "test12x12_50k_3step_3gen_3curric/epoch_45_curric0_gen1",
    "MiniGrid-DoorKey-6x6-custom-diff0.15": {
        "meanRet": 0.9296296371353997,
        "maxRet": 0.9541666507720947,
        "minRet": 0.9125000238418579
    },
    "MiniGrid-DoorKey-8x8-custom-diff0.15": {
        "meanRet": 0.8839506153707151,
        "maxRet": 0.9541666507720947,
        "minRet": 0.8583333492279053
    },
    "MiniGrid-DoorKey-10x10-custom-diff0.15": {
        "meanRet": 0.8217948721005366,
        "maxRet": 0.9291666746139526,
        "minRet": 0.7583333253860474
    },
    "MiniGrid-DoorKey-12x12-custom-diff0.15": {
        "meanRet": 0.7211666655540466,
        "maxRet": 0.8708333373069763,
        "minRet": 0.5958333611488342
    }
}