{
    "model": "test12x12_75k_3step_3gen_3curric/epoch_42_curric2_gen1",
    "MiniGrid-DoorKey-6x6-custom-diff0.15": {
        "meanRet": 0.9268333411216736,
        "maxRet": 0.9583333134651184,
        "minRet": 0.9041666388511658
    },
    "MiniGrid-DoorKey-8x8-custom-diff0.15": {
        "meanRet": 0.8913461520121648,
        "maxRet": 0.9458333253860474,
        "minRet": 0.8500000238418579
    },
    "MiniGrid-DoorKey-10x10-custom-diff0.15": {
        "meanRet": 0.8385802529476307,
        "maxRet": 0.9125000238418579,
        "minRet": 0.7833333611488342
    },
    "MiniGrid-DoorKey-12x12-custom-diff0.15": {
        "meanRet": 0.7362179526915917,
        "maxRet": 0.8583333492279053,
        "minRet": 0.5958333611488342
    }
}