{
    "model": "test12x12_75k_3step_3gen_3curric/epoch_28_curric0_gen3",
    "MiniGrid-DoorKey-6x6-custom-diff0.45650236005558964": {
        "meanRet": 0.9744994754974659,
        "maxRet": 0.983561635017395,
        "minRet": 0.9684931635856628
    },
    "MiniGrid-DoorKey-8x8-custom-diff0.45650236005558964": {
        "meanRet": 0.9579401236993296,
        "maxRet": 0.9726027250289917,
        "minRet": 0.9452054500579834
    },
    "MiniGrid-DoorKey-10x10-custom-diff0.45650236005558964": {
        "meanRet": 0.9435068488121032,
        "maxRet": 0.9698629975318909,
        "minRet": 0.9205479621887207
    },
    "MiniGrid-DoorKey-12x12-custom-diff0.45650236005558964": {
        "meanRet": 0.9066849303245544,
        "maxRet": 0.9479451775550842,
        "minRet": 0.8575342297554016
    }
}