{
    "model": "test12x12_100k_3step_4gen_3curric/epoch_21_curric0_gen4",
    "MiniGrid-DoorKey-6x6-custom-diff0.20553": {
        "meanRet": 0.9480135560035705,
        "maxRet": 0.9633898138999939,
        "minRet": 0.9359322190284729
    },
    "MiniGrid-DoorKey-8x8-custom-diff0.20553": {
        "meanRet": 0.912867796421051,
        "maxRet": 0.9664406776428223,
        "minRet": 0.8901695013046265
    },
    "MiniGrid-DoorKey-10x10-custom-diff0.20553": {
        "meanRet": 0.8675932145118713,
        "maxRet": 0.9572881460189819,
        "minRet": 0.8169491291046143
    },
    "MiniGrid-DoorKey-12x12-custom-diff0.20553": {
        "meanRet": 0.7611299422052171,
        "maxRet": 0.9023728966712952,
        "minRet": 0.6766101717948914
    }
}