{
    "model": "test12x12_100k_3step_3gen_3curric/epoch_48_curric0_gen1",
    "MiniGrid-DoorKey-6x6-custom-diff0.15": {
        "meanRet": 0.9012345693729542,
        "maxRet": 0.9458333253860474,
        "minRet": 0.8583333492279053
    },
    "MiniGrid-DoorKey-8x8-custom-diff0.15": {
        "meanRet": 0.8411666727066041,
        "maxRet": 0.9166666865348816,
        "minRet": 0.7833333611488342
    },
    "MiniGrid-DoorKey-10x10-custom-diff0.15": {
        "meanRet": 0.7978333330154419,
        "maxRet": 0.887499988079071,
        "minRet": 0.6791666746139526
    },
    "MiniGrid-DoorKey-12x12-custom-diff0.15": {
        "meanRet": 0.6714999997615814,
        "maxRet": 0.824999988079071,
        "minRet": 0.4749999940395355
    }
}