{
    "model": "test12x12_100k_4step_3gen_3curric/epoch_22_curric0_gen2",
    "MiniGrid-DoorKey-6x6-custom-diff0.15": {
        "meanRet": 0.8238333320617676,
        "maxRet": 0.9166666865348816,
        "minRet": 0.6958333253860474
    },
    "MiniGrid-DoorKey-8x8-custom-diff0.15": {
        "meanRet": 0.19117647102650473,
        "maxRet": 0.887499988079071,
        "minRet": 0.0
    },
    "MiniGrid-DoorKey-10x10-custom-diff0.15": {
        "meanRet": 0.04279513843357563,
        "maxRet": 0.5291666388511658,
        "minRet": 0.0
    },
    "MiniGrid-DoorKey-12x12-custom-diff0.15": {
        "meanRet": 0.02847222238779068,
        "maxRet": 0.699999988079071,
        "minRet": 0.0
    }
}