{
    "model": "test12x12_100k_3step_3gen_3curric/epoch_19_curric0_gen2",
    "MiniGrid-DoorKey-6x6-custom-diff0.6720715046045371": {
        "meanRet": 0.9813167850176493,
        "maxRet": 0.9897621273994446,
        "minRet": 0.9748707413673401
    },
    "MiniGrid-DoorKey-8x8-custom-diff0.6720715046045371": {
        "meanRet": 0.9701054835319519,
        "maxRet": 0.9841778874397278,
        "minRet": 0.9581179022789001
    },
    "MiniGrid-DoorKey-10x10-custom-diff0.6720715046045371": {
        "meanRet": 0.9541344356536865,
        "maxRet": 0.9823164343833923,
        "minRet": 0.9227507710456848
    },
    "MiniGrid-DoorKey-12x12-custom-diff0.6720715046045371": {
        "meanRet": 0.9286701130867004,
        "maxRet": 0.9609100222587585,
        "minRet": 0.8771458268165588
    }
}