{
    "model": "test12x12_50k_3step_3gen_3curric/epoch_49_curric1_gen2",
    "MiniGrid-DoorKey-6x6-custom-diff0.15": {
        "meanRet": 0.9296666741371155,
        "maxRet": 0.949999988079071,
        "minRet": 0.9083333611488342
    },
    "MiniGrid-DoorKey-8x8-custom-diff0.15": {
        "meanRet": 0.8823333358764649,
        "maxRet": 0.925000011920929,
        "minRet": 0.8500000238418579
    },
    "MiniGrid-DoorKey-10x10-custom-diff0.15": {
        "meanRet": 0.8291666691119854,
        "maxRet": 0.9416666626930237,
        "minRet": 0.7583333253860474
    },
    "MiniGrid-DoorKey-12x12-custom-diff0.15": {
        "meanRet": 0.7588333368301392,
        "maxRet": 0.8666666746139526,
        "minRet": 0.6166666746139526
    }
}