{
    "model": "DO_11_05_RHEA_PARA_ENV_1\\epoch_5_curric3_gen2",
    "MiniGrid-DoorKey-5x5-custom-diff2": {
        "meanRet": 0.676098896906926,
        "maxRet": 0.7107142806053162,
        "minRet": 0.6464285850524902
    },
    "MiniGrid-DoorKey-6x6-custom-diff2": {
        "meanRet": 0.6670000036557515,
        "maxRet": 0.7749999761581421,
        "minRet": 0.6175000071525574
    },
    "MiniGrid-DoorKey-8x8-custom-diff2": {
        "meanRet": 0.6207142889499664,
        "maxRet": 0.7814285755157471,
        "minRet": 0.5242857336997986
    },
    "MiniGrid-DoorKey-16x16-custom-diff2": {
        "meanRet": 0.0,
        "maxRet": 0.0,
        "minRet": 0.0
    }
}