{
    "model": "test12x12_100k_3step_4gen_3curric/epoch_9_curric2_gen4",
    "MiniGrid-DoorKey-6x6-custom-diff0.91967792277423": {
        "meanRet": 0.9868580080844738,
        "maxRet": 0.9918429255485535,
        "minRet": 0.9830060601234436
    },
    "MiniGrid-DoorKey-8x8-custom-diff0.91967792277423": {
        "meanRet": 0.9792150809214666,
        "maxRet": 0.9877643585205078,
        "minRet": 0.9694108963012695
    },
    "MiniGrid-DoorKey-10x10-custom-diff0.91967792277423": {
        "meanRet": 0.9685407781600952,
        "maxRet": 0.9836857914924622,
        "minRet": 0.9544562101364136
    },
    "MiniGrid-DoorKey-12x12-custom-diff0.91967792277423": {
        "meanRet": 0.9521450066566467,
        "maxRet": 0.9796072244644165,
        "minRet": 0.9245468378067017
    }
}