{
    "model": "test12x12_25k_3step_3gen_3curric/epoch_40_curric2_gen2",
    "MiniGrid-DoorKey-6x6-custom-diff0.43191428757446526": {
        "meanRet": 0.9744704572054056,
        "maxRet": 0.9855072498321533,
        "minRet": 0.9681159257888794
    },
    "MiniGrid-DoorKey-8x8-custom-diff0.43191428757446526": {
        "meanRet": 0.9618171636874859,
        "maxRet": 0.9797101616859436,
        "minRet": 0.9507246613502502
    },
    "MiniGrid-DoorKey-10x10-custom-diff0.43191428757446526": {
        "meanRet": 0.9432463812828064,
        "maxRet": 0.9652174115180969,
        "minRet": 0.9202898740768433
    },
    "MiniGrid-DoorKey-12x12-custom-diff0.43191428757446526": {
        "meanRet": 0.9066666698455811,
        "maxRet": 0.947826087474823,
        "minRet": 0.8594202995300293
    }
}