{
    "model": "test12x12_100k_3step_4gen_3curric/epoch_15_curric1_gen3",
    "MiniGrid-DoorKey-6x6-custom-diff0.76967792277423": {
        "meanRet": 0.9849241852760315,
        "maxRet": 0.9902527332305908,
        "minRet": 0.9805054068565369
    },
    "MiniGrid-DoorKey-8x8-custom-diff0.76967792277423": {
        "meanRet": 0.9769639015197754,
        "maxRet": 0.9845668077468872,
        "minRet": 0.9715703725814819
    },
    "MiniGrid-DoorKey-10x10-custom-diff0.76967792277423": {
        "meanRet": 0.967446540410702,
        "maxRet": 0.9894404411315918,
        "minRet": 0.9520758390426636
    },
    "MiniGrid-DoorKey-12x12-custom-diff0.76967792277423": {
        "meanRet": 0.943205783367157,
        "maxRet": 0.9764440655708313,
        "minRet": 0.9025270938873291
    }
}