{
    "model": "test12x12_50k_3step_3gen_3curric/epoch_19_curric1_gen3",
    "MiniGrid-DoorKey-6x6-custom-diff0.7760602224432589": {
        "meanRet": 0.9855935502052308,
        "maxRet": 0.99033123254776,
        "minRet": 0.98066246509552
    },
    "MiniGrid-DoorKey-8x8-custom-diff0.7760602224432589": {
        "meanRet": 0.9778275158670213,
        "maxRet": 0.9871083498001099,
        "minRet": 0.9693822860717773
    },
    "MiniGrid-DoorKey-10x10-custom-diff0.7760602224432589": {
        "meanRet": 0.964418978691101,
        "maxRet": 0.9871083498001099,
        "minRet": 0.9524619579315186
    },
    "MiniGrid-DoorKey-12x12-custom-diff0.7760602224432589": {
        "meanRet": 0.943953447341919,
        "maxRet": 0.9766338467597961,
        "minRet": 0.9218442440032959
    }
}