{
    "model": "test12x12_25k_3step_3gen_3curric/epoch_19_curric1_gen3",
    "MiniGrid-DoorKey-6x6-custom-diff0.9569142875744653": {
        "meanRet": 0.9880784201622009,
        "maxRet": 0.9921568632125854,
        "minRet": 0.98562091588974
    },
    "MiniGrid-DoorKey-8x8-custom-diff0.9569142875744653": {
        "meanRet": 0.9805373858522486,
        "maxRet": 0.9882352948188782,
        "minRet": 0.9758169651031494
    },
    "MiniGrid-DoorKey-10x10-custom-diff0.9569142875744653": {
        "meanRet": 0.9699849004928882,
        "maxRet": 0.9830065369606018,
        "minRet": 0.9614378809928894
    },
    "MiniGrid-DoorKey-12x12-custom-diff0.9569142875744653": {
        "meanRet": 0.9570718836784363,
        "maxRet": 0.9771241545677185,
        "minRet": 0.941830039024353
    }
}