{
    "model": "Mo_Rhea1\\epoch_3_curric1_gen2",
    "MiniGrid-DoorKey-5x5-custom-diff2": {
        "meanRet": 0.5850649286400188,
        "maxRet": 0.7107142806053162,
        "minRet": 0.4535714387893677
    },
    "MiniGrid-DoorKey-6x6-custom-diff2": {
        "meanRet": 0.6264999985694886,
        "maxRet": 0.6850000023841858,
        "minRet": 0.5274999737739563
    },
    "MiniGrid-DoorKey-8x8-custom-diff2": {
        "meanRet": 0.6425714313983917,
        "maxRet": 0.7557142972946167,
        "minRet": 0.5757142901420593
    },
    "MiniGrid-DoorKey-16x16-custom-diff2": {
        "meanRet": 0.0624667564406991,
        "maxRet": 0.8180851340293884,
        "minRet": 0.0
    }
}