{
    "model": "test12x12_50k_3step_3gen_3curric/epoch_46_curric2_gen1",
    "MiniGrid-DoorKey-6x6-custom-diff0.15": {
        "meanRet": 0.9160256408728086,
        "maxRet": 0.949999988079071,
        "minRet": 0.8916666507720947
    },
    "MiniGrid-DoorKey-8x8-custom-diff0.15": {
        "meanRet": 0.8716666650772095,
        "maxRet": 0.9166666865348816,
        "minRet": 0.8208333253860474
    },
    "MiniGrid-DoorKey-10x10-custom-diff0.15": {
        "meanRet": 0.7971666669845581,
        "maxRet": 0.9375,
        "minRet": 0.7250000238418579
    },
    "MiniGrid-DoorKey-12x12-custom-diff0.15": {
        "meanRet": 0.6104999995231628,
        "maxRet": 0.8291666507720947,
        "minRet": 0.38749998807907104
    }
}