{
    "model": "test12x12_100k_3step_4gen_3curric/epoch_18_curric0_gen1",
    "MiniGrid-DoorKey-6x6-custom-diff0.69467792277423": {
        "meanRet": 0.9833500064336337,
        "maxRet": 0.9891999959945679,
        "minRet": 0.9783999919891357
    },
    "MiniGrid-DoorKey-8x8-custom-diff0.69467792277423": {
        "meanRet": 0.9724240040779114,
        "maxRet": 0.9865000247955322,
        "minRet": 0.9621999859809875
    },
    "MiniGrid-DoorKey-10x10-custom-diff0.69467792277423": {
        "meanRet": 0.9547922978034387,
        "maxRet": 0.9837999939918518,
        "minRet": 0.9333999752998352
    },
    "MiniGrid-DoorKey-12x12-custom-diff0.69467792277423": {
        "meanRet": 0.9423280000686646,
        "maxRet": 0.968500018119812,
        "minRet": 0.9082000255584717
    }
}