{
    "model": "test12x12_25k_3step_3gen_3curric/epoch_38_curric1_gen3",
    "MiniGrid-DoorKey-6x6-custom-diff0.4819142875744653": {
        "meanRet": 0.9753727780448066,
        "maxRet": 0.9870129823684692,
        "minRet": 0.9675324559211731
    },
    "MiniGrid-DoorKey-8x8-custom-diff0.4819142875744653": {
        "meanRet": 0.9616623377799988,
        "maxRet": 0.9792208075523376,
        "minRet": 0.9506493210792542
    },
    "MiniGrid-DoorKey-10x10-custom-diff0.4819142875744653": {
        "meanRet": 0.948207790851593,
        "maxRet": 0.9766233563423157,
        "minRet": 0.9246753454208374
    },
    "MiniGrid-DoorKey-12x12-custom-diff0.4819142875744653": {
        "meanRet": 0.90814185830263,
        "maxRet": 0.9597402811050415,
        "minRet": 0.8727272748947144
    }
}