{
    "model": "test12x12_50k_3step_3gen_3curric/epoch_2_curric2_gen3",
    "MiniGrid-DoorKey-6x6-custom-diff1": {
        "meanRet": 0.9680499982833862,
        "maxRet": 0.9837499856948853,
        "minRet": 0.9443749785423279
    },
    "MiniGrid-DoorKey-8x8-custom-diff1": {
        "meanRet": 0.8741749954223633,
        "maxRet": 0.971875011920929,
        "minRet": 0.78125
    },
    "MiniGrid-DoorKey-10x10-custom-diff1": {
        "meanRet": 0.7115499997138977,
        "maxRet": 0.9418749809265137,
        "minRet": 0.4168750047683716
    },
    "MiniGrid-DoorKey-12x12-custom-diff1": {
        "meanRet": 0.21431250080466271,
        "maxRet": 0.8075000047683716,
        "minRet": 0.0
    }
}