{
    "model": "test12x12_50k_3step_3gen_3curric/epoch_5_curric1_gen2",
    "MiniGrid-DoorKey-6x6-custom-diff1": {
        "meanRet": 0.9819711561386402,
        "maxRet": 0.9906250238418579,
        "minRet": 0.9712499976158142
    },
    "MiniGrid-DoorKey-8x8-custom-diff1": {
        "meanRet": 0.964254807967406,
        "maxRet": 0.984375,
        "minRet": 0.9462500214576721
    },
    "MiniGrid-DoorKey-10x10-custom-diff1": {
        "meanRet": 0.9292000007629394,
        "maxRet": 0.971875011920929,
        "minRet": 0.875
    },
    "MiniGrid-DoorKey-12x12-custom-diff1": {
        "meanRet": 0.8519999980926514,
        "maxRet": 0.9837499856948853,
        "minRet": 0.7674999833106995
    }
}