{
    "model": "test12x12_100k_3step_3gen_3curric/epoch_11_curric0_gen2",
    "MiniGrid-DoorKey-6x6-custom-diff0.8720715046045371": {
        "meanRet": 0.9845960211753845,
        "maxRet": 0.9899601340293884,
        "minRet": 0.9749004244804382
    },
    "MiniGrid-DoorKey-8x8-custom-diff0.8720715046045371": {
        "meanRet": 0.9745561742782592,
        "maxRet": 0.9892430305480957,
        "minRet": 0.9655776619911194
    },
    "MiniGrid-DoorKey-10x10-custom-diff0.8720715046045371": {
        "meanRet": 0.9662661385536194,
        "maxRet": 0.9842231273651123,
        "minRet": 0.9433466196060181
    },
    "MiniGrid-DoorKey-12x12-custom-diff0.8720715046045371": {
        "meanRet": 0.9535585641860962,
        "maxRet": 0.9741832613945007,
        "minRet": 0.9261354804039001
    }
}