{
    "model": "MI_RHEA_PARA_ENV_2_first\\epoch_10_curric2_gen1",
    "MiniGrid-DoorKey-5x5-custom-diff1": {
        "meanRet": 0.8412758020254282,
        "maxRet": 0.8792682886123657,
        "minRet": 0.8134146332740784
    },
    "MiniGrid-DoorKey-6x6-custom-diff1": {
        "meanRet": 0.8759663820266723,
        "maxRet": 0.9092437028884888,
        "minRet": 0.848739504814148
    },
    "MiniGrid-DoorKey-8x8-custom-diff1": {
        "meanRet": 0.735545027256012,
        "maxRet": 0.8720378875732422,
        "minRet": 0.650236964225769
    },
    "MiniGrid-DoorKey-16x16-custom-diff1": {
        "meanRet": 0.0,
        "maxRet": 0.0,
        "minRet": 0.0
    }
}