{
    "model": "test12x12_150k_3step_3gen_3curric/epoch_29_curric2_gen2",
    "MiniGrid-DoorKey-6x6-custom-diff0.15": {
        "meanRet": 0.9251602635933802,
        "maxRet": 0.949999988079071,
        "minRet": 0.9041666388511658
    },
    "MiniGrid-DoorKey-8x8-custom-diff0.15": {
        "meanRet": 0.8765000057220459,
        "maxRet": 0.9166666865348816,
        "minRet": 0.8458333611488342
    },
    "MiniGrid-DoorKey-10x10-custom-diff0.15": {
        "meanRet": 0.820499997138977,
        "maxRet": 0.9125000238418579,
        "minRet": 0.7416666746139526
    },
    "MiniGrid-DoorKey-12x12-custom-diff0.15": {
        "meanRet": 0.6689999985694886,
        "maxRet": 0.8166666626930237,
        "minRet": 0.512499988079071
    }
}