{
    "model": "test12x12_25k_3step_3gen_3curric/epoch_3_curric2_gen3",
    "MiniGrid-DoorKey-6x6-custom-diff1": {
        "meanRet": 0.6114749974012375,
        "maxRet": 0.9831249713897705,
        "minRet": 0.12125000357627869
    },
    "MiniGrid-DoorKey-8x8-custom-diff1": {
        "meanRet": 0.05235677088300387,
        "maxRet": 0.6631249785423279,
        "minRet": 0.0
    },
    "MiniGrid-DoorKey-10x10-custom-diff1": {
        "meanRet": 0.011809895435969034,
        "maxRet": 0.5668749809265137,
        "minRet": 0.0
    },
    "MiniGrid-DoorKey-12x12-custom-diff1": {
        "meanRet": 0.00912760446468989,
        "maxRet": 0.43812501430511475,
        "minRet": 0.0
    }
}