{
    "model": "new_25k_7step_4gen_3curric/epoch_4_curric0_gen3",
    "MiniGrid-DoorKey-6x6-custom-diff1": {
        "meanRet": 0.723325001001358,
        "maxRet": 0.9831249713897705,
        "minRet": 0.41499999165534973
    },
    "MiniGrid-DoorKey-8x8-custom-diff1": {
        "meanRet": 0.08621173640903161,
        "maxRet": 0.8656250238418579,
        "minRet": 0.0
    },
    "MiniGrid-DoorKey-10x10-custom-diff1": {
        "meanRet": 0.015820312313735485,
        "maxRet": 0.637499988079071,
        "minRet": 0.0
    },
    "MiniGrid-DoorKey-12x12-custom-diff1": {
        "meanRet": 0.009192708258827528,
        "maxRet": 0.4412499964237213,
        "minRet": 0.0
    }
}