{
    "model": "test12x12_25k_3step_3gen_3curric/epoch_21_curric2_gen2",
    "MiniGrid-DoorKey-6x6-custom-diff0.9069142875744653": {
        "meanRet": 0.9866313063181363,
        "maxRet": 0.9917241334915161,
        "minRet": 0.982758641242981
    },
    "MiniGrid-DoorKey-8x8-custom-diff0.9069142875744653": {
        "meanRet": 0.978620694233821,
        "maxRet": 0.9875862002372742,
        "minRet": 0.9710344672203064
    },
    "MiniGrid-DoorKey-10x10-custom-diff0.9069142875744653": {
        "meanRet": 0.9703999996185303,
        "maxRet": 0.9820689558982849,
        "minRet": 0.9558620452880859
    },
    "MiniGrid-DoorKey-12x12-custom-diff0.9069142875744653": {
        "meanRet": 0.9510896563529968,
        "maxRet": 0.9793103337287903,
        "minRet": 0.9213793277740479
    }
}