{
    "model": "test12x12_25k_3step_3gen_3curric/epoch_33_curric2_gen3",
    "MiniGrid-DoorKey-6x6-custom-diff0.6069142875744653": {
        "meanRet": 0.980329897403717,
        "maxRet": 0.9896907210350037,
        "minRet": 0.9721649289131165
    },
    "MiniGrid-DoorKey-8x8-custom-diff0.6069142875744653": {
        "meanRet": 0.9674226903915405,
        "maxRet": 0.9886597990989685,
        "minRet": 0.9536082744598389
    },
    "MiniGrid-DoorKey-10x10-custom-diff0.6069142875744653": {
        "meanRet": 0.9468865966796876,
        "maxRet": 0.9731958508491516,
        "minRet": 0.9195876121520996
    },
    "MiniGrid-DoorKey-12x12-custom-diff0.6069142875744653": {
        "meanRet": 0.9047835040092468,
        "maxRet": 0.9556701183319092,
        "minRet": 0.8597938418388367
    }
}