{
    "model": "test12x12_75k_3step_3gen_3curric/epoch_47_curric1_gen1",
    "MiniGrid-DoorKey-6x6-custom-diff0.15": {
        "meanRet": 0.9226851838606375,
        "maxRet": 0.949999988079071,
        "minRet": 0.8999999761581421
    },
    "MiniGrid-DoorKey-8x8-custom-diff0.15": {
        "meanRet": 0.8689102553404294,
        "maxRet": 0.9208333492279053,
        "minRet": 0.824999988079071
    },
    "MiniGrid-DoorKey-10x10-custom-diff0.15": {
        "meanRet": 0.8063333344459533,
        "maxRet": 0.925000011920929,
        "minRet": 0.6833333373069763
    },
    "MiniGrid-DoorKey-12x12-custom-diff0.15": {
        "meanRet": 0.7338333320617676,
        "maxRet": 0.8374999761581421,
        "minRet": 0.5708333253860474
    }
}