{
    "model": "test12x12_50k_3step_3gen_3curric/epoch_3_curric2_gen3",
    "MiniGrid-DoorKey-6x6-custom-diff1": {
        "meanRet": 0.9873557686805725,
        "maxRet": 0.9937499761581421,
        "minRet": 0.9818750023841858
    },
    "MiniGrid-DoorKey-8x8-custom-diff1": {
        "meanRet": 0.9785249972343445,
        "maxRet": 0.9912499785423279,
        "minRet": 0.9693750143051147
    },
    "MiniGrid-DoorKey-10x10-custom-diff1": {
        "meanRet": 0.9553000044822693,
        "maxRet": 0.9825000166893005,
        "minRet": 0.9237499833106995
    },
    "MiniGrid-DoorKey-12x12-custom-diff1": {
        "meanRet": 0.9446500015258789,
        "maxRet": 0.9787499904632568,
        "minRet": 0.909375011920929
    }
}