{
    "model": "Rhea_Fr2\\epoch_1_curric3_gen2",
    "MiniGrid-DoorKey-5x5-custom-diff0": {
        "meanRet": 0.9585999846458435,
        "maxRet": 0.9675999879837036,
        "minRet": 0.9495999813079834
    },
    "MiniGrid-DoorKey-6x6-custom-diff0": {
        "meanRet": 0.9562499821186066,
        "maxRet": 0.9624999761581421,
        "minRet": 0.9449999928474426
    },
    "MiniGrid-DoorKey-8x8-custom-diff0": {
        "meanRet": 0.9576718747615814,
        "maxRet": 0.9704687595367432,
        "minRet": 0.9465625286102295
    },
    "MiniGrid-DoorKey-16x16-custom-diff0": {
        "meanRet": 0.8463671863079071,
        "maxRet": 0.9609765410423279,
        "minRet": 0.7598828077316284
    }
}