{
    "model": "test12x12_100k_3step_4gen_3curric/epoch_20_curric1_gen4",
    "MiniGrid-DoorKey-6x6-custom-diff0.64467792277423": {
        "meanRet": 0.9821327993502984,
        "maxRet": 0.9883620738983154,
        "minRet": 0.9767241477966309
    },
    "MiniGrid-DoorKey-8x8-custom-diff0.64467792277423": {
        "meanRet": 0.9718004098305335,
        "maxRet": 0.9835129380226135,
        "minRet": 0.9602370858192444
    },
    "MiniGrid-DoorKey-10x10-custom-diff0.64467792277423": {
        "meanRet": 0.9581537533689428,
        "maxRet": 0.9844827651977539,
        "minRet": 0.9379310607910156
    },
    "MiniGrid-DoorKey-12x12-custom-diff0.64467792277423": {
        "meanRet": 0.9395215582847595,
        "maxRet": 0.9660560488700867,
        "minRet": 0.9098060131072998
    }
}