{
    "model": "test12x12_75k_3step_3gen_3curric/epoch_17_curric1_gen1",
    "MiniGrid-DoorKey-6x6-custom-diff0.7315023600555897": {
        "meanRet": 0.9833808033554642,
        "maxRet": 0.9897435903549194,
        "minRet": 0.9786324501037598
    },
    "MiniGrid-DoorKey-8x8-custom-diff0.7315023600555897": {
        "meanRet": 0.9758290457725525,
        "maxRet": 0.9846153855323792,
        "minRet": 0.9683760404586792
    },
    "MiniGrid-DoorKey-10x10-custom-diff0.7315023600555897": {
        "meanRet": 0.9672136640548706,
        "maxRet": 0.9811965823173523,
        "minRet": 0.9538461565971375
    },
    "MiniGrid-DoorKey-12x12-custom-diff0.7315023600555897": {
        "meanRet": 0.9457093930244446,
        "maxRet": 0.9752136468887329,
        "minRet": 0.928205132484436
    }
}