{
    "model": "test12x12_100k_3step_4gen_3curric/epoch_1_curric0_gen3",
    "MiniGrid-DoorKey-6x6-custom-diff1.0": {
        "meanRet": 0.953749989087765,
        "maxRet": 0.9750000238418579,
        "minRet": 0.9350000023841858
    },
    "MiniGrid-DoorKey-8x8-custom-diff1.0": {
        "meanRet": 0.9318812537193298,
        "maxRet": 0.9676562547683716,
        "minRet": 0.9029687643051147
    },
    "MiniGrid-DoorKey-10x10-custom-diff1.0": {
        "meanRet": 0.912700002010052,
        "maxRet": 0.9739000201225281,
        "minRet": 0.8722000122070312
    },
    "MiniGrid-DoorKey-12x12-custom-diff1.0": {
        "meanRet": 0.9159000086784362,
        "maxRet": 0.9693750143051147,
        "minRet": 0.8656250238418579
    }
}