{
    "model": "test12x12_50k_3step_3gen_3curric/epoch_9_curric0_gen1",
    "MiniGrid-DoorKey-6x6-custom-diff1": {
        "meanRet": 0.9881018576798616,
        "maxRet": 0.9925000071525574,
        "minRet": 0.984375
    },
    "MiniGrid-DoorKey-8x8-custom-diff1": {
        "meanRet": 0.9795000004768372,
        "maxRet": 0.9881250262260437,
        "minRet": 0.9731249809265137
    },
    "MiniGrid-DoorKey-10x10-custom-diff1": {
        "meanRet": 0.9696634641060462,
        "maxRet": 0.984375,
        "minRet": 0.9556249976158142
    },
    "MiniGrid-DoorKey-12x12-custom-diff1": {
        "meanRet": 0.9608999967575074,
        "maxRet": 0.9825000166893005,
        "minRet": 0.9437500238418579
    }
}