{
    "model": "test12x12_50k_3step_3gen_3curric/epoch_18_curric2_gen1",
    "MiniGrid-DoorKey-6x6-custom-diff0.8010602224432588": {
        "meanRet": 0.9843285060845889,
        "maxRet": 0.9898525476455688,
        "minRet": 0.9804856777191162
    },
    "MiniGrid-DoorKey-8x8-custom-diff0.8010602224432588": {
        "meanRet": 0.9775435259708991,
        "maxRet": 0.9851691126823425,
        "minRet": 0.9711188077926636
    },
    "MiniGrid-DoorKey-10x10-custom-diff0.8010602224432588": {
        "meanRet": 0.9702758049964905,
        "maxRet": 0.9836080074310303,
        "minRet": 0.9586296677589417
    },
    "MiniGrid-DoorKey-12x12-custom-diff0.8010602224432588": {
        "meanRet": 0.9519225226508247,
        "maxRet": 0.9718993902206421,
        "minRet": 0.9266262054443359
    }
}