{
    "model": "Rhea_Fr2\\epoch_4_curric2_gen4",
    "MiniGrid-DoorKey-5x5-custom-diff1": {
        "meanRet": 0.8596689828804561,
        "maxRet": 0.9012194871902466,
        "minRet": 0.8353658318519592
    },
    "MiniGrid-DoorKey-6x6-custom-diff1": {
        "meanRet": 0.8673032793131742,
        "maxRet": 0.916806697845459,
        "minRet": 0.8336134552955627
    },
    "MiniGrid-DoorKey-8x8-custom-diff1": {
        "meanRet": 0.8771563947200776,
        "maxRet": 0.9104265570640564,
        "minRet": 0.8379147052764893
    },
    "MiniGrid-DoorKey-16x16-custom-diff1": {
        "meanRet": 0.683455616235733,
        "maxRet": 0.9275739789009094,
        "minRet": 0.5643786787986755
    }
}