{
    "model": "test12x12_75k_3step_3gen_3curric/epoch_47_curric2_gen1",
    "MiniGrid-DoorKey-6x6-custom-diff0.15": {
        "meanRet": 0.9201666712760925,
        "maxRet": 0.949999988079071,
        "minRet": 0.8958333134651184
    },
    "MiniGrid-DoorKey-8x8-custom-diff0.15": {
        "meanRet": 0.8757716130327295,
        "maxRet": 0.925000011920929,
        "minRet": 0.8458333611488342
    },
    "MiniGrid-DoorKey-10x10-custom-diff0.15": {
        "meanRet": 0.821833336353302,
        "maxRet": 0.9208333492279053,
        "minRet": 0.7708333134651184
    },
    "MiniGrid-DoorKey-12x12-custom-diff0.15": {
        "meanRet": 0.7004807683137747,
        "maxRet": 0.8500000238418579,
        "minRet": 0.5833333134651184
    }
}