{
    "model": "test12x12_75k_3step_3gen_3curric/epoch_14_curric1_gen1",
    "MiniGrid-DoorKey-6x6-custom-diff0.8065023600555896": {
        "meanRet": 0.9851162815093994,
        "maxRet": 0.9922480583190918,
        "minRet": 0.9798449873924255
    },
    "MiniGrid-DoorKey-8x8-custom-diff0.8065023600555896": {
        "meanRet": 0.9774263572692871,
        "maxRet": 0.9860464930534363,
        "minRet": 0.9713178277015686
    },
    "MiniGrid-DoorKey-10x10-custom-diff0.8065023600555896": {
        "meanRet": 0.9695193791389465,
        "maxRet": 0.9860464930534363,
        "minRet": 0.9589147567749023
    },
    "MiniGrid-DoorKey-12x12-custom-diff0.8065023600555896": {
        "meanRet": 0.9511317849159241,
        "maxRet": 0.9751937985420227,
        "minRet": 0.9294573664665222
    }
}