{
    "model": "test12x12_50k_3step_3gen_3curric/epoch_35_curric1_gen1",
    "MiniGrid-DoorKey-6x6-custom-diff0.3760602224432589": {
        "meanRet": 0.9659297680854797,
        "maxRet": 0.9833641648292542,
        "minRet": 0.95341956615448
    },
    "MiniGrid-DoorKey-8x8-custom-diff0.3760602224432589": {
        "meanRet": 0.9483648469814887,
        "maxRet": 0.9750462174415588,
        "minRet": 0.933456540107727
    },
    "MiniGrid-DoorKey-10x10-custom-diff0.3760602224432589": {
        "meanRet": 0.9260036969184875,
        "maxRet": 0.9733826518058777,
        "minRet": 0.8935304880142212
    },
    "MiniGrid-DoorKey-12x12-custom-diff0.3760602224432589": {
        "meanRet": 0.8663807797431946,
        "maxRet": 0.9367837309837341,
        "minRet": 0.7903881669044495
    }
}