{
    "model": "test12x12_150k_3step_3gen_3curric/epoch_14_curric2_gen2",
    "MiniGrid-DoorKey-6x6-custom-diff0.7563807381558474": {
        "meanRet": 0.9848595070838928,
        "maxRet": 0.9917355179786682,
        "minRet": 0.9809917211532593
    },
    "MiniGrid-DoorKey-8x8-custom-diff0.7563807381558474": {
        "meanRet": 0.9760330533981323,
        "maxRet": 0.9859504103660583,
        "minRet": 0.9694215059280396
    },
    "MiniGrid-DoorKey-10x10-custom-diff0.7563807381558474": {
        "meanRet": 0.966433564057717,
        "maxRet": 0.9900826215744019,
        "minRet": 0.9545454382896423
    },
    "MiniGrid-DoorKey-12x12-custom-diff0.7563807381558474": {
        "meanRet": 0.9427438044548034,
        "maxRet": 0.9702479243278503,
        "minRet": 0.913223147392273
    }
}