{
    "model": "test12x12_100k_4step_3gen_3curric/epoch_2_curric2_gen3",
    "MiniGrid-DoorKey-6x6-custom-diff1": {
        "meanRet": 0.17069853009546504,
        "maxRet": 0.8306249976158142,
        "minRet": 0.0
    },
    "MiniGrid-DoorKey-8x8-custom-diff1": {
        "meanRet": 0.0469140624627471,
        "maxRet": 0.6356250047683716,
        "minRet": 0.0
    },
    "MiniGrid-DoorKey-10x10-custom-diff1": {
        "meanRet": 0.008320312947034836,
        "maxRet": 0.26625001430511475,
        "minRet": 0.0
    },
    "MiniGrid-DoorKey-12x12-custom-diff1": {
        "meanRet": 0.0,
        "maxRet": 0.0,
        "minRet": 0.0
    }
}