{
    "model": "Rhea_Fr2\\epoch_4_curric0_gen3",
    "MiniGrid-DoorKey-5x5-custom-diff1": {
        "meanRet": 0.8902438879013062,
        "maxRet": 0.9012194871902466,
        "minRet": 0.8792682886123657
    },
    "MiniGrid-DoorKey-6x6-custom-diff1": {
        "meanRet": 0.8934300921180032,
        "maxRet": 0.924369752407074,
        "minRet": 0.8789916038513184
    },
    "MiniGrid-DoorKey-8x8-custom-diff1": {
        "meanRet": 0.887819904088974,
        "maxRet": 0.9360189437866211,
        "minRet": 0.8592417240142822
    },
    "MiniGrid-DoorKey-16x16-custom-diff1": {
        "meanRet": 0.7590769231319427,
        "maxRet": 0.8828402161598206,
        "minRet": 0.6218934655189514
    }
}