{
    "model": "DO_11_05_RHEA_PARA_ENV_1\\epoch_7_curric0_gen1",
    "MiniGrid-DoorKey-5x5-custom-diff2": {
        "meanRet": 0.6946428418159485,
        "maxRet": 0.7107142806053162,
        "minRet": 0.6785714030265808
    },
    "MiniGrid-DoorKey-6x6-custom-diff2": {
        "meanRet": 0.7277499914169312,
        "maxRet": 0.8199999928474426,
        "minRet": 0.6399999856948853
    },
    "MiniGrid-DoorKey-8x8-custom-diff2": {
        "meanRet": 0.7082417561457708,
        "maxRet": 0.8328571319580078,
        "minRet": 0.6528571248054504
    },
    "MiniGrid-DoorKey-16x16-custom-diff2": {
        "meanRet": 0.15135396520296732,
        "maxRet": 0.728723406791687,
        "minRet": 0.0
    }
}