{
    "model": "new_25k_7step_4gen_3curric/epoch_1_curric0_gen3",
    "MiniGrid-DoorKey-6x6-custom-diff1.0": {
        "meanRet": 0.04223958340783914,
        "maxRet": 0.9175000190734863,
        "minRet": 0.0
    },
    "MiniGrid-DoorKey-8x8-custom-diff1.0": {
        "meanRet": 0.01694010446468989,
        "maxRet": 0.620312511920929,
        "minRet": 0.0
    },
    "MiniGrid-DoorKey-10x10-custom-diff1.0": {
        "meanRet": 0.0,
        "maxRet": 0.0,
        "minRet": 0.0
    },
    "MiniGrid-DoorKey-12x12-custom-diff1.0": {
        "meanRet": 0.010299478967984518,
        "maxRet": 0.49437499046325684,
        "minRet": 0.0
    }
}