{
    "model": "test12x12_100k_3step_3gen_3curric/epoch_21_curric2_gen3",
    "MiniGrid-DoorKey-6x6-custom-diff0.6220715046045372": {
        "meanRet": 0.9766301727294922,
        "maxRet": 0.9869273900985718,
        "minRet": 0.964804470539093
    },
    "MiniGrid-DoorKey-8x8-custom-diff0.6220715046045372": {
        "meanRet": 0.9670569849014282,
        "maxRet": 0.9849162101745605,
        "minRet": 0.9527374505996704
    },
    "MiniGrid-DoorKey-10x10-custom-diff0.6220715046045372": {
        "meanRet": 0.9556381633648505,
        "maxRet": 0.9788826704025269,
        "minRet": 0.9255865812301636
    },
    "MiniGrid-DoorKey-12x12-custom-diff0.6220715046045372": {
        "meanRet": 0.9327865886688232,
        "maxRet": 0.9587709307670593,
        "minRet": 0.8954190015792847
    }
}