{
    "model": "test12x12_25k_3step_3gen_3curric/epoch_8_curric0_gen3",
    "MiniGrid-DoorKey-6x6-custom-diff1": {
        "meanRet": 0.9740749979019165,
        "maxRet": 0.987500011920929,
        "minRet": 0.956250011920929
    },
    "MiniGrid-DoorKey-8x8-custom-diff1": {
        "meanRet": 0.9400750041007996,
        "maxRet": 0.9868749976158142,
        "minRet": 0.8918750286102295
    },
    "MiniGrid-DoorKey-10x10-custom-diff1": {
        "meanRet": 0.8814749979972839,
        "maxRet": 0.971875011920929,
        "minRet": 0.7749999761581421
    },
    "MiniGrid-DoorKey-12x12-custom-diff1": {
        "meanRet": 0.7706749963760376,
        "maxRet": 0.9206249713897705,
        "minRet": 0.5612499713897705
    }
}