{
    "model": "test12x12_50k_3step_3gen_3curric/epoch_14_curric1_gen1",
    "MiniGrid-DoorKey-6x6-custom-diff0.9010602224432589": {
        "meanRet": 0.9866491889953614,
        "maxRet": 0.9916731119155884,
        "minRet": 0.9826522469520569
    },
    "MiniGrid-DoorKey-8x8-custom-diff0.9010602224432589": {
        "meanRet": 0.9790759705580198,
        "maxRet": 0.9868157505989075,
        "minRet": 0.9729375243186951
    },
    "MiniGrid-DoorKey-10x10-custom-diff0.9010602224432589": {
        "meanRet": 0.9702451801300049,
        "maxRet": 0.9861218333244324,
        "minRet": 0.9576715230941772
    },
    "MiniGrid-DoorKey-12x12-custom-diff0.9010602224432589": {
        "meanRet": 0.9513153409957886,
        "maxRet": 0.9757131934165955,
        "minRet": 0.9278334379196167
    }
}