{
    "model": "SO_RHEA_2PARA_5GEN_14May\\epoch_5_curric2_gen2",
    "MiniGrid-DoorKey-5x5-custom-diff0": {
        "meanRet": 0.9581090753728693,
        "maxRet": 0.9675999879837036,
        "minRet": 0.9495999813079834
    },
    "MiniGrid-DoorKey-6x6-custom-diff0": {
        "meanRet": 0.9570833146572113,
        "maxRet": 0.9649999737739563,
        "minRet": 0.9524999856948853
    },
    "MiniGrid-DoorKey-8x8-custom-diff0": {
        "meanRet": 0.9621590863574635,
        "maxRet": 0.9775000214576721,
        "minRet": 0.9549999833106995
    },
    "MiniGrid-DoorKey-16x16-custom-diff0": {
        "meanRet": 0.9417109310626983,
        "maxRet": 0.9785546660423279,
        "minRet": 0.913867175579071
    }
}