{
    "model": "test12x12_100k_3step_4gen_3curric/epoch_25_curric1_gen2",
    "MiniGrid-DoorKey-6x6-custom-diff0.15": {
        "meanRet": 0.9266975411662349,
        "maxRet": 0.949999988079071,
        "minRet": 0.9083333611488342
    },
    "MiniGrid-DoorKey-8x8-custom-diff0.15": {
        "meanRet": 0.8865000057220459,
        "maxRet": 0.925000011920929,
        "minRet": 0.8583333492279053
    },
    "MiniGrid-DoorKey-10x10-custom-diff0.15": {
        "meanRet": 0.8499999952316284,
        "maxRet": 0.9083333611488342,
        "minRet": 0.7958333492279053
    },
    "MiniGrid-DoorKey-12x12-custom-diff0.15": {
        "meanRet": 0.7485000038146973,
        "maxRet": 0.8583333492279053,
        "minRet": 0.625
    }
}