{
    "model": "test12x12_150k_3step_3gen_3curric/epoch_16_curric1_gen3",
    "MiniGrid-DoorKey-6x6-custom-diff0.7063807381558473": {
        "meanRet": 0.9836814141273499,
        "maxRet": 0.9893805384635925,
        "minRet": 0.9796460270881653
    },
    "MiniGrid-DoorKey-8x8-custom-diff0.7063807381558473": {
        "meanRet": 0.9754336261749268,
        "maxRet": 0.9876106381416321,
        "minRet": 0.969911515712738
    },
    "MiniGrid-DoorKey-10x10-custom-diff0.7063807381558473": {
        "meanRet": 0.9646017688971299,
        "maxRet": 0.9867256879806519,
        "minRet": 0.9539822936058044
    },
    "MiniGrid-DoorKey-12x12-custom-diff0.7063807381558473": {
        "meanRet": 0.9440707969665527,
        "maxRet": 0.9681416153907776,
        "minRet": 0.9238938093185425
    }
}