{
    "model": "test12x12_150k_3step_3gen_3curric/epoch_26_curric2_gen2",
    "MiniGrid-DoorKey-6x6-custom-diff0.15": {
        "meanRet": 0.9089285688740867,
        "maxRet": 0.949999988079071,
        "minRet": 0.875
    },
    "MiniGrid-DoorKey-8x8-custom-diff0.15": {
        "meanRet": 0.867147431923793,
        "maxRet": 0.9333333373069763,
        "minRet": 0.8333333134651184
    },
    "MiniGrid-DoorKey-10x10-custom-diff0.15": {
        "meanRet": 0.8031666684150696,
        "maxRet": 0.887499988079071,
        "minRet": 0.7083333134651184
    },
    "MiniGrid-DoorKey-12x12-custom-diff0.15": {
        "meanRet": 0.6803333306312561,
        "maxRet": 0.8208333253860474,
        "minRet": 0.5333333611488342
    }
}