{
    "model": "test12x12_75k_3step_3gen_3curric/epoch_26_curric1_gen3",
    "MiniGrid-DoorKey-6x6-custom-diff0.5065023600555897": {
        "meanRet": 0.9761633437413436,
        "maxRet": 0.9851852059364319,
        "minRet": 0.970370352268219
    },
    "MiniGrid-DoorKey-8x8-custom-diff0.5065023600555897": {
        "meanRet": 0.9624197506904602,
        "maxRet": 0.9765431880950928,
        "minRet": 0.9506173133850098
    },
    "MiniGrid-DoorKey-10x10-custom-diff0.5065023600555897": {
        "meanRet": 0.942271602153778,
        "maxRet": 0.970370352268219,
        "minRet": 0.9160493612289429
    },
    "MiniGrid-DoorKey-12x12-custom-diff0.5065023600555897": {
        "meanRet": 0.9056790113449097,
        "maxRet": 0.9567901492118835,
        "minRet": 0.8604938387870789
    }
}