{
    "model": "test12x12_100k_4step_3gen_3curric/epoch_21_curric2_gen1",
    "MiniGrid-DoorKey-6x6-custom-diff0.1748105000000001": {
        "meanRet": 0.059420651445786156,
        "maxRet": 0.8780876398086548,
        "minRet": 0.0
    },
    "MiniGrid-DoorKey-8x8-custom-diff0.1748105000000001": {
        "meanRet": 0.00970285510023435,
        "maxRet": 0.4657370448112488,
        "minRet": 0.0
    },
    "MiniGrid-DoorKey-10x10-custom-diff0.1748105000000001": {
        "meanRet": 0.0,
        "maxRet": 0.0,
        "minRet": 0.0
    },
    "MiniGrid-DoorKey-12x12-custom-diff0.1748105000000001": {
        "meanRet": 0.0,
        "maxRet": 0.0,
        "minRet": 0.0
    }
}