{
    "model": "test12x12_150k_3step_3gen_3curric/epoch_1_curric2_gen1",
    "MiniGrid-DoorKey-6x6-custom-diff1.0": {
        "meanRet": 0.022291666517655056,
        "maxRet": 0.8224999904632568,
        "minRet": 0.0
    },
    "MiniGrid-DoorKey-8x8-custom-diff1.0": {
        "meanRet": 0.0,
        "maxRet": 0.0,
        "minRet": 0.0
    },
    "MiniGrid-DoorKey-10x10-custom-diff1.0": {
        "meanRet": 0.011497916343311468,
        "maxRet": 0.4023999869823456,
        "minRet": 0.0
    },
    "MiniGrid-DoorKey-12x12-custom-diff1.0": {
        "meanRet": 0.0,
        "maxRet": 0.0,
        "minRet": 0.0
    }
}