{
    "model": "MI_RHEA_PARA_ENV_2_first\\epoch_1_curric1_gen3",
    "MiniGrid-DoorKey-5x5-custom-diff0": {
        "meanRet": 0.9402399778366088,
        "maxRet": 0.9531999826431274,
        "minRet": 0.9243999719619751
    },
    "MiniGrid-DoorKey-6x6-custom-diff0": {
        "meanRet": 0.9444999992847443,
        "maxRet": 0.9775000214576721,
        "minRet": 0.9200000166893005
    },
    "MiniGrid-DoorKey-8x8-custom-diff0": {
        "meanRet": 0.9292656302452087,
        "maxRet": 0.9704687595367432,
        "minRet": 0.8832812309265137
    },
    "MiniGrid-DoorKey-16x16-custom-diff0": {
        "meanRet": 0.8923164069652557,
        "maxRet": 0.9588671922683716,
        "minRet": 0.7918750047683716
    }
}