{
    "model": "test12x12_75k_3step_3gen_3curric/epoch_24_curric1_gen1",
    "MiniGrid-DoorKey-6x6-custom-diff0.5565023600555896": {
        "meanRet": 0.9798651695251465,
        "maxRet": 0.9865168333053589,
        "minRet": 0.9730337262153625
    },
    "MiniGrid-DoorKey-8x8-custom-diff0.5565023600555896": {
        "meanRet": 0.9692584228515625,
        "maxRet": 0.9786517024040222,
        "minRet": 0.9606741666793823
    },
    "MiniGrid-DoorKey-10x10-custom-diff0.5565023600555896": {
        "meanRet": 0.9536179852485657,
        "maxRet": 0.9730337262153625,
        "minRet": 0.9382022619247437
    },
    "MiniGrid-DoorKey-12x12-custom-diff0.5565023600555896": {
        "meanRet": 0.9264044899206895,
        "maxRet": 0.9539325833320618,
        "minRet": 0.898876428604126
    }
}