{
    "model": "test12x12_100k_3step_3gen_3curric/epoch_49_curric2_gen2",
    "MiniGrid-DoorKey-6x6-custom-diff0.15": {
        "meanRet": 0.9101666665077209,
        "maxRet": 0.9458333253860474,
        "minRet": 0.8708333373069763
    },
    "MiniGrid-DoorKey-8x8-custom-diff0.15": {
        "meanRet": 0.8594999980926513,
        "maxRet": 0.9416666626930237,
        "minRet": 0.8083333373069763
    },
    "MiniGrid-DoorKey-10x10-custom-diff0.15": {
        "meanRet": 0.8215000033378601,
        "maxRet": 0.9375,
        "minRet": 0.6916666626930237
    },
    "MiniGrid-DoorKey-12x12-custom-diff0.15": {
        "meanRet": 0.7223333358764649,
        "maxRet": 0.8541666865348816,
        "minRet": 0.5458333492279053
    }
}