{
    "model": "test12x12_100k_3step_4gen_3curric/epoch_27_curric2_gen1",
    "MiniGrid-DoorKey-6x6-custom-diff0.15": {
        "meanRet": 0.9129464285714286,
        "maxRet": 0.9458333253860474,
        "minRet": 0.887499988079071
    },
    "MiniGrid-DoorKey-8x8-custom-diff0.15": {
        "meanRet": 0.8693333244323731,
        "maxRet": 0.9375,
        "minRet": 0.8291666507720947
    },
    "MiniGrid-DoorKey-10x10-custom-diff0.15": {
        "meanRet": 0.7954999995231629,
        "maxRet": 0.8916666507720947,
        "minRet": 0.675000011920929
    },
    "MiniGrid-DoorKey-12x12-custom-diff0.15": {
        "meanRet": 0.7348333334922791,
        "maxRet": 0.8583333492279053,
        "minRet": 0.5791666507720947
    }
}