{
    "model": "test12x12_50k_3step_3gen_3curric/epoch_14_curric0_gen1",
    "MiniGrid-DoorKey-6x6-custom-diff0.9010602224432589": {
        "meanRet": 0.9852613639831543,
        "maxRet": 0.9916731119155884,
        "minRet": 0.9812644720077515
    },
    "MiniGrid-DoorKey-8x8-custom-diff0.9010602224432589": {
        "meanRet": 0.9777116417884827,
        "maxRet": 0.988897442817688,
        "minRet": 0.9694679975509644
    },
    "MiniGrid-DoorKey-10x10-custom-diff0.9010602224432589": {
        "meanRet": 0.9703562045097351,
        "maxRet": 0.9882035255432129,
        "minRet": 0.9576715230941772
    },
    "MiniGrid-DoorKey-12x12-custom-diff0.9010602224432589": {
        "meanRet": 0.9399501818877,
        "maxRet": 0.9666923880577087,
        "minRet": 0.9125674366950989
    }
}