{
    "model": "test12x12_150k_3step_3gen_3curric/epoch_8_curric1_gen3",
    "MiniGrid-DoorKey-6x6-custom-diff0.9063807381558474": {
        "meanRet": 0.9861302729006167,
        "maxRet": 0.9917241334915161,
        "minRet": 0.9820689558982849
    },
    "MiniGrid-DoorKey-8x8-custom-diff0.9063807381558474": {
        "meanRet": 0.977820692062378,
        "maxRet": 0.9882758855819702,
        "minRet": 0.9710344672203064
    },
    "MiniGrid-DoorKey-10x10-custom-diff0.9063807381558474": {
        "meanRet": 0.9686068940162659,
        "maxRet": 0.9882758855819702,
        "minRet": 0.9544827342033386
    },
    "MiniGrid-DoorKey-12x12-custom-diff0.9063807381558474": {
        "meanRet": 0.952027587890625,
        "maxRet": 0.9800000190734863,
        "minRet": 0.9255172610282898
    }
}