{
    "model": "test12x12_25k_3step_3gen_3curric/epoch_23_curric1_gen2",
    "MiniGrid-DoorKey-6x6-custom-diff0.8569142875744653": {
        "meanRet": 0.9869455374204196,
        "maxRet": 0.9927007555961609,
        "minRet": 0.9832116961479187
    },
    "MiniGrid-DoorKey-8x8-custom-diff0.8569142875744653": {
        "meanRet": 0.9793576645851135,
        "maxRet": 0.9883211851119995,
        "minRet": 0.970802903175354
    },
    "MiniGrid-DoorKey-10x10-custom-diff0.8569142875744653": {
        "meanRet": 0.9708905124664307,
        "maxRet": 0.9846715331077576,
        "minRet": 0.9591240882873535
    },
    "MiniGrid-DoorKey-12x12-custom-diff0.8569142875744653": {
        "meanRet": 0.9445255517959594,
        "maxRet": 0.9737226366996765,
        "minRet": 0.9160584211349487
    }
}