{
    "model": "test12x12_100k_3step_3gen_3curric/epoch_15_curric1_gen2",
    "MiniGrid-DoorKey-6x6-custom-diff0.7720715046045372": {
        "meanRet": 0.9829259858681605,
        "maxRet": 0.9910891056060791,
        "minRet": 0.9781278371810913
    },
    "MiniGrid-DoorKey-8x8-custom-diff0.7720715046045372": {
        "meanRet": 0.9745310473442078,
        "maxRet": 0.9846084713935852,
        "minRet": 0.9651665091514587
    },
    "MiniGrid-DoorKey-10x10-custom-diff0.7720715046045372": {
        "meanRet": 0.9633519339561463,
        "maxRet": 0.9821782112121582,
        "minRet": 0.9400539994239807
    },
    "MiniGrid-DoorKey-12x12-custom-diff0.7720715046045372": {
        "meanRet": 0.9385958576202392,
        "maxRet": 0.9732673168182373,
        "minRet": 0.8938794136047363
    }
}