{
    "model": "test12x12_150k_3step_3gen_3curric/epoch_19_curric1_gen2",
    "MiniGrid-DoorKey-6x6-custom-diff0.15": {
        "meanRet": 0.9262820619803208,
        "maxRet": 0.949999988079071,
        "minRet": 0.9083333611488342
    },
    "MiniGrid-DoorKey-8x8-custom-diff0.15": {
        "meanRet": 0.8817307696892664,
        "maxRet": 0.9416666626930237,
        "minRet": 0.8500000238418579
    },
    "MiniGrid-DoorKey-10x10-custom-diff0.15": {
        "meanRet": 0.8243333339691162,
        "maxRet": 0.949999988079071,
        "minRet": 0.7124999761581421
    },
    "MiniGrid-DoorKey-12x12-custom-diff0.15": {
        "meanRet": 0.6936666703224182,
        "maxRet": 0.9041666388511658,
        "minRet": 0.5249999761581421
    }
}