{
    "model": "test12x12_100k_3step_3gen_3curric/epoch_37_curric0_gen2",
    "MiniGrid-DoorKey-6x6-custom-diff0.15": {
        "meanRet": 0.9138333296775818,
        "maxRet": 0.9458333253860474,
        "minRet": 0.887499988079071
    },
    "MiniGrid-DoorKey-8x8-custom-diff0.15": {
        "meanRet": 0.8524999928474426,
        "maxRet": 0.9041666388511658,
        "minRet": 0.7875000238418579
    },
    "MiniGrid-DoorKey-10x10-custom-diff0.15": {
        "meanRet": 0.8083333396911621,
        "maxRet": 0.9333333373069763,
        "minRet": 0.7124999761581421
    },
    "MiniGrid-DoorKey-12x12-custom-diff0.15": {
        "meanRet": 0.7393333339691162,
        "maxRet": 0.8708333373069763,
        "minRet": 0.5208333134651184
    }
}