{
    "model": "test12x12_100k_3step_3gen_3curric/epoch_8_curric1_gen3",
    "MiniGrid-DoorKey-6x6-custom-diff0.9470715046045372": {
        "meanRet": 0.9848129105567932,
        "maxRet": 0.9914159774780273,
        "minRet": 0.9749082922935486
    },
    "MiniGrid-DoorKey-8x8-custom-diff0.9470715046045372": {
        "meanRet": 0.9716595721244812,
        "maxRet": 0.9900953769683838,
        "minRet": 0.9597212076187134
    },
    "MiniGrid-DoorKey-10x10-custom-diff0.9470715046045372": {
        "meanRet": 0.9640792369842529,
        "maxRet": 0.9828320145606995,
        "minRet": 0.9366104006767273
    },
    "MiniGrid-DoorKey-12x12-custom-diff0.9470715046045372": {
        "meanRet": 0.933256049156189,
        "maxRet": 0.9795304536819458,
        "minRet": 0.8811445236206055
    }
}