{
    "model": "test12x12_100k_3step_4gen_3curric/epoch_18_curric2_gen4",
    "MiniGrid-DoorKey-6x6-custom-diff0.69467792277423": {
        "meanRet": 0.9823461610537308,
        "maxRet": 0.9891999959945679,
        "minRet": 0.9775000214576721
    },
    "MiniGrid-DoorKey-8x8-custom-diff0.69467792277423": {
        "meanRet": 0.9711640048027038,
        "maxRet": 0.9837999939918518,
        "minRet": 0.9613000154495239
    },
    "MiniGrid-DoorKey-10x10-custom-diff0.69467792277423": {
        "meanRet": 0.9571239972114562,
        "maxRet": 0.9847000241279602,
        "minRet": 0.9369999766349792
    },
    "MiniGrid-DoorKey-12x12-custom-diff0.69467792277423": {
        "meanRet": 0.9287199997901916,
        "maxRet": 0.9765999913215637,
        "minRet": 0.8794000148773193
    }
}