{
    "model": "test12x12_50k_3step_3gen_3curric/epoch_4_curric0_gen3",
    "MiniGrid-DoorKey-6x6-custom-diff1": {
        "meanRet": 0.9885500073432922,
        "maxRet": 0.9925000071525574,
        "minRet": 0.9850000143051147
    },
    "MiniGrid-DoorKey-8x8-custom-diff1": {
        "meanRet": 0.9778500008583069,
        "maxRet": 0.9906250238418579,
        "minRet": 0.9725000262260437
    },
    "MiniGrid-DoorKey-10x10-custom-diff1": {
        "meanRet": 0.9690000009536743,
        "maxRet": 0.9900000095367432,
        "minRet": 0.9524999856948853
    },
    "MiniGrid-DoorKey-12x12-custom-diff1": {
        "meanRet": 0.9341000032424926,
        "maxRet": 0.9881250262260437,
        "minRet": 0.8831250071525574
    }
}