{
    "model": "test12x12_100k_3step_4gen_3curric/epoch_13_curric2_gen2",
    "MiniGrid-DoorKey-6x6-custom-diff0.81967792277423": {
        "meanRet": 0.9854474568367004,
        "maxRet": 0.9908474683761597,
        "minRet": 0.9809321761131287
    },
    "MiniGrid-DoorKey-8x8-custom-diff0.81967792277423": {
        "meanRet": 0.9763559332260718,
        "maxRet": 0.9862712025642395,
        "minRet": 0.9694915413856506
    },
    "MiniGrid-DoorKey-10x10-custom-diff0.81967792277423": {
        "meanRet": 0.967438069673685,
        "maxRet": 0.983983039855957,
        "minRet": 0.9580508470535278
    },
    "MiniGrid-DoorKey-12x12-custom-diff0.81967792277423": {
        "meanRet": 0.9400813627243042,
        "maxRet": 0.9748305082321167,
        "minRet": 0.9138135313987732
    }
}