{
    "model": "test12x12_100k_3step_3gen_3curric/epoch_47_curric0_gen2",
    "MiniGrid-DoorKey-6x6-custom-diff0.15": {
        "meanRet": 0.9123333334922791,
        "maxRet": 0.9458333253860474,
        "minRet": 0.887499988079071
    },
    "MiniGrid-DoorKey-8x8-custom-diff0.15": {
        "meanRet": 0.8559999990463257,
        "maxRet": 0.9208333492279053,
        "minRet": 0.8083333373069763
    },
    "MiniGrid-DoorKey-10x10-custom-diff0.15": {
        "meanRet": 0.8181666684150696,
        "maxRet": 0.9208333492279053,
        "minRet": 0.737500011920929
    },
    "MiniGrid-DoorKey-12x12-custom-diff0.15": {
        "meanRet": 0.677666665315628,
        "maxRet": 0.8583333492279053,
        "minRet": 0.4416666626930237
    }
}