{
    "model": "test12x12_25k_3step_3gen_3curric/epoch_49_curric0_gen3",
    "MiniGrid-DoorKey-6x6-custom-diff0.512744": {
        "meanRet": 0.9768292903900146,
        "maxRet": 0.9841463565826416,
        "minRet": 0.9695122241973877
    },
    "MiniGrid-DoorKey-8x8-custom-diff0.512744": {
        "meanRet": 0.9649268126487732,
        "maxRet": 0.9780488014221191,
        "minRet": 0.954878032207489
    },
    "MiniGrid-DoorKey-10x10-custom-diff0.512744": {
        "meanRet": 0.9495778542298537,
        "maxRet": 0.9768292903900146,
        "minRet": 0.9292683005332947
    },
    "MiniGrid-DoorKey-12x12-custom-diff0.512744": {
        "meanRet": 0.9217560958862304,
        "maxRet": 0.954878032207489,
        "minRet": 0.8792682886123657
    }
}