{
    "model": "test12x12_25k_3step_3gen_3curric/epoch_14_curric2_gen2",
    "MiniGrid-DoorKey-6x6-custom-diff1": {
        "meanRet": 0.9866000032424926,
        "maxRet": 0.9912499785423279,
        "minRet": 0.9818750023841858
    },
    "MiniGrid-DoorKey-8x8-custom-diff1": {
        "meanRet": 0.9811298159452585,
        "maxRet": 0.9900000095367432,
        "minRet": 0.9737499952316284
    },
    "MiniGrid-DoorKey-10x10-custom-diff1": {
        "meanRet": 0.9691586540295527,
        "maxRet": 0.9850000143051147,
        "minRet": 0.9537500143051147
    },
    "MiniGrid-DoorKey-12x12-custom-diff1": {
        "meanRet": 0.9561499977111816,
        "maxRet": 0.9775000214576721,
        "minRet": 0.934374988079071
    }
}