{
    "model": "test12x12_50k_3step_3gen_3curric/epoch_45_curric0_gen2",
    "MiniGrid-DoorKey-6x6-custom-diff0.15": {
        "meanRet": 0.919827586617963,
        "maxRet": 0.9458333253860474,
        "minRet": 0.8999999761581421
    },
    "MiniGrid-DoorKey-8x8-custom-diff0.15": {
        "meanRet": 0.8826666712760926,
        "maxRet": 0.9208333492279053,
        "minRet": 0.8416666388511658
    },
    "MiniGrid-DoorKey-10x10-custom-diff0.15": {
        "meanRet": 0.8375000023841858,
        "maxRet": 0.9333333373069763,
        "minRet": 0.7833333611488342
    },
    "MiniGrid-DoorKey-12x12-custom-diff0.15": {
        "meanRet": 0.6950617300139533,
        "maxRet": 0.862500011920929,
        "minRet": 0.5416666865348816
    }
}