{
    "model": "test12x12_50k_3step_3gen_3curric/epoch_17_curric0_gen1",
    "MiniGrid-DoorKey-6x6-custom-diff0.8260602224432589": {
        "meanRet": 0.9856787276268005,
        "maxRet": 0.9909167289733887,
        "minRet": 0.9818334579467773
    },
    "MiniGrid-DoorKey-8x8-custom-diff0.8260602224432589": {
        "meanRet": 0.9769834589075159,
        "maxRet": 0.9856181740760803,
        "minRet": 0.9704793691635132
    },
    "MiniGrid-DoorKey-10x10-custom-diff0.8260602224432589": {
        "meanRet": 0.969661898612976,
        "maxRet": 0.9795626401901245,
        "minRet": 0.9613961577415466
    },
    "MiniGrid-DoorKey-12x12-custom-diff0.8260602224432589": {
        "meanRet": 0.9553103470802307,
        "maxRet": 0.9750210046768188,
        "minRet": 0.9379310607910156
    }
}