{
    "model": "test12x12_25k_3step_3gen_3curric/epoch_8_curric1_gen2",
    "MiniGrid-DoorKey-6x6-custom-diff1": {
        "meanRet": 0.9818250036239624,
        "maxRet": 0.9925000071525574,
        "minRet": 0.971875011920929
    },
    "MiniGrid-DoorKey-8x8-custom-diff1": {
        "meanRet": 0.9505250000953674,
        "maxRet": 0.987500011920929,
        "minRet": 0.9024999737739563
    },
    "MiniGrid-DoorKey-10x10-custom-diff1": {
        "meanRet": 0.8381749987602234,
        "maxRet": 0.9624999761581421,
        "minRet": 0.7356250286102295
    },
    "MiniGrid-DoorKey-12x12-custom-diff1": {
        "meanRet": 0.6229999995231629,
        "maxRet": 0.9006249904632568,
        "minRet": 0.2356249988079071
    }
}