{
    "model": "test12x12_75k_3step_3gen_3curric/epoch_26_curric1_gen2",
    "MiniGrid-DoorKey-6x6-custom-diff0.5065023600555897": {
        "meanRet": 0.976197533607483,
        "maxRet": 0.9851852059364319,
        "minRet": 0.9691358208656311
    },
    "MiniGrid-DoorKey-8x8-custom-diff0.5065023600555897": {
        "meanRet": 0.9641975324887496,
        "maxRet": 0.9777777791023254,
        "minRet": 0.9530864357948303
    },
    "MiniGrid-DoorKey-10x10-custom-diff0.5065023600555897": {
        "meanRet": 0.9507122567066779,
        "maxRet": 0.9728395342826843,
        "minRet": 0.9358024597167969
    },
    "MiniGrid-DoorKey-12x12-custom-diff0.5065023600555897": {
        "meanRet": 0.9242963004112243,
        "maxRet": 0.9641975164413452,
        "minRet": 0.8913580179214478
    }
}