{
    "model": "test12x12_150k_3step_3gen_3curric/epoch_16_curric2_gen2",
    "MiniGrid-DoorKey-6x6-custom-diff0.7063807381558473": {
        "meanRet": 0.9835791521602206,
        "maxRet": 0.9893805384635925,
        "minRet": 0.9787610769271851
    },
    "MiniGrid-DoorKey-8x8-custom-diff0.7063807381558473": {
        "meanRet": 0.9737463174042879,
        "maxRet": 0.9831858277320862,
        "minRet": 0.969911515712738
    },
    "MiniGrid-DoorKey-10x10-custom-diff0.7063807381558473": {
        "meanRet": 0.9619114995002747,
        "maxRet": 0.9876106381416321,
        "minRet": 0.9477875828742981
    },
    "MiniGrid-DoorKey-12x12-custom-diff0.7063807381558473": {
        "meanRet": 0.9401769948005676,
        "maxRet": 0.9681416153907776,
        "minRet": 0.9106194972991943
    }
}