{
    "model": "SO_RHEA_2PARA_5GEN_14May\\epoch_1_curric2_gen5",
    "MiniGrid-DoorKey-5x5-custom-diff0": {
        "meanRet": 0.8851600050926208,
        "maxRet": 0.9495999813079834,
        "minRet": 0.8452000021934509
    },
    "MiniGrid-DoorKey-6x6-custom-diff0": {
        "meanRet": 0.901500004529953,
        "maxRet": 0.9474999904632568,
        "minRet": 0.8475000262260437
    },
    "MiniGrid-DoorKey-8x8-custom-diff0": {
        "meanRet": 0.72128124833107,
        "maxRet": 0.8509374856948853,
        "minRet": 0.5640624761581421
    },
    "MiniGrid-DoorKey-16x16-custom-diff0": {
        "meanRet": 0.7265195354819298,
        "maxRet": 0.9089453220367432,
        "minRet": 0.22550781071186066
    }
}