{
    "model": "test12x12_100k_3step_3gen_3curric/epoch_28_curric0_gen2",
    "MiniGrid-DoorKey-6x6-custom-diff0.15": {
        "meanRet": 0.9138333320617675,
        "maxRet": 0.9458333253860474,
        "minRet": 0.8833333253860474
    },
    "MiniGrid-DoorKey-8x8-custom-diff0.15": {
        "meanRet": 0.8646666622161865,
        "maxRet": 0.9208333492279053,
        "minRet": 0.8166666626930237
    },
    "MiniGrid-DoorKey-10x10-custom-diff0.15": {
        "meanRet": 0.8145000004768371,
        "maxRet": 0.9125000238418579,
        "minRet": 0.7083333134651184
    },
    "MiniGrid-DoorKey-12x12-custom-diff0.15": {
        "meanRet": 0.7218333339691162,
        "maxRet": 0.8541666865348816,
        "minRet": 0.5375000238418579
    }
}