{
    "model": "Rhea_Fr2\\epoch_2_curric1_gen4",
    "MiniGrid-DoorKey-5x5-custom-diff1": {
        "meanRet": 0.8649999976158143,
        "maxRet": 0.8902438879013062,
        "minRet": 0.8353658318519592
    },
    "MiniGrid-DoorKey-6x6-custom-diff1": {
        "meanRet": 0.8555462121963501,
        "maxRet": 0.916806697845459,
        "minRet": 0.8184874057769775
    },
    "MiniGrid-DoorKey-8x8-custom-diff1": {
        "meanRet": 0.879715645313263,
        "maxRet": 0.9061611294746399,
        "minRet": 0.8464455008506775
    },
    "MiniGrid-DoorKey-16x16-custom-diff1": {
        "meanRet": 0.8781538426876068,
        "maxRet": 0.9328994154930115,
        "minRet": 0.8231952786445618
    }
}