{
    "model": "test12x12_25k_3step_3gen_3curric/epoch_41_curric2_gen3",
    "MiniGrid-DoorKey-6x6-custom-diff0.40691428757446535": {
        "meanRet": 0.9731692290306091,
        "maxRet": 0.9815384745597839,
        "minRet": 0.9646154046058655
    },
    "MiniGrid-DoorKey-8x8-custom-diff0.40691428757446535": {
        "meanRet": 0.9581196639272902,
        "maxRet": 0.9784615635871887,
        "minRet": 0.947692334651947
    },
    "MiniGrid-DoorKey-10x10-custom-diff0.40691428757446535": {
        "meanRet": 0.9450461483001709,
        "maxRet": 0.9769230484962463,
        "minRet": 0.9307692050933838
    },
    "MiniGrid-DoorKey-12x12-custom-diff0.40691428757446535": {
        "meanRet": 0.9026461553573608,
        "maxRet": 0.9507692456245422,
        "minRet": 0.8661538362503052
    }
}