{
    "model": "test12x12_50k_3step_3gen_3curric/epoch_4_curric1_gen3",
    "MiniGrid-DoorKey-6x6-custom-diff1": {
        "meanRet": 0.9876682712481573,
        "maxRet": 0.9925000071525574,
        "minRet": 0.9837499856948853
    },
    "MiniGrid-DoorKey-8x8-custom-diff1": {
        "meanRet": 0.9801388890654953,
        "maxRet": 0.9887499809265137,
        "minRet": 0.9725000262260437
    },
    "MiniGrid-DoorKey-10x10-custom-diff1": {
        "meanRet": 0.965074999332428,
        "maxRet": 0.9856250286102295,
        "minRet": 0.9437500238418579
    },
    "MiniGrid-DoorKey-12x12-custom-diff1": {
        "meanRet": 0.9302500009536743,
        "maxRet": 0.9800000190734863,
        "minRet": 0.8918750286102295
    }
}