{
    "model": "test12x12_100k_3step_4gen_3curric/epoch_34_curric1_gen2",
    "MiniGrid-DoorKey-6x6-custom-diff0.15": {
        "meanRet": 0.9131172829204135,
        "maxRet": 0.949999988079071,
        "minRet": 0.8916666507720947
    },
    "MiniGrid-DoorKey-8x8-custom-diff0.15": {
        "meanRet": 0.8564999961853027,
        "maxRet": 0.9166666865348816,
        "minRet": 0.8041666746139526
    },
    "MiniGrid-DoorKey-10x10-custom-diff0.15": {
        "meanRet": 0.745032046849911,
        "maxRet": 0.8958333134651184,
        "minRet": 0.625
    },
    "MiniGrid-DoorKey-12x12-custom-diff0.15": {
        "meanRet": 0.5525,
        "maxRet": 0.7958333492279053,
        "minRet": 0.3166666626930237
    }
}