{
    "model": "test12x12_150k_3step_3gen_3curric/epoch_13_curric2_gen1",
    "MiniGrid-DoorKey-6x6-custom-diff0.7813807381558474": {
        "meanRet": 0.9844159984588623,
        "maxRet": 0.9904000163078308,
        "minRet": 0.979200005531311
    },
    "MiniGrid-DoorKey-8x8-custom-diff0.7813807381558474": {
        "meanRet": 0.9773759937286377,
        "maxRet": 0.9864000082015991,
        "minRet": 0.9728000164031982
    },
    "MiniGrid-DoorKey-10x10-custom-diff0.7813807381558474": {
        "meanRet": 0.9629120063781739,
        "maxRet": 0.9904000163078308,
        "minRet": 0.9520000219345093
    },
    "MiniGrid-DoorKey-12x12-custom-diff0.7813807381558474": {
        "meanRet": 0.9368319988250733,
        "maxRet": 0.9711999893188477,
        "minRet": 0.9031999707221985
    }
}