{
    "model": "test12x12_25k_3step_3gen_3curric/epoch_37_curric2_gen1",
    "MiniGrid-DoorKey-6x6-custom-diff0.5069142875744653": {
        "meanRet": 0.975783476462731,
        "maxRet": 0.9839506149291992,
        "minRet": 0.970370352268219
    },
    "MiniGrid-DoorKey-8x8-custom-diff0.5069142875744653": {
        "meanRet": 0.9666172814369202,
        "maxRet": 0.9814814925193787,
        "minRet": 0.9580246806144714
    },
    "MiniGrid-DoorKey-10x10-custom-diff0.5069142875744653": {
        "meanRet": 0.9406457703847152,
        "maxRet": 0.9716049432754517,
        "minRet": 0.9234567880630493
    },
    "MiniGrid-DoorKey-12x12-custom-diff0.5069142875744653": {
        "meanRet": 0.9158024740219116,
        "maxRet": 0.9580246806144714,
        "minRet": 0.885185182094574
    }
}