{
    "model": "test12x12_150k_3step_3gen_3curric/epoch_13_curric1_gen3",
    "MiniGrid-DoorKey-6x6-custom-diff0.7813807381558474": {
        "meanRet": 0.9838461509117713,
        "maxRet": 0.9904000163078308,
        "minRet": 0.979200005531311
    },
    "MiniGrid-DoorKey-8x8-custom-diff0.7813807381558474": {
        "meanRet": 0.9756615391144385,
        "maxRet": 0.9855999946594238,
        "minRet": 0.9679999947547913
    },
    "MiniGrid-DoorKey-10x10-custom-diff0.7813807381558474": {
        "meanRet": 0.9665599989891053,
        "maxRet": 0.9855999946594238,
        "minRet": 0.9472000002861023
    },
    "MiniGrid-DoorKey-12x12-custom-diff0.7813807381558474": {
        "meanRet": 0.9497919964790345,
        "maxRet": 0.9735999703407288,
        "minRet": 0.9192000031471252
    }
}