{
    "model": "test12x12_50k_3step_3gen_3curric/epoch_22_curric1_gen3",
    "MiniGrid-DoorKey-6x6-custom-diff0.7010602224432589": {
        "meanRet": 0.9837304258346558,
        "maxRet": 0.9892963171005249,
        "minRet": 0.9785926938056946
    },
    "MiniGrid-DoorKey-8x8-custom-diff0.7010602224432589": {
        "meanRet": 0.974132803770212,
        "maxRet": 0.9866204261779785,
        "minRet": 0.9652130603790283
    },
    "MiniGrid-DoorKey-10x10-custom-diff0.7010602224432589": {
        "meanRet": 0.9610962867736816,
        "maxRet": 0.981268584728241,
        "minRet": 0.9455897212028503
    },
    "MiniGrid-DoorKey-12x12-custom-diff0.7010602224432589": {
        "meanRet": 0.9369787344565759,
        "maxRet": 0.966105043888092,
        "minRet": 0.9108027815818787
    }
}