{
    "model": "test12x12_100k_3step_3gen_3curric/epoch_28_curric0_gen1",
    "MiniGrid-DoorKey-6x6-custom-diff0.15": {
        "meanRet": 0.9141025657837207,
        "maxRet": 0.9458333253860474,
        "minRet": 0.887499988079071
    },
    "MiniGrid-DoorKey-8x8-custom-diff0.15": {
        "meanRet": 0.8671666622161865,
        "maxRet": 0.9166666865348816,
        "minRet": 0.8083333373069763
    },
    "MiniGrid-DoorKey-10x10-custom-diff0.15": {
        "meanRet": 0.7748333311080933,
        "maxRet": 0.9166666865348816,
        "minRet": 0.6333333253860474
    },
    "MiniGrid-DoorKey-12x12-custom-diff0.15": {
        "meanRet": 0.6394999992847442,
        "maxRet": 0.8041666746139526,
        "minRet": 0.36666667461395264
    }
}