{
    "model": "test12x12_100k_3step_4gen_3curric/epoch_32_curric2_gen2",
    "MiniGrid-DoorKey-6x6-custom-diff0.15": {
        "meanRet": 0.9197530878914727,
        "maxRet": 0.9541666507720947,
        "minRet": 0.8999999761581421
    },
    "MiniGrid-DoorKey-8x8-custom-diff0.15": {
        "meanRet": 0.8860000014305115,
        "maxRet": 0.9458333253860474,
        "minRet": 0.8583333492279053
    },
    "MiniGrid-DoorKey-10x10-custom-diff0.15": {
        "meanRet": 0.8387345671653748,
        "maxRet": 0.8999999761581421,
        "minRet": 0.7666666507720947
    },
    "MiniGrid-DoorKey-12x12-custom-diff0.15": {
        "meanRet": 0.7268333315849305,
        "maxRet": 0.8583333492279053,
        "minRet": 0.612500011920929
    }
}