{
    "model": "test12x12_75k_3step_3gen_3curric/epoch_24_curric1_gen3",
    "MiniGrid-DoorKey-6x6-custom-diff0.5565023600555896": {
        "meanRet": 0.9783895214398702,
        "maxRet": 0.9853932857513428,
        "minRet": 0.9730337262153625
    },
    "MiniGrid-DoorKey-8x8-custom-diff0.5565023600555896": {
        "meanRet": 0.9687553965128385,
        "maxRet": 0.9820224642753601,
        "minRet": 0.9617977738380432
    },
    "MiniGrid-DoorKey-10x10-custom-diff0.5565023600555896": {
        "meanRet": 0.9603716455973111,
        "maxRet": 0.9842696785926819,
        "minRet": 0.9471909999847412
    },
    "MiniGrid-DoorKey-12x12-custom-diff0.5565023600555896": {
        "meanRet": 0.9319550633430481,
        "maxRet": 0.9719101190567017,
        "minRet": 0.901123583316803
    }
}