{
    "model": "test12x12_75k_3step_3gen_3curric/epoch_27_curric2_gen3",
    "MiniGrid-DoorKey-6x6-custom-diff0.48150236005558966": {
        "meanRet": 0.9747252831092248,
        "maxRet": 0.9870129823684692,
        "minRet": 0.9662337899208069
    },
    "MiniGrid-DoorKey-8x8-custom-diff0.48150236005558966": {
        "meanRet": 0.9636363616356483,
        "maxRet": 0.9779220819473267,
        "minRet": 0.9506493210792542
    },
    "MiniGrid-DoorKey-10x10-custom-diff0.48150236005558966": {
        "meanRet": 0.9461038915010599,
        "maxRet": 0.9662337899208069,
        "minRet": 0.9285714030265808
    },
    "MiniGrid-DoorKey-12x12-custom-diff0.48150236005558966": {
        "meanRet": 0.9077402567863464,
        "maxRet": 0.9519480466842651,
        "minRet": 0.8844155669212341
    }
}