{
    "model": "test12x12_50k_3step_3gen_3curric/epoch_42_curric0_gen1",
    "MiniGrid-DoorKey-6x6-custom-diff0.15": {
        "meanRet": 0.9285256495842567,
        "maxRet": 0.949999988079071,
        "minRet": 0.9125000238418579
    },
    "MiniGrid-DoorKey-8x8-custom-diff0.15": {
        "meanRet": 0.8775000095367431,
        "maxRet": 0.9541666507720947,
        "minRet": 0.8500000238418579
    },
    "MiniGrid-DoorKey-10x10-custom-diff0.15": {
        "meanRet": 0.8290064082695887,
        "maxRet": 0.9416666626930237,
        "minRet": 0.762499988079071
    },
    "MiniGrid-DoorKey-12x12-custom-diff0.15": {
        "meanRet": 0.6551282039055457,
        "maxRet": 0.8666666746139526,
        "minRet": 0.5
    }
}