{
    "model": "test12x12_100k_3step_4gen_3curric/epoch_4_curric1_gen3",
    "MiniGrid-DoorKey-6x6-custom-diff1": {
        "meanRet": 0.9869675945352625,
        "maxRet": 0.9918749928474426,
        "minRet": 0.9837499856948853
    },
    "MiniGrid-DoorKey-8x8-custom-diff1": {
        "meanRet": 0.9811298067753131,
        "maxRet": 0.9881250262260437,
        "minRet": 0.9750000238418579
    },
    "MiniGrid-DoorKey-10x10-custom-diff1": {
        "meanRet": 0.9736499977111817,
        "maxRet": 0.984375,
        "minRet": 0.9631249904632568
    },
    "MiniGrid-DoorKey-12x12-custom-diff1": {
        "meanRet": 0.9591249966621399,
        "maxRet": 0.9787499904632568,
        "minRet": 0.9418749809265137
    }
}