{
    "model": "MI_RHEA_PARA_ENV_2_first\\epoch_2_curric1_gen1",
    "MiniGrid-DoorKey-5x5-custom-diff1": {
        "meanRet": 0.8583148609508168,
        "maxRet": 0.9012194871902466,
        "minRet": 0.8353658318519592
    },
    "MiniGrid-DoorKey-6x6-custom-diff1": {
        "meanRet": 0.8796791380101984,
        "maxRet": 0.916806697845459,
        "minRet": 0.8563024997711182
    },
    "MiniGrid-DoorKey-8x8-custom-diff1": {
        "meanRet": 0.8434597194194794,
        "maxRet": 0.9104265570640564,
        "minRet": 0.7867298722267151
    },
    "MiniGrid-DoorKey-16x16-custom-diff1": {
        "meanRet": 0.6555502951145172,
        "maxRet": 0.8263905048370361,
        "minRet": 0.4386982321739197
    }
}