{
    "model": "test12x12_100k_3step_4gen_3curric/epoch_19_curric1_gen3",
    "MiniGrid-DoorKey-6x6-custom-diff0.66967792277423": {
        "meanRet": 0.983232364654541,
        "maxRet": 0.9887966513633728,
        "minRet": 0.9775933623313904
    },
    "MiniGrid-DoorKey-8x8-custom-diff0.66967792277423": {
        "meanRet": 0.9733587716306958,
        "maxRet": 0.9869294762611389,
        "minRet": 0.9635891914367676
    },
    "MiniGrid-DoorKey-10x10-custom-diff0.66967792277423": {
        "meanRet": 0.965829873085022,
        "maxRet": 0.980394184589386,
        "minRet": 0.9449170231819153
    },
    "MiniGrid-DoorKey-12x12-custom-diff0.66967792277423": {
        "meanRet": 0.9481286334991456,
        "maxRet": 0.9710580706596375,
        "minRet": 0.9262447953224182
    }
}