{
    "model": "test12x12_75k_3step_3gen_3curric/epoch_8_curric2_gen1",
    "MiniGrid-DoorKey-6x6-custom-diff0.9815023600555897": {
        "meanRet": 0.9881019139289856,
        "maxRet": 0.9917197227478027,
        "minRet": 0.9847133755683899
    },
    "MiniGrid-DoorKey-8x8-custom-diff0.9815023600555897": {
        "meanRet": 0.9817881606243275,
        "maxRet": 0.987261176109314,
        "minRet": 0.977707028388977
    },
    "MiniGrid-DoorKey-10x10-custom-diff0.9815023600555897": {
        "meanRet": 0.9734267544746399,
        "maxRet": 0.9923567175865173,
        "minRet": 0.9630573391914368
    },
    "MiniGrid-DoorKey-12x12-custom-diff0.9815023600555897": {
        "meanRet": 0.9560019603142371,
        "maxRet": 0.9802547693252563,
        "minRet": 0.9401273727416992
    }
}