{
    "model": "test12x12_50k_3step_3gen_3curric/epoch_24_curric1_gen2",
    "MiniGrid-DoorKey-6x6-custom-diff0.6510602224432589": {
        "meanRet": 0.9796234220266342,
        "maxRet": 0.9884738326072693,
        "minRet": 0.9731056690216064
    },
    "MiniGrid-DoorKey-8x8-custom-diff0.6510602224432589": {
        "meanRet": 0.9679573130607605,
        "maxRet": 0.9855923056602478,
        "minRet": 0.9567769765853882
    },
    "MiniGrid-DoorKey-10x10-custom-diff0.6510602224432589": {
        "meanRet": 0.94443806547385,
        "maxRet": 0.9740661978721619,
        "minRet": 0.9164354205131531
    },
    "MiniGrid-DoorKey-12x12-custom-diff0.6510602224432589": {
        "meanRet": 0.91190181016922,
        "maxRet": 0.9654215574264526,
        "minRet": 0.8578441739082336
    }
}