{
    "model": "test12x12_100k_3step_3gen_3curric/epoch_2_curric0_gen1",
    "MiniGrid-DoorKey-6x6-custom-diff1": {
        "meanRet": 0.5974750047922135,
        "maxRet": 0.9731249809265137,
        "minRet": 0.1887499988079071
    },
    "MiniGrid-DoorKey-8x8-custom-diff1": {
        "meanRet": 0.03480468760244548,
        "maxRet": 0.5206249952316284,
        "minRet": 0.0
    },
    "MiniGrid-DoorKey-10x10-custom-diff1": {
        "meanRet": 0.045292969793081284,
        "maxRet": 0.5475000143051147,
        "minRet": 0.0
    },
    "MiniGrid-DoorKey-12x12-custom-diff1": {
        "meanRet": 0.0,
        "maxRet": 0.0,
        "minRet": 0.0
    }
}