{
    "model": "Rhea_Fr2\\epoch_4_curric3_gen3",
    "MiniGrid-DoorKey-5x5-custom-diff1": {
        "meanRet": 0.8891463279724121,
        "maxRet": 0.9012194871902466,
        "minRet": 0.8792682886123657
    },
    "MiniGrid-DoorKey-6x6-custom-diff1": {
        "meanRet": 0.9047058761119843,
        "maxRet": 0.924369752407074,
        "minRet": 0.8789916038513184
    },
    "MiniGrid-DoorKey-8x8-custom-diff1": {
        "meanRet": 0.8822748839855195,
        "maxRet": 0.9018957614898682,
        "minRet": 0.8464455008506775
    },
    "MiniGrid-DoorKey-16x16-custom-diff1": {
        "meanRet": 0.8530177533626556,
        "maxRet": 0.9350295662879944,
        "minRet": 0.7986982464790344
    }
}