{
    "model": "test12x12_100k_3step_4gen_3curric/epoch_12_curric1_gen3",
    "MiniGrid-DoorKey-6x6-custom-diff0.84467792277423": {
        "meanRet": 0.9862116177876791,
        "maxRet": 0.9911184310913086,
        "minRet": 0.9822368621826172
    },
    "MiniGrid-DoorKey-8x8-custom-diff0.84467792277423": {
        "meanRet": 0.9788618493080139,
        "maxRet": 0.9881578683853149,
        "minRet": 0.9740954041481018
    },
    "MiniGrid-DoorKey-10x10-custom-diff0.84467792277423": {
        "meanRet": 0.9690032958984375,
        "maxRet": 0.9903782606124878,
        "minRet": 0.9533717036247253
    },
    "MiniGrid-DoorKey-12x12-custom-diff0.84467792277423": {
        "meanRet": 0.9424769735336304,
        "maxRet": 0.9740954041481018,
        "minRet": 0.9222862124443054
    }
}