{
    "model": "test12x12_75k_3step_3gen_3curric/epoch_15_curric2_gen1",
    "MiniGrid-DoorKey-6x6-custom-diff0.7815023600555896": {
        "meanRet": 0.9836307649429028,
        "maxRet": 0.9904000163078308,
        "minRet": 0.9775999784469604
    },
    "MiniGrid-DoorKey-8x8-custom-diff0.7815023600555896": {
        "meanRet": 0.976543996334076,
        "maxRet": 0.9879999756813049,
        "minRet": 0.9664000272750854
    },
    "MiniGrid-DoorKey-10x10-custom-diff0.7815023600555896": {
        "meanRet": 0.9651259250111051,
        "maxRet": 0.979200005531311,
        "minRet": 0.9495999813079834
    },
    "MiniGrid-DoorKey-12x12-custom-diff0.7815023600555896": {
        "meanRet": 0.9319076904883752,
        "maxRet": 0.9728000164031982,
        "minRet": 0.9088000059127808
    }
}