{
    "model": "test12x12_75k_3step_3gen_3curric/epoch_1_curric2_gen1",
    "MiniGrid-DoorKey-6x6-custom-diff1.0": {
        "meanRet": 0.020468749726812046,
        "maxRet": 0.7099999785423279,
        "minRet": 0.0
    },
    "MiniGrid-DoorKey-8x8-custom-diff1.0": {
        "meanRet": 0.014475911855697632,
        "maxRet": 0.6948437690734863,
        "minRet": 0.0
    },
    "MiniGrid-DoorKey-10x10-custom-diff1.0": {
        "meanRet": 0.0,
        "maxRet": 0.0,
        "minRet": 0.0
    },
    "MiniGrid-DoorKey-12x12-custom-diff1.0": {
        "meanRet": 0.005755208432674408,
        "maxRet": 0.2762500047683716,
        "minRet": 0.0
    }
}