{
    "model": "test12x12_100k_3step_4gen_3curric/epoch_20_curric2_gen3",
    "MiniGrid-DoorKey-6x6-custom-diff0.64467792277423": {
        "meanRet": 0.9807198357582092,
        "maxRet": 0.9883620738983154,
        "minRet": 0.9747844934463501
    },
    "MiniGrid-DoorKey-8x8-custom-diff0.64467792277423": {
        "meanRet": 0.9727672529220581,
        "maxRet": 0.9835129380226135,
        "minRet": 0.9650862216949463
    },
    "MiniGrid-DoorKey-10x10-custom-diff0.64467792277423": {
        "meanRet": 0.9611323109039893,
        "maxRet": 0.9786638021469116,
        "minRet": 0.9427801966667175
    },
    "MiniGrid-DoorKey-12x12-custom-diff0.64467792277423": {
        "meanRet": 0.934206907749176,
        "maxRet": 0.9621767401695251,
        "minRet": 0.9068965315818787
    }
}