{
    "model": "MI_RHEA_PARA_ENV_2_first\\epoch_10_curric0_gen1",
    "MiniGrid-DoorKey-5x5-custom-diff1": {
        "meanRet": 0.8742793798446655,
        "maxRet": 0.9012194871902466,
        "minRet": 0.8573170900344849
    },
    "MiniGrid-DoorKey-6x6-custom-diff1": {
        "meanRet": 0.8734912005337802,
        "maxRet": 0.916806697845459,
        "minRet": 0.8563024997711182
    },
    "MiniGrid-DoorKey-8x8-custom-diff1": {
        "meanRet": 0.8844786783059438,
        "maxRet": 0.9274881482124329,
        "minRet": 0.8549762964248657
    },
    "MiniGrid-DoorKey-16x16-custom-diff1": {
        "meanRet": 0.8280946731567382,
        "maxRet": 0.9179881811141968,
        "minRet": 0.7188165783882141
    }
}