{
    "model": "test12x12_100k_3step_4gen_3curric/epoch_27_curric0_gen4",
    "MiniGrid-DoorKey-6x6-custom-diff0.15": {
        "meanRet": 0.9216666698455811,
        "maxRet": 0.949999988079071,
        "minRet": 0.8999999761581421
    },
    "MiniGrid-DoorKey-8x8-custom-diff0.15": {
        "meanRet": 0.8795000052452088,
        "maxRet": 0.9333333373069763,
        "minRet": 0.8374999761581421
    },
    "MiniGrid-DoorKey-10x10-custom-diff0.15": {
        "meanRet": 0.8233333325386047,
        "maxRet": 0.9125000238418579,
        "minRet": 0.7708333134651184
    },
    "MiniGrid-DoorKey-12x12-custom-diff0.15": {
        "meanRet": 0.7161666655540466,
        "maxRet": 0.8541666865348816,
        "minRet": 0.6083333492279053
    }
}