{
    "model": "Mo_Rhea1\\epoch_1_curric0_gen3",
    "MiniGrid-DoorKey-5x5-custom-diff0": {
        "meanRet": 0.6148000001907349,
        "maxRet": 0.848800003528595,
        "minRet": 0.2655999958515167
    },
    "MiniGrid-DoorKey-6x6-custom-diff0": {
        "meanRet": 0.03117187460884452,
        "maxRet": 0.45249998569488525,
        "minRet": 0.0
    },
    "MiniGrid-DoorKey-8x8-custom-diff0": {
        "meanRet": 0.02083496004343033,
        "maxRet": 0.6667187213897705,
        "minRet": 0.0
    },
    "MiniGrid-DoorKey-16x16-custom-diff0": {
        "meanRet": 0.024251708760857582,
        "maxRet": 0.7760546803474426,
        "minRet": 0.0
    }
}