{
    "model": "test12x12_25k_3step_3gen_3curric/epoch_42_curric1_gen2",
    "MiniGrid-DoorKey-6x6-custom-diff0.3819142875744653": {
        "meanRet": 0.9690491795539856,
        "maxRet": 0.980327844619751,
        "minRet": 0.9590163826942444
    },
    "MiniGrid-DoorKey-8x8-custom-diff0.3819142875744653": {
        "meanRet": 0.9510088264942169,
        "maxRet": 0.9704918265342712,
        "minRet": 0.9393442869186401
    },
    "MiniGrid-DoorKey-10x10-custom-diff0.3819142875744653": {
        "meanRet": 0.9165690903152738,
        "maxRet": 0.9688524603843689,
        "minRet": 0.8901639580726624
    },
    "MiniGrid-DoorKey-12x12-custom-diff0.3819142875744653": {
        "meanRet": 0.8642857096024922,
        "maxRet": 0.9393442869186401,
        "minRet": 0.814754068851471
    }
}