{
    "model": "test12x12_75k_3step_3gen_3curric/epoch_30_curric0_gen2",
    "MiniGrid-DoorKey-6x6-custom-diff0.15": {
        "meanRet": 0.9300000071525574,
        "maxRet": 0.9583333134651184,
        "minRet": 0.9125000238418579
    },
    "MiniGrid-DoorKey-8x8-custom-diff0.15": {
        "meanRet": 0.8830128220411447,
        "maxRet": 0.9541666507720947,
        "minRet": 0.8500000238418579
    },
    "MiniGrid-DoorKey-10x10-custom-diff0.15": {
        "meanRet": 0.8225,
        "maxRet": 0.9458333253860474,
        "minRet": 0.7333333492279053
    },
    "MiniGrid-DoorKey-12x12-custom-diff0.15": {
        "meanRet": 0.7070000028610229,
        "maxRet": 0.8833333253860474,
        "minRet": 0.5666666626930237
    }
}