{
    "model": "test12x12_100k_4step_3gen_3curric/epoch_3_curric2_gen1",
    "MiniGrid-DoorKey-6x6-custom-diff1": {
        "meanRet": 0.756549996137619,
        "maxRet": 0.9781249761581421,
        "minRet": 0.33687499165534973
    },
    "MiniGrid-DoorKey-8x8-custom-diff1": {
        "meanRet": 0.0657031238079071,
        "maxRet": 0.9806249737739563,
        "minRet": 0.0
    },
    "MiniGrid-DoorKey-10x10-custom-diff1": {
        "meanRet": 0.03275390714406967,
        "maxRet": 0.8993750214576721,
        "minRet": 0.0
    },
    "MiniGrid-DoorKey-12x12-custom-diff1": {
        "meanRet": 0.015800781548023224,
        "maxRet": 0.5056250095367432,
        "minRet": 0.0
    }
}