{
    "model": "test12x12_150k_3step_3gen_3curric/epoch_29_curric0_gen2",
    "MiniGrid-DoorKey-6x6-custom-diff0.15": {
        "meanRet": 0.8871913662663212,
        "maxRet": 0.9416666626930237,
        "minRet": 0.8458333611488342
    },
    "MiniGrid-DoorKey-8x8-custom-diff0.15": {
        "meanRet": 0.8436666655540467,
        "maxRet": 0.9208333492279053,
        "minRet": 0.7875000238418579
    },
    "MiniGrid-DoorKey-10x10-custom-diff0.15": {
        "meanRet": 0.7879999947547912,
        "maxRet": 0.9291666746139526,
        "minRet": 0.7041666507720947
    },
    "MiniGrid-DoorKey-12x12-custom-diff0.15": {
        "meanRet": 0.6956666660308838,
        "maxRet": 0.8708333373069763,
        "minRet": 0.5666666626930237
    }
}