{
    "model": "test12x12_100k_3step_4gen_3curric/epoch_22_curric2_gen4",
    "MiniGrid-DoorKey-6x6-custom-diff0.1533065": {
        "meanRet": 0.9159902589661735,
        "maxRet": 0.9509090781211853,
        "minRet": 0.8936363458633423
    },
    "MiniGrid-DoorKey-8x8-custom-diff0.1533065": {
        "meanRet": 0.8560876612152372,
        "maxRet": 0.9304545521736145,
        "minRet": 0.803636372089386
    },
    "MiniGrid-DoorKey-10x10-custom-diff0.1533065": {
        "meanRet": 0.7833454489707947,
        "maxRet": 0.8936363458633423,
        "minRet": 0.6890909075737
    },
    "MiniGrid-DoorKey-12x12-custom-diff0.1533065": {
        "meanRet": 0.6923636341094971,
        "maxRet": 0.8568181991577148,
        "minRet": 0.5581818222999573
    }
}