{
    "model": "new_25k_7step_4gen_3curric/epoch_1_curric0_gen2",
    "MiniGrid-DoorKey-6x6-custom-diff1.0": {
        "meanRet": 0.026822916542490322,
        "maxRet": 0.824999988079071,
        "minRet": 0.0
    },
    "MiniGrid-DoorKey-8x8-custom-diff1.0": {
        "meanRet": 0.0,
        "maxRet": 0.0,
        "minRet": 0.0
    },
    "MiniGrid-DoorKey-10x10-custom-diff1.0": {
        "meanRet": 0.01323958362142245,
        "maxRet": 0.6355000138282776,
        "minRet": 0.0
    },
    "MiniGrid-DoorKey-12x12-custom-diff1.0": {
        "meanRet": 0.00912760446468989,
        "maxRet": 0.43812501430511475,
        "minRet": 0.0
    }
}