{
    "model": "test12x12_150k_3step_3gen_3curric/epoch_22_curric1_gen2",
    "MiniGrid-DoorKey-6x6-custom-diff0.15": {
        "meanRet": 0.9253333377838134,
        "maxRet": 0.949999988079071,
        "minRet": 0.8999999761581421
    },
    "MiniGrid-DoorKey-8x8-custom-diff0.15": {
        "meanRet": 0.8668333315849304,
        "maxRet": 0.9208333492279053,
        "minRet": 0.8291666507720947
    },
    "MiniGrid-DoorKey-10x10-custom-diff0.15": {
        "meanRet": 0.8152243655461532,
        "maxRet": 0.9208333492279053,
        "minRet": 0.7208333611488342
    },
    "MiniGrid-DoorKey-12x12-custom-diff0.15": {
        "meanRet": 0.7105000042915344,
        "maxRet": 0.8500000238418579,
        "minRet": 0.5458333492279053
    }
}