{
    "model": "test12x12_25k_3step_3gen_3curric/epoch_15_curric2_gen2",
    "MiniGrid-DoorKey-6x6-custom-diff1": {
        "meanRet": 0.9871000027656556,
        "maxRet": 0.9925000071525574,
        "minRet": 0.981249988079071
    },
    "MiniGrid-DoorKey-8x8-custom-diff1": {
        "meanRet": 0.9783249998092651,
        "maxRet": 0.9900000095367432,
        "minRet": 0.9706249833106995
    },
    "MiniGrid-DoorKey-10x10-custom-diff1": {
        "meanRet": 0.9633101843021534,
        "maxRet": 0.9831249713897705,
        "minRet": 0.949999988079071
    },
    "MiniGrid-DoorKey-12x12-custom-diff1": {
        "meanRet": 0.9523499965667724,
        "maxRet": 0.9800000190734863,
        "minRet": 0.9206249713897705
    }
}