{
    "model": "test12x12_75k_3step_3gen_3curric/epoch_34_curric1_gen3",
    "MiniGrid-DoorKey-6x6-custom-diff0.15": {
        "meanRet": 0.9214506149291992,
        "maxRet": 0.9583333134651184,
        "minRet": 0.8916666507720947
    },
    "MiniGrid-DoorKey-8x8-custom-diff0.15": {
        "meanRet": 0.8677083275147847,
        "maxRet": 0.925000011920929,
        "minRet": 0.824999988079071
    },
    "MiniGrid-DoorKey-10x10-custom-diff0.15": {
        "meanRet": 0.8261217979284433,
        "maxRet": 0.925000011920929,
        "minRet": 0.737500011920929
    },
    "MiniGrid-DoorKey-12x12-custom-diff0.15": {
        "meanRet": 0.7014999961853028,
        "maxRet": 0.8541666865348816,
        "minRet": 0.5583333373069763
    }
}