{
    "model": "test12x12_100k_3step_3gen_3curric/epoch_22_curric2_gen2",
    "MiniGrid-DoorKey-6x6-custom-diff0.1748105000000001": {
        "meanRet": 0.9206852555274964,
        "maxRet": 0.9462151527404785,
        "minRet": 0.8960159420967102
    },
    "MiniGrid-DoorKey-8x8-custom-diff0.1748105000000001": {
        "meanRet": 0.8782310724258423,
        "maxRet": 0.9390438199043274,
        "minRet": 0.8207171559333801
    },
    "MiniGrid-DoorKey-10x10-custom-diff0.1748105000000001": {
        "meanRet": 0.8565737080574035,
        "maxRet": 0.9426294565200806,
        "minRet": 0.7812749147415161
    },
    "MiniGrid-DoorKey-12x12-custom-diff0.1748105000000001": {
        "meanRet": 0.7647808814048767,
        "maxRet": 0.8745020031929016,
        "minRet": 0.5733067989349365
    }
}