{
    "model": "test12x12_50k_3step_3gen_3curric/epoch_16_curric0_gen1",
    "MiniGrid-DoorKey-6x6-custom-diff0.8510602224432589": {
        "meanRet": 0.9866873455047608,
        "maxRet": 0.9911836981773376,
        "minRet": 0.9823673367500305
    },
    "MiniGrid-DoorKey-8x8-custom-diff0.8510602224432589": {
        "meanRet": 0.9787503916483659,
        "maxRet": 0.9875102043151855,
        "minRet": 0.9735510349273682
    },
    "MiniGrid-DoorKey-10x10-custom-diff0.8510602224432589": {
        "meanRet": 0.9715447402917422,
        "maxRet": 0.9911836981773376,
        "minRet": 0.9603265523910522
    },
    "MiniGrid-DoorKey-12x12-custom-diff0.8510602224432589": {
        "meanRet": 0.9549779534339905,
        "maxRet": 0.976489782333374,
        "minRet": 0.9368163347244263
    }
}