{
    "model": "test12x12_100k_3step_4gen_3curric/epoch_21_curric2_gen4",
    "MiniGrid-DoorKey-6x6-custom-diff0.20553": {
        "meanRet": 0.9462581483217386,
        "maxRet": 0.9633898138999939,
        "minRet": 0.9328813552856445
    },
    "MiniGrid-DoorKey-8x8-custom-diff0.20553": {
        "meanRet": 0.9144589327848874,
        "maxRet": 0.9481356143951416,
        "minRet": 0.8932203650474548
    },
    "MiniGrid-DoorKey-10x10-custom-diff0.20553": {
        "meanRet": 0.8888271141052246,
        "maxRet": 0.9542372822761536,
        "minRet": 0.84440678358078
    },
    "MiniGrid-DoorKey-12x12-custom-diff0.20553": {
        "meanRet": 0.8110915207862854,
        "maxRet": 0.9084745645523071,
        "minRet": 0.7406779527664185
    }
}