{
    "model": "DO_11_05_RHEA_PARA_ENV_1\\epoch_7_curric2_gen2",
    "MiniGrid-DoorKey-5x5-custom-diff2": {
        "meanRet": 0.6668831164186652,
        "maxRet": 0.7107142806053162,
        "minRet": 0.6464285850524902
    },
    "MiniGrid-DoorKey-6x6-custom-diff2": {
        "meanRet": 0.6175000017339533,
        "maxRet": 0.7300000190734863,
        "minRet": 0.550000011920929
    },
    "MiniGrid-DoorKey-8x8-custom-diff2": {
        "meanRet": 0.5538571536540985,
        "maxRet": 0.7171428799629211,
        "minRet": 0.4342857003211975
    },
    "MiniGrid-DoorKey-16x16-custom-diff2": {
        "meanRet": 0.049368349835276604,
        "maxRet": 0.7319148778915405,
        "minRet": 0.0
    }
}