{
    "model": "test12x12_100k_3step_3gen_3curric/epoch_27_curric0_gen3",
    "MiniGrid-DoorKey-6x6-custom-diff0.15": {
        "meanRet": 0.9123397469520569,
        "maxRet": 0.9375,
        "minRet": 0.8916666507720947
    },
    "MiniGrid-DoorKey-8x8-custom-diff0.15": {
        "meanRet": 0.8525,
        "maxRet": 0.9291666746139526,
        "minRet": 0.7749999761581421
    },
    "MiniGrid-DoorKey-10x10-custom-diff0.15": {
        "meanRet": 0.7750000023841858,
        "maxRet": 0.9291666746139526,
        "minRet": 0.6291666626930237
    },
    "MiniGrid-DoorKey-12x12-custom-diff0.15": {
        "meanRet": 0.5934999990463257,
        "maxRet": 0.8374999761581421,
        "minRet": 0.3166666626930237
    }
}