{
    "model": "test12x12_100k_3step_3gen_3curric/epoch_23_curric2_gen1",
    "MiniGrid-DoorKey-6x6-custom-diff0.15": {
        "meanRet": 0.9061666703224183,
        "maxRet": 0.9458333253860474,
        "minRet": 0.8708333373069763
    },
    "MiniGrid-DoorKey-8x8-custom-diff0.15": {
        "meanRet": 0.8516975265962107,
        "maxRet": 0.9291666746139526,
        "minRet": 0.7583333253860474
    },
    "MiniGrid-DoorKey-10x10-custom-diff0.15": {
        "meanRet": 0.8285000014305115,
        "maxRet": 0.9208333492279053,
        "minRet": 0.7458333373069763
    },
    "MiniGrid-DoorKey-12x12-custom-diff0.15": {
        "meanRet": 0.707833331823349,
        "maxRet": 0.8541666865348816,
        "minRet": 0.47083333134651184
    }
}