{
    "model": "test12x12_50k_3step_3gen_3curric/epoch_11_curric0_gen1",
    "MiniGrid-DoorKey-6x6-custom-diff0.9760602224432589": {
        "meanRet": 0.9877342868734289,
        "maxRet": 0.9923131465911865,
        "minRet": 0.9833452105522156
    },
    "MiniGrid-DoorKey-8x8-custom-diff0.9760602224432589": {
        "meanRet": 0.9810647773742676,
        "maxRet": 0.9884697794914246,
        "minRet": 0.9737366437911987
    },
    "MiniGrid-DoorKey-10x10-custom-diff0.9760602224432589": {
        "meanRet": 0.9703288292884826,
        "maxRet": 0.9827046394348145,
        "minRet": 0.9596441388130188
    },
    "MiniGrid-DoorKey-12x12-custom-diff0.9760602224432589": {
        "meanRet": 0.9544427037239075,
        "maxRet": 0.98014235496521,
        "minRet": 0.930818498134613
    }
}