{
    "model": "test12x12_25k_3step_3gen_3curric/epoch_34_curric0_gen1",
    "MiniGrid-DoorKey-6x6-custom-diff0.5819142875744653": {
        "meanRet": 0.9796526248638446,
        "maxRet": 0.9870967864990234,
        "minRet": 0.9741935729980469
    },
    "MiniGrid-DoorKey-8x8-custom-diff0.5819142875744653": {
        "meanRet": 0.9701935529708863,
        "maxRet": 0.9838709831237793,
        "minRet": 0.9645161032676697
    },
    "MiniGrid-DoorKey-10x10-custom-diff0.5819142875744653": {
        "meanRet": 0.9564731049537659,
        "maxRet": 0.9741935729980469,
        "minRet": 0.9419354796409607
    },
    "MiniGrid-DoorKey-12x12-custom-diff0.5819142875744653": {
        "meanRet": 0.9264946222305298,
        "maxRet": 0.9655913710594177,
        "minRet": 0.8946236371994019
    }
}