{
    "model": "test12x12_25k_3step_3gen_3curric/epoch_17_curric1_gen2",
    "MiniGrid-DoorKey-6x6-custom-diff1": {
        "meanRet": 0.9876201978096595,
        "maxRet": 0.9912499785423279,
        "minRet": 0.9837499856948853
    },
    "MiniGrid-DoorKey-8x8-custom-diff1": {
        "meanRet": 0.9821499943733215,
        "maxRet": 0.987500011920929,
        "minRet": 0.9762499928474426
    },
    "MiniGrid-DoorKey-10x10-custom-diff1": {
        "meanRet": 0.9734999990463257,
        "maxRet": 0.987500011920929,
        "minRet": 0.9618750214576721
    },
    "MiniGrid-DoorKey-12x12-custom-diff1": {
        "meanRet": 0.9608249974250793,
        "maxRet": 0.981249988079071,
        "minRet": 0.9424999952316284
    }
}