{
    "model": "SO_RHEA_2PARA_5GEN_14May\\epoch_9_curric2_gen5",
    "MiniGrid-DoorKey-5x5-custom-diff2": {
        "meanRet": 0.7107142806053162,
        "maxRet": 0.7428571581840515,
        "minRet": 0.6785714030265808
    },
    "MiniGrid-DoorKey-6x6-custom-diff2": {
        "meanRet": 0.7209999918937683,
        "maxRet": 0.8199999928474426,
        "minRet": 0.6399999856948853
    },
    "MiniGrid-DoorKey-8x8-custom-diff2": {
        "meanRet": 0.700428569316864,
        "maxRet": 0.7942857146263123,
        "minRet": 0.5885714292526245
    },
    "MiniGrid-DoorKey-16x16-custom-diff2": {
        "meanRet": 0.10246010543778539,
        "maxRet": 0.7542552947998047,
        "minRet": 0.0
    }
}