{
    "model": "test12x12_100k_3step_4gen_3curric/epoch_8_curric0_gen2",
    "MiniGrid-DoorKey-6x6-custom-diff0.94467792277423": {
        "meanRet": 0.9873735237121583,
        "maxRet": 0.9920588135719299,
        "minRet": 0.9827941060066223
    },
    "MiniGrid-DoorKey-8x8-custom-diff0.94467792277423": {
        "meanRet": 0.980120587348938,
        "maxRet": 0.9887499809265137,
        "minRet": 0.9741911888122559
    },
    "MiniGrid-DoorKey-10x10-custom-diff0.94467792277423": {
        "meanRet": 0.9739794158935546,
        "maxRet": 0.984779417514801,
        "minRet": 0.9655882120132446
    },
    "MiniGrid-DoorKey-12x12-custom-diff0.94467792277423": {
        "meanRet": 0.9595264673233033,
        "maxRet": 0.9775000214576721,
        "minRet": 0.9404411911964417
    }
}