{
    "model": "test12x12_100k_3step_4gen_3curric/epoch_30_curric2_gen4",
    "MiniGrid-DoorKey-6x6-custom-diff0.15": {
        "meanRet": 0.9244047658784049,
        "maxRet": 0.949999988079071,
        "minRet": 0.8999999761581421
    },
    "MiniGrid-DoorKey-8x8-custom-diff0.15": {
        "meanRet": 0.8825320440989274,
        "maxRet": 0.925000011920929,
        "minRet": 0.8333333134651184
    },
    "MiniGrid-DoorKey-10x10-custom-diff0.15": {
        "meanRet": 0.8333333301544189,
        "maxRet": 0.9416666626930237,
        "minRet": 0.7666666507720947
    },
    "MiniGrid-DoorKey-12x12-custom-diff0.15": {
        "meanRet": 0.7261666679382324,
        "maxRet": 0.8583333492279053,
        "minRet": 0.5874999761581421
    }
}