{
    "model": "Rhea_mi1\\epoch_4_curric2_gen1",
    "MiniGrid-DoorKey-5x5-custom": {
        "meanRet": 0.9082000255584717,
        "maxRet": 0.9190000295639038,
        "minRet": 0.8920000195503235
    },
    "MiniGrid-DoorKey-6x6-custom": {
        "meanRet": 0.8884000182151794,
        "maxRet": 0.9136000275611877,
        "minRet": 0.8632000088691711
    },
    "MiniGrid-DoorKey-8x8-custom": {
        "meanRet": 0.8492500007152557,
        "maxRet": 0.9100000262260437,
        "minRet": 0.815500020980835
    },
    "MiniGrid-DoorKey-16x16-custom": {
        "meanRet": 0.024562500417232513,
        "maxRet": 0.4390000104904175,
        "minRet": 0.0
    }
}