{
    "model": "Mo_Rhea1\\epoch_2_curric1_gen1",
    "MiniGrid-DoorKey-5x5-custom-diff2": {
        "meanRet": 0.6785714278618494,
        "maxRet": 0.7428571581840515,
        "minRet": 0.6464285850524902
    },
    "MiniGrid-DoorKey-6x6-custom-diff2": {
        "meanRet": 0.6962500015894572,
        "maxRet": 0.7749999761581421,
        "minRet": 0.6399999856948853
    },
    "MiniGrid-DoorKey-8x8-custom-diff2": {
        "meanRet": 0.5872857093811035,
        "maxRet": 0.691428542137146,
        "minRet": 0.4471428692340851
    },
    "MiniGrid-DoorKey-16x16-custom-diff2": {
        "meanRet": 0.012699468061327934,
        "maxRet": 0.4063829779624939,
        "minRet": 0.0
    }
}