{
    "model": "test12x12_75k_3step_3gen_3curric/epoch_35_curric0_gen3",
    "MiniGrid-DoorKey-6x6-custom-diff0.15": {
        "meanRet": 0.9248333358764649,
        "maxRet": 0.9583333134651184,
        "minRet": 0.8999999761581421
    },
    "MiniGrid-DoorKey-8x8-custom-diff0.15": {
        "meanRet": 0.8833333322635064,
        "maxRet": 0.9208333492279053,
        "minRet": 0.8541666865348816
    },
    "MiniGrid-DoorKey-10x10-custom-diff0.15": {
        "meanRet": 0.8161666584014893,
        "maxRet": 0.9458333253860474,
        "minRet": 0.737500011920929
    },
    "MiniGrid-DoorKey-12x12-custom-diff0.15": {
        "meanRet": 0.7253333353996276,
        "maxRet": 0.875,
        "minRet": 0.5541666746139526
    }
}