{
    "model": "test12x12_75k_3step_3gen_3curric/epoch_2_curric2_gen1",
    "MiniGrid-DoorKey-6x6-custom-diff1": {
        "meanRet": 0.7635749983787536,
        "maxRet": 0.9806249737739563,
        "minRet": 0.5249999761581421
    },
    "MiniGrid-DoorKey-8x8-custom-diff1": {
        "meanRet": 0.07037760503590107,
        "maxRet": 0.6806250214576721,
        "minRet": 0.0
    },
    "MiniGrid-DoorKey-10x10-custom-diff1": {
        "meanRet": 0.03277343697845936,
        "maxRet": 0.7287499904632568,
        "minRet": 0.0
    },
    "MiniGrid-DoorKey-12x12-custom-diff1": {
        "meanRet": 0.011276041467984518,
        "maxRet": 0.5412499904632568,
        "minRet": 0.0
    }
}