{
    "model": "test12x12_75k_3step_3gen_3curric/epoch_45_curric2_gen1",
    "MiniGrid-DoorKey-6x6-custom-diff0.15": {
        "meanRet": 0.9182098772790697,
        "maxRet": 0.949999988079071,
        "minRet": 0.8958333134651184
    },
    "MiniGrid-DoorKey-8x8-custom-diff0.15": {
        "meanRet": 0.8796666646003723,
        "maxRet": 0.925000011920929,
        "minRet": 0.8374999761581421
    },
    "MiniGrid-DoorKey-10x10-custom-diff0.15": {
        "meanRet": 0.8407051288164579,
        "maxRet": 0.9125000238418579,
        "minRet": 0.7791666388511658
    },
    "MiniGrid-DoorKey-12x12-custom-diff0.15": {
        "meanRet": 0.6983974415522355,
        "maxRet": 0.8583333492279053,
        "minRet": 0.5874999761581421
    }
}