{
    "model": "test12x12_50k_3step_3gen_3curric/epoch_36_curric1_gen2",
    "MiniGrid-DoorKey-6x6-custom-diff0.35106022244325885": {
        "meanRet": 0.9673504829406738,
        "maxRet": 0.9786138534545898,
        "minRet": 0.9572277069091797
    },
    "MiniGrid-DoorKey-8x8-custom-diff0.35106022244325885": {
        "meanRet": 0.9421148300170898,
        "maxRet": 0.969702959060669,
        "minRet": 0.9233663082122803
    },
    "MiniGrid-DoorKey-10x10-custom-diff0.35106022244325885": {
        "meanRet": 0.9178059387207032,
        "maxRet": 0.9679207801818848,
        "minRet": 0.8823762536048889
    },
    "MiniGrid-DoorKey-12x12-custom-diff0.35106022244325885": {
        "meanRet": 0.8798099088668824,
        "maxRet": 0.9518811702728271,
        "minRet": 0.823564350605011
    }
}