{
    "model": "test12x12_100k_3step_4gen_3curric/epoch_30_curric2_gen3",
    "MiniGrid-DoorKey-6x6-custom-diff0.15": {
        "meanRet": 0.9263333392143249,
        "maxRet": 0.949999988079071,
        "minRet": 0.8999999761581421
    },
    "MiniGrid-DoorKey-8x8-custom-diff0.15": {
        "meanRet": 0.8771666622161866,
        "maxRet": 0.9375,
        "minRet": 0.8291666507720947
    },
    "MiniGrid-DoorKey-10x10-custom-diff0.15": {
        "meanRet": 0.8051666641235351,
        "maxRet": 0.9333333373069763,
        "minRet": 0.7124999761581421
    },
    "MiniGrid-DoorKey-12x12-custom-diff0.15": {
        "meanRet": 0.6564999973773956,
        "maxRet": 0.8333333134651184,
        "minRet": 0.4833333194255829
    }
}