{
    "model": "test12x12_75k_3step_3gen_3curric/epoch_38_curric2_gen2",
    "MiniGrid-DoorKey-6x6-custom-diff0.15": {
        "meanRet": 0.9191666746139526,
        "maxRet": 0.9458333253860474,
        "minRet": 0.8999999761581421
    },
    "MiniGrid-DoorKey-8x8-custom-diff0.15": {
        "meanRet": 0.8673333287239074,
        "maxRet": 0.9208333492279053,
        "minRet": 0.8291666507720947
    },
    "MiniGrid-DoorKey-10x10-custom-diff0.15": {
        "meanRet": 0.8345000004768371,
        "maxRet": 0.9166666865348816,
        "minRet": 0.7458333373069763
    },
    "MiniGrid-DoorKey-12x12-custom-diff0.15": {
        "meanRet": 0.6974358948377463,
        "maxRet": 0.8583333492279053,
        "minRet": 0.5666666626930237
    }
}