{
    "model": "test12x12_100k_4step_3gen_3curric/epoch_7_curric1_gen3",
    "MiniGrid-DoorKey-6x6-custom-diff0.9470715046045372": {
        "meanRet": 0.9880087995529174,
        "maxRet": 0.9914159774780273,
        "minRet": 0.9848129153251648
    },
    "MiniGrid-DoorKey-8x8-custom-diff0.9470715046045372": {
        "meanRet": 0.9778400611877441,
        "maxRet": 0.9881144762039185,
        "minRet": 0.9696258306503296
    },
    "MiniGrid-DoorKey-10x10-custom-diff0.9470715046045372": {
        "meanRet": 0.9683316159248352,
        "maxRet": 0.9861335158348083,
        "minRet": 0.950476884841919
    },
    "MiniGrid-DoorKey-12x12-custom-diff0.9470715046045372": {
        "meanRet": 0.9479941344261169,
        "maxRet": 0.9801907539367676,
        "minRet": 0.9286867380142212
    }
}