{
    "model": "test12x12_150k_3step_3gen_3curric/epoch_14_curric1_gen2",
    "MiniGrid-DoorKey-6x6-custom-diff0.7563807381558474": {
        "meanRet": 0.9856528973579407,
        "maxRet": 0.9900826215744019,
        "minRet": 0.9818181991577148
    },
    "MiniGrid-DoorKey-8x8-custom-diff0.7563807381558474": {
        "meanRet": 0.9758493988602249,
        "maxRet": 0.9876033067703247,
        "minRet": 0.9669421315193176
    },
    "MiniGrid-DoorKey-10x10-custom-diff0.7563807381558474": {
        "meanRet": 0.967702476978302,
        "maxRet": 0.984297513961792,
        "minRet": 0.9561983346939087
    },
    "MiniGrid-DoorKey-12x12-custom-diff0.7563807381558474": {
        "meanRet": 0.949190080165863,
        "maxRet": 0.9760330319404602,
        "minRet": 0.9280991554260254
    }
}