{
    "model": "test12x12_25k_3step_3gen_3curric/epoch_42_curric2_gen2",
    "MiniGrid-DoorKey-6x6-custom-diff0.3819142875744653": {
        "meanRet": 0.9626885271072387,
        "maxRet": 0.980327844619751,
        "minRet": 0.9475409984588623
    },
    "MiniGrid-DoorKey-8x8-custom-diff0.3819142875744653": {
        "meanRet": 0.9422586494021945,
        "maxRet": 0.9721311330795288,
        "minRet": 0.922950804233551
    },
    "MiniGrid-DoorKey-10x10-custom-diff0.3819142875744653": {
        "meanRet": 0.9180983591079712,
        "maxRet": 0.9704918265342712,
        "minRet": 0.8770492076873779
    },
    "MiniGrid-DoorKey-12x12-custom-diff0.3819142875744653": {
        "meanRet": 0.8695081996917725,
        "maxRet": 0.9295082092285156,
        "minRet": 0.8032786846160889
    }
}