{
    "model": "test12x12_100k_3step_3gen_3curric/epoch_17_curric0_gen1",
    "MiniGrid-DoorKey-6x6-custom-diff0.7220715046045372": {
        "meanRet": 0.9815762249323038,
        "maxRet": 0.990471601486206,
        "minRet": 0.9766121506690979
    },
    "MiniGrid-DoorKey-8x8-custom-diff0.7220715046045372": {
        "meanRet": 0.9703753638267517,
        "maxRet": 0.9818094372749329,
        "minRet": 0.9566891193389893
    },
    "MiniGrid-DoorKey-10x10-custom-diff0.7220715046045372": {
        "meanRet": 0.9586987495422363,
        "maxRet": 0.9861405491828918,
        "minRet": 0.9272377490997314
    },
    "MiniGrid-DoorKey-12x12-custom-diff0.7220715046045372": {
        "meanRet": 0.9273763251304626,
        "maxRet": 0.9826756715774536,
        "minRet": 0.868334949016571
    }
}