{
    "model": "Rhea_SaRun2\\epoch_5_curric2_gen3",
    "MiniGrid-DoorKey-5x5-custom-diff2": {
        "meanRet": 0.701948041265661,
        "maxRet": 0.7428571581840515,
        "minRet": 0.6785714030265808
    },
    "MiniGrid-DoorKey-6x6-custom-diff2": {
        "meanRet": 0.7299999973990701,
        "maxRet": 0.8199999928474426,
        "minRet": 0.6625000238418579
    },
    "MiniGrid-DoorKey-8x8-custom-diff2": {
        "meanRet": 0.7650649439204823,
        "maxRet": 0.8199999928474426,
        "minRet": 0.7300000190734863
    },
    "MiniGrid-DoorKey-16x16-custom-diff2": {
        "meanRet": 0.6830851018428803,
        "maxRet": 0.8117021322250366,
        "minRet": 0.5755318999290466
    }
}