{
    "model": "test12x12_100k_4step_3gen_3curric/epoch_3_curric1_gen1",
    "MiniGrid-DoorKey-6x6-custom-diff1": {
        "meanRet": 0.7054250013828277,
        "maxRet": 0.9831249713897705,
        "minRet": 0.38749998807907104
    },
    "MiniGrid-DoorKey-8x8-custom-diff1": {
        "meanRet": 0.10785984767205788,
        "maxRet": 0.7637500166893005,
        "minRet": 0.0
    },
    "MiniGrid-DoorKey-10x10-custom-diff1": {
        "meanRet": 0.029609375167638063,
        "maxRet": 0.4962500035762787,
        "minRet": 0.0
    },
    "MiniGrid-DoorKey-12x12-custom-diff1": {
        "meanRet": 0.0,
        "maxRet": 0.0,
        "minRet": 0.0
    }
}