{
    "model": "DO_11_05_RHEA_PARA_ENV_1\\epoch_11_curric3_gen1",
    "MiniGrid-DoorKey-5x5-custom-diff2": {
        "meanRet": 0.7235714316368103,
        "maxRet": 0.7428571581840515,
        "minRet": 0.7107142806053162
    },
    "MiniGrid-DoorKey-6x6-custom-diff2": {
        "meanRet": 0.7248076934080857,
        "maxRet": 0.7975000143051147,
        "minRet": 0.6850000023841858
    },
    "MiniGrid-DoorKey-8x8-custom-diff2": {
        "meanRet": 0.7480000138282776,
        "maxRet": 0.7942857146263123,
        "minRet": 0.7171428799629211
    },
    "MiniGrid-DoorKey-16x16-custom-diff2": {
        "meanRet": 0.8011702179908753,
        "maxRet": 0.8755319118499756,
        "minRet": 0.6202127933502197
    }
}