{
    "model": "test12x12_150k_3step_3gen_3curric/epoch_11_curric0_gen1",
    "MiniGrid-DoorKey-6x6-custom-diff0.8313807381558473": {
        "meanRet": 0.9857721237035898,
        "maxRet": 0.9909774661064148,
        "minRet": 0.981203019618988
    },
    "MiniGrid-DoorKey-8x8-custom-diff0.8313807381558473": {
        "meanRet": 0.9769519888437711,
        "maxRet": 0.9864661693572998,
        "minRet": 0.9684210419654846
    },
    "MiniGrid-DoorKey-10x10-custom-diff0.8313807381558473": {
        "meanRet": 0.9663759398460389,
        "maxRet": 0.9857142567634583,
        "minRet": 0.951127827167511
    },
    "MiniGrid-DoorKey-12x12-custom-diff0.8313807381558473": {
        "meanRet": 0.9342556405067444,
        "maxRet": 0.9661654233932495,
        "minRet": 0.8992481231689453
    }
}