{
    "model": "test12x12_100k_3step_3gen_3curric/epoch_24_curric0_gen1",
    "MiniGrid-DoorKey-6x6-custom-diff0.15": {
        "meanRet": 0.9106666660308838,
        "maxRet": 0.9458333253860474,
        "minRet": 0.887499988079071
    },
    "MiniGrid-DoorKey-8x8-custom-diff0.15": {
        "meanRet": 0.866666669845581,
        "maxRet": 0.9291666746139526,
        "minRet": 0.8041666746139526
    },
    "MiniGrid-DoorKey-10x10-custom-diff0.15": {
        "meanRet": 0.8214999985694885,
        "maxRet": 0.9041666388511658,
        "minRet": 0.7124999761581421
    },
    "MiniGrid-DoorKey-12x12-custom-diff0.15": {
        "meanRet": 0.6763333356380463,
        "maxRet": 0.8708333373069763,
        "minRet": 0.4625000059604645
    }
}