{
    "model": "DO_11_05_RHEA_PARA_ENV_1\\epoch_6_curric3_gen2",
    "MiniGrid-DoorKey-5x5-custom-diff0": {
        "meanRet": 0.9555999835332235,
        "maxRet": 0.9675999879837036,
        "minRet": 0.9495999813079834
    },
    "MiniGrid-DoorKey-6x6-custom-diff0": {
        "meanRet": 0.9611363410949707,
        "maxRet": 0.9674999713897705,
        "minRet": 0.9574999809265137
    },
    "MiniGrid-DoorKey-8x8-custom-diff0": {
        "meanRet": 0.9551406264305115,
        "maxRet": 0.9704687595367432,
        "minRet": 0.9381250143051147
    },
    "MiniGrid-DoorKey-16x16-custom-diff0": {
        "meanRet": 0.13818063541795267,
        "maxRet": 0.8882031440734863,
        "minRet": 0.0
    }
}