{
    "model": "test12x12_75k_3step_3gen_3curric/epoch_47_curric1_gen3",
    "MiniGrid-DoorKey-6x6-custom-diff0.15": {
        "meanRet": 0.9278846245545608,
        "maxRet": 0.949999988079071,
        "minRet": 0.9125000238418579
    },
    "MiniGrid-DoorKey-8x8-custom-diff0.15": {
        "meanRet": 0.867708329643522,
        "maxRet": 0.9416666626930237,
        "minRet": 0.8291666507720947
    },
    "MiniGrid-DoorKey-10x10-custom-diff0.15": {
        "meanRet": 0.8259999966621399,
        "maxRet": 0.9208333492279053,
        "minRet": 0.7708333134651184
    },
    "MiniGrid-DoorKey-12x12-custom-diff0.15": {
        "meanRet": 0.6895000052452087,
        "maxRet": 0.8500000238418579,
        "minRet": 0.5416666865348816
    }
}