{
    "model": "SO_RHEA_2PARA_5GEN_14May\\epoch_8_curric1_gen3",
    "MiniGrid-DoorKey-5x5-custom-diff1": {
        "meanRet": 0.8892461061477661,
        "maxRet": 0.9012194871902466,
        "minRet": 0.8682926893234253
    },
    "MiniGrid-DoorKey-6x6-custom-diff1": {
        "meanRet": 0.8920549912886186,
        "maxRet": 0.924369752407074,
        "minRet": 0.8714285492897034
    },
    "MiniGrid-DoorKey-8x8-custom-diff1": {
        "meanRet": 0.9065876722335815,
        "maxRet": 0.9445497393608093,
        "minRet": 0.8763033151626587
    },
    "MiniGrid-DoorKey-16x16-custom-diff1": {
        "meanRet": 0.8148875713348389,
        "maxRet": 0.9233136177062988,
        "minRet": 0.720946729183197
    }
}