{
    "model": "test12x12_150k_3step_3gen_3curric/epoch_18_curric0_gen1",
    "MiniGrid-DoorKey-6x6-custom-diff0.6563807381558474": {
        "meanRet": 0.9802116354306539,
        "maxRet": 0.9866666793823242,
        "minRet": 0.9752380847930908
    },
    "MiniGrid-DoorKey-8x8-custom-diff0.6563807381558474": {
        "meanRet": 0.9731428575515747,
        "maxRet": 0.9809523820877075,
        "minRet": 0.9685714244842529
    },
    "MiniGrid-DoorKey-10x10-custom-diff0.6563807381558474": {
        "meanRet": 0.9622095251083373,
        "maxRet": 0.9876190423965454,
        "minRet": 0.9495238065719604
    },
    "MiniGrid-DoorKey-12x12-custom-diff0.6563807381558474": {
        "meanRet": 0.9461333274841308,
        "maxRet": 0.9733333587646484,
        "minRet": 0.9247618913650513
    }
}