{
    "model": "Di_Rhea1\\epoch_4_curric2_gen2",
    "MiniGrid-DoorKey-5x5-custom-diff2": {
        "meanRet": 0.7267857193946838,
        "maxRet": 0.7428571581840515,
        "minRet": 0.7107142806053162
    },
    "MiniGrid-DoorKey-6x6-custom-diff2": {
        "meanRet": 0.7337500055631002,
        "maxRet": 0.7975000143051147,
        "minRet": 0.6850000023841858
    },
    "MiniGrid-DoorKey-8x8-custom-diff2": {
        "meanRet": 0.7750000059604645,
        "maxRet": 0.8585714101791382,
        "minRet": 0.7300000190734863
    },
    "MiniGrid-DoorKey-16x16-custom-diff2": {
        "meanRet": 0.6923404335975647,
        "maxRet": 0.8819149136543274,
        "minRet": 0.5276595950126648
    }
}