{
    "model": "test12x12_50k_3step_3gen_3curric/epoch_7_curric0_gen2",
    "MiniGrid-DoorKey-6x6-custom-diff1": {
        "meanRet": 0.9882750034332275,
        "maxRet": 0.9918749928474426,
        "minRet": 0.9856250286102295
    },
    "MiniGrid-DoorKey-8x8-custom-diff1": {
        "meanRet": 0.9793750047683716,
        "maxRet": 0.9900000095367432,
        "minRet": 0.9725000262260437
    },
    "MiniGrid-DoorKey-10x10-custom-diff1": {
        "meanRet": 0.965793272623649,
        "maxRet": 0.984375,
        "minRet": 0.9431250095367432
    },
    "MiniGrid-DoorKey-12x12-custom-diff1": {
        "meanRet": 0.9465000009536744,
        "maxRet": 0.9787499904632568,
        "minRet": 0.9118750095367432
    }
}