{
    "model": "test12x12_50k_3step_3gen_3curric/epoch_37_curric2_gen1",
    "MiniGrid-DoorKey-6x6-custom-diff0.32606022244325883": {
        "meanRet": 0.965237000813851,
        "maxRet": 0.9808102250099182,
        "minRet": 0.9539445638656616
    },
    "MiniGrid-DoorKey-8x8-custom-diff0.32606022244325883": {
        "meanRet": 0.9456545853614807,
        "maxRet": 0.9673774242401123,
        "minRet": 0.9289978742599487
    },
    "MiniGrid-DoorKey-10x10-custom-diff0.32606022244325883": {
        "meanRet": 0.9300724959373474,
        "maxRet": 0.9673774242401123,
        "minRet": 0.9059701561927795
    },
    "MiniGrid-DoorKey-12x12-custom-diff0.32606022244325883": {
        "meanRet": 0.8704307055473328,
        "maxRet": 0.927078902721405,
        "minRet": 0.8196161985397339
    }
}