{
    "model": "test12x12_75k_3step_3gen_3curric/epoch_6_curric2_gen1",
    "MiniGrid-DoorKey-6x6-custom-diff1": {
        "meanRet": 0.9862249946594238,
        "maxRet": 0.9912499785423279,
        "minRet": 0.9831249713897705
    },
    "MiniGrid-DoorKey-8x8-custom-diff1": {
        "meanRet": 0.9794499969482422,
        "maxRet": 0.9887499809265137,
        "minRet": 0.9725000262260437
    },
    "MiniGrid-DoorKey-10x10-custom-diff1": {
        "meanRet": 0.9674759621803577,
        "maxRet": 0.9893749952316284,
        "minRet": 0.9506250023841858
    },
    "MiniGrid-DoorKey-12x12-custom-diff1": {
        "meanRet": 0.9235817377383893,
        "maxRet": 0.9737499952316284,
        "minRet": 0.890625
    }
}