{
    "model": "test12x12_100k_3step_3gen_3curric/epoch_20_curric2_gen2",
    "MiniGrid-DoorKey-6x6-custom-diff0.6470715046045372": {
        "meanRet": 0.9785838150061094,
        "maxRet": 0.9854994416236877,
        "minRet": 0.9709989428520203
    },
    "MiniGrid-DoorKey-8x8-custom-diff0.6470715046045372": {
        "meanRet": 0.9653147196769715,
        "maxRet": 0.9825993776321411,
        "minRet": 0.9516648650169373
    },
    "MiniGrid-DoorKey-10x10-custom-diff0.6470715046045372": {
        "meanRet": 0.9529795908927917,
        "maxRet": 0.9864661693572998,
        "minRet": 0.9226638078689575
    },
    "MiniGrid-DoorKey-12x12-custom-diff0.6470715046045372": {
        "meanRet": 0.9204983830451965,
        "maxRet": 0.9738990068435669,
        "minRet": 0.8772287964820862
    }
}