{
    "model": "test12x12_100k_3step_3gen_3curric/epoch_11_curric1_gen1",
    "MiniGrid-DoorKey-6x6-custom-diff0.8720715046045371": {
        "meanRet": 0.9850730388252823,
        "maxRet": 0.9906772971153259,
        "minRet": 0.9806374311447144
    },
    "MiniGrid-DoorKey-8x8-custom-diff0.8720715046045371": {
        "meanRet": 0.9775107598304749,
        "maxRet": 0.9863744974136353,
        "minRet": 0.9684461951255798
    },
    "MiniGrid-DoorKey-10x10-custom-diff0.8720715046045371": {
        "meanRet": 0.9672877742693975,
        "maxRet": 0.9842231273651123,
        "minRet": 0.9519522190093994
    },
    "MiniGrid-DoorKey-12x12-custom-diff0.8720715046045371": {
        "meanRet": 0.9466454219818116,
        "maxRet": 0.973466157913208,
        "minRet": 0.9103585481643677
    }
}