{
    "model": "test12x12_25k_3step_3gen_3curric/epoch_25_curric2_gen2",
    "MiniGrid-DoorKey-6x6-custom-diff0.8069142875744653": {
        "meanRet": 0.984585567162587,
        "maxRet": 0.9922480583190918,
        "minRet": 0.9790697693824768
    },
    "MiniGrid-DoorKey-8x8-custom-diff0.8069142875744653": {
        "meanRet": 0.9781085228919983,
        "maxRet": 0.987596869468689,
        "minRet": 0.9689922332763672
    },
    "MiniGrid-DoorKey-10x10-custom-diff0.8069142875744653": {
        "meanRet": 0.9644651198387146,
        "maxRet": 0.9798449873924255,
        "minRet": 0.9519379734992981
    },
    "MiniGrid-DoorKey-12x12-custom-diff0.8069142875744653": {
        "meanRet": 0.9486201548576355,
        "maxRet": 0.9759690165519714,
        "minRet": 0.9286821484565735
    }
}