{
    "model": "test12x12_150k_3step_3gen_3curric/epoch_3_curric0_gen2",
    "MiniGrid-DoorKey-6x6-custom-diff1": {
        "meanRet": 0.9865000009536743,
        "maxRet": 0.9925000071525574,
        "minRet": 0.9818750023841858
    },
    "MiniGrid-DoorKey-8x8-custom-diff1": {
        "meanRet": 0.9800721154763148,
        "maxRet": 0.9912499785423279,
        "minRet": 0.9731249809265137
    },
    "MiniGrid-DoorKey-10x10-custom-diff1": {
        "meanRet": 0.9719000005722046,
        "maxRet": 0.9856250286102295,
        "minRet": 0.9612500071525574
    },
    "MiniGrid-DoorKey-12x12-custom-diff1": {
        "meanRet": 0.9566500043869018,
        "maxRet": 0.9831249713897705,
        "minRet": 0.9424999952316284
    }
}