{
    "model": "test12x12_50k_3step_3gen_3curric/epoch_18_curric1_gen3",
    "MiniGrid-DoorKey-6x6-custom-diff0.8010602224432588": {
        "meanRet": 0.9846587547889123,
        "maxRet": 0.9906331300735474,
        "minRet": 0.9812662601470947
    },
    "MiniGrid-DoorKey-8x8-custom-diff0.8010602224432588": {
        "meanRet": 0.9780238889730893,
        "maxRet": 0.9875108599662781,
        "minRet": 0.9742411375045776
    },
    "MiniGrid-DoorKey-10x10-custom-diff0.8010602224432588": {
        "meanRet": 0.9671222925186157,
        "maxRet": 0.9882914423942566,
        "minRet": 0.9531656503677368
    },
    "MiniGrid-DoorKey-12x12-custom-diff0.8010602224432588": {
        "meanRet": 0.9420274908726032,
        "maxRet": 0.9718993902206421,
        "minRet": 0.9180399179458618
    }
}