{
    "model": "test12x12_100k_3step_3gen_3curric/epoch_38_curric1_gen2",
    "MiniGrid-DoorKey-6x6-custom-diff0.15": {
        "meanRet": 0.918333330154419,
        "maxRet": 0.9583333134651184,
        "minRet": 0.8833333253860474
    },
    "MiniGrid-DoorKey-8x8-custom-diff0.15": {
        "meanRet": 0.8623333382606506,
        "maxRet": 0.9291666746139526,
        "minRet": 0.8125
    },
    "MiniGrid-DoorKey-10x10-custom-diff0.15": {
        "meanRet": 0.8169999957084656,
        "maxRet": 0.9125000238418579,
        "minRet": 0.7208333611488342
    },
    "MiniGrid-DoorKey-12x12-custom-diff0.15": {
        "meanRet": 0.6973333287239075,
        "maxRet": 0.8333333134651184,
        "minRet": 0.5
    }
}