{
    "model": "test12x12_100k_4step_3gen_3curric/epoch_18_curric2_gen1",
    "MiniGrid-DoorKey-6x6-custom-diff0.32840899999999995": {
        "meanRet": 0.08678495821853478,
        "maxRet": 0.935169517993927,
        "minRet": 0.0
    },
    "MiniGrid-DoorKey-8x8-custom-diff0.32840899999999995": {
        "meanRet": 0.030754928990286225,
        "maxRet": 0.6911016702651978,
        "minRet": 0.0
    },
    "MiniGrid-DoorKey-10x10-custom-diff0.32840899999999995": {
        "meanRet": 0.0,
        "maxRet": 0.0,
        "minRet": 0.0
    },
    "MiniGrid-DoorKey-12x12-custom-diff0.32840899999999995": {
        "meanRet": 0.0,
        "maxRet": 0.0,
        "minRet": 0.0
    }
}