{
    "model": "test12x12_150k_3step_3gen_3curric/epoch_4_curric2_gen3",
    "MiniGrid-DoorKey-6x6-custom-diff1": {
        "meanRet": 0.9876749968528747,
        "maxRet": 0.9937499761581421,
        "minRet": 0.9837499856948853
    },
    "MiniGrid-DoorKey-8x8-custom-diff1": {
        "meanRet": 0.9829000020027161,
        "maxRet": 0.9893749952316284,
        "minRet": 0.9793750047683716
    },
    "MiniGrid-DoorKey-10x10-custom-diff1": {
        "meanRet": 0.9754749965667725,
        "maxRet": 0.9856250286102295,
        "minRet": 0.965624988079071
    },
    "MiniGrid-DoorKey-12x12-custom-diff1": {
        "meanRet": 0.9604499983787537,
        "maxRet": 0.9800000190734863,
        "minRet": 0.940625011920929
    }
}