{
    "model": "new_25k_7step_4gen_3curric/epoch_5_curric0_gen3",
    "MiniGrid-DoorKey-6x6-custom-diff1": {
        "meanRet": 0.9874249958992004,
        "maxRet": 0.9937499761581421,
        "minRet": 0.9806249737739563
    },
    "MiniGrid-DoorKey-8x8-custom-diff1": {
        "meanRet": 0.9806250023841858,
        "maxRet": 0.9887499809265137,
        "minRet": 0.9725000262260437
    },
    "MiniGrid-DoorKey-10x10-custom-diff1": {
        "meanRet": 0.9692499971389771,
        "maxRet": 0.984375,
        "minRet": 0.9574999809265137
    },
    "MiniGrid-DoorKey-12x12-custom-diff1": {
        "meanRet": 0.9536500024795532,
        "maxRet": 0.9768750071525574,
        "minRet": 0.9331250190734863
    }
}