{
    "model": "test12x12_25k_3step_3gen_3curric/epoch_30_curric1_gen1",
    "MiniGrid-DoorKey-6x6-custom-diff0.6819142875744653": {
        "meanRet": 0.9838390946388245,
        "maxRet": 0.988990843296051,
        "minRet": 0.9779816269874573
    },
    "MiniGrid-DoorKey-8x8-custom-diff0.6819142875744653": {
        "meanRet": 0.975045874118805,
        "maxRet": 0.9862385392189026,
        "minRet": 0.9688073396682739
    },
    "MiniGrid-DoorKey-10x10-custom-diff0.6819142875744653": {
        "meanRet": 0.9661284422874451,
        "maxRet": 0.9752293825149536,
        "minRet": 0.9559633135795593
    },
    "MiniGrid-DoorKey-12x12-custom-diff0.6819142875744653": {
        "meanRet": 0.9445871591567994,
        "maxRet": 0.9688073396682739,
        "minRet": 0.9238532185554504
    }
}