{
    "model": "test12x12_25k_3step_3gen_3curric/epoch_36_curric0_gen2",
    "MiniGrid-DoorKey-6x6-custom-diff0.5319142875744653": {
        "meanRet": 0.9780827826923795,
        "maxRet": 0.9858823418617249,
        "minRet": 0.9717646837234497
    },
    "MiniGrid-DoorKey-8x8-custom-diff0.5319142875744653": {
        "meanRet": 0.9675294160842896,
        "maxRet": 0.981176495552063,
        "minRet": 0.955294132232666
    },
    "MiniGrid-DoorKey-10x10-custom-diff0.5319142875744653": {
        "meanRet": 0.9502714918209956,
        "maxRet": 0.970588207244873,
        "minRet": 0.9376470446586609
    },
    "MiniGrid-DoorKey-12x12-custom-diff0.5319142875744653": {
        "meanRet": 0.9286117625236511,
        "maxRet": 0.9647058844566345,
        "minRet": 0.8882352709770203
    }
}