{
    "model": "test12x12_25k_3step_3gen_3curric/epoch_44_curric2_gen1",
    "MiniGrid-DoorKey-6x6-custom-diff0.3319142875744653": {
        "meanRet": 0.9533381783045255,
        "maxRet": 0.9773585200309753,
        "minRet": 0.9377358555793762
    },
    "MiniGrid-DoorKey-8x8-custom-diff0.3319142875744653": {
        "meanRet": 0.9332075500488282,
        "maxRet": 0.9641509652137756,
        "minRet": 0.9056603908538818
    },
    "MiniGrid-DoorKey-10x10-custom-diff0.3319142875744653": {
        "meanRet": 0.8921509385108948,
        "maxRet": 0.9396226406097412,
        "minRet": 0.850943386554718
    },
    "MiniGrid-DoorKey-12x12-custom-diff0.3319142875744653": {
        "meanRet": 0.8139622712135315,
        "maxRet": 0.9264150857925415,
        "minRet": 0.701886773109436
    }
}