{
    "model": "test12x12_25k_3step_3gen_3curric/epoch_3_curric0_gen2",
    "MiniGrid-DoorKey-6x6-custom-diff1": {
        "meanRet": 0.6419749963283539,
        "maxRet": 0.9831249713897705,
        "minRet": 0.22624999284744263
    },
    "MiniGrid-DoorKey-8x8-custom-diff1": {
        "meanRet": 0.04063802010690173,
        "maxRet": 0.7493749856948853,
        "minRet": 0.0
    },
    "MiniGrid-DoorKey-10x10-custom-diff1": {
        "meanRet": 0.0,
        "maxRet": 0.0,
        "minRet": 0.0
    },
    "MiniGrid-DoorKey-12x12-custom-diff1": {
        "meanRet": 0.0,
        "maxRet": 0.0,
        "minRet": 0.0
    }
}