{
    "model": "DO_11_05_RHEA_PARA_ENV_1\\epoch_4_curric0_gen1",
    "MiniGrid-DoorKey-5x5-custom-diff2": {
        "meanRet": 0.699025961485776,
        "maxRet": 0.7428571581840515,
        "minRet": 0.6785714030265808
    },
    "MiniGrid-DoorKey-6x6-custom-diff2": {
        "meanRet": 0.7197727181694724,
        "maxRet": 0.8199999928474426,
        "minRet": 0.6399999856948853
    },
    "MiniGrid-DoorKey-8x8-custom-diff2": {
        "meanRet": 0.7428571581840515,
        "maxRet": 0.8328571319580078,
        "minRet": 0.704285740852356
    },
    "MiniGrid-DoorKey-16x16-custom-diff2": {
        "meanRet": 0.658829790353775,
        "maxRet": 0.792553186416626,
        "minRet": 0.5627659559249878
    }
}