{
    "model": "test12x12_100k_4step_3gen_3curric/epoch_11_curric2_gen3",
    "MiniGrid-DoorKey-6x6-custom-diff0.6868055": {
        "meanRet": 0.6135465586185456,
        "maxRet": 0.914372444152832,
        "minRet": 0.20293521881103516
    },
    "MiniGrid-DoorKey-8x8-custom-diff0.6868055": {
        "meanRet": 0.03686108315984408,
        "maxRet": 0.6884615421295166,
        "minRet": 0.0
    },
    "MiniGrid-DoorKey-10x10-custom-diff0.6868055": {
        "meanRet": 0.018115300685167313,
        "maxRet": 0.6164979934692383,
        "minRet": 0.0
    },
    "MiniGrid-DoorKey-12x12-custom-diff0.6868055": {
        "meanRet": 0.0,
        "maxRet": 0.0,
        "minRet": 0.0
    }
}