{
    "model": "test12x12_25k_3step_3gen_3curric/epoch_25_curric2_gen1",
    "MiniGrid-DoorKey-6x6-custom-diff0.8069142875744653": {
        "meanRet": 0.9843410801887512,
        "maxRet": 0.9906976819038391,
        "minRet": 0.9790697693824768
    },
    "MiniGrid-DoorKey-8x8-custom-diff0.8069142875744653": {
        "meanRet": 0.9780155038833618,
        "maxRet": 0.987596869468689,
        "minRet": 0.9697674512863159
    },
    "MiniGrid-DoorKey-10x10-custom-diff0.8069142875744653": {
        "meanRet": 0.9647751879692078,
        "maxRet": 0.9798449873924255,
        "minRet": 0.9496123790740967
    },
    "MiniGrid-DoorKey-12x12-custom-diff0.8069142875744653": {
        "meanRet": 0.9317829465866089,
        "maxRet": 0.9720930457115173,
        "minRet": 0.8852713108062744
    }
}