{
    "model": "SO_RHEA_2PARA_5GEN_14May\\epoch_8_curric0_gen5",
    "MiniGrid-DoorKey-5x5-custom-diff1": {
        "meanRet": 0.88585364818573,
        "maxRet": 0.9012194871902466,
        "minRet": 0.8792682886123657
    },
    "MiniGrid-DoorKey-6x6-custom-diff1": {
        "meanRet": 0.8846638600031534,
        "maxRet": 0.916806697845459,
        "minRet": 0.8638655543327332
    },
    "MiniGrid-DoorKey-8x8-custom-diff1": {
        "meanRet": 0.9038345542821017,
        "maxRet": 0.9360189437866211,
        "minRet": 0.8890995383262634
    },
    "MiniGrid-DoorKey-16x16-custom-diff1": {
        "meanRet": 0.7740946650505066,
        "maxRet": 0.9009467363357544,
        "minRet": 0.6506508588790894
    }
}