{
    "model": "test12x12_25k_3step_3gen_3curric/epoch_18_curric0_gen1",
    "MiniGrid-DoorKey-6x6-custom-diff0.9819142875744653": {
        "meanRet": 0.986777081489563,
        "maxRet": 0.9917197227478027,
        "minRet": 0.981528639793396
    },
    "MiniGrid-DoorKey-8x8-custom-diff0.9819142875744653": {
        "meanRet": 0.9807388544082641,
        "maxRet": 0.9910827875137329,
        "minRet": 0.9745222926139832
    },
    "MiniGrid-DoorKey-10x10-custom-diff0.9819142875744653": {
        "meanRet": 0.9717961859703064,
        "maxRet": 0.9859872460365295,
        "minRet": 0.9605095386505127
    },
    "MiniGrid-DoorKey-12x12-custom-diff0.9819142875744653": {
        "meanRet": 0.9422929906845092,
        "maxRet": 0.9681528806686401,
        "minRet": 0.9159235954284668
    }
}