{
    "model": "Rhea_Fr2\\epoch_5_curric1_gen3",
    "MiniGrid-DoorKey-5x5-custom-diff2": {
        "meanRet": 0.6239285707473755,
        "maxRet": 0.7107142806053162,
        "minRet": 0.550000011920929
    },
    "MiniGrid-DoorKey-6x6-custom-diff2": {
        "meanRet": 0.6105769368318411,
        "maxRet": 0.7300000190734863,
        "minRet": 0.550000011920929
    },
    "MiniGrid-DoorKey-8x8-custom-diff2": {
        "meanRet": 0.6348571360111237,
        "maxRet": 0.7942857146263123,
        "minRet": 0.5757142901420593
    },
    "MiniGrid-DoorKey-16x16-custom-diff2": {
        "meanRet": 0.46957446485757826,
        "maxRet": 0.6297872066497803,
        "minRet": 0.20531915128231049
    }
}