{
    "model": "test12x12_100k_3step_4gen_3curric/epoch_6_curric1_gen2",
    "MiniGrid-DoorKey-6x6-custom-diff0.99467792277423": {
        "meanRet": 0.9879239925316402,
        "maxRet": 0.9924581050872803,
        "minRet": 0.9849162101745605
    },
    "MiniGrid-DoorKey-8x8-custom-diff0.99467792277423": {
        "meanRet": 0.9822765350341797,
        "maxRet": 0.9880586862564087,
        "minRet": 0.9761173129081726
    },
    "MiniGrid-DoorKey-10x10-custom-diff0.99467792277423": {
        "meanRet": 0.9742560111559354,
        "maxRet": 0.9880586862564087,
        "minRet": 0.9629189968109131
    },
    "MiniGrid-DoorKey-12x12-custom-diff0.99467792277423": {
        "meanRet": 0.958972065448761,
        "maxRet": 0.9786312580108643,
        "minRet": 0.9371508359909058
    }
}