{
    "model": "test12x12_50k_3step_3gen_3curric/epoch_10_curric2_gen1",
    "MiniGrid-DoorKey-6x6-custom-diff1": {
        "meanRet": 0.9837268502623947,
        "maxRet": 0.9906250238418579,
        "minRet": 0.9781249761581421
    },
    "MiniGrid-DoorKey-8x8-custom-diff1": {
        "meanRet": 0.9746394226184258,
        "maxRet": 0.9831249713897705,
        "minRet": 0.9674999713897705
    },
    "MiniGrid-DoorKey-10x10-custom-diff1": {
        "meanRet": 0.965074999332428,
        "maxRet": 0.9837499856948853,
        "minRet": 0.9456250071525574
    },
    "MiniGrid-DoorKey-12x12-custom-diff1": {
        "meanRet": 0.9306000018119812,
        "maxRet": 0.9862499833106995,
        "minRet": 0.8931249976158142
    }
}