{
    "model": "test12x12_25k_3step_3gen_3curric/epoch_40_curric2_gen1",
    "MiniGrid-DoorKey-6x6-custom-diff0.43191428757446526": {
        "meanRet": 0.9750836147711828,
        "maxRet": 0.9840579628944397,
        "minRet": 0.969565212726593
    },
    "MiniGrid-DoorKey-8x8-custom-diff0.43191428757446526": {
        "meanRet": 0.9594760284974024,
        "maxRet": 0.9840579628944397,
        "minRet": 0.9492753744125366
    },
    "MiniGrid-DoorKey-10x10-custom-diff0.43191428757446526": {
        "meanRet": 0.9448695683479309,
        "maxRet": 0.97826087474823,
        "minRet": 0.9231883883476257
    },
    "MiniGrid-DoorKey-12x12-custom-diff0.43191428757446526": {
        "meanRet": 0.9070724606513977,
        "maxRet": 0.9550724625587463,
        "minRet": 0.856521725654602
    }
}