{
    "model": "test12x12_100k_4step_3gen_3curric/epoch_6_curric0_gen3",
    "MiniGrid-DoorKey-6x6-custom-diff0.9720715046045372": {
        "meanRet": 0.9878799223899841,
        "maxRet": 0.9929234981536865,
        "minRet": 0.9839170575141907
    },
    "MiniGrid-DoorKey-8x8-custom-diff0.9720715046045372": {
        "meanRet": 0.9813952803611755,
        "maxRet": 0.988420307636261,
        "minRet": 0.9761973023414612
    },
    "MiniGrid-DoorKey-10x10-custom-diff0.9720715046045372": {
        "meanRet": 0.9749106526374817,
        "maxRet": 0.9858470559120178,
        "minRet": 0.9614009857177734
    },
    "MiniGrid-DoorKey-12x12-custom-diff0.9720715046045372": {
        "meanRet": 0.9470679044723511,
        "maxRet": 0.9807004928588867,
        "minRet": 0.9170121550559998
    }
}