{
    "model": "test12x12_100k_3step_3gen_3curric/epoch_29_curric2_gen1",
    "MiniGrid-DoorKey-6x6-custom-diff0.15": {
        "meanRet": 0.9083333382239709,
        "maxRet": 0.9458333253860474,
        "minRet": 0.8583333492279053
    },
    "MiniGrid-DoorKey-8x8-custom-diff0.15": {
        "meanRet": 0.8641666650772095,
        "maxRet": 0.9125000238418579,
        "minRet": 0.8083333373069763
    },
    "MiniGrid-DoorKey-10x10-custom-diff0.15": {
        "meanRet": 0.8123333287239075,
        "maxRet": 0.9416666626930237,
        "minRet": 0.7166666388511658
    },
    "MiniGrid-DoorKey-12x12-custom-diff0.15": {
        "meanRet": 0.7085000038146972,
        "maxRet": 0.8958333134651184,
        "minRet": 0.5083333253860474
    }
}