{
    "model": "test12x12_150k_3step_3gen_3curric/epoch_32_curric2_gen1",
    "MiniGrid-DoorKey-6x6-custom-diff0.15": {
        "meanRet": 0.9158333373069764,
        "maxRet": 0.9416666626930237,
        "minRet": 0.887499988079071
    },
    "MiniGrid-DoorKey-8x8-custom-diff0.15": {
        "meanRet": 0.8705128179146693,
        "maxRet": 0.9333333373069763,
        "minRet": 0.8333333134651184
    },
    "MiniGrid-DoorKey-10x10-custom-diff0.15": {
        "meanRet": 0.8161666679382324,
        "maxRet": 0.925000011920929,
        "minRet": 0.7416666746139526
    },
    "MiniGrid-DoorKey-12x12-custom-diff0.15": {
        "meanRet": 0.7478333353996277,
        "maxRet": 0.875,
        "minRet": 0.6416666507720947
    }
}