{
    "model": "test12x12_50k_3step_3gen_3curric/epoch_35_curric0_gen1",
    "MiniGrid-DoorKey-6x6-custom-diff0.3760602224432589": {
        "meanRet": 0.9622698760032654,
        "maxRet": 0.97670978307724,
        "minRet": 0.95341956615448
    },
    "MiniGrid-DoorKey-8x8-custom-diff0.3760602224432589": {
        "meanRet": 0.947829942703247,
        "maxRet": 0.9717190265655518,
        "minRet": 0.9301294088363647
    },
    "MiniGrid-DoorKey-10x10-custom-diff0.3760602224432589": {
        "meanRet": 0.9287985229492187,
        "maxRet": 0.9600739479064941,
        "minRet": 0.9101663827896118
    },
    "MiniGrid-DoorKey-12x12-custom-diff0.3760602224432589": {
        "meanRet": 0.8897554507622352,
        "maxRet": 0.9451016783714294,
        "minRet": 0.8369686007499695
    }
}