{
    "model": "test12x12_75k_3step_3gen_3curric/epoch_28_curric1_gen2",
    "MiniGrid-DoorKey-6x6-custom-diff0.45650236005558964": {
        "meanRet": 0.9753424668312073,
        "maxRet": 0.983561635017395,
        "minRet": 0.965753436088562
    },
    "MiniGrid-DoorKey-8x8-custom-diff0.45650236005558964": {
        "meanRet": 0.9517260265350341,
        "maxRet": 0.9726027250289917,
        "minRet": 0.9383561611175537
    },
    "MiniGrid-DoorKey-10x10-custom-diff0.45650236005558964": {
        "meanRet": 0.9372054767608643,
        "maxRet": 0.9643835425376892,
        "minRet": 0.9027397036552429
    },
    "MiniGrid-DoorKey-12x12-custom-diff0.45650236005558964": {
        "meanRet": 0.8842992622118729,
        "maxRet": 0.96712327003479,
        "minRet": 0.8287671208381653
    }
}