{
    "model": "SO_RHEA_2PARA_5GEN_14May\\epoch_2_curric2_gen3",
    "MiniGrid-DoorKey-5x5-custom-diff2": {
        "meanRet": 0.6978571295738221,
        "maxRet": 0.7107142806053162,
        "minRet": 0.6785714030265808
    },
    "MiniGrid-DoorKey-6x6-custom-diff2": {
        "meanRet": 0.7115909023718401,
        "maxRet": 0.8199999928474426,
        "minRet": 0.6399999856948853
    },
    "MiniGrid-DoorKey-8x8-custom-diff2": {
        "meanRet": 0.7120000004768372,
        "maxRet": 0.8199999928474426,
        "minRet": 0.6657142639160156
    },
    "MiniGrid-DoorKey-16x16-custom-diff2": {
        "meanRet": 0.4967021316289902,
        "maxRet": 0.7127659320831299,
        "minRet": 0.2563829720020294
    }
}