{
    "model": "test12x12_25k_3step_3gen_3curric/epoch_15_curric0_gen3",
    "MiniGrid-DoorKey-6x6-custom-diff1": {
        "meanRet": 0.9868055515819125,
        "maxRet": 0.9918749928474426,
        "minRet": 0.9831249713897705
    },
    "MiniGrid-DoorKey-8x8-custom-diff1": {
        "meanRet": 0.9812750029563904,
        "maxRet": 0.9881250262260437,
        "minRet": 0.9775000214576721
    },
    "MiniGrid-DoorKey-10x10-custom-diff1": {
        "meanRet": 0.9709999966621399,
        "maxRet": 0.9793750047683716,
        "minRet": 0.9574999809265137
    },
    "MiniGrid-DoorKey-12x12-custom-diff1": {
        "meanRet": 0.9568749976158142,
        "maxRet": 0.9768750071525574,
        "minRet": 0.9318749904632568
    }
}