{
    "model": "test12x12_100k_3step_3gen_3curric/epoch_3_curric1_gen3",
    "MiniGrid-DoorKey-6x6-custom-diff1": {
        "meanRet": 0.7402249979972839,
        "maxRet": 0.9831249713897705,
        "minRet": 0.43187499046325684
    },
    "MiniGrid-DoorKey-8x8-custom-diff1": {
        "meanRet": 0.06205078074708581,
        "maxRet": 0.8012499809265137,
        "minRet": 0.0
    },
    "MiniGrid-DoorKey-10x10-custom-diff1": {
        "meanRet": 0.0286523443646729,
        "maxRet": 0.7012500166893005,
        "minRet": 0.0
    },
    "MiniGrid-DoorKey-12x12-custom-diff1": {
        "meanRet": 0.009941406548023224,
        "maxRet": 0.31812500953674316,
        "minRet": 0.0
    }
}