{
    "model": "test12x12_75k_3step_3gen_3curric/epoch_24_curric2_gen1",
    "MiniGrid-DoorKey-6x6-custom-diff0.5565023600555896": {
        "meanRet": 0.9782022476196289,
        "maxRet": 0.9865168333053589,
        "minRet": 0.9707865118980408
    },
    "MiniGrid-DoorKey-8x8-custom-diff0.5565023600555896": {
        "meanRet": 0.963267071888997,
        "maxRet": 0.9820224642753601,
        "minRet": 0.9505618214607239
    },
    "MiniGrid-DoorKey-10x10-custom-diff0.5565023600555896": {
        "meanRet": 0.9496974945068359,
        "maxRet": 0.9719101190567017,
        "minRet": 0.9269663095474243
    },
    "MiniGrid-DoorKey-12x12-custom-diff0.5565023600555896": {
        "meanRet": 0.9141573023796081,
        "maxRet": 0.9449438452720642,
        "minRet": 0.884269654750824
    }
}