{
    "model": "SO_RHEA_2PARA_5GEN_14May\\epoch_10_curric1_gen2",
    "MiniGrid-DoorKey-5x5-custom-diff1": {
        "meanRet": 0.8836585283279419,
        "maxRet": 0.9012194871902466,
        "minRet": 0.8682926893234253
    },
    "MiniGrid-DoorKey-6x6-custom-diff1": {
        "meanRet": 0.8886172554709695,
        "maxRet": 0.9092437028884888,
        "minRet": 0.8714285492897034
    },
    "MiniGrid-DoorKey-8x8-custom-diff1": {
        "meanRet": 0.9044549763202667,
        "maxRet": 0.9360189437866211,
        "minRet": 0.8677725195884705
    },
    "MiniGrid-DoorKey-16x16-custom-diff1": {
        "meanRet": 0.8717633068561554,
        "maxRet": 0.9328994154930115,
        "minRet": 0.7848520874977112
    }
}