{
    "model": "test12x12_50k_3step_3gen_3curric/epoch_38_curric0_gen2",
    "MiniGrid-DoorKey-6x6-custom-diff0.3010602224432588": {
        "meanRet": 0.9543556642532348,
        "maxRet": 0.9792147874832153,
        "minRet": 0.9397228360176086
    },
    "MiniGrid-DoorKey-8x8-custom-diff0.3010602224432588": {
        "meanRet": 0.9297459578514099,
        "maxRet": 0.9709007143974304,
        "minRet": 0.9023094773292542
    },
    "MiniGrid-DoorKey-10x10-custom-diff0.3010602224432588": {
        "meanRet": 0.9095427227020264,
        "maxRet": 0.9480369687080383,
        "minRet": 0.8752886652946472
    },
    "MiniGrid-DoorKey-12x12-custom-diff0.3010602224432588": {
        "meanRet": 0.8589930725097656,
        "maxRet": 0.937644362449646,
        "minRet": 0.7900692820549011
    }
}