{
    "model": "Rhea_Fr2\\epoch_2_curric3_gen3",
    "MiniGrid-DoorKey-5x5-custom-diff1": {
        "meanRet": 0.47646341025829314,
        "maxRet": 0.6817073225975037,
        "minRet": 0.2536585330963135
    },
    "MiniGrid-DoorKey-6x6-custom-diff1": {
        "meanRet": 0.09254201827570796,
        "maxRet": 0.6596638560295105,
        "minRet": 0.0
    },
    "MiniGrid-DoorKey-8x8-custom-diff1": {
        "meanRet": 0.014914099592715502,
        "maxRet": 0.2706161141395569,
        "minRet": 0.0
    },
    "MiniGrid-DoorKey-16x16-custom-diff1": {
        "meanRet": 0.0,
        "maxRet": 0.0,
        "minRet": 0.0
    }
}