{
    "model": "Rhea_Fr2\\epoch_1_curric1_gen4",
    "MiniGrid-DoorKey-5x5-custom-diff0": {
        "meanRet": 0.8898400068283081,
        "maxRet": 0.9315999746322632,
        "minRet": 0.8019999861717224
    },
    "MiniGrid-DoorKey-6x6-custom-diff0": {
        "meanRet": 0.6532499879598618,
        "maxRet": 0.8799999952316284,
        "minRet": 0.35749998688697815
    },
    "MiniGrid-DoorKey-8x8-custom-diff0": {
        "meanRet": 0.04950195271521807,
        "maxRet": 0.5696874856948853,
        "minRet": 0.0
    },
    "MiniGrid-DoorKey-16x16-custom-diff0": {
        "meanRet": 0.02911254856735468,
        "maxRet": 0.4990234375,
        "minRet": 0.0
    }
}