{
    "model": "MI_RHEA_PARA_ENV_2_first\\epoch_8_curric1_gen3",
    "MiniGrid-DoorKey-5x5-custom-diff1": {
        "meanRet": 0.8783536553382874,
        "maxRet": 0.9012194871902466,
        "minRet": 0.8573170900344849
    },
    "MiniGrid-DoorKey-6x6-custom-diff1": {
        "meanRet": 0.8893048004670576,
        "maxRet": 0.916806697845459,
        "minRet": 0.8714285492897034
    },
    "MiniGrid-DoorKey-8x8-custom-diff1": {
        "meanRet": 0.8929383814334869,
        "maxRet": 0.9274881482124329,
        "minRet": 0.863507091999054
    },
    "MiniGrid-DoorKey-16x16-custom-diff1": {
        "meanRet": 0.8485443770885468,
        "maxRet": 0.9297041296958923,
        "minRet": 0.77633136510849
    }
}