{
    "model": "test12x12_75k_3step_3gen_3curric/epoch_38_curric1_gen2",
    "MiniGrid-DoorKey-6x6-custom-diff0.15": {
        "meanRet": 0.9278273901769093,
        "maxRet": 0.949999988079071,
        "minRet": 0.9083333611488342
    },
    "MiniGrid-DoorKey-8x8-custom-diff0.15": {
        "meanRet": 0.8848333382606506,
        "maxRet": 0.9375,
        "minRet": 0.8500000238418579
    },
    "MiniGrid-DoorKey-10x10-custom-diff0.15": {
        "meanRet": 0.8310897487860459,
        "maxRet": 0.9166666865348816,
        "minRet": 0.762499988079071
    },
    "MiniGrid-DoorKey-12x12-custom-diff0.15": {
        "meanRet": 0.7153333353996277,
        "maxRet": 0.862500011920929,
        "minRet": 0.5708333253860474
    }
}