{
    "model": "test12x12_25k_3step_3gen_3curric/epoch_13_curric2_gen3",
    "MiniGrid-DoorKey-6x6-custom-diff1": {
        "meanRet": 0.9878750038146973,
        "maxRet": 0.9937499761581421,
        "minRet": 0.9837499856948853
    },
    "MiniGrid-DoorKey-8x8-custom-diff1": {
        "meanRet": 0.9811298090677995,
        "maxRet": 0.9856250286102295,
        "minRet": 0.9762499928474426
    },
    "MiniGrid-DoorKey-10x10-custom-diff1": {
        "meanRet": 0.974300000667572,
        "maxRet": 0.9850000143051147,
        "minRet": 0.965624988079071
    },
    "MiniGrid-DoorKey-12x12-custom-diff1": {
        "meanRet": 0.9584749984741211,
        "maxRet": 0.9800000190734863,
        "minRet": 0.9399999976158142
    }
}