{
    "model": "test12x12_100k_4step_3gen_3curric/epoch_18_curric1_gen1",
    "MiniGrid-DoorKey-6x6-custom-diff0.32840899999999995": {
        "meanRet": 0.22347956150770187,
        "maxRet": 0.9218220114707947,
        "minRet": 0.0
    },
    "MiniGrid-DoorKey-8x8-custom-diff0.32840899999999995": {
        "meanRet": 0.043886829167604446,
        "maxRet": 0.8569915294647217,
        "minRet": 0.0
    },
    "MiniGrid-DoorKey-10x10-custom-diff0.32840899999999995": {
        "meanRet": 0.02049346702794234,
        "maxRet": 0.7997881174087524,
        "minRet": 0.0
    },
    "MiniGrid-DoorKey-12x12-custom-diff0.32840899999999995": {
        "meanRet": 0.019698976228634518,
        "maxRet": 0.6796610355377197,
        "minRet": 0.0
    }
}