{
    "model": "test12x12_100k_4step_3gen_3curric/epoch_21_curric1_gen2",
    "MiniGrid-DoorKey-6x6-custom-diff0.1748105000000001": {
        "meanRet": 0.9061992049217225,
        "maxRet": 0.9569721221923828,
        "minRet": 0.8673306703567505
    },
    "MiniGrid-DoorKey-8x8-custom-diff0.1748105000000001": {
        "meanRet": 0.826310760974884,
        "maxRet": 0.9462151527404785,
        "minRet": 0.6916334629058838
    },
    "MiniGrid-DoorKey-10x10-custom-diff0.1748105000000001": {
        "meanRet": 0.5416095638275147,
        "maxRet": 0.7992032170295715,
        "minRet": 0.33665338158607483
    },
    "MiniGrid-DoorKey-12x12-custom-diff0.1748105000000001": {
        "meanRet": 0.15368729084730148,
        "maxRet": 0.8565737009048462,
        "minRet": 0.0
    }
}