{
    "model": "test12x12_150k_3step_3gen_3curric/epoch_11_curric1_gen2",
    "MiniGrid-DoorKey-6x6-custom-diff0.8313807381558473": {
        "meanRet": 0.9861439232315335,
        "maxRet": 0.9909774661064148,
        "minRet": 0.9834586381912231
    },
    "MiniGrid-DoorKey-8x8-custom-diff0.8313807381558473": {
        "meanRet": 0.9770225548744201,
        "maxRet": 0.9879699349403381,
        "minRet": 0.9691729545593262
    },
    "MiniGrid-DoorKey-10x10-custom-diff0.8313807381558473": {
        "meanRet": 0.9694135355949401,
        "maxRet": 0.9864661693572998,
        "minRet": 0.9586465954780579
    },
    "MiniGrid-DoorKey-12x12-custom-diff0.8313807381558473": {
        "meanRet": 0.9495037579536438,
        "maxRet": 0.9781954884529114,
        "minRet": 0.9240601658821106
    }
}