{
    "model": "test12x12_100k_3step_4gen_3curric/epoch_12_curric2_gen1",
    "MiniGrid-DoorKey-6x6-custom-diff0.84467792277423": {
        "meanRet": 0.983634869257609,
        "maxRet": 0.9896381497383118,
        "minRet": 0.9777960777282715
    },
    "MiniGrid-DoorKey-8x8-custom-diff0.84467792277423": {
        "meanRet": 0.9773121223999903,
        "maxRet": 0.9881578683853149,
        "minRet": 0.9696546196937561
    },
    "MiniGrid-DoorKey-10x10-custom-diff0.84467792277423": {
        "meanRet": 0.965273027420044,
        "maxRet": 0.9822368621826172,
        "minRet": 0.9518914222717285
    },
    "MiniGrid-DoorKey-12x12-custom-diff0.84467792277423": {
        "meanRet": 0.939990131855011,
        "maxRet": 0.9792762994766235,
        "minRet": 0.9185855388641357
    }
}