{
    "model": "test12x12_50k_3step_3gen_3curric/epoch_10_curric0_gen2",
    "MiniGrid-DoorKey-6x6-custom-diff1": {
        "meanRet": 0.9878124984411093,
        "maxRet": 0.9937499761581421,
        "minRet": 0.9825000166893005
    },
    "MiniGrid-DoorKey-8x8-custom-diff1": {
        "meanRet": 0.9832999968528747,
        "maxRet": 0.9887499809265137,
        "minRet": 0.9762499928474426
    },
    "MiniGrid-DoorKey-10x10-custom-diff1": {
        "meanRet": 0.9716249990463257,
        "maxRet": 0.9825000166893005,
        "minRet": 0.9612500071525574
    },
    "MiniGrid-DoorKey-12x12-custom-diff1": {
        "meanRet": 0.9554749965667725,
        "maxRet": 0.9837499856948853,
        "minRet": 0.934374988079071
    }
}