{
    "model": "DO_11_05_RHEA_PARA_ENV_1\\epoch_10_curric2_gen2",
    "MiniGrid-DoorKey-5x5-custom-diff2": {
        "meanRet": 0.6142857074737549,
        "maxRet": 0.7107142806053162,
        "minRet": 0.550000011920929
    },
    "MiniGrid-DoorKey-6x6-custom-diff2": {
        "meanRet": 0.6805000007152557,
        "maxRet": 0.7749999761581421,
        "minRet": 0.6175000071525574
    },
    "MiniGrid-DoorKey-8x8-custom-diff2": {
        "meanRet": 0.7158571362495423,
        "maxRet": 0.8071428537368774,
        "minRet": 0.6657142639160156
    },
    "MiniGrid-DoorKey-16x16-custom-diff2": {
        "meanRet": 0.1254380472442683,
        "maxRet": 0.8563829660415649,
        "minRet": 0.0
    }
}