{
    "model": "SO_RHEA_2PARA_5GEN_14May\\epoch_3_curric1_gen5",
    "MiniGrid-DoorKey-5x5-custom-diff2": {
        "meanRet": 0.6736263724473807,
        "maxRet": 0.7107142806053162,
        "minRet": 0.6464285850524902
    },
    "MiniGrid-DoorKey-6x6-custom-diff2": {
        "meanRet": 0.7052500069141387,
        "maxRet": 0.7749999761581421,
        "minRet": 0.6625000238418579
    },
    "MiniGrid-DoorKey-8x8-custom-diff2": {
        "meanRet": 0.7248571395874024,
        "maxRet": 0.8199999928474426,
        "minRet": 0.6657142639160156
    },
    "MiniGrid-DoorKey-16x16-custom-diff2": {
        "meanRet": 0.0954867827169823,
        "maxRet": 0.6840425729751587,
        "minRet": 0.0
    }
}