{
    "model": "new_25k_7step_4gen_3curric/epoch_6_curric2_gen2",
    "MiniGrid-DoorKey-6x6-custom-diff1": {
        "meanRet": 0.9725999999046325,
        "maxRet": 0.987500011920929,
        "minRet": 0.9462500214576721
    },
    "MiniGrid-DoorKey-8x8-custom-diff1": {
        "meanRet": 0.9229250049591065,
        "maxRet": 0.9731249809265137,
        "minRet": 0.8637499809265137
    },
    "MiniGrid-DoorKey-10x10-custom-diff1": {
        "meanRet": 0.8664249992370605,
        "maxRet": 0.9643750190734863,
        "minRet": 0.6993749737739563
    },
    "MiniGrid-DoorKey-12x12-custom-diff1": {
        "meanRet": 0.6583000028133392,
        "maxRet": 0.8968750238418579,
        "minRet": 0.359375
    }
}