{
    "model": "test12x12_50k_3step_3gen_3curric/epoch_22_curric1_gen1",
    "MiniGrid-DoorKey-6x6-custom-diff0.7010602224432589": {
        "meanRet": 0.9819623386418378,
        "maxRet": 0.9892963171005249,
        "minRet": 0.9759167432785034
    },
    "MiniGrid-DoorKey-8x8-custom-diff0.7010602224432589": {
        "meanRet": 0.9739187264442444,
        "maxRet": 0.9848364591598511,
        "minRet": 0.9652130603790283
    },
    "MiniGrid-DoorKey-10x10-custom-diff0.7010602224432589": {
        "meanRet": 0.9624301290512085,
        "maxRet": 0.9839444756507874,
        "minRet": 0.9464816451072693
    },
    "MiniGrid-DoorKey-12x12-custom-diff0.7010602224432589": {
        "meanRet": 0.9375976252555848,
        "maxRet": 0.9830525517463684,
        "minRet": 0.9108027815818787
    }
}