{
    "model": "DO_11_05_RHEA_PARA_ENV_1\\epoch_5_curric0_gen3",
    "MiniGrid-DoorKey-5x5-custom-diff2": {
        "meanRet": 0.6657142877578736,
        "maxRet": 0.7428571581840515,
        "minRet": 0.6142857074737549
    },
    "MiniGrid-DoorKey-6x6-custom-diff2": {
        "meanRet": 0.6522727391936562,
        "maxRet": 0.7300000190734863,
        "minRet": 0.5950000286102295
    },
    "MiniGrid-DoorKey-8x8-custom-diff2": {
        "meanRet": 0.6734285652637482,
        "maxRet": 0.8199999928474426,
        "minRet": 0.6014285683631897
    },
    "MiniGrid-DoorKey-16x16-custom-diff2": {
        "meanRet": 0.09647606406360865,
        "maxRet": 0.6457446813583374,
        "minRet": 0.0
    }
}