{
    "model": "test12x12_25k_3step_3gen_3curric/epoch_36_curric0_gen3",
    "MiniGrid-DoorKey-6x6-custom-diff0.5319142875744653": {
        "meanRet": 0.9780235290527344,
        "maxRet": 0.9847058653831482,
        "minRet": 0.9729411602020264
    },
    "MiniGrid-DoorKey-8x8-custom-diff0.5319142875744653": {
        "meanRet": 0.9639366498360267,
        "maxRet": 0.9764705896377563,
        "minRet": 0.9564706087112427
    },
    "MiniGrid-DoorKey-10x10-custom-diff0.5319142875744653": {
        "meanRet": 0.9514479637145996,
        "maxRet": 0.9870588183403015,
        "minRet": 0.9352940917015076
    },
    "MiniGrid-DoorKey-12x12-custom-diff0.5319142875744653": {
        "meanRet": 0.9088235314075763,
        "maxRet": 0.9599999785423279,
        "minRet": 0.8588235378265381
    }
}