{
    "model": "SO_RHEA_2PARA_5GEN_14May\\epoch_8_curric0_gen2",
    "MiniGrid-DoorKey-5x5-custom-diff1": {
        "meanRet": 0.8564727948262141,
        "maxRet": 0.9012194871902466,
        "minRet": 0.8353658318519592
    },
    "MiniGrid-DoorKey-6x6-custom-diff1": {
        "meanRet": 0.8815126021703085,
        "maxRet": 0.9016806483268738,
        "minRet": 0.8638655543327332
    },
    "MiniGrid-DoorKey-8x8-custom-diff1": {
        "meanRet": 0.8942180037498474,
        "maxRet": 0.9317535758018494,
        "minRet": 0.8720378875732422
    },
    "MiniGrid-DoorKey-16x16-custom-diff1": {
        "meanRet": 0.8780473351478577,
        "maxRet": 0.9084023833274841,
        "minRet": 0.8210650682449341
    }
}