{
    "model": "test12x12_50k_3step_3gen_3curric/epoch_41_curric2_gen3",
    "MiniGrid-DoorKey-6x6-custom-diff0.15": {
        "meanRet": 0.9040178635290691,
        "maxRet": 0.9458333253860474,
        "minRet": 0.862500011920929
    },
    "MiniGrid-DoorKey-8x8-custom-diff0.15": {
        "meanRet": 0.8751666641235352,
        "maxRet": 0.9458333253860474,
        "minRet": 0.8166666626930237
    },
    "MiniGrid-DoorKey-10x10-custom-diff0.15": {
        "meanRet": 0.7971153855323792,
        "maxRet": 0.9166666865348816,
        "minRet": 0.6875
    },
    "MiniGrid-DoorKey-12x12-custom-diff0.15": {
        "meanRet": 0.6100000011920929,
        "maxRet": 0.875,
        "minRet": 0.3375000059604645
    }
}