{
    "model": "DO_11_05_RHEA_PARA_ENV_1\\epoch_2_curric1_gen3",
    "MiniGrid-DoorKey-5x5-custom-diff2": {
        "meanRet": 0.6946428418159485,
        "maxRet": 0.7107142806053162,
        "minRet": 0.6785714030265808
    },
    "MiniGrid-DoorKey-6x6-custom-diff2": {
        "meanRet": 0.680178565638406,
        "maxRet": 0.8199999928474426,
        "minRet": 0.6175000071525574
    },
    "MiniGrid-DoorKey-8x8-custom-diff2": {
        "meanRet": 0.7346753261306069,
        "maxRet": 0.8071428537368774,
        "minRet": 0.6785714030265808
    },
    "MiniGrid-DoorKey-16x16-custom-diff2": {
        "meanRet": 0.11395873716383269,
        "maxRet": 0.8819149136543274,
        "minRet": 0.0
    }
}