{
    "model": "test12x12_100k_3step_3gen_3curric/epoch_46_curric1_gen2",
    "MiniGrid-DoorKey-6x6-custom-diff0.15": {
        "meanRet": 0.9096666669845581,
        "maxRet": 0.9458333253860474,
        "minRet": 0.8708333373069763
    },
    "MiniGrid-DoorKey-8x8-custom-diff0.15": {
        "meanRet": 0.8444999957084656,
        "maxRet": 0.9291666746139526,
        "minRet": 0.7666666507720947
    },
    "MiniGrid-DoorKey-10x10-custom-diff0.15": {
        "meanRet": 0.7429999947547913,
        "maxRet": 0.9208333492279053,
        "minRet": 0.5625
    },
    "MiniGrid-DoorKey-12x12-custom-diff0.15": {
        "meanRet": 0.5942307653335425,
        "maxRet": 0.7708333134651184,
        "minRet": 0.26249998807907104
    }
}