{
    "model": "MI_RHEA_PARA_ENV_2_first\\epoch_9_curric0_gen2",
    "MiniGrid-DoorKey-5x5-custom-diff1": {
        "meanRet": 0.8715853691101074,
        "maxRet": 0.8902438879013062,
        "minRet": 0.8573170900344849
    },
    "MiniGrid-DoorKey-6x6-custom-diff1": {
        "meanRet": 0.8744537770748139,
        "maxRet": 0.9092437028884888,
        "minRet": 0.848739504814148
    },
    "MiniGrid-DoorKey-8x8-custom-diff1": {
        "meanRet": 0.8844463662667708,
        "maxRet": 0.9317535758018494,
        "minRet": 0.8464455008506775
    },
    "MiniGrid-DoorKey-16x16-custom-diff1": {
        "meanRet": 0.8294792830944061,
        "maxRet": 0.8817751407623291,
        "minRet": 0.7784615159034729
    }
}