{
    "model": "test12x12_25k_3step_3gen_3curric/epoch_44_curric2_gen1",
    "MiniGrid-DoorKey-6x6-custom-diff0.3319142875744653": {
        "meanRet": 0.9621915840185605,
        "maxRet": 0.9754716753959656,
        "minRet": 0.9509434103965759
    },
    "MiniGrid-DoorKey-8x8-custom-diff0.3319142875744653": {
        "meanRet": 0.9489811372756958,
        "maxRet": 0.9679245352745056,
        "minRet": 0.9396226406097412
    },
    "MiniGrid-DoorKey-10x10-custom-diff0.3319142875744653": {
        "meanRet": 0.9181886792182923,
        "maxRet": 0.9735848903656006,
        "minRet": 0.8886792659759521
    },
    "MiniGrid-DoorKey-12x12-custom-diff0.3319142875744653": {
        "meanRet": 0.8631698155403137,
        "maxRet": 0.9188679456710815,
        "minRet": 0.8169811367988586
    }
}