{
    "model": "test12x12_50k_3step_3gen_3curric/epoch_23_curric1_gen1",
    "MiniGrid-DoorKey-6x6-custom-diff0.6760602224432589": {
        "meanRet": 0.9818335103988648,
        "maxRet": 0.9879753589630127,
        "minRet": 0.9750257134437561
    },
    "MiniGrid-DoorKey-8x8-custom-diff0.6760602224432589": {
        "meanRet": 0.9718594367687519,
        "maxRet": 0.9852004051208496,
        "minRet": 0.963001012802124
    },
    "MiniGrid-DoorKey-10x10-custom-diff0.6760602224432589": {
        "meanRet": 0.9616690611839295,
        "maxRet": 0.9842754602432251,
        "minRet": 0.9491264224052429
    },
    "MiniGrid-DoorKey-12x12-custom-diff0.6760602224432589": {
        "meanRet": 0.9451774817246658,
        "maxRet": 0.9694758653640747,
        "minRet": 0.9176772832870483
    }
}