{
    "model": "test12x12_25k_3step_3gen_3curric/epoch_37_curric0_gen3",
    "MiniGrid-DoorKey-6x6-custom-diff0.5069142875744653": {
        "meanRet": 0.976068377494812,
        "maxRet": 0.9876543283462524,
        "minRet": 0.9691358208656311
    },
    "MiniGrid-DoorKey-8x8-custom-diff0.5069142875744653": {
        "meanRet": 0.9597165098896733,
        "maxRet": 0.9777777791023254,
        "minRet": 0.9469135999679565
    },
    "MiniGrid-DoorKey-10x10-custom-diff0.5069142875744653": {
        "meanRet": 0.9369876575469971,
        "maxRet": 0.9629629850387573,
        "minRet": 0.914814829826355
    },
    "MiniGrid-DoorKey-12x12-custom-diff0.5069142875744653": {
        "meanRet": 0.9172839545286618,
        "maxRet": 0.9629629850387573,
        "minRet": 0.8728395104408264
    }
}