{
    "model": "test12x12_100k_3step_3gen_3curric/epoch_26_curric0_gen3",
    "MiniGrid-DoorKey-6x6-custom-diff0.15": {
        "meanRet": 0.9143518518518519,
        "maxRet": 0.949999988079071,
        "minRet": 0.8791666626930237
    },
    "MiniGrid-DoorKey-8x8-custom-diff0.15": {
        "meanRet": 0.8781666660308838,
        "maxRet": 0.9333333373069763,
        "minRet": 0.8291666507720947
    },
    "MiniGrid-DoorKey-10x10-custom-diff0.15": {
        "meanRet": 0.8272435848529522,
        "maxRet": 0.9083333611488342,
        "minRet": 0.6875
    },
    "MiniGrid-DoorKey-12x12-custom-diff0.15": {
        "meanRet": 0.725666663646698,
        "maxRet": 0.8833333253860474,
        "minRet": 0.6083333492279053
    }
}