{
    "model": "new_25k_7step_4gen_3curric/epoch_3_curric1_gen4",
    "MiniGrid-DoorKey-6x6-custom-diff1": {
        "meanRet": 0.8891750001907348,
        "maxRet": 0.9831249713897705,
        "minRet": 0.8006250262260437
    },
    "MiniGrid-DoorKey-8x8-custom-diff1": {
        "meanRet": 0.281526441184374,
        "maxRet": 0.8931249976158142,
        "minRet": 0.0
    },
    "MiniGrid-DoorKey-10x10-custom-diff1": {
        "meanRet": 0.12977500021457672,
        "maxRet": 0.7887499928474426,
        "minRet": 0.0
    },
    "MiniGrid-DoorKey-12x12-custom-diff1": {
        "meanRet": 0.06653645883003871,
        "maxRet": 0.7368749976158142,
        "minRet": 0.0
    }
}