{
    "model": "test12x12_25k_3step_3gen_3curric/epoch_32_curric0_gen3",
    "MiniGrid-DoorKey-6x6-custom-diff0.6319142875744653": {
        "meanRet": 0.981386137008667,
        "maxRet": 0.9881188273429871,
        "minRet": 0.9762375950813293
    },
    "MiniGrid-DoorKey-8x8-custom-diff0.6319142875744653": {
        "meanRet": 0.9706930708885193,
        "maxRet": 0.9841583967208862,
        "minRet": 0.9623762369155884
    },
    "MiniGrid-DoorKey-10x10-custom-diff0.6319142875744653": {
        "meanRet": 0.9592079186439514,
        "maxRet": 0.9732673168182373,
        "minRet": 0.9445544481277466
    },
    "MiniGrid-DoorKey-12x12-custom-diff0.6319142875744653": {
        "meanRet": 0.9284752488136292,
        "maxRet": 0.9683168530464172,
        "minRet": 0.9049504995346069
    }
}