{
    "model": "test12x12_50k_3step_3gen_3curric/epoch_5_curric0_gen2",
    "MiniGrid-DoorKey-6x6-custom-diff1": {
        "meanRet": 0.9823499965667725,
        "maxRet": 0.9918749928474426,
        "minRet": 0.9706249833106995
    },
    "MiniGrid-DoorKey-8x8-custom-diff1": {
        "meanRet": 0.9639249992370605,
        "maxRet": 0.9887499809265137,
        "minRet": 0.9312499761581421
    },
    "MiniGrid-DoorKey-10x10-custom-diff1": {
        "meanRet": 0.9126499962806701,
        "maxRet": 0.9706249833106995,
        "minRet": 0.8431249856948853
    },
    "MiniGrid-DoorKey-12x12-custom-diff1": {
        "meanRet": 0.8533500003814697,
        "maxRet": 0.9725000262260437,
        "minRet": 0.7306249737739563
    }
}