{
    "model": "test12x12_150k_3step_3gen_3curric/epoch_13_curric1_gen2",
    "MiniGrid-DoorKey-6x6-custom-diff0.7813807381558474": {
        "meanRet": 0.985600004196167,
        "maxRet": 0.9904000163078308,
        "minRet": 0.9824000000953674
    },
    "MiniGrid-DoorKey-8x8-custom-diff0.7813807381558474": {
        "meanRet": 0.9758399987220764,
        "maxRet": 0.9879999756813049,
        "minRet": 0.9679999947547913
    },
    "MiniGrid-DoorKey-10x10-custom-diff0.7813807381558474": {
        "meanRet": 0.9583999967575073,
        "maxRet": 0.9919999837875366,
        "minRet": 0.9368000030517578
    },
    "MiniGrid-DoorKey-12x12-custom-diff0.7813807381558474": {
        "meanRet": 0.9164799976348877,
        "maxRet": 0.9832000136375427,
        "minRet": 0.8592000007629395
    }
}