{
    "model": "test12x12_100k_3step_3gen_3curric/epoch_26_curric1_gen2",
    "MiniGrid-DoorKey-6x6-custom-diff0.15": {
        "meanRet": 0.9173333358764648,
        "maxRet": 0.9458333253860474,
        "minRet": 0.8916666507720947
    },
    "MiniGrid-DoorKey-8x8-custom-diff0.15": {
        "meanRet": 0.8733333373069763,
        "maxRet": 0.9208333492279053,
        "minRet": 0.7958333492279053
    },
    "MiniGrid-DoorKey-10x10-custom-diff0.15": {
        "meanRet": 0.8078333353996277,
        "maxRet": 0.925000011920929,
        "minRet": 0.6791666746139526
    },
    "MiniGrid-DoorKey-12x12-custom-diff0.15": {
        "meanRet": 0.5258333301544189,
        "maxRet": 0.737500011920929,
        "minRet": 0.25833332538604736
    }
}