{
    "model": "Mo_Rhea1\\epoch_8_curric0_gen1",
    "MiniGrid-DoorKey-5x5-custom-diff2": {
        "meanRet": 0.6657142817974091,
        "maxRet": 0.7107142806053162,
        "minRet": 0.6464285850524902
    },
    "MiniGrid-DoorKey-6x6-custom-diff2": {
        "meanRet": 0.6602500081062317,
        "maxRet": 0.7524999976158142,
        "minRet": 0.5950000286102295
    },
    "MiniGrid-DoorKey-8x8-custom-diff2": {
        "meanRet": 0.6421428571144739,
        "maxRet": 0.8071428537368774,
        "minRet": 0.5114285945892334
    },
    "MiniGrid-DoorKey-16x16-custom-diff2": {
        "meanRet": 0.08254654379561543,
        "maxRet": 0.8595744967460632,
        "minRet": 0.0
    }
}