{
    "model": "new_25k_7step_4gen_3curric/epoch_4_curric0_gen2",
    "MiniGrid-DoorKey-6x6-custom-diff1": {
        "meanRet": 0.7582500004768371,
        "maxRet": 0.9868749976158142,
        "minRet": 0.5218750238418579
    },
    "MiniGrid-DoorKey-8x8-custom-diff1": {
        "meanRet": 0.1539583339666327,
        "maxRet": 0.9868749976158142,
        "minRet": 0.0
    },
    "MiniGrid-DoorKey-10x10-custom-diff1": {
        "meanRet": 0.08033854017655055,
        "maxRet": 0.8843749761581421,
        "minRet": 0.0
    },
    "MiniGrid-DoorKey-12x12-custom-diff1": {
        "meanRet": 0.041367187475164734,
        "maxRet": 0.7900000214576721,
        "minRet": 0.0
    }
}