{
    "model": "test12x12_100k_3step_3gen_3curric/epoch_48_curric1_gen3",
    "MiniGrid-DoorKey-6x6-custom-diff0.15": {
        "meanRet": 0.9136666655540466,
        "maxRet": 0.9541666507720947,
        "minRet": 0.875
    },
    "MiniGrid-DoorKey-8x8-custom-diff0.15": {
        "meanRet": 0.8621666693687439,
        "maxRet": 0.925000011920929,
        "minRet": 0.8083333373069763
    },
    "MiniGrid-DoorKey-10x10-custom-diff0.15": {
        "meanRet": 0.8048333311080933,
        "maxRet": 0.9333333373069763,
        "minRet": 0.6791666746139526
    },
    "MiniGrid-DoorKey-12x12-custom-diff0.15": {
        "meanRet": 0.7271666646003723,
        "maxRet": 0.8374999761581421,
        "minRet": 0.5458333492279053
    }
}