{
    "model": "test12x12_25k_3step_3gen_3curric/epoch_14_curric2_gen1",
    "MiniGrid-DoorKey-6x6-custom-diff1": {
        "meanRet": 0.987283658522826,
        "maxRet": 0.9925000071525574,
        "minRet": 0.9831249713897705
    },
    "MiniGrid-DoorKey-8x8-custom-diff1": {
        "meanRet": 0.9813750004768371,
        "maxRet": 0.9900000095367432,
        "minRet": 0.9743750095367432
    },
    "MiniGrid-DoorKey-10x10-custom-diff1": {
        "meanRet": 0.970099995136261,
        "maxRet": 0.9862499833106995,
        "minRet": 0.9581249952316284
    },
    "MiniGrid-DoorKey-12x12-custom-diff1": {
        "meanRet": 0.9497499966621399,
        "maxRet": 0.9837499856948853,
        "minRet": 0.9262499809265137
    }
}