{
    "model": "test12x12_150k_3step_3gen_3curric/epoch_9_curric1_gen2",
    "MiniGrid-DoorKey-6x6-custom-diff0.8813807381558474": {
        "meanRet": 0.9864397192001343,
        "maxRet": 0.9914893507957458,
        "minRet": 0.9815602898597717
    },
    "MiniGrid-DoorKey-8x8-custom-diff0.8813807381558474": {
        "meanRet": 0.9796312069892883,
        "maxRet": 0.9879432916641235,
        "minRet": 0.9730496406555176
    },
    "MiniGrid-DoorKey-10x10-custom-diff0.8813807381558474": {
        "meanRet": 0.9708085060119629,
        "maxRet": 0.9815602898597717,
        "minRet": 0.9595744609832764
    },
    "MiniGrid-DoorKey-12x12-custom-diff0.8813807381558474": {
        "meanRet": 0.958496458530426,
        "maxRet": 0.9773049354553223,
        "minRet": 0.9390071034431458
    }
}