{
    "model": "test12x12_25k_3step_3gen_3curric/epoch_48_curric1_gen1",
    "MiniGrid-DoorKey-6x6-custom-diff0.2319142875744653": {
        "meanRet": 0.9449806937149593,
        "maxRet": 0.9675675630569458,
        "minRet": 0.9270270466804504
    },
    "MiniGrid-DoorKey-8x8-custom-diff0.2319142875744653": {
        "meanRet": 0.9180180209654348,
        "maxRet": 0.9648648500442505,
        "minRet": 0.8945946097373962
    },
    "MiniGrid-DoorKey-10x10-custom-diff0.2319142875744653": {
        "meanRet": 0.8897297286987305,
        "maxRet": 0.9486486315727234,
        "minRet": 0.8324324488639832
    },
    "MiniGrid-DoorKey-12x12-custom-diff0.2319142875744653": {
        "meanRet": 0.7947027111053466,
        "maxRet": 0.9216216206550598,
        "minRet": 0.662162184715271
    }
}