{
    "model": "test12x12_100k_3step_4gen_3curric/epoch_1_curric2_gen4",
    "MiniGrid-DoorKey-6x6-custom-diff1.0": {
        "meanRet": 0.9505999922752381,
        "maxRet": 0.9700000286102295,
        "minRet": 0.9350000023841858
    },
    "MiniGrid-DoorKey-8x8-custom-diff1.0": {
        "meanRet": 0.9363249945640564,
        "maxRet": 0.9676562547683716,
        "minRet": 0.9142187237739563
    },
    "MiniGrid-DoorKey-10x10-custom-diff1.0": {
        "meanRet": 0.9229959988594055,
        "maxRet": 0.9549999833106995,
        "minRet": 0.8740000128746033
    },
    "MiniGrid-DoorKey-12x12-custom-diff1.0": {
        "meanRet": 0.9202500033378601,
        "maxRet": 0.9737499952316284,
        "minRet": 0.8712499737739563
    }
}