{
    "model": "test12x12_100k_3step_4gen_3curric/epoch_11_curric1_gen4",
    "MiniGrid-DoorKey-6x6-custom-diff0.86967792277423": {
        "meanRet": 0.9858530354499817,
        "maxRet": 0.9906549453735352,
        "minRet": 0.9805910587310791
    },
    "MiniGrid-DoorKey-8x8-custom-diff0.86967792277423": {
        "meanRet": 0.9730575060844422,
        "maxRet": 0.9863418340682983,
        "minRet": 0.9611821174621582
    },
    "MiniGrid-DoorKey-10x10-custom-diff0.86967792277423": {
        "meanRet": 0.951062913124378,
        "maxRet": 0.9856230020523071,
        "minRet": 0.9209265112876892
    },
    "MiniGrid-DoorKey-12x12-custom-diff0.86967792277423": {
        "meanRet": 0.9122450191241044,
        "maxRet": 0.9755591154098511,
        "minRet": 0.8605431318283081
    }
}