{
    "model": "test12x12_100k_3step_4gen_3curric/epoch_18_curric1_gen1",
    "MiniGrid-DoorKey-6x6-custom-diff0.69467792277423": {
        "meanRet": 0.9827920055389404,
        "maxRet": 0.9891999959945679,
        "minRet": 0.9765999913215637
    },
    "MiniGrid-DoorKey-8x8-custom-diff0.69467792277423": {
        "meanRet": 0.9750880074501037,
        "maxRet": 0.9847000241279602,
        "minRet": 0.968500018119812
    },
    "MiniGrid-DoorKey-10x10-custom-diff0.69467792277423": {
        "meanRet": 0.9665200018882751,
        "maxRet": 0.9829000234603882,
        "minRet": 0.9541000127792358
    },
    "MiniGrid-DoorKey-12x12-custom-diff0.69467792277423": {
        "meanRet": 0.9437680006027221,
        "maxRet": 0.972100019454956,
        "minRet": 0.9172000288963318
    }
}