{
    "model": "test12x12_100k_3step_3gen_3curric/epoch_9_curric2_gen3",
    "MiniGrid-DoorKey-6x6-custom-diff0.9220715046045371": {
        "meanRet": 0.9857030987739563,
        "maxRet": 0.9905049204826355,
        "minRet": 0.9816880226135254
    },
    "MiniGrid-DoorKey-8x8-custom-diff0.9220715046045371": {
        "meanRet": 0.979843258857727,
        "maxRet": 0.9877920150756836,
        "minRet": 0.9715147018432617
    },
    "MiniGrid-DoorKey-10x10-custom-diff0.9220715046045371": {
        "meanRet": 0.9677437853813171,
        "maxRet": 0.983044445514679,
        "minRet": 0.9437075853347778
    },
    "MiniGrid-DoorKey-12x12-custom-diff0.9220715046045371": {
        "meanRet": 0.9434905767440795,
        "maxRet": 0.9871137738227844,
        "minRet": 0.908440113067627
    }
}