{
    "model": "test12x12_100k_3step_4gen_3curric/epoch_1_curric1_gen2",
    "MiniGrid-DoorKey-6x6-custom-diff1.0": {
        "meanRet": 0.9537036926658066,
        "maxRet": 0.9750000238418579,
        "minRet": 0.9325000047683716
    },
    "MiniGrid-DoorKey-8x8-custom-diff1.0": {
        "meanRet": 0.9400937485694886,
        "maxRet": 0.9690625071525574,
        "minRet": 0.9114062786102295
    },
    "MiniGrid-DoorKey-10x10-custom-diff1.0": {
        "meanRet": 0.9445599937438964,
        "maxRet": 0.972100019454956,
        "minRet": 0.9054999947547913
    },
    "MiniGrid-DoorKey-12x12-custom-diff1.0": {
        "meanRet": 0.9234500026702881,
        "maxRet": 0.971875011920929,
        "minRet": 0.8637499809265137
    }
}