{
    "model": "test12x12_100k_3step_4gen_3curric/epoch_4_curric0_gen1",
    "MiniGrid-DoorKey-6x6-custom-diff1": {
        "meanRet": 0.9882500052452088,
        "maxRet": 0.9937499761581421,
        "minRet": 0.9831249713897705
    },
    "MiniGrid-DoorKey-8x8-custom-diff1": {
        "meanRet": 0.9816346099743476,
        "maxRet": 0.9912499785423279,
        "minRet": 0.9768750071525574
    },
    "MiniGrid-DoorKey-10x10-custom-diff1": {
        "meanRet": 0.9703999948501587,
        "maxRet": 0.9825000166893005,
        "minRet": 0.9549999833106995
    },
    "MiniGrid-DoorKey-12x12-custom-diff1": {
        "meanRet": 0.9543499994277954,
        "maxRet": 0.9800000190734863,
        "minRet": 0.9325000047683716
    }
}