{
    "model": "SO_RHEA_2PARA_5GEN_14May\\epoch_4_curric2_gen2",
    "MiniGrid-DoorKey-5x5-custom-diff2": {
        "meanRet": 0.6785714247009971,
        "maxRet": 0.7107142806053162,
        "minRet": 0.6464285850524902
    },
    "MiniGrid-DoorKey-6x6-custom-diff2": {
        "meanRet": 0.6872499942779541,
        "maxRet": 0.7524999976158142,
        "minRet": 0.6399999856948853
    },
    "MiniGrid-DoorKey-8x8-custom-diff2": {
        "meanRet": 0.7077922062440352,
        "maxRet": 0.7814285755157471,
        "minRet": 0.6657142639160156
    },
    "MiniGrid-DoorKey-16x16-custom-diff2": {
        "meanRet": 0.5222340375185013,
        "maxRet": 0.7734042406082153,
        "minRet": 0.30425530672073364
    }
}