{
    "model": "test12x12_75k_3step_3gen_3curric/epoch_48_curric1_gen1",
    "MiniGrid-DoorKey-6x6-custom-diff0.15": {
        "meanRet": 0.9114999985694885,
        "maxRet": 0.949999988079071,
        "minRet": 0.8833333253860474
    },
    "MiniGrid-DoorKey-8x8-custom-diff0.15": {
        "meanRet": 0.867746909459432,
        "maxRet": 0.9375,
        "minRet": 0.800000011920929
    },
    "MiniGrid-DoorKey-10x10-custom-diff0.15": {
        "meanRet": 0.7938333296775818,
        "maxRet": 0.8916666507720947,
        "minRet": 0.675000011920929
    },
    "MiniGrid-DoorKey-12x12-custom-diff0.15": {
        "meanRet": 0.6766666650772095,
        "maxRet": 0.8666666746139526,
        "minRet": 0.5166666507720947
    }
}