{
    "model": "test12x12_75k_3step_3gen_3curric/epoch_14_curric0_gen3",
    "MiniGrid-DoorKey-6x6-custom-diff0.8065023600555896": {
        "meanRet": 0.9837763011455536,
        "maxRet": 0.9906976819038391,
        "minRet": 0.9790697693824768
    },
    "MiniGrid-DoorKey-8x8-custom-diff0.8065023600555896": {
        "meanRet": 0.9758759713172913,
        "maxRet": 0.987596869468689,
        "minRet": 0.9682170748710632
    },
    "MiniGrid-DoorKey-10x10-custom-diff0.8065023600555896": {
        "meanRet": 0.9590936188514416,
        "maxRet": 0.987596869468689,
        "minRet": 0.9387596845626831
    },
    "MiniGrid-DoorKey-12x12-custom-diff0.8065023600555896": {
        "meanRet": 0.932868218421936,
        "maxRet": 0.9829457402229309,
        "minRet": 0.8937984704971313
    }
}