{
    "model": "test12x12_100k_3step_4gen_3curric/epoch_4_curric2_gen1",
    "MiniGrid-DoorKey-6x6-custom-diff1": {
        "meanRet": 0.9886500072479248,
        "maxRet": 0.9925000071525574,
        "minRet": 0.9856250286102295
    },
    "MiniGrid-DoorKey-8x8-custom-diff1": {
        "meanRet": 0.9831026835100991,
        "maxRet": 0.9906250238418579,
        "minRet": 0.9775000214576721
    },
    "MiniGrid-DoorKey-10x10-custom-diff1": {
        "meanRet": 0.9739423073255099,
        "maxRet": 0.9856250286102295,
        "minRet": 0.9643750190734863
    },
    "MiniGrid-DoorKey-12x12-custom-diff1": {
        "meanRet": 0.9662750005722046,
        "maxRet": 0.9837499856948853,
        "minRet": 0.9493749737739563
    }
}