{
    "model": "SoRRH_3\\epoch_8_curric0",
    "MiniGrid-DoorKey-5x5-custom-diff2": {
        "meanRet": 0.7048701210455461,
        "maxRet": 0.7428571581840515,
        "minRet": 0.6785714030265808
    },
    "MiniGrid-DoorKey-6x6-custom-diff2": {
        "meanRet": 0.7412499964237214,
        "maxRet": 0.8199999928474426,
        "minRet": 0.6625000238418579
    },
    "MiniGrid-DoorKey-8x8-custom-diff2": {
        "meanRet": 0.7066233916716143,
        "maxRet": 0.7814285755157471,
        "minRet": 0.5628571510314941
    },
    "MiniGrid-DoorKey-16x16-custom-diff2": {
        "meanRet": 0.0,
        "maxRet": 0.0,
        "minRet": 0.0
    }
}