{
    "model": "test12x12_50k_3step_3gen_3curric/epoch_26_curric0_gen1",
    "MiniGrid-DoorKey-6x6-custom-diff0.6010602224432589": {
        "meanRet": 0.9814797759056091,
        "maxRet": 0.9875144362449646,
        "minRet": 0.9760693907737732
    },
    "MiniGrid-DoorKey-8x8-custom-diff0.6010602224432589": {
        "meanRet": 0.9703260111808777,
        "maxRet": 0.9833526015281677,
        "minRet": 0.9615029096603394
    },
    "MiniGrid-DoorKey-10x10-custom-diff0.6010602224432589": {
        "meanRet": 0.9586616364809183,
        "maxRet": 0.9875144362449646,
        "minRet": 0.9438150525093079
    },
    "MiniGrid-DoorKey-12x12-custom-diff0.6010602224432589": {
        "meanRet": 0.9224231219291688,
        "maxRet": 0.964624285697937,
        "minRet": 0.8886705040931702
    }
}