{
    "model": "test12x12_150k_3step_3gen_3curric/epoch_28_curric0_gen1",
    "MiniGrid-DoorKey-6x6-custom-diff0.15": {
        "meanRet": 0.925500009059906,
        "maxRet": 0.9458333253860474,
        "minRet": 0.9041666388511658
    },
    "MiniGrid-DoorKey-8x8-custom-diff0.15": {
        "meanRet": 0.8854166636100183,
        "maxRet": 0.9333333373069763,
        "minRet": 0.8541666865348816
    },
    "MiniGrid-DoorKey-10x10-custom-diff0.15": {
        "meanRet": 0.8133333373069763,
        "maxRet": 0.9416666626930237,
        "minRet": 0.7333333492279053
    },
    "MiniGrid-DoorKey-12x12-custom-diff0.15": {
        "meanRet": 0.7310000014305115,
        "maxRet": 0.887499988079071,
        "minRet": 0.5666666626930237
    }
}