{
    "model": "test12x12_100k_3step_4gen_3curric/epoch_34_curric1_gen4",
    "MiniGrid-DoorKey-6x6-custom-diff0.15": {
        "meanRet": 0.9263333368301392,
        "maxRet": 0.949999988079071,
        "minRet": 0.8999999761581421
    },
    "MiniGrid-DoorKey-8x8-custom-diff0.15": {
        "meanRet": 0.8625,
        "maxRet": 0.9208333492279053,
        "minRet": 0.824999988079071
    },
    "MiniGrid-DoorKey-10x10-custom-diff0.15": {
        "meanRet": 0.8008333301544189,
        "maxRet": 0.925000011920929,
        "minRet": 0.6875
    },
    "MiniGrid-DoorKey-12x12-custom-diff0.15": {
        "meanRet": 0.6666666659025046,
        "maxRet": 0.8166666626930237,
        "minRet": 0.3916666805744171
    }
}