{
    "model": "test12x12_50k_3step_3gen_3curric/epoch_3_curric1_gen1",
    "MiniGrid-DoorKey-6x6-custom-diff1": {
        "meanRet": 0.6238499981164932,
        "maxRet": 0.934374988079071,
        "minRet": 0.17249999940395355
    },
    "MiniGrid-DoorKey-8x8-custom-diff1": {
        "meanRet": 0.07823979520067877,
        "maxRet": 0.8037499785423279,
        "minRet": 0.0
    },
    "MiniGrid-DoorKey-10x10-custom-diff1": {
        "meanRet": 0.04093749945362409,
        "maxRet": 0.7881249785423279,
        "minRet": 0.0
    },
    "MiniGrid-DoorKey-12x12-custom-diff1": {
        "meanRet": 0.0036718749130765596,
        "maxRet": 0.17624999582767487,
        "minRet": 0.0
    }
}