{
    "model": "test12x12_100k_3step_4gen_3curric/epoch_3_curric2_gen1",
    "MiniGrid-DoorKey-6x6-custom-diff1": {
        "meanRet": 0.6939999997615814,
        "maxRet": 0.9606249928474426,
        "minRet": 0.42625001072883606
    },
    "MiniGrid-DoorKey-8x8-custom-diff1": {
        "meanRet": 0.16698979601568106,
        "maxRet": 0.9018750190734863,
        "minRet": 0.0
    },
    "MiniGrid-DoorKey-10x10-custom-diff1": {
        "meanRet": 0.007851562773187956,
        "maxRet": 0.37687501311302185,
        "minRet": 0.0
    },
    "MiniGrid-DoorKey-12x12-custom-diff1": {
        "meanRet": 0.002812500111758709,
        "maxRet": 0.13500000536441803,
        "minRet": 0.0
    }
}