{
    "model": "test12x12_75k_3step_3gen_3curric/epoch_4_curric0_gen2",
    "MiniGrid-DoorKey-6x6-custom-diff1": {
        "meanRet": 0.9868028874580677,
        "maxRet": 0.9925000071525574,
        "minRet": 0.9825000166893005
    },
    "MiniGrid-DoorKey-8x8-custom-diff1": {
        "meanRet": 0.9805499982833862,
        "maxRet": 0.9887499809265137,
        "minRet": 0.9737499952316284
    },
    "MiniGrid-DoorKey-10x10-custom-diff1": {
        "meanRet": 0.9726499962806702,
        "maxRet": 0.9837499856948853,
        "minRet": 0.9624999761581421
    },
    "MiniGrid-DoorKey-12x12-custom-diff1": {
        "meanRet": 0.9560499954223632,
        "maxRet": 0.9850000143051147,
        "minRet": 0.9362499713897705
    }
}