{
    "model": "test12x12_100k_4step_3gen_3curric/epoch_12_curric2_gen3",
    "MiniGrid-DoorKey-6x6-custom-diff0.635606": {
        "meanRet": 0.9817836022377014,
        "maxRet": 0.989180326461792,
        "minRet": 0.9744262099266052
    },
    "MiniGrid-DoorKey-8x8-custom-diff0.635606": {
        "meanRet": 0.965770492553711,
        "maxRet": 0.9822950959205627,
        "minRet": 0.9527868628501892
    },
    "MiniGrid-DoorKey-10x10-custom-diff0.635606": {
        "meanRet": 0.9329573726654052,
        "maxRet": 0.9754098653793335,
        "minRet": 0.8908196687698364
    },
    "MiniGrid-DoorKey-12x12-custom-diff0.635606": {
        "meanRet": 0.9000262260437012,
        "maxRet": 0.9596721529960632,
        "minRet": 0.8504918217658997
    }
}