{
    "model": "test12x12_75k_3step_3gen_3curric/epoch_29_curric2_gen3",
    "MiniGrid-DoorKey-6x6-custom-diff0.15": {
        "meanRet": 0.9058035675968442,
        "maxRet": 0.949999988079071,
        "minRet": 0.8833333253860474
    },
    "MiniGrid-DoorKey-8x8-custom-diff0.15": {
        "meanRet": 0.8706730741720933,
        "maxRet": 0.9416666626930237,
        "minRet": 0.824999988079071
    },
    "MiniGrid-DoorKey-10x10-custom-diff0.15": {
        "meanRet": 0.8213333368301392,
        "maxRet": 0.887499988079071,
        "minRet": 0.7166666388511658
    },
    "MiniGrid-DoorKey-12x12-custom-diff0.15": {
        "meanRet": 0.7136666679382324,
        "maxRet": 0.8583333492279053,
        "minRet": 0.5958333611488342
    }
}