{
    "model": "test12x12_75k_3step_3gen_3curric/epoch_38_curric2_gen1",
    "MiniGrid-DoorKey-6x6-custom-diff0.15": {
        "meanRet": 0.9161666655540466,
        "maxRet": 0.949999988079071,
        "minRet": 0.887499988079071
    },
    "MiniGrid-DoorKey-8x8-custom-diff0.15": {
        "meanRet": 0.8741666769981384,
        "maxRet": 0.9333333373069763,
        "minRet": 0.8458333611488342
    },
    "MiniGrid-DoorKey-10x10-custom-diff0.15": {
        "meanRet": 0.8133333325386047,
        "maxRet": 0.9291666746139526,
        "minRet": 0.7458333373069763
    },
    "MiniGrid-DoorKey-12x12-custom-diff0.15": {
        "meanRet": 0.6993333292007446,
        "maxRet": 0.8208333253860474,
        "minRet": 0.48750001192092896
    }
}