{
    "model": "test12x12_75k_3step_3gen_3curric/epoch_23_curric1_gen2",
    "MiniGrid-DoorKey-6x6-custom-diff0.5815023600555896": {
        "meanRet": 0.9812473297119141,
        "maxRet": 0.9892473220825195,
        "minRet": 0.9741935729980469
    },
    "MiniGrid-DoorKey-8x8-custom-diff0.5815023600555896": {
        "meanRet": 0.9702795696258545,
        "maxRet": 0.9838709831237793,
        "minRet": 0.9623655676841736
    },
    "MiniGrid-DoorKey-10x10-custom-diff0.5815023600555896": {
        "meanRet": 0.9590967631340027,
        "maxRet": 0.9881720542907715,
        "minRet": 0.9430107474327087
    },
    "MiniGrid-DoorKey-12x12-custom-diff0.5815023600555896": {
        "meanRet": 0.9335324609721148,
        "maxRet": 0.9666666388511658,
        "minRet": 0.9064516425132751
    }
}