{
    "model": "test12x12_100k_3step_3gen_3curric/epoch_17_curric1_gen3",
    "MiniGrid-DoorKey-6x6-custom-diff0.7220715046045372": {
        "meanRet": 0.9809432196617126,
        "maxRet": 0.9887391924858093,
        "minRet": 0.9748796820640564
    },
    "MiniGrid-DoorKey-8x8-custom-diff0.7220715046045372": {
        "meanRet": 0.970410008430481,
        "maxRet": 0.9844080805778503,
        "minRet": 0.9566891193389893
    },
    "MiniGrid-DoorKey-10x10-custom-diff0.7220715046045372": {
        "meanRet": 0.9593224239349365,
        "maxRet": 0.9835418462753296,
        "minRet": 0.9384985566139221
    },
    "MiniGrid-DoorKey-12x12-custom-diff0.7220715046045372": {
        "meanRet": 0.9381456485501042,
        "maxRet": 0.9835418462753296,
        "minRet": 0.8943214416503906
    }
}