{
    "model": "new_25k_7step_4gen_3curric/epoch_3_curric0_gen1",
    "MiniGrid-DoorKey-6x6-custom-diff1": {
        "meanRet": 0.7804000020027161,
        "maxRet": 0.9793750047683716,
        "minRet": 0.5837500095367432
    },
    "MiniGrid-DoorKey-8x8-custom-diff1": {
        "meanRet": 0.031770834078391395,
        "maxRet": 0.7975000143051147,
        "minRet": 0.0
    },
    "MiniGrid-DoorKey-10x10-custom-diff1": {
        "meanRet": 0.043932292610406876,
        "maxRet": 0.7481250166893005,
        "minRet": 0.0
    },
    "MiniGrid-DoorKey-12x12-custom-diff1": {
        "meanRet": 0.007708333432674408,
        "maxRet": 0.3700000047683716,
        "minRet": 0.0
    }
}