{
    "model": "test12x12_75k_3step_3gen_3curric/epoch_46_curric2_gen2",
    "MiniGrid-DoorKey-6x6-custom-diff0.15": {
        "meanRet": 0.9170000028610229,
        "maxRet": 0.949999988079071,
        "minRet": 0.8916666507720947
    },
    "MiniGrid-DoorKey-8x8-custom-diff0.15": {
        "meanRet": 0.8870192330617171,
        "maxRet": 0.925000011920929,
        "minRet": 0.8500000238418579
    },
    "MiniGrid-DoorKey-10x10-custom-diff0.15": {
        "meanRet": 0.8277243536252242,
        "maxRet": 0.8958333134651184,
        "minRet": 0.7666666507720947
    },
    "MiniGrid-DoorKey-12x12-custom-diff0.15": {
        "meanRet": 0.7555000019073487,
        "maxRet": 0.875,
        "minRet": 0.6583333611488342
    }
}