{
    "model": "test12x12_100k_4step_3gen_3curric/epoch_15_curric0_gen2",
    "MiniGrid-DoorKey-6x6-custom-diff0.48200750000000003": {
        "meanRet": 0.9375446677207947,
        "maxRet": 0.9766570329666138,
        "minRet": 0.9027377367019653
    },
    "MiniGrid-DoorKey-8x8-custom-diff0.48200750000000003": {
        "meanRet": 0.8579193067550659,
        "maxRet": 0.9468299746513367,
        "minRet": 0.7665706276893616
    },
    "MiniGrid-DoorKey-10x10-custom-diff0.48200750000000003": {
        "meanRet": 0.7748703193664551,
        "maxRet": 0.9118155837059021,
        "minRet": 0.5876080393791199
    },
    "MiniGrid-DoorKey-12x12-custom-diff0.48200750000000003": {
        "meanRet": 0.11083393450826406,
        "maxRet": 0.8651297092437744,
        "minRet": 0.0
    }
}