{
    "model": "test12x12_100k_4step_3gen_3curric/epoch_6_curric2_gen2",
    "MiniGrid-DoorKey-6x6-custom-diff0.9720715046045372": {
        "meanRet": 0.9874424600601196,
        "maxRet": 0.9922801852226257,
        "minRet": 0.9832737445831299
    },
    "MiniGrid-DoorKey-8x8-custom-diff0.9720715046045372": {
        "meanRet": 0.9807262325286865,
        "maxRet": 0.985203742980957,
        "minRet": 0.9755539894104004
    },
    "MiniGrid-DoorKey-10x10-custom-diff0.9720715046045372": {
        "meanRet": 0.9690016684708772,
        "maxRet": 0.9845604300498962,
        "minRet": 0.9575411081314087
    },
    "MiniGrid-DoorKey-12x12-custom-diff0.9720715046045372": {
        "meanRet": 0.9564088654518127,
        "maxRet": 0.9723373651504517,
        "minRet": 0.9356683492660522
    }
}