{
    "model": "test12x12_25k_3step_3gen_3curric/epoch_6_curric2_gen3",
    "MiniGrid-DoorKey-6x6-custom-diff1": {
        "meanRet": 0.9846249961853027,
        "maxRet": 0.9943749904632568,
        "minRet": 0.9743750095367432
    },
    "MiniGrid-DoorKey-8x8-custom-diff1": {
        "meanRet": 0.9663999962806702,
        "maxRet": 0.9837499856948853,
        "minRet": 0.9399999976158142
    },
    "MiniGrid-DoorKey-10x10-custom-diff1": {
        "meanRet": 0.9185250043869019,
        "maxRet": 0.9725000262260437,
        "minRet": 0.8643749952316284
    },
    "MiniGrid-DoorKey-12x12-custom-diff1": {
        "meanRet": 0.8429000020027161,
        "maxRet": 0.9674999713897705,
        "minRet": 0.7443749904632568
    }
}