{
    "model": "test12x12_25k_3step_3gen_3curric/epoch_35_curric2_gen2",
    "MiniGrid-DoorKey-6x6-custom-diff0.5569142875744653": {
        "meanRet": 0.9792134830584893,
        "maxRet": 0.9887640476226807,
        "minRet": 0.9730337262153625
    },
    "MiniGrid-DoorKey-8x8-custom-diff0.5569142875744653": {
        "meanRet": 0.97031114422358,
        "maxRet": 0.9820224642753601,
        "minRet": 0.9629213213920593
    },
    "MiniGrid-DoorKey-10x10-custom-diff0.5569142875744653": {
        "meanRet": 0.9539325810395755,
        "maxRet": 0.9730337262153625,
        "minRet": 0.9404494166374207
    },
    "MiniGrid-DoorKey-12x12-custom-diff0.5569142875744653": {
        "meanRet": 0.928044946193695,
        "maxRet": 0.9674157500267029,
        "minRet": 0.8921348452568054
    }
}