{
    "model": "test12x12_50k_3step_3gen_3curric/epoch_40_curric0_gen3",
    "MiniGrid-DoorKey-6x6-custom-diff0.17174750000000005": {
        "meanRet": 0.9314979791641236,
        "maxRet": 0.9562752842903137,
        "minRet": 0.9052631855010986
    },
    "MiniGrid-DoorKey-8x8-custom-diff0.17174750000000005": {
        "meanRet": 0.894892557309224,
        "maxRet": 0.9198380708694458,
        "minRet": 0.8651821613311768
    },
    "MiniGrid-DoorKey-10x10-custom-diff0.17174750000000005": {
        "meanRet": 0.8493460049996009,
        "maxRet": 0.934412956237793,
        "minRet": 0.7886639833450317
    },
    "MiniGrid-DoorKey-12x12-custom-diff0.17174750000000005": {
        "meanRet": 0.7692793464660644,
        "maxRet": 0.8724696636199951,
        "minRet": 0.6611335873603821
    }
}