{
    "model": "test12x12_100k_3step_3gen_3curric/epoch_9_curric0_gen3",
    "MiniGrid-DoorKey-6x6-custom-diff0.9220715046045371": {
        "meanRet": 0.9861225485801697,
        "maxRet": 0.9911831021308899,
        "minRet": 0.9803315997123718
    },
    "MiniGrid-DoorKey-8x8-custom-diff0.9220715046045371": {
        "meanRet": 0.9746073889732361,
        "maxRet": 0.9871137738227844,
        "minRet": 0.96405428647995
    },
    "MiniGrid-DoorKey-10x10-custom-diff0.9220715046045371": {
        "meanRet": 0.9706465721130371,
        "maxRet": 0.9857573509216309,
        "minRet": 0.9457422494888306
    },
    "MiniGrid-DoorKey-12x12-custom-diff0.9220715046045371": {
        "meanRet": 0.929953281879425,
        "maxRet": 0.9769404530525208,
        "minRet": 0.8724943399429321
    }
}