{
    "model": "test12x12_50k_3step_3gen_3curric/epoch_1_curric0_gen3",
    "MiniGrid-DoorKey-6x6-custom-diff1.0": {
        "meanRet": 0.08437500024835269,
        "maxRet": 0.8899999856948853,
        "minRet": 0.0
    },
    "MiniGrid-DoorKey-8x8-custom-diff1.0": {
        "meanRet": 0.05803385407974323,
        "maxRet": 0.5865625143051147,
        "minRet": 0.0
    },
    "MiniGrid-DoorKey-10x10-custom-diff1.0": {
        "meanRet": 0.0,
        "maxRet": 0.0,
        "minRet": 0.0
    },
    "MiniGrid-DoorKey-12x12-custom-diff1.0": {
        "meanRet": 0.00390625,
        "maxRet": 0.1875,
        "minRet": 0.0
    }
}