{
    "model": "test12x12_100k_3step_4gen_3curric/epoch_15_curric2_gen2",
    "MiniGrid-DoorKey-6x6-custom-diff0.76967792277423": {
        "meanRet": 0.9827860295772552,
        "maxRet": 0.9902527332305908,
        "minRet": 0.9772562980651855
    },
    "MiniGrid-DoorKey-8x8-custom-diff0.76967792277423": {
        "meanRet": 0.9751631502921765,
        "maxRet": 0.9878158569335938,
        "minRet": 0.9666967391967773
    },
    "MiniGrid-DoorKey-10x10-custom-diff0.76967792277423": {
        "meanRet": 0.9625728978560522,
        "maxRet": 0.9837545156478882,
        "minRet": 0.9504512548446655
    },
    "MiniGrid-DoorKey-12x12-custom-diff0.76967792277423": {
        "meanRet": 0.947851984500885,
        "maxRet": 0.9707581400871277,
        "minRet": 0.9220216870307922
    }
}