{
    "model": "test12x12_75k_3step_3gen_3curric/epoch_17_curric0_gen3",
    "MiniGrid-DoorKey-6x6-custom-diff0.7315023600555897": {
        "meanRet": 0.9838556382391188,
        "maxRet": 0.9888888597488403,
        "minRet": 0.9794871807098389
    },
    "MiniGrid-DoorKey-8x8-custom-diff0.7315023600555897": {
        "meanRet": 0.9755897307395935,
        "maxRet": 0.9854700565338135,
        "minRet": 0.9683760404586792
    },
    "MiniGrid-DoorKey-10x10-custom-diff0.7315023600555897": {
        "meanRet": 0.9650887457224039,
        "maxRet": 0.9905982613563538,
        "minRet": 0.9504273533821106
    },
    "MiniGrid-DoorKey-12x12-custom-diff0.7315023600555897": {
        "meanRet": 0.9326153802871704,
        "maxRet": 0.976068377494812,
        "minRet": 0.9008547067642212
    }
}