{
    "model": "test12x12_50k_3step_3gen_3curric/epoch_13_curric2_gen3",
    "MiniGrid-DoorKey-6x6-custom-diff0.9260602224432589": {
        "meanRet": 0.9863715944466768,
        "maxRet": 0.9918980002403259,
        "minRet": 0.9817704558372498
    },
    "MiniGrid-DoorKey-8x8-custom-diff0.9260602224432589": {
        "meanRet": 0.9800690174102783,
        "maxRet": 0.989197313785553,
        "minRet": 0.9723180532455444
    },
    "MiniGrid-DoorKey-10x10-custom-diff0.9260602224432589": {
        "meanRet": 0.9667546868324279,
        "maxRet": 0.9851462841033936,
        "minRet": 0.9534133672714233
    },
    "MiniGrid-DoorKey-12x12-custom-diff0.9260602224432589": {
        "meanRet": 0.9567351770401001,
        "maxRet": 0.975693941116333,
        "minRet": 0.933158278465271
    }
}