{
    "model": "test12x12_25k_3step_3gen_3curric/epoch_9_curric0_gen2",
    "MiniGrid-DoorKey-6x6-custom-diff1": {
        "meanRet": 0.9828125055019672,
        "maxRet": 0.9925000071525574,
        "minRet": 0.9712499976158142
    },
    "MiniGrid-DoorKey-8x8-custom-diff1": {
        "meanRet": 0.9710000014305115,
        "maxRet": 0.9906250238418579,
        "minRet": 0.9506250023841858
    },
    "MiniGrid-DoorKey-10x10-custom-diff1": {
        "meanRet": 0.9433500051498414,
        "maxRet": 0.9900000095367432,
        "minRet": 0.9024999737739563
    },
    "MiniGrid-DoorKey-12x12-custom-diff1": {
        "meanRet": 0.890649995803833,
        "maxRet": 0.9606249928474426,
        "minRet": 0.8299999833106995
    }
}