{
    "model": "test12x12_25k_3step_3gen_3curric/epoch_41_curric0_gen1",
    "MiniGrid-DoorKey-6x6-custom-diff0.40691428757446535": {
        "meanRet": 0.9716307711601258,
        "maxRet": 0.9846153855323792,
        "minRet": 0.9646154046058655
    },
    "MiniGrid-DoorKey-8x8-custom-diff0.40691428757446535": {
        "meanRet": 0.952130180138808,
        "maxRet": 0.9692307710647583,
        "minRet": 0.9384615421295166
    },
    "MiniGrid-DoorKey-10x10-custom-diff0.40691428757446535": {
        "meanRet": 0.9337230801582337,
        "maxRet": 0.9676923155784607,
        "minRet": 0.9123076796531677
    },
    "MiniGrid-DoorKey-12x12-custom-diff0.40691428757446535": {
        "meanRet": 0.8841230726242065,
        "maxRet": 0.9569230675697327,
        "minRet": 0.8338461518287659
    }
}