{
    "model": "test12x12_25k_3step_3gen_3curric/epoch_26_curric2_gen3",
    "MiniGrid-DoorKey-6x6-custom-diff0.7819142875744653": {
        "meanRet": 0.9855692294927744,
        "maxRet": 0.9919999837875366,
        "minRet": 0.9824000000953674
    },
    "MiniGrid-DoorKey-8x8-custom-diff0.7819142875744653": {
        "meanRet": 0.9773846154029553,
        "maxRet": 0.9879999756813049,
        "minRet": 0.972000002861023
    },
    "MiniGrid-DoorKey-10x10-custom-diff0.7819142875744653": {
        "meanRet": 0.9701119971275329,
        "maxRet": 0.979200005531311,
        "minRet": 0.9599999785423279
    },
    "MiniGrid-DoorKey-12x12-custom-diff0.7819142875744653": {
        "meanRet": 0.9463692261622503,
        "maxRet": 0.9760000109672546,
        "minRet": 0.9327999949455261
    }
}