{
    "model": "Mo_Rhea1\\epoch_8_curric0_gen2",
    "MiniGrid-DoorKey-5x5-custom-diff2": {
        "meanRet": 0.6035714248816172,
        "maxRet": 0.6785714030265808,
        "minRet": 0.550000011920929
    },
    "MiniGrid-DoorKey-6x6-custom-diff2": {
        "meanRet": 0.6006250083446503,
        "maxRet": 0.7524999976158142,
        "minRet": 0.550000011920929
    },
    "MiniGrid-DoorKey-8x8-custom-diff2": {
        "meanRet": 0.6592857062816619,
        "maxRet": 0.8328571319580078,
        "minRet": 0.5242857336997986
    },
    "MiniGrid-DoorKey-16x16-custom-diff2": {
        "meanRet": 0.02370345639064908,
        "maxRet": 0.6297872066497803,
        "minRet": 0.0
    }
}