{
    "model": "test12x12_25k_3step_3gen_3curric/epoch_34_curric1_gen2",
    "MiniGrid-DoorKey-6x6-custom-diff0.5819142875744653": {
        "meanRet": 0.9793118476867676,
        "maxRet": 0.9860215187072754,
        "minRet": 0.9741935729980469
    },
    "MiniGrid-DoorKey-8x8-custom-diff0.5819142875744653": {
        "meanRet": 0.9683010721206665,
        "maxRet": 0.9827957153320312,
        "minRet": 0.9612902998924255
    },
    "MiniGrid-DoorKey-10x10-custom-diff0.5819142875744653": {
        "meanRet": 0.954494616985321,
        "maxRet": 0.9870967864990234,
        "minRet": 0.9301075339317322
    },
    "MiniGrid-DoorKey-12x12-custom-diff0.5819142875744653": {
        "meanRet": 0.9138064575195313,
        "maxRet": 0.9709677696228027,
        "minRet": 0.8774193525314331
    }
}