{
    "model": "test12x12_100k_4step_3gen_3curric/epoch_1_curric0_gen1",
    "MiniGrid-DoorKey-6x6-custom-diff1.0": {
        "meanRet": 0.9499999926640437,
        "maxRet": 0.9750000238418579,
        "minRet": 0.925000011920929
    },
    "MiniGrid-DoorKey-8x8-custom-diff1.0": {
        "meanRet": 0.946168749332428,
        "maxRet": 0.9803125262260437,
        "minRet": 0.9212499856948853
    },
    "MiniGrid-DoorKey-10x10-custom-diff1.0": {
        "meanRet": 0.9566200017929077,
        "maxRet": 0.9775000214576721,
        "minRet": 0.9343000054359436
    },
    "MiniGrid-DoorKey-12x12-custom-diff1.0": {
        "meanRet": 0.9469750022888184,
        "maxRet": 0.9800000190734863,
        "minRet": 0.9112499952316284
    }
}