{
    "model": "test12x12_25k_3step_3gen_3curric/epoch_43_curric0_gen3",
    "MiniGrid-DoorKey-6x6-custom-diff0.3569142875744653": {
        "meanRet": 0.968140344619751,
        "maxRet": 0.9789473414421082,
        "minRet": 0.9561403393745422
    },
    "MiniGrid-DoorKey-8x8-custom-diff0.3569142875744653": {
        "meanRet": 0.9439246190918816,
        "maxRet": 0.9719298481941223,
        "minRet": 0.9245613813400269
    },
    "MiniGrid-DoorKey-10x10-custom-diff0.3569142875744653": {
        "meanRet": 0.9221754384040832,
        "maxRet": 0.9719298481941223,
        "minRet": 0.8877192735671997
    },
    "MiniGrid-DoorKey-12x12-custom-diff0.3569142875744653": {
        "meanRet": 0.8824561429023743,
        "maxRet": 0.9438596367835999,
        "minRet": 0.8245614171028137
    }
}