{
    "model": "new_25k_7step_4gen_3curric/epoch_3_curric1_gen2",
    "MiniGrid-DoorKey-6x6-custom-diff1": {
        "meanRet": 0.6413250011205673,
        "maxRet": 0.9681249856948853,
        "minRet": 0.23499999940395355
    },
    "MiniGrid-DoorKey-8x8-custom-diff1": {
        "meanRet": 0.09439999997615814,
        "maxRet": 0.8399999737739563,
        "minRet": 0.0
    },
    "MiniGrid-DoorKey-10x10-custom-diff1": {
        "meanRet": 0.006588541592160861,
        "maxRet": 0.3162499964237213,
        "minRet": 0.0
    },
    "MiniGrid-DoorKey-12x12-custom-diff1": {
        "meanRet": 0.0,
        "maxRet": 0.0,
        "minRet": 0.0
    }
}