{
    "model": "test12x12_50k_3step_3gen_3curric/epoch_38_curric1_gen1",
    "MiniGrid-DoorKey-6x6-custom-diff0.3010602224432588": {
        "meanRet": 0.9607575106620788,
        "maxRet": 0.9729791879653931,
        "minRet": 0.9480369687080383
    },
    "MiniGrid-DoorKey-8x8-custom-diff0.3010602224432588": {
        "meanRet": 0.9436400739046243,
        "maxRet": 0.9667436480522156,
        "minRet": 0.9230946898460388
    },
    "MiniGrid-DoorKey-10x10-custom-diff0.3010602224432588": {
        "meanRet": 0.9185379285078782,
        "maxRet": 0.9605081081390381,
        "minRet": 0.8939954042434692
    },
    "MiniGrid-DoorKey-12x12-custom-diff0.3010602224432588": {
        "meanRet": 0.8647297930717468,
        "maxRet": 0.9438799023628235,
        "minRet": 0.8046189546585083
    }
}