{
    "model": "test12x12_100k_3step_4gen_3curric/epoch_13_curric0_gen1",
    "MiniGrid-DoorKey-6x6-custom-diff0.81967792277423": {
        "meanRet": 0.985860499051901,
        "maxRet": 0.9908474683761597,
        "minRet": 0.9809321761131287
    },
    "MiniGrid-DoorKey-8x8-custom-diff0.81967792277423": {
        "meanRet": 0.9745559334754944,
        "maxRet": 0.9847457408905029,
        "minRet": 0.9672033786773682
    },
    "MiniGrid-DoorKey-10x10-custom-diff0.81967792277423": {
        "meanRet": 0.9565864372253418,
        "maxRet": 0.9862712025642395,
        "minRet": 0.941271185874939
    },
    "MiniGrid-DoorKey-12x12-custom-diff0.81967792277423": {
        "meanRet": 0.9366338968276977,
        "maxRet": 0.9733051061630249,
        "minRet": 0.8993220329284668
    }
}