{
    "model": "test12x12_25k_3step_3gen_3curric/epoch_24_curric0_gen2",
    "MiniGrid-DoorKey-6x6-custom-diff0.8319142875744653": {
        "meanRet": 0.9820050080617269,
        "maxRet": 0.9902255535125732,
        "minRet": 0.9751879572868347
    },
    "MiniGrid-DoorKey-8x8-custom-diff0.8319142875744653": {
        "meanRet": 0.9768074017304641,
        "maxRet": 0.9879699349403381,
        "minRet": 0.9669172763824463
    },
    "MiniGrid-DoorKey-10x10-custom-diff0.8319142875744653": {
        "meanRet": 0.9626662822870108,
        "maxRet": 0.9842105507850647,
        "minRet": 0.9473684430122375
    },
    "MiniGrid-DoorKey-12x12-custom-diff0.8319142875744653": {
        "meanRet": 0.9410225510597229,
        "maxRet": 0.9789473414421082,
        "minRet": 0.9015037417411804
    }
}