{
    "model": "test12x12_100k_3step_3gen_3curric/epoch_38_curric0_gen2",
    "MiniGrid-DoorKey-6x6-custom-diff0.15": {
        "meanRet": 0.9161859017152053,
        "maxRet": 0.949999988079071,
        "minRet": 0.887499988079071
    },
    "MiniGrid-DoorKey-8x8-custom-diff0.15": {
        "meanRet": 0.858666672706604,
        "maxRet": 0.9166666865348816,
        "minRet": 0.800000011920929
    },
    "MiniGrid-DoorKey-10x10-custom-diff0.15": {
        "meanRet": 0.8270000004768372,
        "maxRet": 0.9208333492279053,
        "minRet": 0.7166666388511658
    },
    "MiniGrid-DoorKey-12x12-custom-diff0.15": {
        "meanRet": 0.6861666715145112,
        "maxRet": 0.8791666626930237,
        "minRet": 0.4583333432674408
    }
}