{
    "model": "test12x12_50k_3step_3gen_3curric/epoch_3_curric2_gen1",
    "MiniGrid-DoorKey-6x6-custom-diff1": {
        "meanRet": 0.6752999997138978,
        "maxRet": 0.9712499976158142,
        "minRet": 0.3137499988079071
    },
    "MiniGrid-DoorKey-8x8-custom-diff1": {
        "meanRet": 0.03032552171498537,
        "maxRet": 0.6468750238418579,
        "minRet": 0.0
    },
    "MiniGrid-DoorKey-10x10-custom-diff1": {
        "meanRet": 0.044921875620881714,
        "maxRet": 0.6443750262260437,
        "minRet": 0.0
    },
    "MiniGrid-DoorKey-12x12-custom-diff1": {
        "meanRet": 0.0,
        "maxRet": 0.0,
        "minRet": 0.0
    }
}