{
    "model": "SO_RHEA_2PARA_5GEN_14May\\epoch_8_curric2_gen2",
    "MiniGrid-DoorKey-5x5-custom-diff1": {
        "meanRet": 0.870121955871582,
        "maxRet": 0.9012194871902466,
        "minRet": 0.8463414907455444
    },
    "MiniGrid-DoorKey-6x6-custom-diff1": {
        "meanRet": 0.8767226815223694,
        "maxRet": 0.8941176533699036,
        "minRet": 0.8638655543327332
    },
    "MiniGrid-DoorKey-8x8-custom-diff1": {
        "meanRet": 0.8950710892677307,
        "maxRet": 0.9146919250488281,
        "minRet": 0.8805687427520752
    },
    "MiniGrid-DoorKey-16x16-custom-diff1": {
        "meanRet": 0.7901775121688843,
        "maxRet": 0.9328994154930115,
        "minRet": 0.6453254222869873
    }
}