{
    "model": "test12x12_100k_3step_4gen_3curric/epoch_11_curric2_gen3",
    "MiniGrid-DoorKey-6x6-custom-diff0.86967792277423": {
        "meanRet": 0.9865718817710877,
        "maxRet": 0.9913737773895264,
        "minRet": 0.9827476143836975
    },
    "MiniGrid-DoorKey-8x8-custom-diff0.86967792277423": {
        "meanRet": 0.9794298387490786,
        "maxRet": 0.9892172813415527,
        "minRet": 0.9719648361206055
    },
    "MiniGrid-DoorKey-10x10-custom-diff0.86967792277423": {
        "meanRet": 0.9688881802558899,
        "maxRet": 0.9870607256889343,
        "minRet": 0.9532747864723206
    },
    "MiniGrid-DoorKey-12x12-custom-diff0.86967792277423": {
        "meanRet": 0.9541948914527894,
        "maxRet": 0.9777156710624695,
        "minRet": 0.9353035092353821
    }
}