{
    "model": "test12x12_50k_3step_3gen_3curric/epoch_16_curric2_gen3",
    "MiniGrid-DoorKey-6x6-custom-diff0.8510602224432589": {
        "meanRet": 0.9847771406173706,
        "maxRet": 0.9904489517211914,
        "minRet": 0.9794285893440247
    },
    "MiniGrid-DoorKey-8x8-custom-diff0.8510602224432589": {
        "meanRet": 0.9741093873977661,
        "maxRet": 0.9889795780181885,
        "minRet": 0.9669387936592102
    },
    "MiniGrid-DoorKey-10x10-custom-diff0.8510602224432589": {
        "meanRet": 0.961208164691925,
        "maxRet": 0.9823673367500305,
        "minRet": 0.9390203952789307
    },
    "MiniGrid-DoorKey-12x12-custom-diff0.8510602224432589": {
        "meanRet": 0.9456891669676855,
        "maxRet": 0.9669387936592102,
        "minRet": 0.9257959127426147
    }
}