{
    "model": "test12x12_100k_3step_3gen_3curric/epoch_18_curric0_gen1",
    "MiniGrid-DoorKey-6x6-custom-diff0.6970715046045372": {
        "meanRet": 0.981335985660553,
        "maxRet": 0.9883350133895874,
        "minRet": 0.9757726788520813
    },
    "MiniGrid-DoorKey-8x8-custom-diff0.6970715046045372": {
        "meanRet": 0.971286141872406,
        "maxRet": 0.9838484525680542,
        "minRet": 0.9560319185256958
    },
    "MiniGrid-DoorKey-10x10-custom-diff0.6970715046045372": {
        "meanRet": 0.9627437615394592,
        "maxRet": 0.9847457408905029,
        "minRet": 0.9389830231666565
    },
    "MiniGrid-DoorKey-12x12-custom-diff0.6970715046045372": {
        "meanRet": 0.9267437624931335,
        "maxRet": 0.9542372822761536,
        "minRet": 0.8860418796539307
    }
}