{
    "model": "DO_11_05_RHEA_PARA_ENV_1\\epoch_12_curric1_gen2",
    "MiniGrid-DoorKey-5x5-custom-diff2": {
        "meanRet": 0.6670918336936406,
        "maxRet": 0.7107142806053162,
        "minRet": 0.6464285850524902
    },
    "MiniGrid-DoorKey-6x6-custom-diff2": {
        "meanRet": 0.7075000107288361,
        "maxRet": 0.7749999761581421,
        "minRet": 0.6625000238418579
    },
    "MiniGrid-DoorKey-8x8-custom-diff2": {
        "meanRet": 0.7218181761828336,
        "maxRet": 0.8071428537368774,
        "minRet": 0.691428542137146
    },
    "MiniGrid-DoorKey-16x16-custom-diff2": {
        "meanRet": 0.07446808461099863,
        "maxRet": 0.827659547328949,
        "minRet": 0.0
    }
}