{
    "model": "test12x12_150k_3step_3gen_3curric/epoch_26_curric2_gen1",
    "MiniGrid-DoorKey-6x6-custom-diff0.15": {
        "meanRet": 0.9161666655540466,
        "maxRet": 0.949999988079071,
        "minRet": 0.887499988079071
    },
    "MiniGrid-DoorKey-8x8-custom-diff0.15": {
        "meanRet": 0.8733333349227905,
        "maxRet": 0.9333333373069763,
        "minRet": 0.8416666388511658
    },
    "MiniGrid-DoorKey-10x10-custom-diff0.15": {
        "meanRet": 0.8273333430290222,
        "maxRet": 0.9208333492279053,
        "minRet": 0.7666666507720947
    },
    "MiniGrid-DoorKey-12x12-custom-diff0.15": {
        "meanRet": 0.7258333325386047,
        "maxRet": 0.8708333373069763,
        "minRet": 0.6208333373069763
    }
}