{
    "model": "DO_11_05_RHEA_PARA_ENV_1\\epoch_1_curric3_gen1",
    "MiniGrid-DoorKey-5x5-custom-diff0": {
        "meanRet": 0.9540999829769135,
        "maxRet": 0.9639999866485596,
        "minRet": 0.9459999799728394
    },
    "MiniGrid-DoorKey-6x6-custom-diff0": {
        "meanRet": 0.9627083241939545,
        "maxRet": 0.9725000262260437,
        "minRet": 0.9549999833106995
    },
    "MiniGrid-DoorKey-8x8-custom-diff0": {
        "meanRet": 0.9651250004768371,
        "maxRet": 0.971875011920929,
        "minRet": 0.9606249928474426
    },
    "MiniGrid-DoorKey-16x16-custom-diff0": {
        "meanRet": 0.8784648418426514,
        "maxRet": 0.954296886920929,
        "minRet": 0.7718359231948853
    }
}