{
    "model": "test12x12_150k_3step_3gen_3curric/epoch_26_curric1_gen3",
    "MiniGrid-DoorKey-6x6-custom-diff0.15": {
        "meanRet": 0.9278333425521851,
        "maxRet": 0.9583333134651184,
        "minRet": 0.9083333611488342
    },
    "MiniGrid-DoorKey-8x8-custom-diff0.15": {
        "meanRet": 0.8684999990463257,
        "maxRet": 0.9375,
        "minRet": 0.8041666746139526
    },
    "MiniGrid-DoorKey-10x10-custom-diff0.15": {
        "meanRet": 0.821474355000716,
        "maxRet": 0.9375,
        "minRet": 0.75
    },
    "MiniGrid-DoorKey-12x12-custom-diff0.15": {
        "meanRet": 0.7248333382606507,
        "maxRet": 0.8583333492279053,
        "minRet": 0.5541666746139526
    }
}