{
    "model": "SO_RHEA_2PARA_5GEN_14May\\epoch_3_curric2_gen2",
    "MiniGrid-DoorKey-5x5-custom-diff2": {
        "meanRet": 0.6854591837951115,
        "maxRet": 0.7428571581840515,
        "minRet": 0.6464285850524902
    },
    "MiniGrid-DoorKey-6x6-custom-diff2": {
        "meanRet": 0.7029999911785125,
        "maxRet": 0.7749999761581421,
        "minRet": 0.6399999856948853
    },
    "MiniGrid-DoorKey-8x8-custom-diff2": {
        "meanRet": 0.7136363658038053,
        "maxRet": 0.7942857146263123,
        "minRet": 0.6528571248054504
    },
    "MiniGrid-DoorKey-16x16-custom-diff2": {
        "meanRet": 0.7015957474708557,
        "maxRet": 0.8531914949417114,
        "minRet": 0.5436170101165771
    }
}