{
    "model": "test12x12_25k_3step_3gen_3curric/epoch_23_curric2_gen2",
    "MiniGrid-DoorKey-6x6-custom-diff0.8569142875744653": {
        "meanRet": 0.9838012296419877,
        "maxRet": 0.9927007555961609,
        "minRet": 0.9795620441436768
    },
    "MiniGrid-DoorKey-8x8-custom-diff0.8569142875744653": {
        "meanRet": 0.9765341922088906,
        "maxRet": 0.9868612885475159,
        "minRet": 0.9693430662155151
    },
    "MiniGrid-DoorKey-10x10-custom-diff0.8569142875744653": {
        "meanRet": 0.9678832101821899,
        "maxRet": 0.9817517995834351,
        "minRet": 0.9525547623634338
    },
    "MiniGrid-DoorKey-12x12-custom-diff0.8569142875744653": {
        "meanRet": 0.9486131429672241,
        "maxRet": 0.9737226366996765,
        "minRet": 0.9204379320144653
    }
}