{
    "model": "test12x12_100k_3step_3gen_3curric/epoch_20_curric2_gen2",
    "MiniGrid-DoorKey-6x6-custom-diff0.6470715046045372": {
        "meanRet": 0.979922333588967,
        "maxRet": 0.9893662929534912,
        "minRet": 0.9719656109809875
    },
    "MiniGrid-DoorKey-8x8-custom-diff0.6470715046045372": {
        "meanRet": 0.9670934510231018,
        "maxRet": 0.9825993776321411,
        "minRet": 0.9574651122093201
    },
    "MiniGrid-DoorKey-10x10-custom-diff0.6470715046045372": {
        "meanRet": 0.9514328622817994,
        "maxRet": 0.980665922164917,
        "minRet": 0.9274973273277283
    },
    "MiniGrid-DoorKey-12x12-custom-diff0.6470715046045372": {
        "meanRet": 0.926917290687561,
        "maxRet": 0.9680988192558289,
        "minRet": 0.8772287964820862
    }
}