{
    "model": "test12x12_75k_3step_3gen_3curric/epoch_11_curric2_gen1",
    "MiniGrid-DoorKey-6x6-custom-diff0.9065023600555896": {
        "meanRet": 0.9874758744239807,
        "maxRet": 0.9917241334915161,
        "minRet": 0.9841379523277283
    },
    "MiniGrid-DoorKey-8x8-custom-diff0.9065023600555896": {
        "meanRet": 0.9808827662467956,
        "maxRet": 0.9903448224067688,
        "minRet": 0.9758620858192444
    },
    "MiniGrid-DoorKey-10x10-custom-diff0.9065023600555896": {
        "meanRet": 0.9718263083034091,
        "maxRet": 0.9903448224067688,
        "minRet": 0.9627586007118225
    },
    "MiniGrid-DoorKey-12x12-custom-diff0.9065023600555896": {
        "meanRet": 0.9536000061035156,
        "maxRet": 0.9758620858192444,
        "minRet": 0.9317241311073303
    }
}