{
    "model": "Rhea_mi1\\epoch_4_curric2_gen2",
    "MiniGrid-DoorKey-5x5-custom": {
        "meanRet": 0.8996154069900513,
        "maxRet": 0.9190000295639038,
        "minRet": 0.8830000162124634
    },
    "MiniGrid-DoorKey-6x6-custom": {
        "meanRet": 0.8934400200843811,
        "maxRet": 0.9136000275611877,
        "minRet": 0.8776000142097473
    },
    "MiniGrid-DoorKey-8x8-custom": {
        "meanRet": 0.9000999987125397,
        "maxRet": 0.9279999732971191,
        "minRet": 0.8784999847412109
    },
    "MiniGrid-DoorKey-16x16-custom": {
        "meanRet": 0.04556250013411045,
        "maxRet": 0.5860000252723694,
        "minRet": 0.0
    }
}