{
    "model": "test12x12_25k_3step_3gen_3curric/epoch_48_curric2_gen1",
    "MiniGrid-DoorKey-6x6-custom-diff0.2319142875744653": {
        "meanRet": 0.9419459414482116,
        "maxRet": 0.9729729890823364,
        "minRet": 0.9135135412216187
    },
    "MiniGrid-DoorKey-8x8-custom-diff0.2319142875744653": {
        "meanRet": 0.9036756730079651,
        "maxRet": 0.9459459185600281,
        "minRet": 0.8702702522277832
    },
    "MiniGrid-DoorKey-10x10-custom-diff0.2319142875744653": {
        "meanRet": 0.8615135073661804,
        "maxRet": 0.954054057598114,
        "minRet": 0.800000011920929
    },
    "MiniGrid-DoorKey-12x12-custom-diff0.2319142875744653": {
        "meanRet": 0.7615135145187378,
        "maxRet": 0.9270270466804504,
        "minRet": 0.5864864587783813
    }
}