{
    "model": "DO_11_05_RHEA_PARA_ENV_1\\epoch_6_curric2_gen3",
    "MiniGrid-DoorKey-5x5-custom-diff0": {
        "meanRet": 0.9564727111296221,
        "maxRet": 0.9675999879837036,
        "minRet": 0.9495999813079834
    },
    "MiniGrid-DoorKey-6x6-custom-diff0": {
        "meanRet": 0.9578845959443313,
        "maxRet": 0.9674999713897705,
        "minRet": 0.9524999856948853
    },
    "MiniGrid-DoorKey-8x8-custom-diff0": {
        "meanRet": 0.9609062433242798,
        "maxRet": 0.9775000214576721,
        "minRet": 0.9535937309265137
    },
    "MiniGrid-DoorKey-16x16-custom-diff0": {
        "meanRet": 0.9255039036273957,
        "maxRet": 0.9680078029632568,
        "minRet": 0.8783593773841858
    }
}