{
    "model": "test12x12_100k_4step_3gen_3curric/epoch_8_curric2_gen1",
    "MiniGrid-DoorKey-6x6-custom-diff0.9220715046045371": {
        "meanRet": 0.7224446129798889,
        "maxRet": 0.9816880226135254,
        "minRet": 0.42961567640304565
    },
    "MiniGrid-DoorKey-8x8-custom-diff0.9220715046045371": {
        "meanRet": 0.07993908536930878,
        "maxRet": 0.80263751745224,
        "minRet": 0.0
    },
    "MiniGrid-DoorKey-10x10-custom-diff0.9220715046045371": {
        "meanRet": 0.06449855615695317,
        "maxRet": 0.9735493659973145,
        "minRet": 0.0
    },
    "MiniGrid-DoorKey-12x12-custom-diff0.9220715046045371": {
        "meanRet": 0.0,
        "maxRet": 0.0,
        "minRet": 0.0
    }
}