{
    "model": "test12x12_75k_3step_3gen_3curric/epoch_28_curric0_gen2",
    "MiniGrid-DoorKey-6x6-custom-diff0.45650236005558964": {
        "meanRet": 0.9754946761661105,
        "maxRet": 0.983561635017395,
        "minRet": 0.9684931635856628
    },
    "MiniGrid-DoorKey-8x8-custom-diff0.45650236005558964": {
        "meanRet": 0.9626975701405451,
        "maxRet": 0.9780821800231934,
        "minRet": 0.9534246325492859
    },
    "MiniGrid-DoorKey-10x10-custom-diff0.45650236005558964": {
        "meanRet": 0.9475068473815917,
        "maxRet": 0.9808219075202942,
        "minRet": 0.9232876896858215
    },
    "MiniGrid-DoorKey-12x12-custom-diff0.45650236005558964": {
        "meanRet": 0.9090958881378174,
        "maxRet": 0.9506849050521851,
        "minRet": 0.8671233057975769
    }
}