{
    "model": "test12x12_75k_3step_3gen_3curric/epoch_40_curric0_gen1",
    "MiniGrid-DoorKey-6x6-custom-diff0.15": {
        "meanRet": 0.9287202464682716,
        "maxRet": 0.9583333134651184,
        "minRet": 0.9083333611488342
    },
    "MiniGrid-DoorKey-8x8-custom-diff0.15": {
        "meanRet": 0.8825000023841858,
        "maxRet": 0.925000011920929,
        "minRet": 0.8541666865348816
    },
    "MiniGrid-DoorKey-10x10-custom-diff0.15": {
        "meanRet": 0.8371666646003724,
        "maxRet": 0.9375,
        "minRet": 0.7583333253860474
    },
    "MiniGrid-DoorKey-12x12-custom-diff0.15": {
        "meanRet": 0.7458333325386047,
        "maxRet": 0.8791666626930237,
        "minRet": 0.637499988079071
    }
}