{
    "model": "test12x12_25k_3step_3gen_3curric/epoch_21_curric0_gen2",
    "MiniGrid-DoorKey-6x6-custom-diff0.9069142875744653": {
        "meanRet": 0.9874005409387442,
        "maxRet": 0.9917241334915161,
        "minRet": 0.9841379523277283
    },
    "MiniGrid-DoorKey-8x8-custom-diff0.9069142875744653": {
        "meanRet": 0.979337933063507,
        "maxRet": 0.9882758855819702,
        "minRet": 0.973793089389801
    },
    "MiniGrid-DoorKey-10x10-custom-diff0.9069142875744653": {
        "meanRet": 0.9699310302734375,
        "maxRet": 0.9806896448135376,
        "minRet": 0.9572413563728333
    },
    "MiniGrid-DoorKey-12x12-custom-diff0.9069142875744653": {
        "meanRet": 0.9474758625030517,
        "maxRet": 0.9772413969039917,
        "minRet": 0.9206896424293518
    }
}