{
    "model": "MI_RHEA_PARA_ENV_2_first\\epoch_1_curric2_gen3",
    "MiniGrid-DoorKey-5x5-custom-diff0": {
        "meanRet": 0.9565428410257611,
        "maxRet": 0.9675999879837036,
        "minRet": 0.9495999813079834
    },
    "MiniGrid-DoorKey-6x6-custom-diff0": {
        "meanRet": 0.9589999794960022,
        "maxRet": 0.9674999713897705,
        "minRet": 0.9524999856948853
    },
    "MiniGrid-DoorKey-8x8-custom-diff0": {
        "meanRet": 0.9540156245231628,
        "maxRet": 0.971875011920929,
        "minRet": 0.9395312666893005
    },
    "MiniGrid-DoorKey-16x16-custom-diff0": {
        "meanRet": 0.8761093735694885,
        "maxRet": 0.9391796588897705,
        "minRet": 0.8080468773841858
    }
}