{
    "model": "test12x12_50k_3step_3gen_3curric/epoch_9_curric0_gen2",
    "MiniGrid-DoorKey-6x6-custom-diff1": {
        "meanRet": 0.9872250008583069,
        "maxRet": 0.9925000071525574,
        "minRet": 0.9837499856948853
    },
    "MiniGrid-DoorKey-8x8-custom-diff1": {
        "meanRet": 0.979524998664856,
        "maxRet": 0.9893749952316284,
        "minRet": 0.9712499976158142
    },
    "MiniGrid-DoorKey-10x10-custom-diff1": {
        "meanRet": 0.961625006198883,
        "maxRet": 0.984375,
        "minRet": 0.9449999928474426
    },
    "MiniGrid-DoorKey-12x12-custom-diff1": {
        "meanRet": 0.9443000030517578,
        "maxRet": 0.9781249761581421,
        "minRet": 0.9068750143051147
    }
}