{
    "model": "test12x12_50k_3step_3gen_3curric/epoch_37_curric2_gen3",
    "MiniGrid-DoorKey-6x6-custom-diff0.32606022244325883": {
        "meanRet": 0.9636929631233215,
        "maxRet": 0.9808102250099182,
        "minRet": 0.9520255923271179
    },
    "MiniGrid-DoorKey-8x8-custom-diff0.32606022244325883": {
        "meanRet": 0.9454243063926697,
        "maxRet": 0.9750533103942871,
        "minRet": 0.9289978742599487
    },
    "MiniGrid-DoorKey-10x10-custom-diff0.32606022244325883": {
        "meanRet": 0.9271556520462036,
        "maxRet": 0.969296395778656,
        "minRet": 0.8963752388954163
    },
    "MiniGrid-DoorKey-12x12-custom-diff0.32606022244325883": {
        "meanRet": 0.8576886987686158,
        "maxRet": 0.9405117034912109,
        "minRet": 0.8004264235496521
    }
}