{
    "model": "test12x12_100k_3step_4gen_3curric/epoch_34_curric0_gen3",
    "MiniGrid-DoorKey-6x6-custom-diff0.15": {
        "meanRet": 0.9217948798949902,
        "maxRet": 0.949999988079071,
        "minRet": 0.9041666388511658
    },
    "MiniGrid-DoorKey-8x8-custom-diff0.15": {
        "meanRet": 0.8594999980926513,
        "maxRet": 0.9291666746139526,
        "minRet": 0.8166666626930237
    },
    "MiniGrid-DoorKey-10x10-custom-diff0.15": {
        "meanRet": 0.7703333377838135,
        "maxRet": 0.925000011920929,
        "minRet": 0.6708333492279053
    },
    "MiniGrid-DoorKey-12x12-custom-diff0.15": {
        "meanRet": 0.6074999964237213,
        "maxRet": 0.9041666388511658,
        "minRet": 0.4166666567325592
    }
}