{
    "model": "SoRRH_3\\epoch_7_curric2",
    "MiniGrid-DoorKey-5x5-custom-diff1": {
        "meanRet": 0.8419512271881103,
        "maxRet": 0.8792682886123657,
        "minRet": 0.8024390339851379
    },
    "MiniGrid-DoorKey-6x6-custom-diff1": {
        "meanRet": 0.8653781533241272,
        "maxRet": 0.9092437028884888,
        "minRet": 0.8184874057769775
    },
    "MiniGrid-DoorKey-8x8-custom-diff1": {
        "meanRet": 0.8707582950592041,
        "maxRet": 0.9146919250488281,
        "minRet": 0.829383909702301
    },
    "MiniGrid-DoorKey-16x16-custom-diff1": {
        "meanRet": 0.8247928977012634,
        "maxRet": 0.9062721729278564,
        "minRet": 0.647455632686615
    }
}