{
    "model": "test12x12_75k_3step_3gen_3curric/epoch_46_curric1_gen3",
    "MiniGrid-DoorKey-6x6-custom-diff0.15": {
        "meanRet": 0.928000009059906,
        "maxRet": 0.949999988079071,
        "minRet": 0.9083333611488342
    },
    "MiniGrid-DoorKey-8x8-custom-diff0.15": {
        "meanRet": 0.8775,
        "maxRet": 0.9291666746139526,
        "minRet": 0.8374999761581421
    },
    "MiniGrid-DoorKey-10x10-custom-diff0.15": {
        "meanRet": 0.8451923109017886,
        "maxRet": 0.9541666507720947,
        "minRet": 0.7875000238418579
    },
    "MiniGrid-DoorKey-12x12-custom-diff0.15": {
        "meanRet": 0.7386666584014893,
        "maxRet": 0.8416666388511658,
        "minRet": 0.612500011920929
    }
}