{
    "model": "test12x12_50k_3step_3gen_3curric/epoch_24_curric0_gen3",
    "MiniGrid-DoorKey-6x6-custom-diff0.6510602224432589": {
        "meanRet": 0.9830181336402893,
        "maxRet": 0.9884738326072693,
        "minRet": 0.977908194065094
    },
    "MiniGrid-DoorKey-8x8-custom-diff0.6510602224432589": {
        "meanRet": 0.973528287410736,
        "maxRet": 0.9846317768096924,
        "minRet": 0.9663820862770081
    },
    "MiniGrid-DoorKey-10x10-custom-diff0.6510602224432589": {
        "meanRet": 0.9609263634681702,
        "maxRet": 0.9865528345108032,
        "minRet": 0.944290280342102
    },
    "MiniGrid-DoorKey-12x12-custom-diff0.6510602224432589": {
        "meanRet": 0.9357225155830383,
        "maxRet": 0.9692636132240295,
        "minRet": 0.9068303108215332
    }
}