{
    "model": "test12x12_150k_3step_3gen_3curric/epoch_5_curric0_gen1",
    "MiniGrid-DoorKey-6x6-custom-diff0.9813807381558474": {
        "meanRet": 0.9861401319503784,
        "maxRet": 0.9898089170455933,
        "minRet": 0.9834395051002502
    },
    "MiniGrid-DoorKey-8x8-custom-diff0.9813807381558474": {
        "meanRet": 0.9818471395052396,
        "maxRet": 0.9878981113433838,
        "minRet": 0.9770700931549072
    },
    "MiniGrid-DoorKey-10x10-custom-diff0.9813807381558474": {
        "meanRet": 0.9702420473098755,
        "maxRet": 0.9821656346321106,
        "minRet": 0.9630573391914368
    },
    "MiniGrid-DoorKey-12x12-custom-diff0.9813807381558474": {
        "meanRet": 0.9572229290008545,
        "maxRet": 0.9757961630821228,
        "minRet": 0.9401273727416992
    }
}