{
    "model": "Di_Rhea1\\epoch_3_curric2_gen3",
    "MiniGrid-DoorKey-5x5-custom-diff2": {
        "meanRet": 0.62305194681341,
        "maxRet": 0.7428571581840515,
        "minRet": 0.550000011920929
    },
    "MiniGrid-DoorKey-6x6-custom-diff2": {
        "meanRet": 0.6788636337627064,
        "maxRet": 0.7300000190734863,
        "minRet": 0.6399999856948853
    },
    "MiniGrid-DoorKey-8x8-custom-diff2": {
        "meanRet": 0.5962857186794281,
        "maxRet": 0.7557142972946167,
        "minRet": 0.46000000834465027
    },
    "MiniGrid-DoorKey-16x16-custom-diff2": {
        "meanRet": 0.04218750074505806,
        "maxRet": 0.6010638475418091,
        "minRet": 0.0
    }
}