{
    "model": "test12x12_100k_3step_3gen_3curric/epoch_6_curric2_gen1",
    "MiniGrid-DoorKey-6x6-custom-diff0.9970715046045372": {
        "meanRet": 0.9838381111621857,
        "maxRet": 0.9918466806411743,
        "minRet": 0.9698954820632935
    },
    "MiniGrid-DoorKey-8x8-custom-diff0.9970715046045372": {
        "meanRet": 0.972529616355896,
        "maxRet": 0.9868292808532715,
        "minRet": 0.9466899037361145
    },
    "MiniGrid-DoorKey-10x10-custom-diff0.9970715046045372": {
        "meanRet": 0.9521087098121643,
        "maxRet": 0.9805575013160706,
        "minRet": 0.9190940856933594
    },
    "MiniGrid-DoorKey-12x12-custom-diff0.9970715046045372": {
        "meanRet": 0.9060989546775818,
        "maxRet": 0.9680139422416687,
        "minRet": 0.822508692741394
    }
}