{
    "model": "test12x12_100k_4step_3gen_3curric/epoch_5_curric0_gen3",
    "MiniGrid-DoorKey-6x6-custom-diff0.9970715046045372": {
        "meanRet": 0.6678717815876007,
        "maxRet": 0.983066201210022,
        "minRet": 0.4010452926158905
    },
    "MiniGrid-DoorKey-8x8-custom-diff0.9970715046045372": {
        "meanRet": 0.08311313329910745,
        "maxRet": 0.698954701423645,
        "minRet": 0.0
    },
    "MiniGrid-DoorKey-10x10-custom-diff0.9970715046045372": {
        "meanRet": 0.06968356577717529,
        "maxRet": 0.88585364818573,
        "minRet": 0.0
    },
    "MiniGrid-DoorKey-12x12-custom-diff0.9970715046045372": {
        "meanRet": 0.0,
        "maxRet": 0.0,
        "minRet": 0.0
    }
}