{
    "model": "test12x12_100k_3step_4gen_3curric/epoch_11_curric1_gen2",
    "MiniGrid-DoorKey-6x6-custom-diff0.86967792277423": {
        "meanRet": 0.9866080946392484,
        "maxRet": 0.9906549453735352,
        "minRet": 0.9827476143836975
    },
    "MiniGrid-DoorKey-8x8-custom-diff0.86967792277423": {
        "meanRet": 0.9768817949295044,
        "maxRet": 0.9863418340682983,
        "minRet": 0.9683706164360046
    },
    "MiniGrid-DoorKey-10x10-custom-diff0.86967792277423": {
        "meanRet": 0.9660127806663513,
        "maxRet": 0.9798722267150879,
        "minRet": 0.9489616751670837
    },
    "MiniGrid-DoorKey-12x12-custom-diff0.86967792277423": {
        "meanRet": 0.9547124624252319,
        "maxRet": 0.9856230020523071,
        "minRet": 0.9309903979301453
    }
}