{
    "model": "DO_11_05_RHEA_PARA_ENV_1\\epoch_1_curric3_gen1",
    "MiniGrid-DoorKey-5x5-custom-diff0": {
        "meanRet": 0.9576307535171509,
        "maxRet": 0.9675999879837036,
        "minRet": 0.9495999813079834
    },
    "MiniGrid-DoorKey-6x6-custom-diff0": {
        "meanRet": 0.9572499871253968,
        "maxRet": 0.9700000286102295,
        "minRet": 0.949999988079071
    },
    "MiniGrid-DoorKey-8x8-custom-diff0": {
        "meanRet": 0.9379843771457672,
        "maxRet": 0.9746875166893005,
        "minRet": 0.9142187237739563
    },
    "MiniGrid-DoorKey-16x16-custom-diff0": {
        "meanRet": 0.7818203091621398,
        "maxRet": 0.9194921851158142,
        "minRet": 0.7008203268051147
    }
}