{
    "model": "test12x12_75k_3step_3gen_3curric/epoch_12_curric0_gen2",
    "MiniGrid-DoorKey-6x6-custom-diff0.8565023600555897": {
        "meanRet": 0.9839416027069092,
        "maxRet": 0.9897810220718384,
        "minRet": 0.9781022071838379
    },
    "MiniGrid-DoorKey-8x8-custom-diff0.8565023600555897": {
        "meanRet": 0.9774564871421227,
        "maxRet": 0.9861313700675964,
        "minRet": 0.9700729846954346
    },
    "MiniGrid-DoorKey-10x10-custom-diff0.8565023600555897": {
        "meanRet": 0.9705109477043152,
        "maxRet": 0.9846715331077576,
        "minRet": 0.9605839252471924
    },
    "MiniGrid-DoorKey-12x12-custom-diff0.8565023600555897": {
        "meanRet": 0.950160584449768,
        "maxRet": 0.9751824736595154,
        "minRet": 0.9299269914627075
    }
}