{
    "model": "test12x12_100k_3step_3gen_3curric/epoch_21_curric1_gen1",
    "MiniGrid-DoorKey-6x6-custom-diff0.6220715046045372": {
        "meanRet": 0.9808551829594833,
        "maxRet": 0.988938570022583,
        "minRet": 0.9718436002731323
    },
    "MiniGrid-DoorKey-8x8-custom-diff0.6220715046045372": {
        "meanRet": 0.9670972013473511,
        "maxRet": 0.9808938503265381,
        "minRet": 0.9557541608810425
    },
    "MiniGrid-DoorKey-10x10-custom-diff0.6220715046045372": {
        "meanRet": 0.961506142616272,
        "maxRet": 0.9788826704025269,
        "minRet": 0.9446927309036255
    },
    "MiniGrid-DoorKey-12x12-custom-diff0.6220715046045372": {
        "meanRet": 0.9354413437843323,
        "maxRet": 0.9668156504631042,
        "minRet": 0.8974301815032959
    }
}