{
    "model": "DO_11_05_RHEA_PARA_ENV_1\\epoch_11_curric3_gen1",
    "MiniGrid-DoorKey-5x5-custom-diff2": {
        "meanRet": 0.6946428418159485,
        "maxRet": 0.7107142806053162,
        "minRet": 0.6785714030265808
    },
    "MiniGrid-DoorKey-6x6-custom-diff2": {
        "meanRet": 0.6936538402850811,
        "maxRet": 0.8199999928474426,
        "minRet": 0.6175000071525574
    },
    "MiniGrid-DoorKey-8x8-custom-diff2": {
        "meanRet": 0.7246428579092026,
        "maxRet": 0.8328571319580078,
        "minRet": 0.6657142639160156
    },
    "MiniGrid-DoorKey-16x16-custom-diff2": {
        "meanRet": 0.06821808638051152,
        "maxRet": 0.5053191781044006,
        "minRet": 0.0
    }
}