{
    "model": "test12x12_100k_3step_3gen_3curric/epoch_36_curric1_gen2",
    "MiniGrid-DoorKey-6x6-custom-diff0.15": {
        "meanRet": 0.9171666741371155,
        "maxRet": 0.9458333253860474,
        "minRet": 0.8791666626930237
    },
    "MiniGrid-DoorKey-8x8-custom-diff0.15": {
        "meanRet": 0.8608974332992847,
        "maxRet": 0.9166666865348816,
        "minRet": 0.7875000238418579
    },
    "MiniGrid-DoorKey-10x10-custom-diff0.15": {
        "meanRet": 0.7806666612625122,
        "maxRet": 0.9291666746139526,
        "minRet": 0.6499999761581421
    },
    "MiniGrid-DoorKey-12x12-custom-diff0.15": {
        "meanRet": 0.6315000057220459,
        "maxRet": 0.862500011920929,
        "minRet": 0.34166666865348816
    }
}