{
    "model": "Di_Rhea1\\epoch_1_curric1_gen1",
    "MiniGrid-DoorKey-5x5-custom-diff0": {
        "meanRet": 0.9567999839782715,
        "maxRet": 0.9675999879837036,
        "minRet": 0.9459999799728394
    },
    "MiniGrid-DoorKey-6x6-custom-diff0": {
        "meanRet": 0.9217499971389771,
        "maxRet": 0.9599999785423279,
        "minRet": 0.8849999904632568
    },
    "MiniGrid-DoorKey-8x8-custom-diff0": {
        "meanRet": 0.54043750166893,
        "maxRet": 0.9100000262260437,
        "minRet": 0.19140625
    },
    "MiniGrid-DoorKey-16x16-custom-diff0": {
        "meanRet": 0.029403076972812414,
        "maxRet": 0.5672265887260437,
        "minRet": 0.0
    }
}