{
    "model": "test12x12_50k_3step_3gen_3curric/epoch_4_curric1_gen1",
    "MiniGrid-DoorKey-6x6-custom-diff1": {
        "meanRet": 0.8296500015258789,
        "maxRet": 0.9787499904632568,
        "minRet": 0.6237499713897705
    },
    "MiniGrid-DoorKey-8x8-custom-diff1": {
        "meanRet": 0.10258928640764586,
        "maxRet": 0.7981250286102295,
        "minRet": 0.0
    },
    "MiniGrid-DoorKey-10x10-custom-diff1": {
        "meanRet": 0.1082270406946844,
        "maxRet": 0.9068750143051147,
        "minRet": 0.0
    },
    "MiniGrid-DoorKey-12x12-custom-diff1": {
        "meanRet": 0.012005208681027094,
        "maxRet": 0.5762500166893005,
        "minRet": 0.0
    }
}