{
    "model": "test12x12_75k_3step_3gen_3curric/epoch_44_curric2_gen1",
    "MiniGrid-DoorKey-6x6-custom-diff0.15": {
        "meanRet": 0.9201666736602783,
        "maxRet": 0.9458333253860474,
        "minRet": 0.8999999761581421
    },
    "MiniGrid-DoorKey-8x8-custom-diff0.15": {
        "meanRet": 0.8863782057395349,
        "maxRet": 0.9416666626930237,
        "minRet": 0.8541666865348816
    },
    "MiniGrid-DoorKey-10x10-custom-diff0.15": {
        "meanRet": 0.8571666622161865,
        "maxRet": 0.9458333253860474,
        "minRet": 0.8166666626930237
    },
    "MiniGrid-DoorKey-12x12-custom-diff0.15": {
        "meanRet": 0.7366666650772095,
        "maxRet": 0.8708333373069763,
        "minRet": 0.6333333253860474
    }
}