{
    "model": "test12x12_75k_3step_3gen_3curric/epoch_1_curric0_gen1",
    "MiniGrid-DoorKey-6x6-custom-diff1.0": {
        "meanRet": 0.00828125017384688,
        "maxRet": 0.39750000834465027,
        "minRet": 0.0
    },
    "MiniGrid-DoorKey-8x8-custom-diff1.0": {
        "meanRet": 0.011927083134651184,
        "maxRet": 0.5724999904632568,
        "minRet": 0.0
    },
    "MiniGrid-DoorKey-10x10-custom-diff1.0": {
        "meanRet": 0.0,
        "maxRet": 0.0,
        "minRet": 0.0
    },
    "MiniGrid-DoorKey-12x12-custom-diff1.0": {
        "meanRet": 0.0,
        "maxRet": 0.0,
        "minRet": 0.0
    }
}