{
    "model": "test12x12_75k_3step_3gen_3curric/epoch_17_curric1_gen2",
    "MiniGrid-DoorKey-6x6-custom-diff0.7315023600555897": {
        "meanRet": 0.984310120344162,
        "maxRet": 0.9897435903549194,
        "minRet": 0.9794871807098389
    },
    "MiniGrid-DoorKey-8x8-custom-diff0.7315023600555897": {
        "meanRet": 0.9756581091880798,
        "maxRet": 0.9854700565338135,
        "minRet": 0.9700854420661926
    },
    "MiniGrid-DoorKey-10x10-custom-diff0.7315023600555897": {
        "meanRet": 0.9642340449186472,
        "maxRet": 0.9897435903549194,
        "minRet": 0.9444444179534912
    },
    "MiniGrid-DoorKey-12x12-custom-diff0.7315023600555897": {
        "meanRet": 0.9432820415496826,
        "maxRet": 0.9803418517112732,
        "minRet": 0.9136751890182495
    }
}