{
    "model": "SO_RHEA_2PARA_5GEN_14May\\epoch_1_curric0_gen5",
    "MiniGrid-DoorKey-5x5-custom-diff0": {
        "meanRet": 0.9603999853134155,
        "maxRet": 0.9675999879837036,
        "minRet": 0.9531999826431274
    },
    "MiniGrid-DoorKey-6x6-custom-diff0": {
        "meanRet": 0.9606818014925177,
        "maxRet": 0.9725000262260437,
        "minRet": 0.9549999833106995
    },
    "MiniGrid-DoorKey-8x8-custom-diff0": {
        "meanRet": 0.9582343637943268,
        "maxRet": 0.9676562547683716,
        "minRet": 0.9507812261581421
    },
    "MiniGrid-DoorKey-16x16-custom-diff0": {
        "meanRet": 0.9396718680858612,
        "maxRet": 0.9690625071525574,
        "minRet": 0.9208984375
    }
}