{
    "model": "test12x12_150k_3step_3gen_3curric/epoch_21_curric0_gen3",
    "MiniGrid-DoorKey-6x6-custom-diff0.15": {
        "meanRet": 0.9270833432674408,
        "maxRet": 0.9541666507720947,
        "minRet": 0.9125000238418579
    },
    "MiniGrid-DoorKey-8x8-custom-diff0.15": {
        "meanRet": 0.8780864256399649,
        "maxRet": 0.9416666626930237,
        "minRet": 0.8500000238418579
    },
    "MiniGrid-DoorKey-10x10-custom-diff0.15": {
        "meanRet": 0.8469999980926514,
        "maxRet": 0.9375,
        "minRet": 0.7958333492279053
    },
    "MiniGrid-DoorKey-12x12-custom-diff0.15": {
        "meanRet": 0.7290000033378601,
        "maxRet": 0.8458333611488342,
        "minRet": 0.612500011920929
    }
}