{
    "model": "DO_11_05_RHEA_PARA_ENV_1\\epoch_8_curric2_gen2",
    "MiniGrid-DoorKey-5x5-custom-diff2": {
        "meanRet": 0.6978571295738221,
        "maxRet": 0.7428571581840515,
        "minRet": 0.6785714030265808
    },
    "MiniGrid-DoorKey-6x6-custom-diff2": {
        "meanRet": 0.6962499976158142,
        "maxRet": 0.8199999928474426,
        "minRet": 0.6175000071525574
    },
    "MiniGrid-DoorKey-8x8-custom-diff2": {
        "meanRet": 0.6785714268684387,
        "maxRet": 0.7685714364051819,
        "minRet": 0.5885714292526245
    },
    "MiniGrid-DoorKey-16x16-custom-diff2": {
        "meanRet": 0.5509574472904205,
        "maxRet": 0.76382976770401,
        "minRet": 0.2978723347187042
    }
}