{
    "model": "test12x12_75k_3step_3gen_3curric/epoch_4_curric1_gen1",
    "MiniGrid-DoorKey-6x6-custom-diff1": {
        "meanRet": 0.9891999983787536,
        "maxRet": 0.9937499761581421,
        "minRet": 0.9862499833106995
    },
    "MiniGrid-DoorKey-8x8-custom-diff1": {
        "meanRet": 0.9795192319613236,
        "maxRet": 0.9887499809265137,
        "minRet": 0.9725000262260437
    },
    "MiniGrid-DoorKey-10x10-custom-diff1": {
        "meanRet": 0.9719749999046325,
        "maxRet": 0.9831249713897705,
        "minRet": 0.9568750262260437
    },
    "MiniGrid-DoorKey-12x12-custom-diff1": {
        "meanRet": 0.9477999997138977,
        "maxRet": 0.9737499952316284,
        "minRet": 0.925000011920929
    }
}