{
    "model": "test12x12_25k_3step_3gen_3curric/epoch_38_curric1_gen2",
    "MiniGrid-DoorKey-6x6-custom-diff0.4819142875744653": {
        "meanRet": 0.9753746252793533,
        "maxRet": 0.9870129823684692,
        "minRet": 0.9688311815261841
    },
    "MiniGrid-DoorKey-8x8-custom-diff0.4819142875744653": {
        "meanRet": 0.9613886062915509,
        "maxRet": 0.9805194735527039,
        "minRet": 0.9506493210792542
    },
    "MiniGrid-DoorKey-10x10-custom-diff0.4819142875744653": {
        "meanRet": 0.9428571343421936,
        "maxRet": 0.9753246903419495,
        "minRet": 0.916883111000061
    },
    "MiniGrid-DoorKey-12x12-custom-diff0.4819142875744653": {
        "meanRet": 0.8837402606010437,
        "maxRet": 0.9519480466842651,
        "minRet": 0.8337662220001221
    }
}