{
    "model": "test12x12_50k_3step_3gen_3curric/epoch_12_curric0_gen2",
    "MiniGrid-DoorKey-6x6-custom-diff0.9510602224432589": {
        "meanRet": 0.9872656442500927,
        "maxRet": 0.9921110272407532,
        "minRet": 0.9835646748542786
    },
    "MiniGrid-DoorKey-8x8-custom-diff0.9510602224432589": {
        "meanRet": 0.9806062808403602,
        "maxRet": 0.9881665706634521,
        "minRet": 0.9750182628631592
    },
    "MiniGrid-DoorKey-10x10-custom-diff0.9510602224432589": {
        "meanRet": 0.9677341055870056,
        "maxRet": 0.9842220544815063,
        "minRet": 0.9539809823036194
    },
    "MiniGrid-DoorKey-12x12-custom-diff0.9510602224432589": {
        "meanRet": 0.9483798384666443,
        "maxRet": 0.9796201586723328,
        "minRet": 0.9224251508712769
    }
}