{
    "model": "test12x12_50k_3step_3gen_3curric/epoch_4_curric2_gen1",
    "MiniGrid-DoorKey-6x6-custom-diff1": {
        "meanRet": 0.8578250002861023,
        "maxRet": 0.9818750023841858,
        "minRet": 0.6875
    },
    "MiniGrid-DoorKey-8x8-custom-diff1": {
        "meanRet": 0.2143137265069812,
        "maxRet": 0.8793749809265137,
        "minRet": 0.0
    },
    "MiniGrid-DoorKey-10x10-custom-diff1": {
        "meanRet": 0.030364582935969036,
        "maxRet": 0.7712500095367432,
        "minRet": 0.0
    },
    "MiniGrid-DoorKey-12x12-custom-diff1": {
        "meanRet": 0.02536458366860946,
        "maxRet": 0.5506250262260437,
        "minRet": 0.0
    }
}