{
    "model": "Rhea_Fr2\\epoch_5_curric1_gen2",
    "MiniGrid-DoorKey-5x5-custom-diff2": {
        "meanRet": 0.6919642686843872,
        "maxRet": 0.7107142806053162,
        "minRet": 0.6785714030265808
    },
    "MiniGrid-DoorKey-6x6-custom-diff2": {
        "meanRet": 0.7299999892711639,
        "maxRet": 0.8199999928474426,
        "minRet": 0.6399999856948853
    },
    "MiniGrid-DoorKey-8x8-custom-diff2": {
        "meanRet": 0.7077922062440352,
        "maxRet": 0.8328571319580078,
        "minRet": 0.6657142639160156
    },
    "MiniGrid-DoorKey-16x16-custom-diff2": {
        "meanRet": 0.1424564795963692,
        "maxRet": 0.7702127695083618,
        "minRet": 0.0
    }
}