{
    "model": "Rhea_Fr2\\epoch_3_curric0_gen1",
    "MiniGrid-DoorKey-5x5-custom-diff2": {
        "meanRet": 0.6571428527434667,
        "maxRet": 0.7428571581840515,
        "minRet": 0.5821428298950195
    },
    "MiniGrid-DoorKey-6x6-custom-diff2": {
        "meanRet": 0.7120000064373017,
        "maxRet": 0.8199999928474426,
        "minRet": 0.6399999856948853
    },
    "MiniGrid-DoorKey-8x8-custom-diff2": {
        "meanRet": 0.73642857670784,
        "maxRet": 0.8328571319580078,
        "minRet": 0.6657142639160156
    },
    "MiniGrid-DoorKey-16x16-custom-diff2": {
        "meanRet": 0.10149601101875305,
        "maxRet": 0.8500000238418579,
        "minRet": 0.0
    }
}