{
    "model": "Rhea_SaRun2\\epoch_6_curric0_gen2",
    "MiniGrid-DoorKey-5x5-custom-diff2": {
        "meanRet": 0.6326530490602765,
        "maxRet": 0.7428571581840515,
        "minRet": 0.5821428298950195
    },
    "MiniGrid-DoorKey-6x6-custom-diff2": {
        "meanRet": 0.6700000117222468,
        "maxRet": 0.8199999928474426,
        "minRet": 0.5950000286102295
    },
    "MiniGrid-DoorKey-8x8-custom-diff2": {
        "meanRet": 0.7323376590555365,
        "maxRet": 0.8199999928474426,
        "minRet": 0.691428542137146
    },
    "MiniGrid-DoorKey-16x16-custom-diff2": {
        "meanRet": 0.07509973319247365,
        "maxRet": 0.7063829898834229,
        "minRet": 0.0
    }
}