{
    "model": "test12x12_25k_3step_3gen_3curric/epoch_40_curric0_gen3",
    "MiniGrid-DoorKey-6x6-custom-diff0.43191428757446526": {
        "meanRet": 0.9726309890930469,
        "maxRet": 0.9826086759567261,
        "minRet": 0.9652174115180969
    },
    "MiniGrid-DoorKey-8x8-custom-diff0.43191428757446526": {
        "meanRet": 0.9590724611282349,
        "maxRet": 0.9753623008728027,
        "minRet": 0.947826087474823
    },
    "MiniGrid-DoorKey-10x10-custom-diff0.43191428757446526": {
        "meanRet": 0.9456231880187989,
        "maxRet": 0.9826086759567261,
        "minRet": 0.9202898740768433
    },
    "MiniGrid-DoorKey-12x12-custom-diff0.43191428757446526": {
        "meanRet": 0.9089855098724365,
        "maxRet": 0.9550724625587463,
        "minRet": 0.8623188138008118
    }
}