{
    "model": "test12x12_50k_3step_3gen_3curric/epoch_17_curric2_gen3",
    "MiniGrid-DoorKey-6x6-custom-diff0.8260602224432589": {
        "meanRet": 0.9855890617920802,
        "maxRet": 0.9924306273460388,
        "minRet": 0.980319619178772
    },
    "MiniGrid-DoorKey-8x8-custom-diff0.8260602224432589": {
        "meanRet": 0.9760807394981384,
        "maxRet": 0.9871320724487305,
        "minRet": 0.9689655303955078
    },
    "MiniGrid-DoorKey-10x10-custom-diff0.8260602224432589": {
        "meanRet": 0.9675121974945068,
        "maxRet": 0.9788057208061218,
        "minRet": 0.9523128867149353
    },
    "MiniGrid-DoorKey-12x12-custom-diff0.8260602224432589": {
        "meanRet": 0.9541900753974915,
        "maxRet": 0.9795626401901245,
        "minRet": 0.93338942527771
    }
}