{
    "model": "new_25k_7step_4gen_3curric/epoch_3_curric1_gen3",
    "MiniGrid-DoorKey-6x6-custom-diff1": {
        "meanRet": 0.8620000052452087,
        "maxRet": 0.9725000262260437,
        "minRet": 0.7699999809265137
    },
    "MiniGrid-DoorKey-8x8-custom-diff1": {
        "meanRet": 0.6730250000953675,
        "maxRet": 0.9581249952316284,
        "minRet": 0.24187499284744263
    },
    "MiniGrid-DoorKey-10x10-custom-diff1": {
        "meanRet": 0.11827806276934487,
        "maxRet": 0.9125000238418579,
        "minRet": 0.0
    },
    "MiniGrid-DoorKey-12x12-custom-diff1": {
        "meanRet": 0.0905859371026357,
        "maxRet": 0.8143749833106995,
        "minRet": 0.0
    }
}