{
    "model": "test12x12_150k_3step_3gen_3curric/epoch_30_curric1_gen2",
    "MiniGrid-DoorKey-6x6-custom-diff0.15": {
        "meanRet": 0.9263392963579723,
        "maxRet": 0.949999988079071,
        "minRet": 0.9083333611488342
    },
    "MiniGrid-DoorKey-8x8-custom-diff0.15": {
        "meanRet": 0.8771666646003723,
        "maxRet": 0.9375,
        "minRet": 0.8416666388511658
    },
    "MiniGrid-DoorKey-10x10-custom-diff0.15": {
        "meanRet": 0.8169999933242797,
        "maxRet": 0.949999988079071,
        "minRet": 0.7416666746139526
    },
    "MiniGrid-DoorKey-12x12-custom-diff0.15": {
        "meanRet": 0.7138333344459533,
        "maxRet": 0.887499988079071,
        "minRet": 0.5458333492279053
    }
}