{
    "model": "test12x12_50k_3step_3gen_3curric/epoch_49_curric1_gen2",
    "MiniGrid-DoorKey-6x6-custom-diff0.15": {
        "meanRet": 0.9278333425521851,
        "maxRet": 0.949999988079071,
        "minRet": 0.9083333611488342
    },
    "MiniGrid-DoorKey-8x8-custom-diff0.15": {
        "meanRet": 0.8858333349227905,
        "maxRet": 0.9416666626930237,
        "minRet": 0.8541666865348816
    },
    "MiniGrid-DoorKey-10x10-custom-diff0.15": {
        "meanRet": 0.8309999990463257,
        "maxRet": 0.9416666626930237,
        "minRet": 0.7416666746139526
    },
    "MiniGrid-DoorKey-12x12-custom-diff0.15": {
        "meanRet": 0.7583333349227905,
        "maxRet": 0.8791666626930237,
        "minRet": 0.637499988079071
    }
}