{
    "model": "test12x12_75k_3step_3gen_3curric/epoch_38_curric2_gen3",
    "MiniGrid-DoorKey-6x6-custom-diff0.15": {
        "meanRet": 0.9156666707992553,
        "maxRet": 0.949999988079071,
        "minRet": 0.8916666507720947
    },
    "MiniGrid-DoorKey-8x8-custom-diff0.15": {
        "meanRet": 0.8735576913906977,
        "maxRet": 0.9291666746139526,
        "minRet": 0.8333333134651184
    },
    "MiniGrid-DoorKey-10x10-custom-diff0.15": {
        "meanRet": 0.8376666688919068,
        "maxRet": 0.925000011920929,
        "minRet": 0.762499988079071
    },
    "MiniGrid-DoorKey-12x12-custom-diff0.15": {
        "meanRet": 0.7436666679382324,
        "maxRet": 0.887499988079071,
        "minRet": 0.612500011920929
    }
}