{
    "model": "test12x12_50k_3step_3gen_3curric/epoch_32_curric0_gen1",
    "MiniGrid-DoorKey-6x6-custom-diff0.45106022244325883": {
        "meanRet": 0.9729583998521169,
        "maxRet": 0.9833590388298035,
        "minRet": 0.9667180180549622
    },
    "MiniGrid-DoorKey-8x8-custom-diff0.45106022244325883": {
        "meanRet": 0.9644992256164551,
        "maxRet": 0.9791987538337708,
        "minRet": 0.9556240439414978
    },
    "MiniGrid-DoorKey-10x10-custom-diff0.45106022244325883": {
        "meanRet": 0.9496887469291687,
        "maxRet": 0.9791987538337708,
        "minRet": 0.9292758107185364
    },
    "MiniGrid-DoorKey-12x12-custom-diff0.45106022244325883": {
        "meanRet": 0.9195685601234436,
        "maxRet": 0.9542372822761536,
        "minRet": 0.8807395696640015
    }
}