{
    "model": "test12x12_50k_3step_3gen_3curric/epoch_13_curric0_gen1",
    "MiniGrid-DoorKey-6x6-custom-diff0.9260602224432589": {
        "meanRet": 0.9880546996226678,
        "maxRet": 0.9918980002403259,
        "minRet": 0.9851462841033936
    },
    "MiniGrid-DoorKey-8x8-custom-diff0.9260602224432589": {
        "meanRet": 0.9800046178010794,
        "maxRet": 0.9878469705581665,
        "minRet": 0.9729932546615601
    },
    "MiniGrid-DoorKey-10x10-custom-diff0.9260602224432589": {
        "meanRet": 0.9721020245552063,
        "maxRet": 0.9844711422920227,
        "minRet": 0.9601650238037109
    },
    "MiniGrid-DoorKey-12x12-custom-diff0.9260602224432589": {
        "meanRet": 0.9452853592542502,
        "maxRet": 0.9797449111938477,
        "minRet": 0.9169542193412781
    }
}