{
    "model": "test12x12_25k_3step_3gen_3curric/epoch_29_curric1_gen1",
    "MiniGrid-DoorKey-6x6-custom-diff0.7069142875744653": {
        "meanRet": 0.9831226255212512,
        "maxRet": 0.9893805384635925,
        "minRet": 0.9787610769271851
    },
    "MiniGrid-DoorKey-8x8-custom-diff0.7069142875744653": {
        "meanRet": 0.9754594977085407,
        "maxRet": 0.9814159274101257,
        "minRet": 0.969911515712738
    },
    "MiniGrid-DoorKey-10x10-custom-diff0.7069142875744653": {
        "meanRet": 0.96612389087677,
        "maxRet": 0.9778761267662048,
        "minRet": 0.9548672437667847
    },
    "MiniGrid-DoorKey-12x12-custom-diff0.7069142875744653": {
        "meanRet": 0.9397168159484863,
        "maxRet": 0.9663716554641724,
        "minRet": 0.9203540086746216
    }
}