{
    "model": "test12x12_100k_3step_3gen_3curric/epoch_27_curric1_gen2",
    "MiniGrid-DoorKey-6x6-custom-diff0.15": {
        "meanRet": 0.9168333339691163,
        "maxRet": 0.9541666507720947,
        "minRet": 0.8916666507720947
    },
    "MiniGrid-DoorKey-8x8-custom-diff0.15": {
        "meanRet": 0.8519230737135961,
        "maxRet": 0.9208333492279053,
        "minRet": 0.7791666388511658
    },
    "MiniGrid-DoorKey-10x10-custom-diff0.15": {
        "meanRet": 0.7826923063168159,
        "maxRet": 0.8833333253860474,
        "minRet": 0.6458333134651184
    },
    "MiniGrid-DoorKey-12x12-custom-diff0.15": {
        "meanRet": 0.6794999957084655,
        "maxRet": 0.875,
        "minRet": 0.4000000059604645
    }
}