{
    "model": "test12x12_100k_3step_3gen_3curric/epoch_23_curric1_gen1",
    "MiniGrid-DoorKey-6x6-custom-diff0.15": {
        "meanRet": 0.9103333353996277,
        "maxRet": 0.9541666507720947,
        "minRet": 0.875
    },
    "MiniGrid-DoorKey-8x8-custom-diff0.15": {
        "meanRet": 0.8681089786382822,
        "maxRet": 0.925000011920929,
        "minRet": 0.8041666746139526
    },
    "MiniGrid-DoorKey-10x10-custom-diff0.15": {
        "meanRet": 0.8118589795552767,
        "maxRet": 0.9416666626930237,
        "minRet": 0.6583333611488342
    },
    "MiniGrid-DoorKey-12x12-custom-diff0.15": {
        "meanRet": 0.7068333339691162,
        "maxRet": 0.8458333611488342,
        "minRet": 0.5166666507720947
    }
}