{
    "model": "test12x12_150k_3step_3gen_3curric/epoch_21_curric0_gen2",
    "MiniGrid-DoorKey-6x6-custom-diff0.15": {
        "meanRet": 0.9248611231644949,
        "maxRet": 0.949999988079071,
        "minRet": 0.9083333611488342
    },
    "MiniGrid-DoorKey-8x8-custom-diff0.15": {
        "meanRet": 0.8846153823228983,
        "maxRet": 0.9416666626930237,
        "minRet": 0.862500011920929
    },
    "MiniGrid-DoorKey-10x10-custom-diff0.15": {
        "meanRet": 0.8293333411216736,
        "maxRet": 0.9291666746139526,
        "minRet": 0.7749999761581421
    },
    "MiniGrid-DoorKey-12x12-custom-diff0.15": {
        "meanRet": 0.6813333296775818,
        "maxRet": 0.875,
        "minRet": 0.5083333253860474
    }
}