{
    "model": "test12x12_25k_3step_3gen_3curric/epoch_4_curric0_gen3",
    "MiniGrid-DoorKey-6x6-custom-diff1": {
        "meanRet": 0.5527000010013581,
        "maxRet": 0.956250011920929,
        "minRet": 0.16562500596046448
    },
    "MiniGrid-DoorKey-8x8-custom-diff1": {
        "meanRet": 0.007317708184321721,
        "maxRet": 0.3512499928474426,
        "minRet": 0.0
    },
    "MiniGrid-DoorKey-10x10-custom-diff1": {
        "meanRet": 0.01593749939153592,
        "maxRet": 0.5431249737739563,
        "minRet": 0.0
    },
    "MiniGrid-DoorKey-12x12-custom-diff1": {
        "meanRet": 0.0,
        "maxRet": 0.0,
        "minRet": 0.0
    }
}