{
    "model": "new_25k_7step_4gen_3curric/epoch_5_curric0_gen2",
    "MiniGrid-DoorKey-6x6-custom-diff1": {
        "meanRet": 0.9192749953269959,
        "maxRet": 0.9831249713897705,
        "minRet": 0.8462499976158142
    },
    "MiniGrid-DoorKey-8x8-custom-diff1": {
        "meanRet": 0.7790500020980835,
        "maxRet": 0.9606249928474426,
        "minRet": 0.5868750214576721
    },
    "MiniGrid-DoorKey-10x10-custom-diff1": {
        "meanRet": 0.23383928542690618,
        "maxRet": 0.9481250047683716,
        "minRet": 0.0
    },
    "MiniGrid-DoorKey-12x12-custom-diff1": {
        "meanRet": 0.11522500097751617,
        "maxRet": 0.8112499713897705,
        "minRet": 0.0
    }
}