{
    "model": "test12x12_100k_3step_3gen_3curric/epoch_29_curric1_gen2",
    "MiniGrid-DoorKey-6x6-custom-diff0.15": {
        "meanRet": 0.9104999995231629,
        "maxRet": 0.9458333253860474,
        "minRet": 0.8708333373069763
    },
    "MiniGrid-DoorKey-8x8-custom-diff0.15": {
        "meanRet": 0.8283333349227905,
        "maxRet": 0.925000011920929,
        "minRet": 0.737500011920929
    },
    "MiniGrid-DoorKey-10x10-custom-diff0.15": {
        "meanRet": 0.7871666693687439,
        "maxRet": 0.9166666865348816,
        "minRet": 0.6791666746139526
    },
    "MiniGrid-DoorKey-12x12-custom-diff0.15": {
        "meanRet": 0.6286666703224182,
        "maxRet": 0.8500000238418579,
        "minRet": 0.3916666805744171
    }
}