{
    "model": "test12x12_100k_4step_3gen_3curric/epoch_8_curric2_gen3",
    "MiniGrid-DoorKey-6x6-custom-diff0.9220715046045371": {
        "meanRet": 0.9836222132047018,
        "maxRet": 0.9918613433837891,
        "minRet": 0.9755840301513672
    },
    "MiniGrid-DoorKey-8x8-custom-diff0.9220715046045371": {
        "meanRet": 0.9600120568275452,
        "maxRet": 0.9796533584594727,
        "minRet": 0.9382818341255188
    },
    "MiniGrid-DoorKey-10x10-custom-diff0.9220715046045371": {
        "meanRet": 0.9355689525604248,
        "maxRet": 0.9816880226135254,
        "minRet": 0.9064054489135742
    },
    "MiniGrid-DoorKey-12x12-custom-diff0.9220715046045371": {
        "meanRet": 0.8774589276313782,
        "maxRet": 0.9735493659973145,
        "minRet": 0.8100979924201965
    }
}