{
    "model": "test12x12_100k_4step_3gen_3curric/epoch_13_curric2_gen3",
    "MiniGrid-DoorKey-6x6-custom-diff0.5844064999999999": {
        "meanRet": 0.2583440062231742,
        "maxRet": 0.952913224697113,
        "minRet": 0.0
    },
    "MiniGrid-DoorKey-8x8-custom-diff0.5844064999999999": {
        "meanRet": 0.06915964855223286,
        "maxRet": 0.8919143676757812,
        "minRet": 0.0
    },
    "MiniGrid-DoorKey-10x10-custom-diff0.5844064999999999": {
        "meanRet": 0.02153438391784827,
        "maxRet": 0.6489893198013306,
        "minRet": 0.0
    },
    "MiniGrid-DoorKey-12x12-custom-diff0.5844064999999999": {
        "meanRet": 0.0,
        "maxRet": 0.0,
        "minRet": 0.0
    }
}