{
    "model": "new_25k_7step_4gen_3curric/epoch_6_curric0_gen2",
    "MiniGrid-DoorKey-6x6-custom-diff1": {
        "meanRet": 0.9871000027656556,
        "maxRet": 0.9925000071525574,
        "minRet": 0.9806249737739563
    },
    "MiniGrid-DoorKey-8x8-custom-diff1": {
        "meanRet": 0.9790749979019165,
        "maxRet": 0.9887499809265137,
        "minRet": 0.971875011920929
    },
    "MiniGrid-DoorKey-10x10-custom-diff1": {
        "meanRet": 0.9598317306775314,
        "maxRet": 0.9881250262260437,
        "minRet": 0.9424999952316284
    },
    "MiniGrid-DoorKey-12x12-custom-diff1": {
        "meanRet": 0.934300000667572,
        "maxRet": 0.9750000238418579,
        "minRet": 0.893750011920929
    }
}