{
    "model": "test12x12_100k_4step_3gen_3curric/epoch_1_curric2_gen3",
    "MiniGrid-DoorKey-6x6-custom-diff1.0": {
        "meanRet": 0.9481999897956848,
        "maxRet": 0.9674999713897705,
        "minRet": 0.9275000095367432
    },
    "MiniGrid-DoorKey-8x8-custom-diff1.0": {
        "meanRet": 0.9491500043869019,
        "maxRet": 0.9775000214576721,
        "minRet": 0.9254687428474426
    },
    "MiniGrid-DoorKey-10x10-custom-diff1.0": {
        "meanRet": 0.9517959952354431,
        "maxRet": 0.9801999926567078,
        "minRet": 0.9144999980926514
    },
    "MiniGrid-DoorKey-12x12-custom-diff1.0": {
        "meanRet": 0.9314499998092651,
        "maxRet": 0.9818750023841858,
        "minRet": 0.8787500262260437
    }
}