{
    "model": "test12x12_100k_4step_3gen_3curric/epoch_11_curric1_gen1",
    "MiniGrid-DoorKey-6x6-custom-diff0.6868055": {
        "meanRet": 0.8757854223251342,
        "maxRet": 0.9836032390594482,
        "minRet": 0.7358299493789673
    },
    "MiniGrid-DoorKey-8x8-custom-diff0.6868055": {
        "meanRet": 0.24966007119642114,
        "maxRet": 0.9635627269744873,
        "minRet": 0.0
    },
    "MiniGrid-DoorKey-10x10-custom-diff0.6868055": {
        "meanRet": 0.07900313880978799,
        "maxRet": 0.866093099117279,
        "minRet": 0.0
    },
    "MiniGrid-DoorKey-12x12-custom-diff0.6868055": {
        "meanRet": 0.0,
        "maxRet": 0.0,
        "minRet": 0.0
    }
}