{
    "model": "test12x12_150k_3step_3gen_3curric/epoch_8_curric0_gen1",
    "MiniGrid-DoorKey-6x6-custom-diff0.9063807381558474": {
        "meanRet": 0.9858886026419126,
        "maxRet": 0.9917241334915161,
        "minRet": 0.9813793301582336
    },
    "MiniGrid-DoorKey-8x8-custom-diff0.9063807381558474": {
        "meanRet": 0.9801061038787549,
        "maxRet": 0.9889655113220215,
        "minRet": 0.9724137783050537
    },
    "MiniGrid-DoorKey-10x10-custom-diff0.9063807381558474": {
        "meanRet": 0.9705379319190979,
        "maxRet": 0.9882758855819702,
        "minRet": 0.9531034231185913
    },
    "MiniGrid-DoorKey-12x12-custom-diff0.9063807381558474": {
        "meanRet": 0.9446068978309632,
        "maxRet": 0.9675862193107605,
        "minRet": 0.9220689535140991
    }
}