{
    "model": "test12x12_100k_3step_3gen_3curric/epoch_36_curric2_gen3",
    "MiniGrid-DoorKey-6x6-custom-diff0.15": {
        "meanRet": 0.9183333325386047,
        "maxRet": 0.9583333134651184,
        "minRet": 0.8916666507720947
    },
    "MiniGrid-DoorKey-8x8-custom-diff0.15": {
        "meanRet": 0.8653333330154419,
        "maxRet": 0.925000011920929,
        "minRet": 0.8083333373069763
    },
    "MiniGrid-DoorKey-10x10-custom-diff0.15": {
        "meanRet": 0.8288333344459534,
        "maxRet": 0.9166666865348816,
        "minRet": 0.7333333492279053
    },
    "MiniGrid-DoorKey-12x12-custom-diff0.15": {
        "meanRet": 0.7421666669845581,
        "maxRet": 0.8708333373069763,
        "minRet": 0.550000011920929
    }
}