{
    "model": "test12x12_75k_3step_3gen_3curric/epoch_17_curric2_gen1",
    "MiniGrid-DoorKey-6x6-custom-diff0.7315023600555897": {
        "meanRet": 0.9839506060988815,
        "maxRet": 0.9897435903549194,
        "minRet": 0.9794871807098389
    },
    "MiniGrid-DoorKey-8x8-custom-diff0.7315023600555897": {
        "meanRet": 0.9762734913825989,
        "maxRet": 0.9854700565338135,
        "minRet": 0.9692307710647583
    },
    "MiniGrid-DoorKey-10x10-custom-diff0.7315023600555897": {
        "meanRet": 0.9681709265708923,
        "maxRet": 0.9897435903549194,
        "minRet": 0.9555555582046509
    },
    "MiniGrid-DoorKey-12x12-custom-diff0.7315023600555897": {
        "meanRet": 0.9479999899864197,
        "maxRet": 0.9743589758872986,
        "minRet": 0.9316239356994629
    }
}