{
    "model": "test12x12_50k_3step_3gen_3curric/epoch_20_curric2_gen1",
    "MiniGrid-DoorKey-6x6-custom-diff0.7510602224432589": {
        "meanRet": 0.984014801979065,
        "maxRet": 0.9891766905784607,
        "minRet": 0.9783533811569214
    },
    "MiniGrid-DoorKey-8x8-custom-diff0.7510602224432589": {
        "meanRet": 0.9765217423439025,
        "maxRet": 0.9858464598655701,
        "minRet": 0.97002774477005
    },
    "MiniGrid-DoorKey-10x10-custom-diff0.7510602224432589": {
        "meanRet": 0.9649657773971557,
        "maxRet": 0.981683611869812,
        "minRet": 0.9533765316009521
    },
    "MiniGrid-DoorKey-12x12-custom-diff0.7510602224432589": {
        "meanRet": 0.9354597640037536,
        "maxRet": 0.9758557081222534,
        "minRet": 0.9067530035972595
    }
}