{
    "model": "test12x12_100k_3step_3gen_3curric/epoch_23_curric2_gen3",
    "MiniGrid-DoorKey-6x6-custom-diff0.15": {
        "meanRet": 0.9126602502969595,
        "maxRet": 0.9458333253860474,
        "minRet": 0.887499988079071
    },
    "MiniGrid-DoorKey-8x8-custom-diff0.15": {
        "meanRet": 0.876166672706604,
        "maxRet": 0.9208333492279053,
        "minRet": 0.8208333253860474
    },
    "MiniGrid-DoorKey-10x10-custom-diff0.15": {
        "meanRet": 0.8174679508576026,
        "maxRet": 0.9166666865348816,
        "minRet": 0.6833333373069763
    },
    "MiniGrid-DoorKey-12x12-custom-diff0.15": {
        "meanRet": 0.6525640957630597,
        "maxRet": 0.8458333611488342,
        "minRet": 0.4833333194255829
    }
}