{
    "model": "test12x12_150k_3step_3gen_3curric/epoch_10_curric1_gen2",
    "MiniGrid-DoorKey-6x6-custom-diff0.8563807381558474": {
        "meanRet": 0.9856447798234446,
        "maxRet": 0.9927007555961609,
        "minRet": 0.9824817776679993
    },
    "MiniGrid-DoorKey-8x8-custom-diff0.8563807381558474": {
        "meanRet": 0.9782373684423941,
        "maxRet": 0.989051103591919,
        "minRet": 0.9722627997398376
    },
    "MiniGrid-DoorKey-10x10-custom-diff0.8563807381558474": {
        "meanRet": 0.961051094532013,
        "maxRet": 0.9839416146278381,
        "minRet": 0.9445255398750305
    },
    "MiniGrid-DoorKey-12x12-custom-diff0.8563807381558474": {
        "meanRet": 0.9282335829734802,
        "maxRet": 0.9788321256637573,
        "minRet": 0.8802919983863831
    }
}