{
    "model": "test12x12_100k_4step_3gen_3curric/epoch_16_curric2_gen3",
    "MiniGrid-DoorKey-6x6-custom-diff0.4308080000000001": {
        "meanRet": 0.9664967727661132,
        "maxRet": 0.9854838848114014,
        "minRet": 0.9535483717918396
    },
    "MiniGrid-DoorKey-8x8-custom-diff0.4308080000000001": {
        "meanRet": 0.947741932102612,
        "maxRet": 0.9753226041793823,
        "minRet": 0.9288709759712219
    },
    "MiniGrid-DoorKey-10x10-custom-diff0.4308080000000001": {
        "meanRet": 0.9255612874031067,
        "maxRet": 0.9608064293861389,
        "minRet": 0.8824193477630615
    },
    "MiniGrid-DoorKey-12x12-custom-diff0.4308080000000001": {
        "meanRet": 0.8637806439399719,
        "maxRet": 0.9608064293861389,
        "minRet": 0.7735483646392822
    }
}