{
    "model": "test12x12_100k_3step_4gen_3curric/epoch_19_curric0_gen1",
    "MiniGrid-DoorKey-6x6-custom-diff0.66967792277423": {
        "meanRet": 0.9831604383609913,
        "maxRet": 0.9878630638122559,
        "minRet": 0.979460597038269
    },
    "MiniGrid-DoorKey-8x8-custom-diff0.66967792277423": {
        "meanRet": 0.9710207462310791,
        "maxRet": 0.9859958291053772,
        "minRet": 0.9626556038856506
    },
    "MiniGrid-DoorKey-10x10-custom-diff0.66967792277423": {
        "meanRet": 0.9578008317947387,
        "maxRet": 0.979460597038269,
        "minRet": 0.9346473217010498
    },
    "MiniGrid-DoorKey-12x12-custom-diff0.66967792277423": {
        "meanRet": 0.936925311088562,
        "maxRet": 0.9766597747802734,
        "minRet": 0.900103747844696
    }
}