{
    "model": "test12x12_25k_3step_3gen_3curric/epoch_49_curric1_gen2",
    "MiniGrid-DoorKey-6x6-custom-diff0.512744": {
        "meanRet": 0.9789268493652343,
        "maxRet": 0.9853658676147461,
        "minRet": 0.9719512462615967
    },
    "MiniGrid-DoorKey-8x8-custom-diff0.512744": {
        "meanRet": 0.9677073049545288,
        "maxRet": 0.9829268455505371,
        "minRet": 0.959756076335907
    },
    "MiniGrid-DoorKey-10x10-custom-diff0.512744": {
        "meanRet": 0.9534634041786194,
        "maxRet": 0.9804878234863281,
        "minRet": 0.9378048777580261
    },
    "MiniGrid-DoorKey-12x12-custom-diff0.512744": {
        "meanRet": 0.911365852355957,
        "maxRet": 0.954878032207489,
        "minRet": 0.8817073106765747
    }
}