{
    "model": "test12x12_50k_3step_3gen_3curric/epoch_14_curric0_gen3",
    "MiniGrid-DoorKey-6x6-custom-diff0.9010602224432589": {
        "meanRet": 0.9856222009658814,
        "maxRet": 0.9909791946411133,
        "minRet": 0.9805705547332764
    },
    "MiniGrid-DoorKey-8x8-custom-diff0.9010602224432589": {
        "meanRet": 0.9775173497200013,
        "maxRet": 0.9895913600921631,
        "minRet": 0.9708558320999146
    },
    "MiniGrid-DoorKey-10x10-custom-diff0.9010602224432589": {
        "meanRet": 0.9621403217315674,
        "maxRet": 0.9826522469520569,
        "minRet": 0.9437933564186096
    },
    "MiniGrid-DoorKey-12x12-custom-diff0.9010602224432589": {
        "meanRet": 0.9483176589012146,
        "maxRet": 0.9708558320999146,
        "minRet": 0.9313030242919922
    }
}