{
    "model": "test12x12_50k_3step_3gen_3curric/epoch_14_curric2_gen1",
    "MiniGrid-DoorKey-6x6-custom-diff0.9010602224432589": {
        "meanRet": 0.9855079719653497,
        "maxRet": 0.9916731119155884,
        "minRet": 0.9819583892822266
    },
    "MiniGrid-DoorKey-8x8-custom-diff0.9010602224432589": {
        "meanRet": 0.9790716981887817,
        "maxRet": 0.9882035255432129,
        "minRet": 0.9729375243186951
    },
    "MiniGrid-DoorKey-10x10-custom-diff0.9010602224432589": {
        "meanRet": 0.9730485701560974,
        "maxRet": 0.9868157505989075,
        "minRet": 0.9653045535087585
    },
    "MiniGrid-DoorKey-12x12-custom-diff0.9010602224432589": {
        "meanRet": 0.9606340091962081,
        "maxRet": 0.9791827201843262,
        "minRet": 0.9444872736930847
    }
}