{
    "model": "test12x12_100k_3step_3gen_3curric/epoch_29_curric1_gen1",
    "MiniGrid-DoorKey-6x6-custom-diff0.15": {
        "meanRet": 0.9148333263397217,
        "maxRet": 0.949999988079071,
        "minRet": 0.887499988079071
    },
    "MiniGrid-DoorKey-8x8-custom-diff0.15": {
        "meanRet": 0.8756410296146686,
        "maxRet": 0.9166666865348816,
        "minRet": 0.8291666507720947
    },
    "MiniGrid-DoorKey-10x10-custom-diff0.15": {
        "meanRet": 0.8351666617393494,
        "maxRet": 0.9125000238418579,
        "minRet": 0.762499988079071
    },
    "MiniGrid-DoorKey-12x12-custom-diff0.15": {
        "meanRet": 0.7433333301544189,
        "maxRet": 0.8666666746139526,
        "minRet": 0.6000000238418579
    }
}