{
    "model": "test12x12_100k_4step_3gen_3curric/epoch_21_curric2_gen2",
    "MiniGrid-DoorKey-6x6-custom-diff0.1748105000000001": {
        "meanRet": 0.19827357197509093,
        "maxRet": 0.8565737009048462,
        "minRet": 0.0
    },
    "MiniGrid-DoorKey-8x8-custom-diff0.1748105000000001": {
        "meanRet": 0.007602921687066555,
        "maxRet": 0.18964143097400665,
        "minRet": 0.0
    },
    "MiniGrid-DoorKey-10x10-custom-diff0.1748105000000001": {
        "meanRet": 0.011869189639886221,
        "maxRet": 0.5697211027145386,
        "minRet": 0.0
    },
    "MiniGrid-DoorKey-12x12-custom-diff0.1748105000000001": {
        "meanRet": 0.0,
        "maxRet": 0.0,
        "minRet": 0.0
    }
}