{
    "model": "test12x12_100k_3step_4gen_3curric/epoch_32_curric2_gen4",
    "MiniGrid-DoorKey-6x6-custom-diff0.15": {
        "meanRet": 0.9208333354729873,
        "maxRet": 0.949999988079071,
        "minRet": 0.8999999761581421
    },
    "MiniGrid-DoorKey-8x8-custom-diff0.15": {
        "meanRet": 0.8866666674613952,
        "maxRet": 0.925000011920929,
        "minRet": 0.8541666865348816
    },
    "MiniGrid-DoorKey-10x10-custom-diff0.15": {
        "meanRet": 0.835666663646698,
        "maxRet": 0.9458333253860474,
        "minRet": 0.7875000238418579
    },
    "MiniGrid-DoorKey-12x12-custom-diff0.15": {
        "meanRet": 0.7248333311080932,
        "maxRet": 0.8333333134651184,
        "minRet": 0.6333333253860474
    }
}