{
    "model": "new_25k_7step_4gen_3curric/epoch_5_curric1_gen1",
    "MiniGrid-DoorKey-6x6-custom-diff1": {
        "meanRet": 0.8091000032424926,
        "maxRet": 0.971875011920929,
        "minRet": 0.653124988079071
    },
    "MiniGrid-DoorKey-8x8-custom-diff1": {
        "meanRet": 0.16871173345312782,
        "maxRet": 0.8731250166893005,
        "minRet": 0.0
    },
    "MiniGrid-DoorKey-10x10-custom-diff1": {
        "meanRet": 0.04529947911699613,
        "maxRet": 0.8799999952316284,
        "minRet": 0.0
    },
    "MiniGrid-DoorKey-12x12-custom-diff1": {
        "meanRet": 0.009661458432674408,
        "maxRet": 0.27250000834465027,
        "minRet": 0.0
    }
}