{
    "model": "Rhea_SaRun2\\epoch_4_curric2_gen1",
    "MiniGrid-DoorKey-5x5-custom-diff2": {
        "meanRet": 0.659821425875028,
        "maxRet": 0.7107142806053162,
        "minRet": 0.6142857074737549
    },
    "MiniGrid-DoorKey-6x6-custom-diff2": {
        "meanRet": 0.6993181759660895,
        "maxRet": 0.7524999976158142,
        "minRet": 0.6399999856948853
    },
    "MiniGrid-DoorKey-8x8-custom-diff2": {
        "meanRet": 0.7312857151031494,
        "maxRet": 0.7942857146263123,
        "minRet": 0.6785714030265808
    },
    "MiniGrid-DoorKey-16x16-custom-diff2": {
        "meanRet": 0.6253191471099854,
        "maxRet": 0.7893617153167725,
        "minRet": 0.5340425372123718
    }
}