{
    "model": "test12x12_150k_3step_3gen_3curric/epoch_11_curric2_gen2",
    "MiniGrid-DoorKey-6x6-custom-diff0.8313807381558473": {
        "meanRet": 0.9863504904967088,
        "maxRet": 0.9909774661064148,
        "minRet": 0.9827067852020264
    },
    "MiniGrid-DoorKey-8x8-custom-diff0.8313807381558473": {
        "meanRet": 0.9768421077728271,
        "maxRet": 0.9872180223464966,
        "minRet": 0.969924807548523
    },
    "MiniGrid-DoorKey-10x10-custom-diff0.8313807381558473": {
        "meanRet": 0.9664661693572998,
        "maxRet": 0.9849624037742615,
        "minRet": 0.951127827167511
    },
    "MiniGrid-DoorKey-12x12-custom-diff0.8313807381558473": {
        "meanRet": 0.938917293548584,
        "maxRet": 0.9736841917037964,
        "minRet": 0.9082706570625305
    }
}