{
    "model": "test12x12_100k_4step_3gen_3curric/epoch_2_curric0_gen2",
    "MiniGrid-DoorKey-6x6-custom-diff1": {
        "meanRet": 0.9866586579726293,
        "maxRet": 0.9912499785423279,
        "minRet": 0.9818750023841858
    },
    "MiniGrid-DoorKey-8x8-custom-diff1": {
        "meanRet": 0.9773500037193298,
        "maxRet": 0.9881250262260437,
        "minRet": 0.9643750190734863
    },
    "MiniGrid-DoorKey-10x10-custom-diff1": {
        "meanRet": 0.9647355744471917,
        "maxRet": 0.9887499809265137,
        "minRet": 0.9418749809265137
    },
    "MiniGrid-DoorKey-12x12-custom-diff1": {
        "meanRet": 0.9393249988555908,
        "maxRet": 0.9793750047683716,
        "minRet": 0.8987500071525574
    }
}