{
    "model": "test12x12_50k_3step_3gen_3curric/epoch_49_curric2_gen2",
    "MiniGrid-DoorKey-6x6-custom-diff0.15": {
        "meanRet": 0.924666678905487,
        "maxRet": 0.949999988079071,
        "minRet": 0.9083333611488342
    },
    "MiniGrid-DoorKey-8x8-custom-diff0.15": {
        "meanRet": 0.8835000038146973,
        "maxRet": 0.9375,
        "minRet": 0.8458333611488342
    },
    "MiniGrid-DoorKey-10x10-custom-diff0.15": {
        "meanRet": 0.8339743568347051,
        "maxRet": 0.9458333253860474,
        "minRet": 0.7708333134651184
    },
    "MiniGrid-DoorKey-12x12-custom-diff0.15": {
        "meanRet": 0.7126666641235352,
        "maxRet": 0.8958333134651184,
        "minRet": 0.5666666626930237
    }
}