{
    "model": "Rhea_Fr2\\epoch_2_curric1_gen4",
    "MiniGrid-DoorKey-5x5-custom-diff1": {
        "meanRet": 0.8765243887901306,
        "maxRet": 0.9012194871902466,
        "minRet": 0.8573170900344849
    },
    "MiniGrid-DoorKey-6x6-custom-diff1": {
        "meanRet": 0.8850420176982879,
        "maxRet": 0.9092437028884888,
        "minRet": 0.848739504814148
    },
    "MiniGrid-DoorKey-8x8-custom-diff1": {
        "meanRet": 0.8553640679879622,
        "maxRet": 0.9317535758018494,
        "minRet": 0.8080568909645081
    },
    "MiniGrid-DoorKey-16x16-custom-diff1": {
        "meanRet": 0.6893136024475097,
        "maxRet": 0.8679289817810059,
        "minRet": 0.5718343257904053
    }
}