{
    "model": "test12x12_100k_3step_4gen_3curric/epoch_5_curric2_gen4",
    "MiniGrid-DoorKey-6x6-custom-diff1": {
        "meanRet": 0.9876620482515406,
        "maxRet": 0.9925000071525574,
        "minRet": 0.9850000143051147
    },
    "MiniGrid-DoorKey-8x8-custom-diff1": {
        "meanRet": 0.9799278836983901,
        "maxRet": 0.9881250262260437,
        "minRet": 0.9706249833106995
    },
    "MiniGrid-DoorKey-10x10-custom-diff1": {
        "meanRet": 0.9693750047683716,
        "maxRet": 0.9850000143051147,
        "minRet": 0.9512500166893005
    },
    "MiniGrid-DoorKey-12x12-custom-diff1": {
        "meanRet": 0.9580499935150146,
        "maxRet": 0.9825000166893005,
        "minRet": 0.9393749833106995
    }
}