{
    "model": "test12x12_75k_3step_3gen_3curric/epoch_29_curric1_gen3",
    "MiniGrid-DoorKey-6x6-custom-diff0.15": {
        "meanRet": 0.9105000019073486,
        "maxRet": 0.9583333134651184,
        "minRet": 0.875
    },
    "MiniGrid-DoorKey-8x8-custom-diff0.15": {
        "meanRet": 0.8620192225162799,
        "maxRet": 0.9333333373069763,
        "minRet": 0.8166666626930237
    },
    "MiniGrid-DoorKey-10x10-custom-diff0.15": {
        "meanRet": 0.7856666612625122,
        "maxRet": 0.8708333373069763,
        "minRet": 0.699999988079071
    },
    "MiniGrid-DoorKey-12x12-custom-diff0.15": {
        "meanRet": 0.6780000019073487,
        "maxRet": 0.8416666388511658,
        "minRet": 0.5333333611488342
    }
}