{
    "model": "test12x12_25k_3step_3gen_3curric/epoch_43_curric2_gen3",
    "MiniGrid-DoorKey-6x6-custom-diff0.3569142875744653": {
        "meanRet": 0.9688259065151215,
        "maxRet": 0.9789473414421082,
        "minRet": 0.9596491456031799
    },
    "MiniGrid-DoorKey-8x8-custom-diff0.3569142875744653": {
        "meanRet": 0.9503859639167785,
        "maxRet": 0.9719298481941223,
        "minRet": 0.9368420839309692
    },
    "MiniGrid-DoorKey-10x10-custom-diff0.3569142875744653": {
        "meanRet": 0.9284210515022278,
        "maxRet": 0.961403489112854,
        "minRet": 0.9035087823867798
    },
    "MiniGrid-DoorKey-12x12-custom-diff0.3569142875744653": {
        "meanRet": 0.8844210529327392,
        "maxRet": 0.9456140398979187,
        "minRet": 0.8421052694320679
    }
}