{
    "model": "MI_RHEA_PARA_ENV_2_first\\epoch_4_curric0_gen1",
    "MiniGrid-DoorKey-5x5-custom-diff1": {
        "meanRet": 0.8671951293945312,
        "maxRet": 0.8902438879013062,
        "minRet": 0.8463414907455444
    },
    "MiniGrid-DoorKey-6x6-custom-diff1": {
        "meanRet": 0.8661344468593597,
        "maxRet": 0.9092437028884888,
        "minRet": 0.841176450252533
    },
    "MiniGrid-DoorKey-8x8-custom-diff1": {
        "meanRet": 0.8788625538349152,
        "maxRet": 0.8976303339004517,
        "minRet": 0.8549762964248657
    },
    "MiniGrid-DoorKey-16x16-custom-diff1": {
        "meanRet": 0.7696213006973267,
        "maxRet": 0.8604733943939209,
        "minRet": 0.6783431768417358
    }
}