{
    "model": "test12x12_100k_3step_3gen_3curric/epoch_30_curric1_gen2",
    "MiniGrid-DoorKey-6x6-custom-diff0.15": {
        "meanRet": 0.9179999995231628,
        "maxRet": 0.9541666507720947,
        "minRet": 0.8958333134651184
    },
    "MiniGrid-DoorKey-8x8-custom-diff0.15": {
        "meanRet": 0.8578333306312561,
        "maxRet": 0.9083333611488342,
        "minRet": 0.8041666746139526
    },
    "MiniGrid-DoorKey-10x10-custom-diff0.15": {
        "meanRet": 0.8174999952316284,
        "maxRet": 0.925000011920929,
        "minRet": 0.7166666388511658
    },
    "MiniGrid-DoorKey-12x12-custom-diff0.15": {
        "meanRet": 0.7036666679382324,
        "maxRet": 0.875,
        "minRet": 0.4958333373069763
    }
}