{
    "model": "test12x12_100k_3step_4gen_3curric/epoch_11_curric0_gen4",
    "MiniGrid-DoorKey-6x6-custom-diff0.86967792277423": {
        "meanRet": 0.9858359937314634,
        "maxRet": 0.9913737773895264,
        "minRet": 0.9827476143836975
    },
    "MiniGrid-DoorKey-8x8-custom-diff0.86967792277423": {
        "meanRet": 0.9749784905176896,
        "maxRet": 0.9863418340682983,
        "minRet": 0.9669328927993774
    },
    "MiniGrid-DoorKey-10x10-custom-diff0.86967792277423": {
        "meanRet": 0.9699808311462402,
        "maxRet": 0.9820287823677063,
        "minRet": 0.9575878381729126
    },
    "MiniGrid-DoorKey-12x12-custom-diff0.86967792277423": {
        "meanRet": 0.9445335435867309,
        "maxRet": 0.9755591154098511,
        "minRet": 0.920207679271698
    }
}