{
    "model": "SO_RHEA_2PARA_5GEN_14May\\epoch_10_curric0_gen1",
    "MiniGrid-DoorKey-5x5-custom-diff1": {
        "meanRet": 0.8712860345840454,
        "maxRet": 0.8902438879013062,
        "minRet": 0.8573170900344849
    },
    "MiniGrid-DoorKey-6x6-custom-diff1": {
        "meanRet": 0.8797478914260864,
        "maxRet": 0.916806697845459,
        "minRet": 0.8563024997711182
    },
    "MiniGrid-DoorKey-8x8-custom-diff1": {
        "meanRet": 0.8716113805770874,
        "maxRet": 0.9274881482124329,
        "minRet": 0.850710928440094
    },
    "MiniGrid-DoorKey-16x16-custom-diff1": {
        "meanRet": 0.8376804709434509,
        "maxRet": 0.960591733455658,
        "minRet": 0.6900591850280762
    }
}