{
    "model": "new_25k_7step_4gen_3curric/epoch_2_curric0_gen2",
    "MiniGrid-DoorKey-6x6-custom-diff1": {
        "meanRet": 0.7190500044822693,
        "maxRet": 0.9624999761581421,
        "minRet": 0.4868749976158142
    },
    "MiniGrid-DoorKey-8x8-custom-diff1": {
        "meanRet": 0.07576530533177513,
        "maxRet": 0.8118749856948853,
        "minRet": 0.0
    },
    "MiniGrid-DoorKey-10x10-custom-diff1": {
        "meanRet": 0.02346354133139054,
        "maxRet": 0.39750000834465027,
        "minRet": 0.0
    },
    "MiniGrid-DoorKey-12x12-custom-diff1": {
        "meanRet": 0.02341145897905032,
        "maxRet": 0.8812500238418579,
        "minRet": 0.0
    }
}