{
    "model": "DO_11_05_RHEA_PARA_ENV_1\\epoch_8_curric3_gen1",
    "MiniGrid-DoorKey-5x5-custom-diff2": {
        "meanRet": 0.6785714228947958,
        "maxRet": 0.7107142806053162,
        "minRet": 0.6464285850524902
    },
    "MiniGrid-DoorKey-6x6-custom-diff2": {
        "meanRet": 0.6804999947547913,
        "maxRet": 0.7524999976158142,
        "minRet": 0.6399999856948853
    },
    "MiniGrid-DoorKey-8x8-custom-diff2": {
        "meanRet": 0.6785714268684387,
        "maxRet": 0.7942857146263123,
        "minRet": 0.5885714292526245
    },
    "MiniGrid-DoorKey-16x16-custom-diff2": {
        "meanRet": 0.058843085542321205,
        "maxRet": 0.728723406791687,
        "minRet": 0.0
    }
}