{
    "model": "test12x12_75k_3step_3gen_3curric/epoch_8_curric0_gen1",
    "MiniGrid-DoorKey-6x6-custom-diff0.9815023600555897": {
        "meanRet": 0.9878753423690796,
        "maxRet": 0.9923567175865173,
        "minRet": 0.9847133755683899
    },
    "MiniGrid-DoorKey-8x8-custom-diff0.9815023600555897": {
        "meanRet": 0.9813248419761658,
        "maxRet": 0.9904458522796631,
        "minRet": 0.9757961630821228
    },
    "MiniGrid-DoorKey-10x10-custom-diff0.9815023600555897": {
        "meanRet": 0.967847135066986,
        "maxRet": 0.9859872460365295,
        "minRet": 0.9509553909301758
    },
    "MiniGrid-DoorKey-12x12-custom-diff0.9815023600555897": {
        "meanRet": 0.9459872651100159,
        "maxRet": 0.9764330983161926,
        "minRet": 0.9063694477081299
    }
}