{
    "model": "test12x12_25k_3step_3gen_3curric/epoch_45_curric1_gen1",
    "MiniGrid-DoorKey-6x6-custom-diff0.30691428757446526": {
        "meanRet": 0.9635007817011613,
        "maxRet": 0.9795918464660645,
        "minRet": 0.9530612230300903
    },
    "MiniGrid-DoorKey-8x8-custom-diff0.30691428757446526": {
        "meanRet": 0.9423861893323752,
        "maxRet": 0.9734693765640259,
        "minRet": 0.9326530694961548
    },
    "MiniGrid-DoorKey-10x10-custom-diff0.30691428757446526": {
        "meanRet": 0.9301412862080795,
        "maxRet": 0.9714285731315613,
        "minRet": 0.9040816426277161
    },
    "MiniGrid-DoorKey-12x12-custom-diff0.30691428757446526": {
        "meanRet": 0.8869236597308406,
        "maxRet": 0.9387755393981934,
        "minRet": 0.8367347121238708
    }
}