{
    "model": "SoRRH_2\\epoch_4_curric2",
    "MiniGrid-DoorKey-5x5-custom-diff0": {
        "meanRet": 0.949272708459334,
        "maxRet": 0.9639999866485596,
        "minRet": 0.9387999773025513
    },
    "MiniGrid-DoorKey-6x6-custom-diff0": {
        "meanRet": 0.9536363536661322,
        "maxRet": 0.9700000286102295,
        "minRet": 0.9424999952316284
    },
    "MiniGrid-DoorKey-8x8-custom-diff0": {
        "meanRet": 0.9592187404632568,
        "maxRet": 0.9704687595367432,
        "minRet": 0.9521874785423279
    },
    "MiniGrid-DoorKey-16x16-custom-diff0": {
        "meanRet": 0.9394960999488831,
        "maxRet": 0.9729297161102295,
        "minRet": 0.913867175579071
    }
}