{
    "model": "test12x12_100k_4step_3gen_3curric/epoch_9_curric2_gen1",
    "MiniGrid-DoorKey-6x6-custom-diff0.8970715046045371": {
        "meanRet": 0.799866771697998,
        "maxRet": 0.9804802536964417,
        "minRet": 0.5440743565559387
    },
    "MiniGrid-DoorKey-8x8-custom-diff0.8970715046045371": {
        "meanRet": 0.05639039476712545,
        "maxRet": 0.70720374584198,
        "minRet": 0.0
    },
    "MiniGrid-DoorKey-10x10-custom-diff0.8970715046045371": {
        "meanRet": 0.08365766187103427,
        "maxRet": 0.9707203507423401,
        "minRet": 0.0
    },
    "MiniGrid-DoorKey-12x12-custom-diff0.8970715046045371": {
        "meanRet": 0.015625806835790474,
        "maxRet": 0.5879938006401062,
        "minRet": 0.0
    }
}