{
    "model": "SO_RHEA_2PARA_5GEN_14May\\epoch_10_curric1_gen3",
    "MiniGrid-DoorKey-5x5-custom-diff1": {
        "meanRet": 0.8756097555160522,
        "maxRet": 0.9012194871902466,
        "minRet": 0.8573170900344849
    },
    "MiniGrid-DoorKey-6x6-custom-diff1": {
        "meanRet": 0.8805041948954264,
        "maxRet": 0.916806697845459,
        "minRet": 0.8638655543327332
    },
    "MiniGrid-DoorKey-8x8-custom-diff1": {
        "meanRet": 0.8954976320266723,
        "maxRet": 0.9317535758018494,
        "minRet": 0.8720378875732422
    },
    "MiniGrid-DoorKey-16x16-custom-diff1": {
        "meanRet": 0.8974319577217102,
        "maxRet": 0.9531360864639282,
        "minRet": 0.8189349174499512
    }
}