{
    "model": "test12x12_100k_3step_3gen_3curric/epoch_26_curric2_gen1",
    "MiniGrid-DoorKey-6x6-custom-diff0.15": {
        "meanRet": 0.9057692358127007,
        "maxRet": 0.9416666626930237,
        "minRet": 0.8708333373069763
    },
    "MiniGrid-DoorKey-8x8-custom-diff0.15": {
        "meanRet": 0.8584935894379249,
        "maxRet": 0.9208333492279053,
        "minRet": 0.8041666746139526
    },
    "MiniGrid-DoorKey-10x10-custom-diff0.15": {
        "meanRet": 0.8159999990463257,
        "maxRet": 0.9041666388511658,
        "minRet": 0.7250000238418579
    },
    "MiniGrid-DoorKey-12x12-custom-diff0.15": {
        "meanRet": 0.754647440635241,
        "maxRet": 0.8583333492279053,
        "minRet": 0.6041666865348816
    }
}