{
    "model": "MI_RHEA_PARA_ENV_2_first\\epoch_1_curric1_gen1",
    "MiniGrid-DoorKey-5x5-custom-diff0": {
        "meanRet": 0.9551636197350242,
        "maxRet": 0.9675999879837036,
        "minRet": 0.9495999813079834
    },
    "MiniGrid-DoorKey-6x6-custom-diff0": {
        "meanRet": 0.9582499861717224,
        "maxRet": 0.9700000286102295,
        "minRet": 0.9474999904632568
    },
    "MiniGrid-DoorKey-8x8-custom-diff0": {
        "meanRet": 0.9351718664169312,
        "maxRet": 0.96484375,
        "minRet": 0.9156249761581421
    },
    "MiniGrid-DoorKey-16x16-custom-diff0": {
        "meanRet": 0.9097187519073486,
        "maxRet": 0.9504296779632568,
        "minRet": 0.8618359565734863
    }
}