{
    "model": "test12x12_75k_3step_3gen_3curric/epoch_11_curric2_gen2",
    "MiniGrid-DoorKey-6x6-custom-diff0.9065023600555896": {
        "meanRet": 0.9869476424323188,
        "maxRet": 0.9917241334915161,
        "minRet": 0.9820689558982849
    },
    "MiniGrid-DoorKey-8x8-custom-diff0.9065023600555896": {
        "meanRet": 0.9780076653869064,
        "maxRet": 0.9882758855819702,
        "minRet": 0.9710344672203064
    },
    "MiniGrid-DoorKey-10x10-custom-diff0.9065023600555896": {
        "meanRet": 0.9673930978775025,
        "maxRet": 0.9889655113220215,
        "minRet": 0.9503448009490967
    },
    "MiniGrid-DoorKey-12x12-custom-diff0.9065023600555896": {
        "meanRet": 0.9517517209053039,
        "maxRet": 0.977931022644043,
        "minRet": 0.9206896424293518
    }
}