{
    "model": "test12x12_150k_3step_3gen_3curric/epoch_28_curric2_gen1",
    "MiniGrid-DoorKey-6x6-custom-diff0.15": {
        "meanRet": 0.906410256257424,
        "maxRet": 0.9458333253860474,
        "minRet": 0.875
    },
    "MiniGrid-DoorKey-8x8-custom-diff0.15": {
        "meanRet": 0.8638333296775818,
        "maxRet": 0.9333333373069763,
        "minRet": 0.824999988079071
    },
    "MiniGrid-DoorKey-10x10-custom-diff0.15": {
        "meanRet": 0.7876543203989664,
        "maxRet": 0.9041666388511658,
        "minRet": 0.6958333253860474
    },
    "MiniGrid-DoorKey-12x12-custom-diff0.15": {
        "meanRet": 0.649333336353302,
        "maxRet": 0.8374999761581421,
        "minRet": 0.4749999940395355
    }
}