{
    "model": "DO_11_05_RHEA_PARA_ENV_1\\epoch_9_curric3_gen2",
    "MiniGrid-DoorKey-5x5-custom-diff2": {
        "meanRet": 0.6464285602172216,
        "maxRet": 0.7107142806053162,
        "minRet": 0.5821428298950195
    },
    "MiniGrid-DoorKey-6x6-custom-diff2": {
        "meanRet": 0.6625,
        "maxRet": 0.7300000190734863,
        "minRet": 0.6175000071525574
    },
    "MiniGrid-DoorKey-8x8-custom-diff2": {
        "meanRet": 0.6811428487300872,
        "maxRet": 0.8071428537368774,
        "minRet": 0.6014285683631897
    },
    "MiniGrid-DoorKey-16x16-custom-diff2": {
        "meanRet": 0.6093617022037506,
        "maxRet": 0.7606382966041565,
        "minRet": 0.46382978558540344
    }
}