{
    "model": "test12x12_100k_3step_3gen_3curric/epoch_34_curric1_gen3",
    "MiniGrid-DoorKey-6x6-custom-diff0.15": {
        "meanRet": 0.9101666665077209,
        "maxRet": 0.9416666626930237,
        "minRet": 0.887499988079071
    },
    "MiniGrid-DoorKey-8x8-custom-diff0.15": {
        "meanRet": 0.8666666677364936,
        "maxRet": 0.9291666746139526,
        "minRet": 0.800000011920929
    },
    "MiniGrid-DoorKey-10x10-custom-diff0.15": {
        "meanRet": 0.8246794870266547,
        "maxRet": 0.9333333373069763,
        "minRet": 0.7250000238418579
    },
    "MiniGrid-DoorKey-12x12-custom-diff0.15": {
        "meanRet": 0.7291666650772095,
        "maxRet": 0.8374999761581421,
        "minRet": 0.5874999761581421
    }
}