{
    "model": "Di_Rhea1\\epoch_2_curric1_gen2",
    "MiniGrid-DoorKey-5x5-custom-diff2": {
        "meanRet": 0.6303571343421936,
        "maxRet": 0.7107142806053162,
        "minRet": 0.550000011920929
    },
    "MiniGrid-DoorKey-6x6-custom-diff2": {
        "meanRet": 0.6584091023965315,
        "maxRet": 0.7300000190734863,
        "minRet": 0.5950000286102295
    },
    "MiniGrid-DoorKey-8x8-custom-diff2": {
        "meanRet": 0.6496428549289703,
        "maxRet": 0.7814285755157471,
        "minRet": 0.5757142901420593
    },
    "MiniGrid-DoorKey-16x16-custom-diff2": {
        "meanRet": 0.048071809113025665,
        "maxRet": 0.39042553305625916,
        "minRet": 0.0
    }
}