{
    "model": "test12x12_100k_3step_4gen_3curric/epoch_8_curric1_gen3",
    "MiniGrid-DoorKey-6x6-custom-diff0.94467792277423": {
        "meanRet": 0.987833715402163,
        "maxRet": 0.9920588135719299,
        "minRet": 0.984779417514801
    },
    "MiniGrid-DoorKey-8x8-custom-diff0.94467792277423": {
        "meanRet": 0.9809558811011138,
        "maxRet": 0.9907352924346924,
        "minRet": 0.976838231086731
    },
    "MiniGrid-DoorKey-10x10-custom-diff0.94467792277423": {
        "meanRet": 0.9760970592498779,
        "maxRet": 0.9834558963775635,
        "minRet": 0.9682353138923645
    },
    "MiniGrid-DoorKey-12x12-custom-diff0.94467792277423": {
        "meanRet": 0.9630205941200256,
        "maxRet": 0.979485273361206,
        "minRet": 0.9437500238418579
    }
}