{
    "model": "test12x12_150k_3step_3gen_3curric/epoch_24_curric1_gen3",
    "MiniGrid-DoorKey-6x6-custom-diff0.15": {
        "meanRet": 0.9294642933777401,
        "maxRet": 0.9583333134651184,
        "minRet": 0.9125000238418579
    },
    "MiniGrid-DoorKey-8x8-custom-diff0.15": {
        "meanRet": 0.8943910186107342,
        "maxRet": 0.9541666507720947,
        "minRet": 0.8583333492279053
    },
    "MiniGrid-DoorKey-10x10-custom-diff0.15": {
        "meanRet": 0.8533333325386048,
        "maxRet": 0.9333333373069763,
        "minRet": 0.8083333373069763
    },
    "MiniGrid-DoorKey-12x12-custom-diff0.15": {
        "meanRet": 0.7770000004768371,
        "maxRet": 0.862500011920929,
        "minRet": 0.675000011920929
    }
}