{
    "model": "SoRRH_2\\epoch_1_curric1",
    "MiniGrid-DoorKey-5x5-custom-diff0": {
        "meanRet": 0.9517599821090699,
        "maxRet": 0.9639999866485596,
        "minRet": 0.9459999799728394
    },
    "MiniGrid-DoorKey-6x6-custom-diff0": {
        "meanRet": 0.9599999904632568,
        "maxRet": 0.9725000262260437,
        "minRet": 0.949999988079071
    },
    "MiniGrid-DoorKey-8x8-custom-diff0": {
        "meanRet": 0.9598677800251887,
        "maxRet": 0.9704687595367432,
        "minRet": 0.9535937309265137
    },
    "MiniGrid-DoorKey-16x16-custom-diff0": {
        "meanRet": 0.8491796851158142,
        "maxRet": 0.9581640362739563,
        "minRet": 0.7162890434265137
    }
}