{
    "model": "test12x12_75k_3step_3gen_3curric/epoch_41_curric0_gen2",
    "MiniGrid-DoorKey-6x6-custom-diff0.15": {
        "meanRet": 0.9298333406448365,
        "maxRet": 0.949999988079071,
        "minRet": 0.9125000238418579
    },
    "MiniGrid-DoorKey-8x8-custom-diff0.15": {
        "meanRet": 0.8873397432840787,
        "maxRet": 0.9416666626930237,
        "minRet": 0.862500011920929
    },
    "MiniGrid-DoorKey-10x10-custom-diff0.15": {
        "meanRet": 0.85288461125814,
        "maxRet": 0.9041666388511658,
        "minRet": 0.8041666746139526
    },
    "MiniGrid-DoorKey-12x12-custom-diff0.15": {
        "meanRet": 0.7825000023841858,
        "maxRet": 0.875,
        "minRet": 0.6499999761581421
    }
}