{
    "model": "Rhea_Fr2\\epoch_5_curric1_gen2",
    "MiniGrid-DoorKey-5x5-custom-diff2": {
        "meanRet": 0.6785714328289032,
        "maxRet": 0.7428571581840515,
        "minRet": 0.6464285850524902
    },
    "MiniGrid-DoorKey-6x6-custom-diff2": {
        "meanRet": 0.6952272707765753,
        "maxRet": 0.7749999761581421,
        "minRet": 0.6399999856948853
    },
    "MiniGrid-DoorKey-8x8-custom-diff2": {
        "meanRet": 0.661857146024704,
        "maxRet": 0.7300000190734863,
        "minRet": 0.5371428728103638
    },
    "MiniGrid-DoorKey-16x16-custom-diff2": {
        "meanRet": 0.4102127656340599,
        "maxRet": 0.7319148778915405,
        "minRet": 0.20212766528129578
    }
}