{
    "model": "test12x12_150k_3step_3gen_3curric/epoch_8_curric0_gen3",
    "MiniGrid-DoorKey-6x6-custom-diff0.9063807381558474": {
        "meanRet": 0.9845241403579712,
        "maxRet": 0.9903448224067688,
        "minRet": 0.9793103337287903
    },
    "MiniGrid-DoorKey-8x8-custom-diff0.9063807381558474": {
        "meanRet": 0.9755310320854187,
        "maxRet": 0.9834482669830322,
        "minRet": 0.9668965339660645
    },
    "MiniGrid-DoorKey-10x10-custom-diff0.9063807381558474": {
        "meanRet": 0.9659310293197632,
        "maxRet": 0.9868965744972229,
        "minRet": 0.9544827342033386
    },
    "MiniGrid-DoorKey-12x12-custom-diff0.9063807381558474": {
        "meanRet": 0.9414344811439515,
        "maxRet": 0.9841379523277283,
        "minRet": 0.9165517091751099
    }
}