{
    "model": "test12x12_75k_3step_3gen_3curric/epoch_12_curric0_gen3",
    "MiniGrid-DoorKey-6x6-custom-diff0.8565023600555897": {
        "meanRet": 0.9842627692222595,
        "maxRet": 0.9905109405517578,
        "minRet": 0.9781022071838379
    },
    "MiniGrid-DoorKey-8x8-custom-diff0.8565023600555897": {
        "meanRet": 0.9749932443654096,
        "maxRet": 0.989051103591919,
        "minRet": 0.9649634957313538
    },
    "MiniGrid-DoorKey-10x10-custom-diff0.8565023600555897": {
        "meanRet": 0.9676586137368128,
        "maxRet": 0.985401451587677,
        "minRet": 0.9459853768348694
    },
    "MiniGrid-DoorKey-12x12-custom-diff0.8565023600555897": {
        "meanRet": 0.951678831577301,
        "maxRet": 0.9817517995834351,
        "minRet": 0.9197080135345459
    }
}