{
    "model": "test12x12_50k_3step_3gen_3curric/epoch_34_curric1_gen3",
    "MiniGrid-DoorKey-6x6-custom-diff0.4010602224432589": {
        "meanRet": 0.9717989659309387,
        "maxRet": 0.9812824726104736,
        "minRet": 0.9594454169273376
    },
    "MiniGrid-DoorKey-8x8-custom-diff0.4010602224432589": {
        "meanRet": 0.9589654780351199,
        "maxRet": 0.9812824726104736,
        "minRet": 0.9469670653343201
    },
    "MiniGrid-DoorKey-10x10-custom-diff0.4010602224432589": {
        "meanRet": 0.9414142107963562,
        "maxRet": 0.9688041806221008,
        "minRet": 0.9188908338546753
    },
    "MiniGrid-DoorKey-12x12-custom-diff0.4010602224432589": {
        "meanRet": 0.9117781615257263,
        "maxRet": 0.9578856229782104,
        "minRet": 0.8674176931381226
    }
}