{
    "model": "test12x12_50k_3step_3gen_3curric/epoch_11_curric1_gen3",
    "MiniGrid-DoorKey-6x6-custom-diff0.9760602224432589": {
        "meanRet": 0.9863819766927648,
        "maxRet": 0.9923131465911865,
        "minRet": 0.9807829260826111
    },
    "MiniGrid-DoorKey-8x8-custom-diff0.9760602224432589": {
        "meanRet": 0.97903366960012,
        "maxRet": 0.9903914332389832,
        "minRet": 0.9705337882041931
    },
    "MiniGrid-DoorKey-10x10-custom-diff0.9760602224432589": {
        "meanRet": 0.9656398582458496,
        "maxRet": 0.9871886372566223,
        "minRet": 0.9513167142868042
    },
    "MiniGrid-DoorKey-12x12-custom-diff0.9760602224432589": {
        "meanRet": 0.9485750937461853,
        "maxRet": 0.9814234972000122,
        "minRet": 0.9173665642738342
    }
}