{
    "model": "test12x12_25k_3step_3gen_3curric/epoch_26_curric0_gen2",
    "MiniGrid-DoorKey-6x6-custom-diff0.7819142875744653": {
        "meanRet": 0.9855076876970438,
        "maxRet": 0.9919999837875366,
        "minRet": 0.9807999730110168
    },
    "MiniGrid-DoorKey-8x8-custom-diff0.7819142875744653": {
        "meanRet": 0.9776307688309596,
        "maxRet": 0.9847999811172485,
        "minRet": 0.972000002861023
    },
    "MiniGrid-DoorKey-10x10-custom-diff0.7819142875744653": {
        "meanRet": 0.96396799325943,
        "maxRet": 0.9896000027656555,
        "minRet": 0.9495999813079834
    },
    "MiniGrid-DoorKey-12x12-custom-diff0.7819142875744653": {
        "meanRet": 0.9507200002670289,
        "maxRet": 0.9775999784469604,
        "minRet": 0.9223999977111816
    }
}