{
    "model": "test12x12_75k_3step_3gen_3curric/epoch_20_curric1_gen2",
    "MiniGrid-DoorKey-6x6-custom-diff0.6565023600555896": {
        "meanRet": 0.9826007324915665,
        "maxRet": 0.9885714054107666,
        "minRet": 0.9780952334403992
    },
    "MiniGrid-DoorKey-8x8-custom-diff0.6565023600555896": {
        "meanRet": 0.9722285699844361,
        "maxRet": 0.9847618937492371,
        "minRet": 0.961904764175415
    },
    "MiniGrid-DoorKey-10x10-custom-diff0.6565023600555896": {
        "meanRet": 0.9607325998636392,
        "maxRet": 0.9828571677207947,
        "minRet": 0.9457142949104309
    },
    "MiniGrid-DoorKey-12x12-custom-diff0.6565023600555896": {
        "meanRet": 0.9255619072914123,
        "maxRet": 0.976190447807312,
        "minRet": 0.892380952835083
    }
}