{
    "model": "test12x12_100k_3step_3gen_3curric/epoch_31_curric2_gen1",
    "MiniGrid-DoorKey-6x6-custom-diff0.15": {
        "meanRet": 0.9086538484463325,
        "maxRet": 0.949999988079071,
        "minRet": 0.8666666746139526
    },
    "MiniGrid-DoorKey-8x8-custom-diff0.15": {
        "meanRet": 0.8763333415985107,
        "maxRet": 0.9458333253860474,
        "minRet": 0.824999988079071
    },
    "MiniGrid-DoorKey-10x10-custom-diff0.15": {
        "meanRet": 0.8209999942779541,
        "maxRet": 0.9166666865348816,
        "minRet": 0.7041666507720947
    },
    "MiniGrid-DoorKey-12x12-custom-diff0.15": {
        "meanRet": 0.7198717960944543,
        "maxRet": 0.8708333373069763,
        "minRet": 0.5583333373069763
    }
}