{
    "model": "test12x12_100k_3step_3gen_3curric/epoch_12_curric1_gen3",
    "MiniGrid-DoorKey-6x6-custom-diff0.8470715046045372": {
        "meanRet": 0.9851486109770261,
        "maxRet": 0.9911403059959412,
        "minRet": 0.9785889983177185
    },
    "MiniGrid-DoorKey-8x8-custom-diff0.8470715046045372": {
        "meanRet": 0.977822299187,
        "maxRet": 0.9867104291915894,
        "minRet": 0.9704675674438477
    },
    "MiniGrid-DoorKey-10x10-custom-diff0.8470715046045372": {
        "meanRet": 0.9679278039932251,
        "maxRet": 0.9830188751220703,
        "minRet": 0.9542247653007507
    },
    "MiniGrid-DoorKey-12x12-custom-diff0.8470715046045372": {
        "meanRet": 0.9473437261581421,
        "maxRet": 0.976374089717865,
        "minRet": 0.9121410846710205
    }
}