{
    "model": "test12x12_100k_3step_4gen_3curric/epoch_11_curric0_gen1",
    "MiniGrid-DoorKey-6x6-custom-diff0.86967792277423": {
        "meanRet": 0.9847382650925562,
        "maxRet": 0.9913737773895264,
        "minRet": 0.9798722267150879
    },
    "MiniGrid-DoorKey-8x8-custom-diff0.86967792277423": {
        "meanRet": 0.9786655732563564,
        "maxRet": 0.9892172813415527,
        "minRet": 0.9726837277412415
    },
    "MiniGrid-DoorKey-10x10-custom-diff0.86967792277423": {
        "meanRet": 0.9655814671516418,
        "maxRet": 0.9841852784156799,
        "minRet": 0.9518370628356934
    },
    "MiniGrid-DoorKey-12x12-custom-diff0.86967792277423": {
        "meanRet": 0.9514632534980774,
        "maxRet": 0.9755591154098511,
        "minRet": 0.9331469535827637
    }
}