{
    "model": "Rhea_Fr2\\epoch_1_curric0_gen3",
    "MiniGrid-DoorKey-5x5-custom-diff0": {
        "meanRet": 0.9456727071241899,
        "maxRet": 0.9639999866485596,
        "minRet": 0.9315999746322632
    },
    "MiniGrid-DoorKey-6x6-custom-diff0": {
        "meanRet": 0.9493181813846935,
        "maxRet": 0.9725000262260437,
        "minRet": 0.9375
    },
    "MiniGrid-DoorKey-8x8-custom-diff0": {
        "meanRet": 0.9538749992847443,
        "maxRet": 0.9775000214576721,
        "minRet": 0.936718761920929
    },
    "MiniGrid-DoorKey-16x16-custom-diff0": {
        "meanRet": 0.9458593785762787,
        "maxRet": 0.9676562547683716,
        "minRet": 0.9092968702316284
    }
}