{
    "model": "test12x12_150k_3step_3gen_3curric/epoch_5_curric1_gen1",
    "MiniGrid-DoorKey-6x6-custom-diff0.9813807381558474": {
        "meanRet": 0.9875159287452697,
        "maxRet": 0.9923567175865173,
        "minRet": 0.9840764403343201
    },
    "MiniGrid-DoorKey-8x8-custom-diff0.9813807381558474": {
        "meanRet": 0.979397361095135,
        "maxRet": 0.9898089170455933,
        "minRet": 0.9726114869117737
    },
    "MiniGrid-DoorKey-10x10-custom-diff0.9813807381558474": {
        "meanRet": 0.9720725210813376,
        "maxRet": 0.9898089170455933,
        "minRet": 0.9617834687232971
    },
    "MiniGrid-DoorKey-12x12-custom-diff0.9813807381558474": {
        "meanRet": 0.9555414009094239,
        "maxRet": 0.9796178340911865,
        "minRet": 0.9369426965713501
    }
}