{
    "model": "test12x12_75k_3step_3gen_3curric/epoch_6_curric1_gen1",
    "MiniGrid-DoorKey-6x6-custom-diff1": {
        "meanRet": 0.9883173131025754,
        "maxRet": 0.9925000071525574,
        "minRet": 0.9850000143051147
    },
    "MiniGrid-DoorKey-8x8-custom-diff1": {
        "meanRet": 0.9811057700560644,
        "maxRet": 0.9868749976158142,
        "minRet": 0.9768750071525574
    },
    "MiniGrid-DoorKey-10x10-custom-diff1": {
        "meanRet": 0.9762268529997932,
        "maxRet": 0.9868749976158142,
        "minRet": 0.9681249856948853
    },
    "MiniGrid-DoorKey-12x12-custom-diff1": {
        "meanRet": 0.9575499987602234,
        "maxRet": 0.981249988079071,
        "minRet": 0.940625011920929
    }
}