{
    "model": "test12x12_75k_3step_3gen_3curric/epoch_27_curric2_gen1",
    "MiniGrid-DoorKey-6x6-custom-diff0.48150236005558966": {
        "meanRet": 0.9746031739093639,
        "maxRet": 0.984415590763092,
        "minRet": 0.9662337899208069
    },
    "MiniGrid-DoorKey-8x8-custom-diff0.48150236005558966": {
        "meanRet": 0.9615064859390259,
        "maxRet": 0.9753246903419495,
        "minRet": 0.9506493210792542
    },
    "MiniGrid-DoorKey-10x10-custom-diff0.48150236005558966": {
        "meanRet": 0.9459220814704895,
        "maxRet": 0.9688311815261841,
        "minRet": 0.9207792282104492
    },
    "MiniGrid-DoorKey-12x12-custom-diff0.48150236005558966": {
        "meanRet": 0.8879480504989624,
        "maxRet": 0.9584415555000305,
        "minRet": 0.7935065031051636
    }
}