{
    "model": "Rhea_Fr2\\epoch_3_curric2_gen2",
    "MiniGrid-DoorKey-5x5-custom-diff2": {
        "meanRet": 0.47694804993542755,
        "maxRet": 0.6142857074737549,
        "minRet": 0.3571428656578064
    },
    "MiniGrid-DoorKey-6x6-custom-diff2": {
        "meanRet": 0.531999996304512,
        "maxRet": 0.7749999761581421,
        "minRet": 0.41499999165534973
    },
    "MiniGrid-DoorKey-8x8-custom-diff2": {
        "meanRet": 0.5641428649425506,
        "maxRet": 0.7300000190734863,
        "minRet": 0.39571428298950195
    },
    "MiniGrid-DoorKey-16x16-custom-diff2": {
        "meanRet": 0.06466090399771929,
        "maxRet": 0.7063829898834229,
        "minRet": 0.0
    }
}