{
    "model": "test12x12_100k_3step_4gen_3curric/epoch_23_curric2_gen2",
    "MiniGrid-DoorKey-6x6-custom-diff0.15": {
        "meanRet": 0.931000006198883,
        "maxRet": 0.9583333134651184,
        "minRet": 0.9125000238418579
    },
    "MiniGrid-DoorKey-8x8-custom-diff0.15": {
        "meanRet": 0.8899691347722654,
        "maxRet": 0.9416666626930237,
        "minRet": 0.862500011920929
    },
    "MiniGrid-DoorKey-10x10-custom-diff0.15": {
        "meanRet": 0.8513333320617675,
        "maxRet": 0.9208333492279053,
        "minRet": 0.8125
    },
    "MiniGrid-DoorKey-12x12-custom-diff0.15": {
        "meanRet": 0.7705000019073487,
        "maxRet": 0.8916666507720947,
        "minRet": 0.6708333492279053
    }
}