{
    "model": "test12x12_100k_3step_3gen_3curric/epoch_34_curric0_gen1",
    "MiniGrid-DoorKey-6x6-custom-diff0.15": {
        "meanRet": 0.916833336353302,
        "maxRet": 0.9458333253860474,
        "minRet": 0.8916666507720947
    },
    "MiniGrid-DoorKey-8x8-custom-diff0.15": {
        "meanRet": 0.8571666669845581,
        "maxRet": 0.9208333492279053,
        "minRet": 0.800000011920929
    },
    "MiniGrid-DoorKey-10x10-custom-diff0.15": {
        "meanRet": 0.8407051311089442,
        "maxRet": 0.925000011920929,
        "minRet": 0.7250000238418579
    },
    "MiniGrid-DoorKey-12x12-custom-diff0.15": {
        "meanRet": 0.7080128204364043,
        "maxRet": 0.8541666865348816,
        "minRet": 0.4833333194255829
    }
}