{
    "model": "test12x12_150k_3step_3gen_3curric/epoch_22_curric2_gen3",
    "MiniGrid-DoorKey-6x6-custom-diff0.15": {
        "meanRet": 0.9261218011379242,
        "maxRet": 0.949999988079071,
        "minRet": 0.9041666388511658
    },
    "MiniGrid-DoorKey-8x8-custom-diff0.15": {
        "meanRet": 0.887339745576565,
        "maxRet": 0.9291666746139526,
        "minRet": 0.8583333492279053
    },
    "MiniGrid-DoorKey-10x10-custom-diff0.15": {
        "meanRet": 0.8091666674613953,
        "maxRet": 0.9375,
        "minRet": 0.7458333373069763
    },
    "MiniGrid-DoorKey-12x12-custom-diff0.15": {
        "meanRet": 0.6848333358764649,
        "maxRet": 0.8708333373069763,
        "minRet": 0.5291666388511658
    }
}