{
    "model": "test12x12_100k_3step_4gen_3curric/epoch_33_curric1_gen2",
    "MiniGrid-DoorKey-6x6-custom-diff0.15": {
        "meanRet": 0.9208333354729873,
        "maxRet": 0.949999988079071,
        "minRet": 0.8999999761581421
    },
    "MiniGrid-DoorKey-8x8-custom-diff0.15": {
        "meanRet": 0.8638333320617676,
        "maxRet": 0.9208333492279053,
        "minRet": 0.8166666626930237
    },
    "MiniGrid-DoorKey-10x10-custom-diff0.15": {
        "meanRet": 0.8120000028610229,
        "maxRet": 0.9333333373069763,
        "minRet": 0.7083333134651184
    },
    "MiniGrid-DoorKey-12x12-custom-diff0.15": {
        "meanRet": 0.6503333330154419,
        "maxRet": 0.8916666507720947,
        "minRet": 0.4625000059604645
    }
}