{
    "model": "test12x12_100k_3step_3gen_3curric/epoch_25_curric0_gen1",
    "MiniGrid-DoorKey-6x6-custom-diff0.15": {
        "meanRet": 0.9081666684150695,
        "maxRet": 0.9375,
        "minRet": 0.862500011920929
    },
    "MiniGrid-DoorKey-8x8-custom-diff0.15": {
        "meanRet": 0.8626666641235352,
        "maxRet": 0.9291666746139526,
        "minRet": 0.8166666626930237
    },
    "MiniGrid-DoorKey-10x10-custom-diff0.15": {
        "meanRet": 0.826833336353302,
        "maxRet": 0.9291666746139526,
        "minRet": 0.7291666865348816
    },
    "MiniGrid-DoorKey-12x12-custom-diff0.15": {
        "meanRet": 0.7166666650772094,
        "maxRet": 0.8583333492279053,
        "minRet": 0.5291666388511658
    }
}