{
    "model": "DO_11_05_RHEA_PARA_ENV_1\\epoch_6_curric1_gen1",
    "MiniGrid-DoorKey-5x5-custom-diff0": {
        "meanRet": 0.9535272554917769,
        "maxRet": 0.9639999866485596,
        "minRet": 0.9459999799728394
    },
    "MiniGrid-DoorKey-6x6-custom-diff0": {
        "meanRet": 0.9593749791383743,
        "maxRet": 0.9674999713897705,
        "minRet": 0.9549999833106995
    },
    "MiniGrid-DoorKey-8x8-custom-diff0": {
        "meanRet": 0.9628749966621399,
        "maxRet": 0.9775000214576721,
        "minRet": 0.9521874785423279
    },
    "MiniGrid-DoorKey-16x16-custom-diff0": {
        "meanRet": 0.9474765598773957,
        "maxRet": 0.9743359088897705,
        "minRet": 0.9208984375
    }
}