{
    "model": "test12x12_100k_3step_3gen_3curric/epoch_48_curric2_gen2",
    "MiniGrid-DoorKey-6x6-custom-diff0.15": {
        "meanRet": 0.9141025611987481,
        "maxRet": 0.949999988079071,
        "minRet": 0.887499988079071
    },
    "MiniGrid-DoorKey-8x8-custom-diff0.15": {
        "meanRet": 0.8596666646003723,
        "maxRet": 0.9291666746139526,
        "minRet": 0.7833333611488342
    },
    "MiniGrid-DoorKey-10x10-custom-diff0.15": {
        "meanRet": 0.8006666684150696,
        "maxRet": 0.9333333373069763,
        "minRet": 0.675000011920929
    },
    "MiniGrid-DoorKey-12x12-custom-diff0.15": {
        "meanRet": 0.6113782009253135,
        "maxRet": 0.8708333373069763,
        "minRet": 0.3583333194255829
    }
}