{
    "model": "test12x12_50k_3step_3gen_3curric/epoch_40_curric1_gen1",
    "MiniGrid-DoorKey-6x6-custom-diff0.17174750000000005": {
        "meanRet": 0.9191873903785434,
        "maxRet": 0.9489878416061401,
        "minRet": 0.8979756832122803
    },
    "MiniGrid-DoorKey-8x8-custom-diff0.17174750000000005": {
        "meanRet": 0.8892868229976068,
        "maxRet": 0.934412956237793,
        "minRet": 0.8651821613311768
    },
    "MiniGrid-DoorKey-10x10-custom-diff0.17174750000000005": {
        "meanRet": 0.8501868637708517,
        "maxRet": 0.9271255135536194,
        "minRet": 0.7813765406608582
    },
    "MiniGrid-DoorKey-12x12-custom-diff0.17174750000000005": {
        "meanRet": 0.7816680192947387,
        "maxRet": 0.8724696636199951,
        "minRet": 0.7048583030700684
    }
}