{
    "model": "test12x12_100k_3step_3gen_3curric/epoch_33_curric0_gen2",
    "MiniGrid-DoorKey-6x6-custom-diff0.15": {
        "meanRet": 0.9068910296146686,
        "maxRet": 0.9333333373069763,
        "minRet": 0.8583333492279053
    },
    "MiniGrid-DoorKey-8x8-custom-diff0.15": {
        "meanRet": 0.8475961570556347,
        "maxRet": 0.9041666388511658,
        "minRet": 0.7833333611488342
    },
    "MiniGrid-DoorKey-10x10-custom-diff0.15": {
        "meanRet": 0.8063333344459533,
        "maxRet": 0.9208333492279053,
        "minRet": 0.6791666746139526
    },
    "MiniGrid-DoorKey-12x12-custom-diff0.15": {
        "meanRet": 0.6809999966621398,
        "maxRet": 0.8125,
        "minRet": 0.48750001192092896
    }
}