{
    "model": "test12x12_75k_3step_3gen_3curric/epoch_23_curric1_gen1",
    "MiniGrid-DoorKey-6x6-custom-diff0.5815023600555896": {
        "meanRet": 0.9787527084350586,
        "maxRet": 0.9860215187072754,
        "minRet": 0.9741935729980469
    },
    "MiniGrid-DoorKey-8x8-custom-diff0.5815023600555896": {
        "meanRet": 0.9693747493955824,
        "maxRet": 0.9838709831237793,
        "minRet": 0.9591397643089294
    },
    "MiniGrid-DoorKey-10x10-custom-diff0.5815023600555896": {
        "meanRet": 0.9571133095484513,
        "maxRet": 0.977419376373291,
        "minRet": 0.9354838728904724
    },
    "MiniGrid-DoorKey-12x12-custom-diff0.5815023600555896": {
        "meanRet": 0.9334623622894287,
        "maxRet": 0.9677419066429138,
        "minRet": 0.8999999761581421
    }
}