{
    "model": "Rhea_mi1\\epoch_1_curric2_gen1",
    "MiniGrid-DoorKey-5x5-custom": {
        "meanRet": 0.9073000252246857,
        "maxRet": 0.9190000295639038,
        "minRet": 0.8920000195503235
    },
    "MiniGrid-DoorKey-6x6-custom": {
        "meanRet": 0.867520010471344,
        "maxRet": 0.9064000248908997,
        "minRet": 0.8127999901771545
    },
    "MiniGrid-DoorKey-8x8-custom": {
        "meanRet": 0.09303125133737922,
        "maxRet": 0.8289999961853027,
        "minRet": 0.0
    },
    "MiniGrid-DoorKey-16x16-custom": {
        "meanRet": 0.0,
        "maxRet": 0.0,
        "minRet": 0.0
    }
}