{
    "model": "test12x12_100k_4step_3gen_3curric/epoch_18_curric0_gen3",
    "MiniGrid-DoorKey-6x6-custom-diff0.32840899999999995": {
        "meanRet": 0.9636949181556702,
        "maxRet": 0.9771186709403992,
        "minRet": 0.9485169649124146
    },
    "MiniGrid-DoorKey-8x8-custom-diff0.32840899999999995": {
        "meanRet": 0.9328050780296325,
        "maxRet": 0.9675847291946411,
        "minRet": 0.9084745645523071
    },
    "MiniGrid-DoorKey-10x10-custom-diff0.32840899999999995": {
        "meanRet": 0.9073168890816825,
        "maxRet": 0.9542372822761536,
        "minRet": 0.8588982820510864
    },
    "MiniGrid-DoorKey-12x12-custom-diff0.32840899999999995": {
        "meanRet": 0.8658389782905579,
        "maxRet": 0.9656779766082764,
        "minRet": 0.7711864113807678
    }
}