{
    "model": "test12x12_150k_3step_3gen_3curric/epoch_26_curric2_gen3",
    "MiniGrid-DoorKey-6x6-custom-diff0.15": {
        "meanRet": 0.9256410369506249,
        "maxRet": 0.949999988079071,
        "minRet": 0.9083333611488342
    },
    "MiniGrid-DoorKey-8x8-custom-diff0.15": {
        "meanRet": 0.8823717970114487,
        "maxRet": 0.925000011920929,
        "minRet": 0.8541666865348816
    },
    "MiniGrid-DoorKey-10x10-custom-diff0.15": {
        "meanRet": 0.8049679444386408,
        "maxRet": 0.9416666626930237,
        "minRet": 0.7166666388511658
    },
    "MiniGrid-DoorKey-12x12-custom-diff0.15": {
        "meanRet": 0.7453333306312561,
        "maxRet": 0.8583333492279053,
        "minRet": 0.6166666746139526
    }
}