{
    "model": "test12x12_25k_3step_3gen_3curric/epoch_7_curric2_gen2",
    "MiniGrid-DoorKey-6x6-custom-diff1": {
        "meanRet": 0.9604250025749207,
        "maxRet": 0.9900000095367432,
        "minRet": 0.9162499904632568
    },
    "MiniGrid-DoorKey-8x8-custom-diff1": {
        "meanRet": 0.8626000022888184,
        "maxRet": 0.9800000190734863,
        "minRet": 0.7124999761581421
    },
    "MiniGrid-DoorKey-10x10-custom-diff1": {
        "meanRet": 0.5750499975681305,
        "maxRet": 0.9087499976158142,
        "minRet": 0.19875000417232513
    },
    "MiniGrid-DoorKey-12x12-custom-diff1": {
        "meanRet": 0.10868622408229478,
        "maxRet": 0.9056249856948853,
        "minRet": 0.0
    }
}