{
    "model": "test12x12_50k_3step_3gen_3curric/epoch_40_curric1_gen2",
    "MiniGrid-DoorKey-6x6-custom-diff0.17174750000000005": {
        "meanRet": 0.937619435787201,
        "maxRet": 0.9562752842903137,
        "minRet": 0.9198380708694458
    },
    "MiniGrid-DoorKey-8x8-custom-diff0.17174750000000005": {
        "meanRet": 0.8793198323249817,
        "maxRet": 0.9380567073822021,
        "minRet": 0.8287449479103088
    },
    "MiniGrid-DoorKey-10x10-custom-diff0.17174750000000005": {
        "meanRet": 0.7998866438865662,
        "maxRet": 0.9453441500663757,
        "minRet": 0.7194331884384155
    },
    "MiniGrid-DoorKey-12x12-custom-diff0.17174750000000005": {
        "meanRet": 0.6764092181737607,
        "maxRet": 0.8724696636199951,
        "minRet": 0.4862348139286041
    }
}