{
    "model": "test12x12_75k_3step_3gen_3curric/epoch_15_curric2_gen3",
    "MiniGrid-DoorKey-6x6-custom-diff0.7815023600555896": {
        "meanRet": 0.9862769269026243,
        "maxRet": 0.9911999702453613,
        "minRet": 0.9832000136375427
    },
    "MiniGrid-DoorKey-8x8-custom-diff0.7815023600555896": {
        "meanRet": 0.9773333293420298,
        "maxRet": 0.9887999892234802,
        "minRet": 0.972000002861023
    },
    "MiniGrid-DoorKey-10x10-custom-diff0.7815023600555896": {
        "meanRet": 0.9665279960632325,
        "maxRet": 0.9807999730110168,
        "minRet": 0.9527999758720398
    },
    "MiniGrid-DoorKey-12x12-custom-diff0.7815023600555896": {
        "meanRet": 0.9374720001220703,
        "maxRet": 0.974399983882904,
        "minRet": 0.9128000140190125
    }
}