{
    "model": "test12x12_25k_3step_3gen_3curric/epoch_17_curric0_gen3",
    "MiniGrid-DoorKey-6x6-custom-diff1": {
        "meanRet": 0.9866105776566726,
        "maxRet": 0.9912499785423279,
        "minRet": 0.9825000166893005
    },
    "MiniGrid-DoorKey-8x8-custom-diff1": {
        "meanRet": 0.9776157427717138,
        "maxRet": 0.9887499809265137,
        "minRet": 0.9712499976158142
    },
    "MiniGrid-DoorKey-10x10-custom-diff1": {
        "meanRet": 0.9594500041007996,
        "maxRet": 0.9856250286102295,
        "minRet": 0.9468749761581421
    },
    "MiniGrid-DoorKey-12x12-custom-diff1": {
        "meanRet": 0.9417000007629395,
        "maxRet": 0.981249988079071,
        "minRet": 0.9018750190734863
    }
}