{
    "model": "test12x12_100k_3step_3gen_3curric/epoch_32_curric2_gen1",
    "MiniGrid-DoorKey-6x6-custom-diff0.15": {
        "meanRet": 0.908166663646698,
        "maxRet": 0.9416666626930237,
        "minRet": 0.875
    },
    "MiniGrid-DoorKey-8x8-custom-diff0.15": {
        "meanRet": 0.857000002861023,
        "maxRet": 0.9291666746139526,
        "minRet": 0.800000011920929
    },
    "MiniGrid-DoorKey-10x10-custom-diff0.15": {
        "meanRet": 0.8163333320617676,
        "maxRet": 0.9208333492279053,
        "minRet": 0.737500011920929
    },
    "MiniGrid-DoorKey-12x12-custom-diff0.15": {
        "meanRet": 0.6321666693687439,
        "maxRet": 0.8583333492279053,
        "minRet": 0.3291666805744171
    }
}