{
    "model": "test12x12_50k_3step_3gen_3curric/epoch_32_curric1_gen2",
    "MiniGrid-DoorKey-6x6-custom-diff0.45106022244325883": {
        "meanRet": 0.9741510033607483,
        "maxRet": 0.9819722771644592,
        "minRet": 0.9681047797203064
    },
    "MiniGrid-DoorKey-8x8-custom-diff0.45106022244325883": {
        "meanRet": 0.960006160736084,
        "maxRet": 0.9791987538337708,
        "minRet": 0.9459167718887329
    },
    "MiniGrid-DoorKey-10x10-custom-diff0.45106022244325883": {
        "meanRet": 0.947580897808075,
        "maxRet": 0.9736517667770386,
        "minRet": 0.9292758107185364
    },
    "MiniGrid-DoorKey-12x12-custom-diff0.45106022244325883": {
        "meanRet": 0.9108597826957703,
        "maxRet": 0.9583975076675415,
        "minRet": 0.8821263313293457
    }
}