{
    "model": "MI_RHEA_PARA_ENV_2_first\\epoch_4_curric0_gen2",
    "MiniGrid-DoorKey-5x5-custom-diff1": {
        "meanRet": 0.8562195122241973,
        "maxRet": 0.8902438879013062,
        "minRet": 0.8353658318519592
    },
    "MiniGrid-DoorKey-6x6-custom-diff1": {
        "meanRet": 0.8686783747239546,
        "maxRet": 0.916806697845459,
        "minRet": 0.8336134552955627
    },
    "MiniGrid-DoorKey-8x8-custom-diff1": {
        "meanRet": 0.8690521359443665,
        "maxRet": 0.8890995383262634,
        "minRet": 0.8379147052764893
    },
    "MiniGrid-DoorKey-16x16-custom-diff1": {
        "meanRet": 0.7595029592514038,
        "maxRet": 0.8881656527519226,
        "minRet": 0.6506508588790894
    }
}