{
    "model": "test12x12_150k_3step_3gen_3curric/epoch_8_curric2_gen1",
    "MiniGrid-DoorKey-6x6-custom-diff0.9063807381558474": {
        "meanRet": 0.9866206979751587,
        "maxRet": 0.9917241334915161,
        "minRet": 0.9834482669830322
    },
    "MiniGrid-DoorKey-8x8-custom-diff0.9063807381558474": {
        "meanRet": 0.9780261598784348,
        "maxRet": 0.9882758855819702,
        "minRet": 0.9724137783050537
    },
    "MiniGrid-DoorKey-10x10-custom-diff0.9063807381558474": {
        "meanRet": 0.9732689642906189,
        "maxRet": 0.9855172634124756,
        "minRet": 0.9634482860565186
    },
    "MiniGrid-DoorKey-12x12-custom-diff0.9063807381558474": {
        "meanRet": 0.9555300098878367,
        "maxRet": 0.977931022644043,
        "minRet": 0.9358620643615723
    }
}