{
    "model": "DO_11_05_RHEA_PARA_ENV_1\\epoch_1_curric1_gen3",
    "MiniGrid-DoorKey-5x5-custom-diff0": {
        "meanRet": 0.95551426921572,
        "maxRet": 0.9675999879837036,
        "minRet": 0.9495999813079834
    },
    "MiniGrid-DoorKey-6x6-custom-diff0": {
        "meanRet": 0.9619999885559082,
        "maxRet": 0.9725000262260437,
        "minRet": 0.9574999809265137
    },
    "MiniGrid-DoorKey-8x8-custom-diff0": {
        "meanRet": 0.9533125042915345,
        "maxRet": 0.9732812643051147,
        "minRet": 0.9409375190734863
    },
    "MiniGrid-DoorKey-16x16-custom-diff0": {
        "meanRet": 0.7675820291042328,
        "maxRet": 0.9750390648841858,
        "minRet": 0.578125
    }
}