{
    "model": "test12x12_50k_3step_3gen_3curric/epoch_33_curric2_gen2",
    "MiniGrid-DoorKey-6x6-custom-diff0.4260602224432588": {
        "meanRet": 0.9733467193750235,
        "maxRet": 0.985318124294281,
        "minRet": 0.966231644153595
    },
    "MiniGrid-DoorKey-8x8-custom-diff0.4260602224432588": {
        "meanRet": 0.95736813765985,
        "maxRet": 0.9765089750289917,
        "minRet": 0.9471451640129089
    },
    "MiniGrid-DoorKey-10x10-custom-diff0.4260602224432588": {
        "meanRet": 0.9426276821356553,
        "maxRet": 0.9838499426841736,
        "minRet": 0.9192495942115784
    },
    "MiniGrid-DoorKey-12x12-custom-diff0.4260602224432588": {
        "meanRet": 0.9077299581124232,
        "maxRet": 0.9544861316680908,
        "minRet": 0.8693311810493469
    }
}