{
    "model": "test12x12_25k_3step_3gen_3curric/epoch_44_curric0_gen1",
    "MiniGrid-DoorKey-6x6-custom-diff0.3319142875744653": {
        "meanRet": 0.9621915863110468,
        "maxRet": 0.9773585200309753,
        "minRet": 0.9528301954269409
    },
    "MiniGrid-DoorKey-8x8-custom-diff0.3319142875744653": {
        "meanRet": 0.941886796951294,
        "maxRet": 0.9660377502441406,
        "minRet": 0.9226415157318115
    },
    "MiniGrid-DoorKey-10x10-custom-diff0.3319142875744653": {
        "meanRet": 0.9129056596755981,
        "maxRet": 0.9641509652137756,
        "minRet": 0.8792452812194824
    },
    "MiniGrid-DoorKey-12x12-custom-diff0.3319142875744653": {
        "meanRet": 0.8698113179206848,
        "maxRet": 0.9264150857925415,
        "minRet": 0.8132075667381287
    }
}