{
    "model": "SO_RHEA_2PARA_5GEN_14May\\epoch_1_curric2_gen1",
    "MiniGrid-DoorKey-5x5-custom-diff0": {
        "meanRet": 0.958959984779358,
        "maxRet": 0.9639999866485596,
        "minRet": 0.9531999826431274
    },
    "MiniGrid-DoorKey-6x6-custom-diff0": {
        "meanRet": 0.9632499873638153,
        "maxRet": 0.9725000262260437,
        "minRet": 0.9549999833106995
    },
    "MiniGrid-DoorKey-8x8-custom-diff0": {
        "meanRet": 0.9570454413240607,
        "maxRet": 0.9746875166893005,
        "minRet": 0.9479687213897705
    },
    "MiniGrid-DoorKey-16x16-custom-diff0": {
        "meanRet": 0.8868671834468842,
        "maxRet": 0.9637890458106995,
        "minRet": 0.8091015815734863
    }
}