{
    "model": "test12x12_100k_3step_3gen_3curric/epoch_26_curric1_gen1",
    "MiniGrid-DoorKey-6x6-custom-diff0.15": {
        "meanRet": 0.9144999980926514,
        "maxRet": 0.9541666507720947,
        "minRet": 0.8708333373069763
    },
    "MiniGrid-DoorKey-8x8-custom-diff0.15": {
        "meanRet": 0.8586538456953489,
        "maxRet": 0.9333333373069763,
        "minRet": 0.7916666865348816
    },
    "MiniGrid-DoorKey-10x10-custom-diff0.15": {
        "meanRet": 0.8094551265239716,
        "maxRet": 0.9416666626930237,
        "minRet": 0.7041666507720947
    },
    "MiniGrid-DoorKey-12x12-custom-diff0.15": {
        "meanRet": 0.708166663646698,
        "maxRet": 0.8333333134651184,
        "minRet": 0.5333333611488342
    }
}