{
    "model": "SoRRH_3\\epoch_3_curric1",
    "MiniGrid-DoorKey-5x5-custom-diff1": {
        "meanRet": 0.8563192866065286,
        "maxRet": 0.9012194871902466,
        "minRet": 0.8134146332740784
    },
    "MiniGrid-DoorKey-6x6-custom-diff1": {
        "meanRet": 0.8615966379642487,
        "maxRet": 0.916806697845459,
        "minRet": 0.8260504007339478
    },
    "MiniGrid-DoorKey-8x8-custom-diff1": {
        "meanRet": 0.8149471374658438,
        "maxRet": 0.9146919250488281,
        "minRet": 0.7398104071617126
    },
    "MiniGrid-DoorKey-16x16-custom-diff1": {
        "meanRet": 0.02501972361157338,
        "maxRet": 0.4823668599128723,
        "minRet": 0.0
    }
}