{
    "model": "test12x12_100k_4step_3gen_3curric/epoch_8_curric0_gen2",
    "MiniGrid-DoorKey-6x6-custom-diff0.9220715046045371": {
        "meanRet": 0.9776458191871643,
        "maxRet": 0.9918613433837891,
        "minRet": 0.9593067169189453
    },
    "MiniGrid-DoorKey-8x8-custom-diff0.9220715046045371": {
        "meanRet": 0.9358402395248413,
        "maxRet": 0.9803315997123718,
        "minRet": 0.8989449739456177
    },
    "MiniGrid-DoorKey-10x10-custom-diff0.9220715046045371": {
        "meanRet": 0.8541281080245972,
        "maxRet": 0.9470987319946289,
        "minRet": 0.7327806949615479
    },
    "MiniGrid-DoorKey-12x12-custom-diff0.9220715046045371": {
        "meanRet": 0.6629781436920166,
        "maxRet": 0.8969103097915649,
        "minRet": 0.43029388785362244
    }
}