{
    "model": "test12x12_100k_3step_4gen_3curric/epoch_2_curric1_gen4",
    "MiniGrid-DoorKey-6x6-custom-diff1": {
        "meanRet": 0.9873500013351441,
        "maxRet": 0.9925000071525574,
        "minRet": 0.9831249713897705
    },
    "MiniGrid-DoorKey-8x8-custom-diff1": {
        "meanRet": 0.9793749959380539,
        "maxRet": 0.9900000095367432,
        "minRet": 0.9706249833106995
    },
    "MiniGrid-DoorKey-10x10-custom-diff1": {
        "meanRet": 0.9676250076293945,
        "maxRet": 0.981249988079071,
        "minRet": 0.9568750262260437
    },
    "MiniGrid-DoorKey-12x12-custom-diff1": {
        "meanRet": 0.9497000026702881,
        "maxRet": 0.9850000143051147,
        "minRet": 0.9312499761581421
    }
}