{
    "model": "test12x12_75k_3step_3gen_3curric/epoch_9_curric1_gen2",
    "MiniGrid-DoorKey-6x6-custom-diff0.9565023600555896": {
        "meanRet": 0.9876862573623657,
        "maxRet": 0.9915032386779785,
        "minRet": 0.983660101890564
    },
    "MiniGrid-DoorKey-8x8-custom-diff0.9565023600555896": {
        "meanRet": 0.9793986773490906,
        "maxRet": 0.9888888597488403,
        "minRet": 0.9732025861740112
    },
    "MiniGrid-DoorKey-10x10-custom-diff0.9565023600555896": {
        "meanRet": 0.9696993279457092,
        "maxRet": 0.9888888597488403,
        "minRet": 0.954901933670044
    },
    "MiniGrid-DoorKey-12x12-custom-diff0.9565023600555896": {
        "meanRet": 0.9549019503593444,
        "maxRet": 0.9797385334968567,
        "minRet": 0.9320261478424072
    }
}