{
    "model": "DO_11_05_RHEA_PARA_ENV_1\\epoch_6_curric0_gen1",
    "MiniGrid-DoorKey-5x5-custom-diff0": {
        "meanRet": 0.9561999837557474,
        "maxRet": 0.9675999879837036,
        "minRet": 0.9495999813079834
    },
    "MiniGrid-DoorKey-6x6-custom-diff0": {
        "meanRet": 0.9627499938011169,
        "maxRet": 0.9725000262260437,
        "minRet": 0.9574999809265137
    },
    "MiniGrid-DoorKey-8x8-custom-diff0": {
        "meanRet": 0.96582812666893,
        "maxRet": 0.9775000214576721,
        "minRet": 0.9606249928474426
    },
    "MiniGrid-DoorKey-16x16-custom-diff0": {
        "meanRet": 0.9390038967132568,
        "maxRet": 0.9792578220367432,
        "minRet": 0.9043750166893005
    }
}