{
    "model": "test12x12_100k_3step_3gen_3curric/epoch_45_curric1_gen1",
    "MiniGrid-DoorKey-6x6-custom-diff0.15": {
        "meanRet": 0.9113782048225403,
        "maxRet": 0.9458333253860474,
        "minRet": 0.8791666626930237
    },
    "MiniGrid-DoorKey-8x8-custom-diff0.15": {
        "meanRet": 0.8643333315849304,
        "maxRet": 0.9375,
        "minRet": 0.8041666746139526
    },
    "MiniGrid-DoorKey-10x10-custom-diff0.15": {
        "meanRet": 0.8195000004768371,
        "maxRet": 0.9375,
        "minRet": 0.7166666388511658
    },
    "MiniGrid-DoorKey-12x12-custom-diff0.15": {
        "meanRet": 0.7038333356380463,
        "maxRet": 0.8500000238418579,
        "minRet": 0.4583333432674408
    }
}