{
    "model": "Rhea_Fr2\\epoch_3_curric2_gen3",
    "MiniGrid-DoorKey-5x5-custom-diff2": {
        "meanRet": 0.7203571438789368,
        "maxRet": 0.7428571581840515,
        "minRet": 0.7107142806053162
    },
    "MiniGrid-DoorKey-6x6-custom-diff2": {
        "meanRet": 0.7165000021457673,
        "maxRet": 0.7975000143051147,
        "minRet": 0.6399999856948853
    },
    "MiniGrid-DoorKey-8x8-custom-diff2": {
        "meanRet": 0.6554285645484924,
        "maxRet": 0.7428571581840515,
        "minRet": 0.6014285683631897
    },
    "MiniGrid-DoorKey-16x16-custom-diff2": {
        "meanRet": 0.48840424567461016,
        "maxRet": 0.7861701846122742,
        "minRet": 0.1702127605676651
    }
}