{
    "model": "test12x12_75k_3step_3gen_3curric/epoch_24_curric0_gen1",
    "MiniGrid-DoorKey-6x6-custom-diff0.5565023600555896": {
        "meanRet": 0.9795592083380773,
        "maxRet": 0.9865168333053589,
        "minRet": 0.9730337262153625
    },
    "MiniGrid-DoorKey-8x8-custom-diff0.5565023600555896": {
        "meanRet": 0.9696629142761231,
        "maxRet": 0.9808988571166992,
        "minRet": 0.9629213213920593
    },
    "MiniGrid-DoorKey-10x10-custom-diff0.5565023600555896": {
        "meanRet": 0.9536179804801941,
        "maxRet": 0.9842696785926819,
        "minRet": 0.9337078928947449
    },
    "MiniGrid-DoorKey-12x12-custom-diff0.5565023600555896": {
        "meanRet": 0.9226966285705567,
        "maxRet": 0.9674157500267029,
        "minRet": 0.898876428604126
    }
}