{
    "model": "test12x12_25k_3step_3gen_3curric/epoch_6_curric0_gen1",
    "MiniGrid-DoorKey-6x6-custom-diff1": {
        "meanRet": 0.9823249959945679,
        "maxRet": 0.9925000071525574,
        "minRet": 0.9706249833106995
    },
    "MiniGrid-DoorKey-8x8-custom-diff1": {
        "meanRet": 0.955900001525879,
        "maxRet": 0.9868749976158142,
        "minRet": 0.9293749928474426
    },
    "MiniGrid-DoorKey-10x10-custom-diff1": {
        "meanRet": 0.8892749977111817,
        "maxRet": 0.9637500047683716,
        "minRet": 0.7793750166893005
    },
    "MiniGrid-DoorKey-12x12-custom-diff1": {
        "meanRet": 0.7363250041007996,
        "maxRet": 0.9825000166893005,
        "minRet": 0.5406249761581421
    }
}