{
    "model": "test12x12_50k_3step_3gen_3curric/epoch_19_curric0_gen2",
    "MiniGrid-DoorKey-6x6-custom-diff0.7760602224432589": {
        "meanRet": 0.9867215752601624,
        "maxRet": 0.99033123254776,
        "minRet": 0.9838854074478149
    },
    "MiniGrid-DoorKey-8x8-custom-diff0.7760602224432589": {
        "meanRet": 0.9762757398464061,
        "maxRet": 0.9879140257835388,
        "minRet": 0.9701880216598511
    },
    "MiniGrid-DoorKey-10x10-custom-diff0.7760602224432589": {
        "meanRet": 0.9620340132713318,
        "maxRet": 0.98066246509552,
        "minRet": 0.9476275444030762
    },
    "MiniGrid-DoorKey-12x12-custom-diff0.7760602224432589": {
        "meanRet": 0.9312873792648315,
        "maxRet": 0.964547872543335,
        "minRet": 0.8944494128227234
    }
}