{
    "model": "test12x12_50k_3step_3gen_3curric/epoch_28_curric0_gen3",
    "MiniGrid-DoorKey-6x6-custom-diff0.5510602224432588": {
        "meanRet": 0.9773013866864718,
        "maxRet": 0.9863808155059814,
        "minRet": 0.9716267585754395
    },
    "MiniGrid-DoorKey-8x8-custom-diff0.5510602224432588": {
        "meanRet": 0.9660882830619812,
        "maxRet": 0.9795712232589722,
        "minRet": 0.9546027779579163
    },
    "MiniGrid-DoorKey-10x10-custom-diff0.5510602224432588": {
        "meanRet": 0.9556940564742455,
        "maxRet": 0.978436291217804,
        "minRet": 0.9375787973403931
    },
    "MiniGrid-DoorKey-12x12-custom-diff0.5510602224432588": {
        "meanRet": 0.9293619155883789,
        "maxRet": 0.9659520983695984,
        "minRet": 0.901261031627655
    }
}