{
    "model": "Di_Rhea1\\epoch_3_curric2_gen1",
    "MiniGrid-DoorKey-5x5-custom-diff2": {
        "meanRet": 0.6817857086658478,
        "maxRet": 0.7107142806053162,
        "minRet": 0.6464285850524902
    },
    "MiniGrid-DoorKey-6x6-custom-diff2": {
        "meanRet": 0.6747727285731923,
        "maxRet": 0.7749999761581421,
        "minRet": 0.6175000071525574
    },
    "MiniGrid-DoorKey-8x8-custom-diff2": {
        "meanRet": 0.6820779171856967,
        "maxRet": 0.8199999928474426,
        "minRet": 0.5757142901420593
    },
    "MiniGrid-DoorKey-16x16-custom-diff2": {
        "meanRet": 0.1061502662487328,
        "maxRet": 0.7957446575164795,
        "minRet": 0.0
    }
}