{
    "model": "Mo_Rhea1\\epoch_4_curric1_gen3",
    "MiniGrid-DoorKey-5x5-custom-diff2": {
        "meanRet": 0.6978571295738221,
        "maxRet": 0.7428571581840515,
        "minRet": 0.6785714030265808
    },
    "MiniGrid-DoorKey-6x6-custom-diff2": {
        "meanRet": 0.6931818127632141,
        "maxRet": 0.8199999928474426,
        "minRet": 0.6175000071525574
    },
    "MiniGrid-DoorKey-8x8-custom-diff2": {
        "meanRet": 0.7325714230537415,
        "maxRet": 0.8328571319580078,
        "minRet": 0.6528571248054504
    },
    "MiniGrid-DoorKey-16x16-custom-diff2": {
        "meanRet": 0.07968749990686774,
        "maxRet": 0.6202127933502197,
        "minRet": 0.0
    }
}