{
    "model": "test12x12_25k_3step_3gen_3curric/epoch_21_curric1_gen2",
    "MiniGrid-DoorKey-6x6-custom-diff0.9069142875744653": {
        "meanRet": 0.9875586318969727,
        "maxRet": 0.9924138188362122,
        "minRet": 0.9841379523277283
    },
    "MiniGrid-DoorKey-8x8-custom-diff0.9069142875744653": {
        "meanRet": 0.9800795798118298,
        "maxRet": 0.9896551966667175,
        "minRet": 0.9731034636497498
    },
    "MiniGrid-DoorKey-10x10-custom-diff0.9069142875744653": {
        "meanRet": 0.9626790376809927,
        "maxRet": 0.978620707988739,
        "minRet": 0.9462068676948547
    },
    "MiniGrid-DoorKey-12x12-custom-diff0.9069142875744653": {
        "meanRet": 0.9535448265075683,
        "maxRet": 0.9813793301582336,
        "minRet": 0.9248275756835938
    }
}