{
    "model": "test12x12_150k_3step_3gen_3curric/epoch_24_curric2_gen2",
    "MiniGrid-DoorKey-6x6-custom-diff0.15": {
        "meanRet": 0.9212797624724252,
        "maxRet": 0.949999988079071,
        "minRet": 0.8958333134651184
    },
    "MiniGrid-DoorKey-8x8-custom-diff0.15": {
        "meanRet": 0.8690000009536744,
        "maxRet": 0.925000011920929,
        "minRet": 0.8208333253860474
    },
    "MiniGrid-DoorKey-10x10-custom-diff0.15": {
        "meanRet": 0.7988333368301391,
        "maxRet": 0.9291666746139526,
        "minRet": 0.7291666865348816
    },
    "MiniGrid-DoorKey-12x12-custom-diff0.15": {
        "meanRet": 0.6790000057220459,
        "maxRet": 0.8916666507720947,
        "minRet": 0.4958333373069763
    }
}