{
    "model": "test12x12_25k_3step_3gen_3curric/epoch_29_curric1_gen2",
    "MiniGrid-DoorKey-6x6-custom-diff0.7069142875744653": {
        "meanRet": 0.9842831826210022,
        "maxRet": 0.9893805384635925,
        "minRet": 0.9796460270881653
    },
    "MiniGrid-DoorKey-8x8-custom-diff0.7069142875744653": {
        "meanRet": 0.9748318672180176,
        "maxRet": 0.9867256879806519,
        "minRet": 0.9672566652297974
    },
    "MiniGrid-DoorKey-10x10-custom-diff0.7069142875744653": {
        "meanRet": 0.9627256560325622,
        "maxRet": 0.9805309772491455,
        "minRet": 0.952212393283844
    },
    "MiniGrid-DoorKey-12x12-custom-diff0.7069142875744653": {
        "meanRet": 0.9432212328910827,
        "maxRet": 0.9761061668395996,
        "minRet": 0.9168141484260559
    }
}