{
    "model": "Mo_Rhea1\\epoch_2_curric0_gen4",
    "MiniGrid-DoorKey-5x5-custom-diff2": {
        "meanRet": 0.6817857027053833,
        "maxRet": 0.7107142806053162,
        "minRet": 0.6464285850524902
    },
    "MiniGrid-DoorKey-6x6-custom-diff2": {
        "meanRet": 0.6602500021457672,
        "maxRet": 0.7524999976158142,
        "minRet": 0.5950000286102295
    },
    "MiniGrid-DoorKey-8x8-custom-diff2": {
        "meanRet": 0.6587013006210327,
        "maxRet": 0.7942857146263123,
        "minRet": 0.5628571510314941
    },
    "MiniGrid-DoorKey-16x16-custom-diff2": {
        "meanRet": 0.017121010925620794,
        "maxRet": 0.4159574508666992,
        "minRet": 0.0
    }
}