{
    "model": "SO_RHEA_2PARA_5GEN_14May\\epoch_6_curric0_gen1",
    "MiniGrid-DoorKey-5x5-custom-diff0": {
        "meanRet": 0.9521199822425842,
        "maxRet": 0.9675999879837036,
        "minRet": 0.9459999799728394
    },
    "MiniGrid-DoorKey-6x6-custom-diff0": {
        "meanRet": 0.957749992609024,
        "maxRet": 0.9700000286102295,
        "minRet": 0.9474999904632568
    },
    "MiniGrid-DoorKey-8x8-custom-diff0": {
        "meanRet": 0.9614687442779541,
        "maxRet": 0.9676562547683716,
        "minRet": 0.9549999833106995
    },
    "MiniGrid-DoorKey-16x16-custom-diff0": {
        "meanRet": 0.9564765632152558,
        "maxRet": 0.9803125262260437,
        "minRet": 0.9265234470367432
    }
}