{
    "model": "test12x12_100k_3step_3gen_3curric/epoch_28_curric2_gen1",
    "MiniGrid-DoorKey-6x6-custom-diff0.15": {
        "meanRet": 0.9133012867890872,
        "maxRet": 0.9458333253860474,
        "minRet": 0.8791666626930237
    },
    "MiniGrid-DoorKey-8x8-custom-diff0.15": {
        "meanRet": 0.8705128247921283,
        "maxRet": 0.9291666746139526,
        "minRet": 0.7916666865348816
    },
    "MiniGrid-DoorKey-10x10-custom-diff0.15": {
        "meanRet": 0.8026666641235352,
        "maxRet": 0.9416666626930237,
        "minRet": 0.6666666865348816
    },
    "MiniGrid-DoorKey-12x12-custom-diff0.15": {
        "meanRet": 0.5736666667461395,
        "maxRet": 0.8833333253860474,
        "minRet": 0.28333333134651184
    }
}