{
    "model": "test12x12_75k_3step_3gen_3curric/epoch_31_curric1_gen2",
    "MiniGrid-DoorKey-6x6-custom-diff0.15": {
        "meanRet": 0.928666672706604,
        "maxRet": 0.9583333134651184,
        "minRet": 0.9041666388511658
    },
    "MiniGrid-DoorKey-8x8-custom-diff0.15": {
        "meanRet": 0.8815000081062316,
        "maxRet": 0.9333333373069763,
        "minRet": 0.8458333611488342
    },
    "MiniGrid-DoorKey-10x10-custom-diff0.15": {
        "meanRet": 0.8038333344459534,
        "maxRet": 0.9041666388511658,
        "minRet": 0.7208333611488342
    },
    "MiniGrid-DoorKey-12x12-custom-diff0.15": {
        "meanRet": 0.675166666507721,
        "maxRet": 0.8333333134651184,
        "minRet": 0.5333333611488342
    }
}