{
    "model": "test12x12_50k_3step_3gen_3curric/epoch_28_curric1_gen2",
    "MiniGrid-DoorKey-6x6-custom-diff0.5510602224432588": {
        "meanRet": 0.9781744044560653,
        "maxRet": 0.9863808155059814,
        "minRet": 0.9704918265342712
    },
    "MiniGrid-DoorKey-8x8-custom-diff0.5510602224432588": {
        "meanRet": 0.9675863933563232,
        "maxRet": 0.9807061553001404,
        "minRet": 0.9580075740814209
    },
    "MiniGrid-DoorKey-10x10-custom-diff0.5510602224432588": {
        "meanRet": 0.9482925581932068,
        "maxRet": 0.9795712232589722,
        "minRet": 0.9273644685745239
    },
    "MiniGrid-DoorKey-12x12-custom-diff0.5510602224432588": {
        "meanRet": 0.9208726406097412,
        "maxRet": 0.9625473022460938,
        "minRet": 0.8774275183677673
    }
}