{
    "model": "test12x12_100k_3step_4gen_3curric/epoch_6_curric0_gen2",
    "MiniGrid-DoorKey-6x6-custom-diff0.99467792277423": {
        "meanRet": 0.9868500186846807,
        "maxRet": 0.9937151074409485,
        "minRet": 0.9817737340927124
    },
    "MiniGrid-DoorKey-8x8-custom-diff0.99467792277423": {
        "meanRet": 0.9825782179832458,
        "maxRet": 0.9912011027336121,
        "minRet": 0.9754888415336609
    },
    "MiniGrid-DoorKey-10x10-custom-diff0.99467792277423": {
        "meanRet": 0.9751262320921972,
        "maxRet": 0.9899441599845886,
        "minRet": 0.9641759991645813
    },
    "MiniGrid-DoorKey-12x12-custom-diff0.99467792277423": {
        "meanRet": 0.9629431664943695,
        "maxRet": 0.9798882603645325,
        "minRet": 0.9534916281700134
    }
}