{
    "model": "test12x12_150k_3step_3gen_3curric/epoch_30_curric0_gen2",
    "MiniGrid-DoorKey-6x6-custom-diff0.15": {
        "meanRet": 0.9260802578043055,
        "maxRet": 0.9583333134651184,
        "minRet": 0.9083333611488342
    },
    "MiniGrid-DoorKey-8x8-custom-diff0.15": {
        "meanRet": 0.877000002861023,
        "maxRet": 0.9291666746139526,
        "minRet": 0.8541666865348816
    },
    "MiniGrid-DoorKey-10x10-custom-diff0.15": {
        "meanRet": 0.8108333301544189,
        "maxRet": 0.9458333253860474,
        "minRet": 0.6875
    },
    "MiniGrid-DoorKey-12x12-custom-diff0.15": {
        "meanRet": 0.6315000009536743,
        "maxRet": 0.8333333134651184,
        "minRet": 0.3916666805744171
    }
}