{
    "model": "test12x12_75k_3step_3gen_3curric/epoch_45_curric1_gen2",
    "MiniGrid-DoorKey-6x6-custom-diff0.15": {
        "meanRet": 0.9203703778761404,
        "maxRet": 0.949999988079071,
        "minRet": 0.8999999761581421
    },
    "MiniGrid-DoorKey-8x8-custom-diff0.15": {
        "meanRet": 0.8676666641235351,
        "maxRet": 0.925000011920929,
        "minRet": 0.824999988079071
    },
    "MiniGrid-DoorKey-10x10-custom-diff0.15": {
        "meanRet": 0.7881666707992554,
        "maxRet": 0.9166666865348816,
        "minRet": 0.6791666746139526
    },
    "MiniGrid-DoorKey-12x12-custom-diff0.15": {
        "meanRet": 0.6953333282470703,
        "maxRet": 0.8999999761581421,
        "minRet": 0.5874999761581421
    }
}