{
    "model": "test12x12_100k_3step_4gen_3curric/epoch_16_curric0_gen3",
    "MiniGrid-DoorKey-6x6-custom-diff0.74467792277423": {
        "meanRet": 0.9831082057952881,
        "maxRet": 0.9899253845214844,
        "minRet": 0.9764925241470337
    },
    "MiniGrid-DoorKey-8x8-custom-diff0.74467792277423": {
        "meanRet": 0.974135330090156,
        "maxRet": 0.9848880767822266,
        "minRet": 0.9664179086685181
    },
    "MiniGrid-DoorKey-10x10-custom-diff0.74467792277423": {
        "meanRet": 0.9620522356033325,
        "maxRet": 0.9848880767822266,
        "minRet": 0.9496268630027771
    },
    "MiniGrid-DoorKey-12x12-custom-diff0.74467792277423": {
        "meanRet": 0.9402574610710144,
        "maxRet": 0.9706156849861145,
        "minRet": 0.9076492786407471
    }
}