{
    "model": "test12x12_100k_3step_4gen_3curric/epoch_24_curric2_gen2",
    "MiniGrid-DoorKey-6x6-custom-diff0.15": {
        "meanRet": 0.9151785756860461,
        "maxRet": 0.9416666626930237,
        "minRet": 0.887499988079071
    },
    "MiniGrid-DoorKey-8x8-custom-diff0.15": {
        "meanRet": 0.8863333344459534,
        "maxRet": 0.9333333373069763,
        "minRet": 0.8458333611488342
    },
    "MiniGrid-DoorKey-10x10-custom-diff0.15": {
        "meanRet": 0.8174679485651163,
        "maxRet": 0.9083333611488342,
        "minRet": 0.75
    },
    "MiniGrid-DoorKey-12x12-custom-diff0.15": {
        "meanRet": 0.6923333311080933,
        "maxRet": 0.8500000238418579,
        "minRet": 0.5874999761581421
    }
}