{
    "model": "test12x12_100k_4step_3gen_3curric/epoch_15_curric0_gen1",
    "MiniGrid-DoorKey-6x6-custom-diff0.48200750000000003": {
        "meanRet": 0.9739636434958532,
        "maxRet": 0.9870316982269287,
        "minRet": 0.9559077620506287
    },
    "MiniGrid-DoorKey-8x8-custom-diff0.48200750000000003": {
        "meanRet": 0.9558040380477906,
        "maxRet": 0.9753602147102356,
        "minRet": 0.931268036365509
    },
    "MiniGrid-DoorKey-10x10-custom-diff0.48200750000000003": {
        "meanRet": 0.8995734858512878,
        "maxRet": 0.9727665781974792,
        "minRet": 0.8132565021514893
    },
    "MiniGrid-DoorKey-12x12-custom-diff0.48200750000000003": {
        "meanRet": 0.8061498522758483,
        "maxRet": 0.9533141255378723,
        "minRet": 0.6861671209335327
    }
}