{
    "model": "test12x12_50k_3step_3gen_3curric/epoch_8_curric0_gen2",
    "MiniGrid-DoorKey-6x6-custom-diff1": {
        "meanRet": 0.9872000026702881,
        "maxRet": 0.9925000071525574,
        "minRet": 0.9818750023841858
    },
    "MiniGrid-DoorKey-8x8-custom-diff1": {
        "meanRet": 0.9798249983787537,
        "maxRet": 0.9881250262260437,
        "minRet": 0.971875011920929
    },
    "MiniGrid-DoorKey-10x10-custom-diff1": {
        "meanRet": 0.9669250011444092,
        "maxRet": 0.9831249713897705,
        "minRet": 0.9537500143051147
    },
    "MiniGrid-DoorKey-12x12-custom-diff1": {
        "meanRet": 0.9601999998092652,
        "maxRet": 0.9837499856948853,
        "minRet": 0.9387500286102295
    }
}