{
    "model": "test12x12_100k_3step_3gen_3curric/epoch_11_curric2_gen3",
    "MiniGrid-DoorKey-6x6-custom-diff0.8720715046045371": {
        "meanRet": 0.984337842464447,
        "maxRet": 0.9899601340293884,
        "minRet": 0.9777688980102539
    },
    "MiniGrid-DoorKey-8x8-custom-diff0.8720715046045371": {
        "meanRet": 0.9741556873688331,
        "maxRet": 0.9835059642791748,
        "minRet": 0.9662948250770569
    },
    "MiniGrid-DoorKey-10x10-custom-diff0.8720715046045371": {
        "meanRet": 0.963397605419159,
        "maxRet": 0.9806374311447144,
        "minRet": 0.9426294565200806
    },
    "MiniGrid-DoorKey-12x12-custom-diff0.8720715046045371": {
        "meanRet": 0.9362613487243653,
        "maxRet": 0.975617527961731,
        "minRet": 0.8981673121452332
    }
}