{
    "model": "test12x12_100k_3step_4gen_3curric/epoch_18_curric1_gen1",
    "MiniGrid-DoorKey-6x6-custom-diff0.69467792277423": {
        "meanRet": 0.9823461564687582,
        "maxRet": 0.9891999959945679,
        "minRet": 0.9775000214576721
    },
    "MiniGrid-DoorKey-8x8-custom-diff0.69467792277423": {
        "meanRet": 0.9745120096206665,
        "maxRet": 0.9837999939918518,
        "minRet": 0.968500018119812
    },
    "MiniGrid-DoorKey-10x10-custom-diff0.69467792277423": {
        "meanRet": 0.9646120023727417,
        "maxRet": 0.9891999959945679,
        "minRet": 0.9531999826431274
    },
    "MiniGrid-DoorKey-12x12-custom-diff0.69467792277423": {
        "meanRet": 0.9417076936134925,
        "maxRet": 0.9675999879837036,
        "minRet": 0.9154000282287598
    }
}