{
    "model": "test12x12_50k_3step_3gen_3curric/epoch_22_curric0_gen1",
    "MiniGrid-DoorKey-6x6-custom-diff0.7010602224432589": {
        "meanRet": 0.9817324137687683,
        "maxRet": 0.9910802841186523,
        "minRet": 0.9768087267875671
    },
    "MiniGrid-DoorKey-8x8-custom-diff0.7010602224432589": {
        "meanRet": 0.9733478665351868,
        "maxRet": 0.9848364591598511,
        "minRet": 0.966105043888092
    },
    "MiniGrid-DoorKey-10x10-custom-diff0.7010602224432589": {
        "meanRet": 0.9643541442023383,
        "maxRet": 0.9848364591598511,
        "minRet": 0.9536174535751343
    },
    "MiniGrid-DoorKey-12x12-custom-diff0.7010602224432589": {
        "meanRet": 0.9433775997161865,
        "maxRet": 0.9705649018287659,
        "minRet": 0.9268582463264465
    }
}