{
    "model": "test12x12_25k_3step_3gen_3curric/epoch_47_curric2_gen1",
    "MiniGrid-DoorKey-6x6-custom-diff0.2569142875744653": {
        "meanRet": 0.9569418224004599,
        "maxRet": 0.9707317352294922,
        "minRet": 0.9463414549827576
    },
    "MiniGrid-DoorKey-8x8-custom-diff0.2569142875744653": {
        "meanRet": 0.9272497995146389,
        "maxRet": 0.9658536314964294,
        "minRet": 0.9097561240196228
    },
    "MiniGrid-DoorKey-10x10-custom-diff0.2569142875744653": {
        "meanRet": 0.8970731663703918,
        "maxRet": 0.9682926535606384,
        "minRet": 0.8658536672592163
    },
    "MiniGrid-DoorKey-12x12-custom-diff0.2569142875744653": {
        "meanRet": 0.8221388367506174,
        "maxRet": 0.9048780202865601,
        "minRet": 0.7414634227752686
    }
}