{
    "model": "test12x12_100k_3step_4gen_3curric/epoch_24_curric1_gen3",
    "MiniGrid-DoorKey-6x6-custom-diff0.15": {
        "meanRet": 0.9206730769230769,
        "maxRet": 0.9583333134651184,
        "minRet": 0.8916666507720947
    },
    "MiniGrid-DoorKey-8x8-custom-diff0.15": {
        "meanRet": 0.870512815622183,
        "maxRet": 0.9291666746139526,
        "minRet": 0.824999988079071
    },
    "MiniGrid-DoorKey-10x10-custom-diff0.15": {
        "meanRet": 0.8195000004768371,
        "maxRet": 0.9041666388511658,
        "minRet": 0.75
    },
    "MiniGrid-DoorKey-12x12-custom-diff0.15": {
        "meanRet": 0.7078333306312561,
        "maxRet": 0.875,
        "minRet": 0.47083333134651184
    }
}