{
    "model": "Mo_Rhea1\\epoch_3_curric0_gen1",
    "MiniGrid-DoorKey-5x5-custom-diff2": {
        "meanRet": 0.6785714228947958,
        "maxRet": 0.7428571581840515,
        "minRet": 0.6464285850524902
    },
    "MiniGrid-DoorKey-6x6-custom-diff2": {
        "meanRet": 0.7095454606142911,
        "maxRet": 0.7749999761581421,
        "minRet": 0.6625000238418579
    },
    "MiniGrid-DoorKey-8x8-custom-diff2": {
        "meanRet": 0.7570000112056732,
        "maxRet": 0.8328571319580078,
        "minRet": 0.7300000190734863
    },
    "MiniGrid-DoorKey-16x16-custom-diff2": {
        "meanRet": 0.019880319014191628,
        "maxRet": 0.6361702084541321,
        "minRet": 0.0
    }
}