{
    "model": "test12x12_100k_3step_4gen_3curric/epoch_2_curric0_gen3",
    "MiniGrid-DoorKey-6x6-custom-diff1": {
        "meanRet": 0.9865046342213949,
        "maxRet": 0.9918749928474426,
        "minRet": 0.9825000166893005
    },
    "MiniGrid-DoorKey-8x8-custom-diff1": {
        "meanRet": 0.9765865367192489,
        "maxRet": 0.9887499809265137,
        "minRet": 0.9681249856948853
    },
    "MiniGrid-DoorKey-10x10-custom-diff1": {
        "meanRet": 0.9616999983787536,
        "maxRet": 0.9831249713897705,
        "minRet": 0.9468749761581421
    },
    "MiniGrid-DoorKey-12x12-custom-diff1": {
        "meanRet": 0.9390500020980835,
        "maxRet": 0.9806249737739563,
        "minRet": 0.9012500047683716
    }
}