{
    "model": "test12x12_25k_3step_3gen_3curric/epoch_35_curric0_gen1",
    "MiniGrid-DoorKey-6x6-custom-diff0.5569142875744653": {
        "meanRet": 0.9794606733322143,
        "maxRet": 0.9865168333053589,
        "minRet": 0.9730337262153625
    },
    "MiniGrid-DoorKey-8x8-custom-diff0.5569142875744653": {
        "meanRet": 0.9674157285690308,
        "maxRet": 0.983146071434021,
        "minRet": 0.9584269523620605
    },
    "MiniGrid-DoorKey-10x10-custom-diff0.5569142875744653": {
        "meanRet": 0.9497407101667844,
        "maxRet": 0.9730337262153625,
        "minRet": 0.9303370714187622
    },
    "MiniGrid-DoorKey-12x12-custom-diff0.5569142875744653": {
        "meanRet": 0.9223820185661316,
        "maxRet": 0.9629213213920593,
        "minRet": 0.8865168690681458
    }
}