{
    "model": "test12x12_50k_3step_3gen_3curric/epoch_47_curric2_gen3",
    "MiniGrid-DoorKey-6x6-custom-diff0.15": {
        "meanRet": 0.9087962905565897,
        "maxRet": 0.9583333134651184,
        "minRet": 0.8833333253860474
    },
    "MiniGrid-DoorKey-8x8-custom-diff0.15": {
        "meanRet": 0.8808333253860474,
        "maxRet": 0.9375,
        "minRet": 0.8374999761581421
    },
    "MiniGrid-DoorKey-10x10-custom-diff0.15": {
        "meanRet": 0.8171666669845581,
        "maxRet": 0.9291666746139526,
        "minRet": 0.7124999761581421
    },
    "MiniGrid-DoorKey-12x12-custom-diff0.15": {
        "meanRet": 0.6645000052452087,
        "maxRet": 0.8458333611488342,
        "minRet": 0.48750001192092896
    }
}