{
    "model": "test12x12_100k_3step_3gen_3curric/epoch_24_curric2_gen1",
    "MiniGrid-DoorKey-6x6-custom-diff0.15": {
        "meanRet": 0.906570512514848,
        "maxRet": 0.9458333253860474,
        "minRet": 0.8541666865348816
    },
    "MiniGrid-DoorKey-8x8-custom-diff0.15": {
        "meanRet": 0.8463333368301391,
        "maxRet": 0.9166666865348816,
        "minRet": 0.7875000238418579
    },
    "MiniGrid-DoorKey-10x10-custom-diff0.15": {
        "meanRet": 0.8288333296775818,
        "maxRet": 0.9208333492279053,
        "minRet": 0.7166666388511658
    },
    "MiniGrid-DoorKey-12x12-custom-diff0.15": {
        "meanRet": 0.6983333361148835,
        "maxRet": 0.8416666388511658,
        "minRet": 0.4541666805744171
    }
}