{
    "model": "test12x12_75k_3step_3gen_3curric/epoch_15_curric0_gen3",
    "MiniGrid-DoorKey-6x6-custom-diff0.7815023600555896": {
        "meanRet": 0.9854399991035462,
        "maxRet": 0.9919999837875366,
        "minRet": 0.9815999865531921
    },
    "MiniGrid-DoorKey-8x8-custom-diff0.7815023600555896": {
        "meanRet": 0.9769538342952728,
        "maxRet": 0.9864000082015991,
        "minRet": 0.9703999757766724
    },
    "MiniGrid-DoorKey-10x10-custom-diff0.7815023600555896": {
        "meanRet": 0.9666153811491452,
        "maxRet": 0.9904000163078308,
        "minRet": 0.9559999704360962
    },
    "MiniGrid-DoorKey-12x12-custom-diff0.7815023600555896": {
        "meanRet": 0.9403199982643128,
        "maxRet": 0.9703999757766724,
        "minRet": 0.9215999841690063
    }
}