{
    "model": "test12x12_100k_3step_4gen_3curric/epoch_19_curric0_gen3",
    "MiniGrid-DoorKey-6x6-custom-diff0.66967792277423": {
        "meanRet": 0.9840209048527938,
        "maxRet": 0.9906638860702515,
        "minRet": 0.979460597038269
    },
    "MiniGrid-DoorKey-8x8-custom-diff0.66967792277423": {
        "meanRet": 0.9737511987869556,
        "maxRet": 0.9850622415542603,
        "minRet": 0.9654564261436462
    },
    "MiniGrid-DoorKey-10x10-custom-diff0.66967792277423": {
        "meanRet": 0.9670622301101685,
        "maxRet": 0.9897302985191345,
        "minRet": 0.9523859024047852
    },
    "MiniGrid-DoorKey-12x12-custom-diff0.66967792277423": {
        "meanRet": 0.9488008260726929,
        "maxRet": 0.9701244831085205,
        "minRet": 0.9290456175804138
    }
}