{
    "model": "MI_RHEA_PARA_ENV_2_first\\epoch_6_curric1_gen3",
    "MiniGrid-DoorKey-5x5-custom-diff1": {
        "meanRet": 0.8822616338729858,
        "maxRet": 0.9012194871902466,
        "minRet": 0.8682926893234253
    },
    "MiniGrid-DoorKey-6x6-custom-diff1": {
        "meanRet": 0.8968678279356523,
        "maxRet": 0.924369752407074,
        "minRet": 0.8865545988082886
    },
    "MiniGrid-DoorKey-8x8-custom-diff1": {
        "meanRet": 0.8983412384986877,
        "maxRet": 0.9402843713760376,
        "minRet": 0.8805687427520752
    },
    "MiniGrid-DoorKey-16x16-custom-diff1": {
        "meanRet": 0.8286272168159485,
        "maxRet": 0.9158579707145691,
        "minRet": 0.7379881739616394
    }
}