{
    "model": "test12x12_25k_3step_3gen_3curric/epoch_21_curric0_gen2",
    "MiniGrid-DoorKey-6x6-custom-diff0.9069142875744653": {
        "meanRet": 0.9863733752020474,
        "maxRet": 0.9910345077514648,
        "minRet": 0.982758641242981
    },
    "MiniGrid-DoorKey-8x8-custom-diff0.9069142875744653": {
        "meanRet": 0.9807427112872784,
        "maxRet": 0.9910345077514648,
        "minRet": 0.9758620858192444
    },
    "MiniGrid-DoorKey-10x10-custom-diff0.9069142875744653": {
        "meanRet": 0.9750132652429434,
        "maxRet": 0.9875862002372742,
        "minRet": 0.9662069082260132
    },
    "MiniGrid-DoorKey-12x12-custom-diff0.9069142875744653": {
        "meanRet": 0.9540965533256531,
        "maxRet": 0.978620707988739,
        "minRet": 0.9289655089378357
    }
}