{
    "model": "test12x12_150k_3step_3gen_3curric/epoch_19_curric0_gen2",
    "MiniGrid-DoorKey-6x6-custom-diff0.15": {
        "meanRet": 0.9290000081062317,
        "maxRet": 0.9583333134651184,
        "minRet": 0.9083333611488342
    },
    "MiniGrid-DoorKey-8x8-custom-diff0.15": {
        "meanRet": 0.8841666650772094,
        "maxRet": 0.9291666746139526,
        "minRet": 0.8583333492279053
    },
    "MiniGrid-DoorKey-10x10-custom-diff0.15": {
        "meanRet": 0.8199999952316284,
        "maxRet": 0.9333333373069763,
        "minRet": 0.7541666626930237
    },
    "MiniGrid-DoorKey-12x12-custom-diff0.15": {
        "meanRet": 0.6545000004768372,
        "maxRet": 0.8583333492279053,
        "minRet": 0.4583333432674408
    }
}