{
    "model": "test12x12_75k_3step_3gen_3curric/epoch_45_curric0_gen3",
    "MiniGrid-DoorKey-6x6-custom-diff0.15": {
        "meanRet": 0.9287037120925056,
        "maxRet": 0.9583333134651184,
        "minRet": 0.9125000238418579
    },
    "MiniGrid-DoorKey-8x8-custom-diff0.15": {
        "meanRet": 0.8868333387374878,
        "maxRet": 0.9541666507720947,
        "minRet": 0.8458333611488342
    },
    "MiniGrid-DoorKey-10x10-custom-diff0.15": {
        "meanRet": 0.8221666646003724,
        "maxRet": 0.9416666626930237,
        "minRet": 0.7291666865348816
    },
    "MiniGrid-DoorKey-12x12-custom-diff0.15": {
        "meanRet": 0.7258012867890872,
        "maxRet": 0.8458333611488342,
        "minRet": 0.5958333611488342
    }
}