{
    "model": "test12x12_100k_3step_3gen_3curric/epoch_18_curric1_gen3",
    "MiniGrid-DoorKey-6x6-custom-diff0.6970715046045372": {
        "meanRet": 0.9816051790347466,
        "maxRet": 0.9901295900344849,
        "minRet": 0.9757726788520813
    },
    "MiniGrid-DoorKey-8x8-custom-diff0.6970715046045372": {
        "meanRet": 0.9692499408355126,
        "maxRet": 0.9829511642456055,
        "minRet": 0.9596211314201355
    },
    "MiniGrid-DoorKey-10x10-custom-diff0.6970715046045372": {
        "meanRet": 0.9548474526405335,
        "maxRet": 0.9829511642456055,
        "minRet": 0.9210368990898132
    },
    "MiniGrid-DoorKey-12x12-custom-diff0.6970715046045372": {
        "meanRet": 0.915330011844635,
        "maxRet": 0.9667996168136597,
        "minRet": 0.8573279976844788
    }
}