{
    "model": "test12x12_50k_3step_3gen_3curric/epoch_28_curric0_gen1",
    "MiniGrid-DoorKey-6x6-custom-diff0.5510602224432588": {
        "meanRet": 0.9770744013786316,
        "maxRet": 0.9886506795883179,
        "minRet": 0.9670870304107666
    },
    "MiniGrid-DoorKey-8x8-custom-diff0.5510602224432588": {
        "meanRet": 0.9673140096664429,
        "maxRet": 0.984110951423645,
        "minRet": 0.9546027779579163
    },
    "MiniGrid-DoorKey-10x10-custom-diff0.5510602224432588": {
        "meanRet": 0.9524691033363343,
        "maxRet": 0.9829760193824768,
        "minRet": 0.9307692050933838
    },
    "MiniGrid-DoorKey-12x12-custom-diff0.5510602224432588": {
        "meanRet": 0.9250037813186646,
        "maxRet": 0.9670870304107666,
        "minRet": 0.8853719830513
    }
}