{
    "model": "test12x12_75k_3step_3gen_3curric/epoch_8_curric2_gen3",
    "MiniGrid-DoorKey-6x6-custom-diff0.9815023600555897": {
        "meanRet": 0.987383640729464,
        "maxRet": 0.9923567175865173,
        "minRet": 0.9834395051002502
    },
    "MiniGrid-DoorKey-8x8-custom-diff0.9815023600555897": {
        "meanRet": 0.9821146559715271,
        "maxRet": 0.9891719818115234,
        "minRet": 0.9770700931549072
    },
    "MiniGrid-DoorKey-10x10-custom-diff0.9815023600555897": {
        "meanRet": 0.974165608882904,
        "maxRet": 0.9859872460365295,
        "minRet": 0.9630573391914368
    },
    "MiniGrid-DoorKey-12x12-custom-diff0.9815023600555897": {
        "meanRet": 0.96007643699646,
        "maxRet": 0.9821656346321106,
        "minRet": 0.9420382380485535
    }
}