{
    "model": "test12x12_50k_3step_3gen_3curric/epoch_13_curric1_gen3",
    "MiniGrid-DoorKey-6x6-custom-diff0.9260602224432589": {
        "meanRet": 0.9869287323951721,
        "maxRet": 0.9918980002403259,
        "minRet": 0.9824455976486206
    },
    "MiniGrid-DoorKey-8x8-custom-diff0.9260602224432589": {
        "meanRet": 0.9793668413162231,
        "maxRet": 0.9878469705581665,
        "minRet": 0.9736683964729309
    },
    "MiniGrid-DoorKey-10x10-custom-diff0.9260602224432589": {
        "meanRet": 0.96902014200504,
        "maxRet": 0.9831207990646362,
        "minRet": 0.9601650238037109
    },
    "MiniGrid-DoorKey-12x12-custom-diff0.9260602224432589": {
        "meanRet": 0.9526841735839844,
        "maxRet": 0.9750187397003174,
        "minRet": 0.9311327934265137
    }
}