{
    "model": "test12x12_75k_3step_3gen_3curric/epoch_20_curric0_gen3",
    "MiniGrid-DoorKey-6x6-custom-diff0.6565023600555896": {
        "meanRet": 0.9829931897776467,
        "maxRet": 0.9904761910438538,
        "minRet": 0.9780952334403992
    },
    "MiniGrid-DoorKey-8x8-custom-diff0.6565023600555896": {
        "meanRet": 0.973219051361084,
        "maxRet": 0.9866666793823242,
        "minRet": 0.9666666388511658
    },
    "MiniGrid-DoorKey-10x10-custom-diff0.6565023600555896": {
        "meanRet": 0.9639194149237412,
        "maxRet": 0.9885714054107666,
        "minRet": 0.954285740852356
    },
    "MiniGrid-DoorKey-12x12-custom-diff0.6565023600555896": {
        "meanRet": 0.9382857131958008,
        "maxRet": 0.9685714244842529,
        "minRet": 0.9114285707473755
    }
}