{
    "model": "test12x12_50k_3step_3gen_3curric/epoch_30_curric0_gen3",
    "MiniGrid-DoorKey-6x6-custom-diff0.5010602224432589": {
        "meanRet": 0.9782709214422438,
        "maxRet": 0.9850208163261414,
        "minRet": 0.9737864136695862
    },
    "MiniGrid-DoorKey-8x8-custom-diff0.5010602224432589": {
        "meanRet": 0.9626728084779554,
        "maxRet": 0.9825242757797241,
        "minRet": 0.9550623893737793
    },
    "MiniGrid-DoorKey-10x10-custom-diff0.5010602224432589": {
        "meanRet": 0.9541636681556702,
        "maxRet": 0.9812760353088379,
        "minRet": 0.9338418841362
    },
    "MiniGrid-DoorKey-12x12-custom-diff0.5010602224432589": {
        "meanRet": 0.9135815638762254,
        "maxRet": 0.9650485515594482,
        "minRet": 0.8776699304580688
    }
}