{
    "model": "SO_RHEA_2PARA_5GEN_14May\\epoch_10_curric0_gen3",
    "MiniGrid-DoorKey-5x5-custom-diff1": {
        "meanRet": 0.8765243887901306,
        "maxRet": 0.9012194871902466,
        "minRet": 0.8573170900344849
    },
    "MiniGrid-DoorKey-6x6-custom-diff1": {
        "meanRet": 0.8831168738278475,
        "maxRet": 0.9092437028884888,
        "minRet": 0.8638655543327332
    },
    "MiniGrid-DoorKey-8x8-custom-diff1": {
        "meanRet": 0.8848341107368469,
        "maxRet": 0.9146919250488281,
        "minRet": 0.8720378875732422
    },
    "MiniGrid-DoorKey-16x16-custom-diff1": {
        "meanRet": 0.8374674558639527,
        "maxRet": 0.9307692050933838,
        "minRet": 0.7486390471458435
    }
}