{
    "model": "test12x12_25k_3step_3gen_3curric/epoch_25_curric1_gen3",
    "MiniGrid-DoorKey-6x6-custom-diff0.8069142875744653": {
        "meanRet": 0.9861705446243286,
        "maxRet": 0.9906976819038391,
        "minRet": 0.9821705222129822
    },
    "MiniGrid-DoorKey-8x8-custom-diff0.8069142875744653": {
        "meanRet": 0.9776434111595154,
        "maxRet": 0.987596869468689,
        "minRet": 0.9720930457115173
    },
    "MiniGrid-DoorKey-10x10-custom-diff0.8069142875744653": {
        "meanRet": 0.964372091293335,
        "maxRet": 0.9775193929672241,
        "minRet": 0.9511628150939941
    },
    "MiniGrid-DoorKey-12x12-custom-diff0.8069142875744653": {
        "meanRet": 0.9431317806243896,
        "maxRet": 0.974418580532074,
        "minRet": 0.9201550483703613
    }
}