{
    "model": "DO_11_05_RHEA_PARA_ENV_1\\epoch_4_curric0_gen3",
    "MiniGrid-DoorKey-5x5-custom-diff2": {
        "meanRet": 0.6946428418159485,
        "maxRet": 0.7107142806053162,
        "minRet": 0.6785714030265808
    },
    "MiniGrid-DoorKey-6x6-custom-diff2": {
        "meanRet": 0.7034090865742076,
        "maxRet": 0.8199999928474426,
        "minRet": 0.6399999856948853
    },
    "MiniGrid-DoorKey-8x8-custom-diff2": {
        "meanRet": 0.7267857193946838,
        "maxRet": 0.8199999928474426,
        "minRet": 0.691428542137146
    },
    "MiniGrid-DoorKey-16x16-custom-diff2": {
        "meanRet": 0.6553191393613815,
        "maxRet": 0.7861701846122742,
        "minRet": 0.38085106015205383
    }
}