{
    "model": "test12x12_25k_3step_3gen_3curric/epoch_17_curric2_gen3",
    "MiniGrid-DoorKey-6x6-custom-diff1": {
        "meanRet": 0.9886538546818954,
        "maxRet": 0.9925000071525574,
        "minRet": 0.9856250286102295
    },
    "MiniGrid-DoorKey-8x8-custom-diff1": {
        "meanRet": 0.9816999936103821,
        "maxRet": 0.9893749952316284,
        "minRet": 0.9768750071525574
    },
    "MiniGrid-DoorKey-10x10-custom-diff1": {
        "meanRet": 0.9675750017166138,
        "maxRet": 0.981249988079071,
        "minRet": 0.9549999833106995
    },
    "MiniGrid-DoorKey-12x12-custom-diff1": {
        "meanRet": 0.9538250041007995,
        "maxRet": 0.9756249785423279,
        "minRet": 0.9262499809265137
    }
}