{
    "model": "test12x12_75k_3step_3gen_3curric/epoch_17_curric1_gen3",
    "MiniGrid-DoorKey-6x6-custom-diff0.7315023600555897": {
        "meanRet": 0.9841367387771607,
        "maxRet": 0.9897435903549194,
        "minRet": 0.9794871807098389
    },
    "MiniGrid-DoorKey-8x8-custom-diff0.7315023600555897": {
        "meanRet": 0.9744904545637277,
        "maxRet": 0.9837606549263,
        "minRet": 0.9675213694572449
    },
    "MiniGrid-DoorKey-10x10-custom-diff0.7315023600555897": {
        "meanRet": 0.960223525762558,
        "maxRet": 0.9811965823173523,
        "minRet": 0.9418803453445435
    },
    "MiniGrid-DoorKey-12x12-custom-diff0.7315023600555897": {
        "meanRet": 0.9430085301399231,
        "maxRet": 0.9658119678497314,
        "minRet": 0.9111111164093018
    }
}