{
    "model": "Rhea_Fr2\\epoch_1_curric2_gen4",
    "MiniGrid-DoorKey-5x5-custom-diff0": {
        "meanRet": 0.7922799944877624,
        "maxRet": 0.9315999746322632,
        "minRet": 0.6363999843597412
    },
    "MiniGrid-DoorKey-6x6-custom-diff0": {
        "meanRet": 0.7044999897480011,
        "maxRet": 0.8399999737739563,
        "minRet": 0.4300000071525574
    },
    "MiniGrid-DoorKey-8x8-custom-diff0": {
        "meanRet": 0.15592371497084112,
        "maxRet": 0.9325000047683716,
        "minRet": 0.0
    },
    "MiniGrid-DoorKey-16x16-custom-diff0": {
        "meanRet": 0.045152587816119194,
        "maxRet": 0.8597265481948853,
        "minRet": 0.0
    }
}