{
    "model": "test12x12_50k_3step_3gen_3curric/epoch_16_curric1_gen1",
    "MiniGrid-DoorKey-6x6-custom-diff0.8510602224432589": {
        "meanRet": 0.9870015749564538,
        "maxRet": 0.9926530718803406,
        "minRet": 0.9838367104530334
    },
    "MiniGrid-DoorKey-8x8-custom-diff0.8510602224432589": {
        "meanRet": 0.9801632642745972,
        "maxRet": 0.9897142648696899,
        "minRet": 0.9750204086303711
    },
    "MiniGrid-DoorKey-10x10-custom-diff0.8510602224432589": {
        "meanRet": 0.9711999988555908,
        "maxRet": 0.988244891166687,
        "minRet": 0.9610612392425537
    },
    "MiniGrid-DoorKey-12x12-custom-diff0.8510602224432589": {
        "meanRet": 0.9600620412826538,
        "maxRet": 0.976489782333374,
        "minRet": 0.9375510215759277
    }
}