{
    "model": "test12x12_75k_3step_3gen_3curric/epoch_7_curric0_gen3",
    "MiniGrid-DoorKey-6x6-custom-diff1": {
        "meanRet": 0.987823276684202,
        "maxRet": 0.9925000071525574,
        "minRet": 0.9837499856948853
    },
    "MiniGrid-DoorKey-8x8-custom-diff1": {
        "meanRet": 0.9810500001907348,
        "maxRet": 0.9868749976158142,
        "minRet": 0.9756249785423279
    },
    "MiniGrid-DoorKey-10x10-custom-diff1": {
        "meanRet": 0.9694000029563904,
        "maxRet": 0.9900000095367432,
        "minRet": 0.9537500143051147
    },
    "MiniGrid-DoorKey-12x12-custom-diff1": {
        "meanRet": 0.9420749950408935,
        "maxRet": 0.9781249761581421,
        "minRet": 0.8912500143051147
    }
}