{
    "model": "test12x12_150k_3step_3gen_3curric/epoch_24_curric1_gen2",
    "MiniGrid-DoorKey-6x6-custom-diff0.15": {
        "meanRet": 0.9288461620991046,
        "maxRet": 0.949999988079071,
        "minRet": 0.9083333611488342
    },
    "MiniGrid-DoorKey-8x8-custom-diff0.15": {
        "meanRet": 0.8828703739024975,
        "maxRet": 0.9375,
        "minRet": 0.8541666865348816
    },
    "MiniGrid-DoorKey-10x10-custom-diff0.15": {
        "meanRet": 0.8208333277702331,
        "maxRet": 0.9375,
        "minRet": 0.7458333373069763
    },
    "MiniGrid-DoorKey-12x12-custom-diff0.15": {
        "meanRet": 0.6858333361148834,
        "maxRet": 0.8666666746139526,
        "minRet": 0.46666666865348816
    }
}