{
    "model": "test12x12_25k_3step_3gen_3curric/epoch_9_curric2_gen3",
    "MiniGrid-DoorKey-6x6-custom-diff1": {
        "meanRet": 0.9875750041007996,
        "maxRet": 0.9925000071525574,
        "minRet": 0.9837499856948853
    },
    "MiniGrid-DoorKey-8x8-custom-diff1": {
        "meanRet": 0.9791435201962789,
        "maxRet": 0.9868749976158142,
        "minRet": 0.9737499952316284
    },
    "MiniGrid-DoorKey-10x10-custom-diff1": {
        "meanRet": 0.9682500052452088,
        "maxRet": 0.984375,
        "minRet": 0.956250011920929
    },
    "MiniGrid-DoorKey-12x12-custom-diff1": {
        "meanRet": 0.9491000032424927,
        "maxRet": 0.9806249737739563,
        "minRet": 0.9100000262260437
    }
}