{
    "model": "test12x12_75k_3step_3gen_3curric/epoch_14_curric0_gen1",
    "MiniGrid-DoorKey-6x6-custom-diff0.8065023600555896": {
        "meanRet": 0.9848682188987732,
        "maxRet": 0.9891473054885864,
        "minRet": 0.9790697693824768
    },
    "MiniGrid-DoorKey-8x8-custom-diff0.8065023600555896": {
        "meanRet": 0.9756708420239962,
        "maxRet": 0.987596869468689,
        "minRet": 0.9682170748710632
    },
    "MiniGrid-DoorKey-10x10-custom-diff0.8065023600555896": {
        "meanRet": 0.9648479360800523,
        "maxRet": 0.987596869468689,
        "minRet": 0.9503875970840454
    },
    "MiniGrid-DoorKey-12x12-custom-diff0.8065023600555896": {
        "meanRet": 0.9450506843053378,
        "maxRet": 0.9806201457977295,
        "minRet": 0.9155038595199585
    }
}