{
    "model": "DO_11_05_RHEA_PARA_ENV_1\\epoch_9_curric1_gen3",
    "MiniGrid-DoorKey-5x5-custom-diff2": {
        "meanRet": 0.693181801926006,
        "maxRet": 0.7107142806053162,
        "minRet": 0.6785714030265808
    },
    "MiniGrid-DoorKey-6x6-custom-diff2": {
        "meanRet": 0.6647499978542328,
        "maxRet": 0.7300000190734863,
        "minRet": 0.6175000071525574
    },
    "MiniGrid-DoorKey-8x8-custom-diff2": {
        "meanRet": 0.5358571410179138,
        "maxRet": 0.6657142639160156,
        "minRet": 0.40857142210006714
    },
    "MiniGrid-DoorKey-16x16-custom-diff2": {
        "meanRet": 0.03181515960022807,
        "maxRet": 0.4510638415813446,
        "minRet": 0.0
    }
}