{
    "model": "test12x12_100k_3step_3gen_3curric/epoch_5_curric1_gen3",
    "MiniGrid-DoorKey-6x6-custom-diff1": {
        "meanRet": 0.8573000001907348,
        "maxRet": 0.9831249713897705,
        "minRet": 0.6025000214576721
    },
    "MiniGrid-DoorKey-8x8-custom-diff1": {
        "meanRet": 0.18106617866193547,
        "maxRet": 0.8868749737739563,
        "minRet": 0.0
    },
    "MiniGrid-DoorKey-10x10-custom-diff1": {
        "meanRet": 0.05292968824505806,
        "maxRet": 0.9068750143051147,
        "minRet": 0.0
    },
    "MiniGrid-DoorKey-12x12-custom-diff1": {
        "meanRet": 0.03810546826571226,
        "maxRet": 0.9212499856948853,
        "minRet": 0.0
    }
}