{
    "model": "test12x12_25k_3step_3gen_3curric/epoch_5_curric1_gen1",
    "MiniGrid-DoorKey-6x6-custom-diff1": {
        "meanRet": 0.591875,
        "maxRet": 0.9831249713897705,
        "minRet": 0.27125000953674316
    },
    "MiniGrid-DoorKey-8x8-custom-diff1": {
        "meanRet": 0.06786458380520344,
        "maxRet": 0.8106250166893005,
        "minRet": 0.0
    },
    "MiniGrid-DoorKey-10x10-custom-diff1": {
        "meanRet": 0.04582031319538752,
        "maxRet": 0.721875011920929,
        "minRet": 0.0
    },
    "MiniGrid-DoorKey-12x12-custom-diff1": {
        "meanRet": 0.0,
        "maxRet": 0.0,
        "minRet": 0.0
    }
}