{
    "model": "test12x12_25k_3step_3gen_3curric/epoch_42_curric2_gen3",
    "MiniGrid-DoorKey-6x6-custom-diff0.3819142875744653": {
        "meanRet": 0.971016390323639,
        "maxRet": 0.980327844619751,
        "minRet": 0.9622950553894043
    },
    "MiniGrid-DoorKey-8x8-custom-diff0.3819142875744653": {
        "meanRet": 0.9556746505773984,
        "maxRet": 0.9737704992294312,
        "minRet": 0.94590163230896
    },
    "MiniGrid-DoorKey-10x10-custom-diff0.3819142875744653": {
        "meanRet": 0.9397225769666525,
        "maxRet": 0.9639344215393066,
        "minRet": 0.9131147265434265
    },
    "MiniGrid-DoorKey-12x12-custom-diff0.3819142875744653": {
        "meanRet": 0.9069508194923401,
        "maxRet": 0.9491803050041199,
        "minRet": 0.8508196473121643
    }
}