{
    "model": "test12x12_75k_3step_3gen_3curric/epoch_21_curric1_gen1",
    "MiniGrid-DoorKey-6x6-custom-diff0.6315023600555896": {
        "meanRet": 0.9807311434012193,
        "maxRet": 0.9881188273429871,
        "minRet": 0.9742574095726013
    },
    "MiniGrid-DoorKey-8x8-custom-diff0.6315023600555896": {
        "meanRet": 0.9706930589675903,
        "maxRet": 0.9821782112121582,
        "minRet": 0.9623762369155884
    },
    "MiniGrid-DoorKey-10x10-custom-diff0.6315023600555896": {
        "meanRet": 0.9553663349151611,
        "maxRet": 0.9831683039665222,
        "minRet": 0.9366336464881897
    },
    "MiniGrid-DoorKey-12x12-custom-diff0.6315023600555896": {
        "meanRet": 0.9271683144569397,
        "maxRet": 0.9663366079330444,
        "minRet": 0.8891088962554932
    }
}