{
    "model": "test12x12_100k_3step_3gen_3curric/epoch_17_curric1_gen1",
    "MiniGrid-DoorKey-6x6-custom-diff0.7220715046045372": {
        "meanRet": 0.9831607389450073,
        "maxRet": 0.9887391924858093,
        "minRet": 0.9757459163665771
    },
    "MiniGrid-DoorKey-8x8-custom-diff0.7220715046045372": {
        "meanRet": 0.9718999004364014,
        "maxRet": 0.9844080805778503,
        "minRet": 0.962752640247345
    },
    "MiniGrid-DoorKey-10x10-custom-diff0.7220715046045372": {
        "meanRet": 0.9645197343826294,
        "maxRet": 0.9835418462753296,
        "minRet": 0.9410971999168396
    },
    "MiniGrid-DoorKey-12x12-custom-diff0.7220715046045372": {
        "meanRet": 0.9417555332183838,
        "maxRet": 0.9705486297607422,
        "minRet": 0.8960539102554321
    }
}