{
    "model": "Rhea_Fr2\\epoch_2_curric0_gen4",
    "MiniGrid-DoorKey-5x5-custom-diff1": {
        "meanRet": 0.830975615978241,
        "maxRet": 0.8902438879013062,
        "minRet": 0.7804877758026123
    },
    "MiniGrid-DoorKey-6x6-custom-diff1": {
        "meanRet": 0.8356760848652233,
        "maxRet": 0.8714285492897034,
        "minRet": 0.8033613562583923
    },
    "MiniGrid-DoorKey-8x8-custom-diff1": {
        "meanRet": 0.8234123170375824,
        "maxRet": 0.9018957614898682,
        "minRet": 0.7909952402114868
    },
    "MiniGrid-DoorKey-16x16-custom-diff1": {
        "meanRet": 0.7346863865852356,
        "maxRet": 0.87857985496521,
        "minRet": 0.5782248377799988
    }
}