{
    "model": "test12x12_75k_3step_3gen_3curric/epoch_41_curric2_gen1",
    "MiniGrid-DoorKey-6x6-custom-diff0.15": {
        "meanRet": 0.9235576941416814,
        "maxRet": 0.949999988079071,
        "minRet": 0.8958333134651184
    },
    "MiniGrid-DoorKey-8x8-custom-diff0.15": {
        "meanRet": 0.8805000019073487,
        "maxRet": 0.9166666865348816,
        "minRet": 0.8500000238418579
    },
    "MiniGrid-DoorKey-10x10-custom-diff0.15": {
        "meanRet": 0.8401234591448749,
        "maxRet": 0.9208333492279053,
        "minRet": 0.7875000238418579
    },
    "MiniGrid-DoorKey-12x12-custom-diff0.15": {
        "meanRet": 0.7236607159887042,
        "maxRet": 0.8666666746139526,
        "minRet": 0.612500011920929
    }
}