{
    "model": "test12x12_25k_3step_3gen_3curric/epoch_37_curric0_gen3",
    "MiniGrid-DoorKey-6x6-custom-diff0.5069142875744653": {
        "meanRet": 0.9778765511512756,
        "maxRet": 0.9851852059364319,
        "minRet": 0.9728395342826843
    },
    "MiniGrid-DoorKey-8x8-custom-diff0.5069142875744653": {
        "meanRet": 0.964839506149292,
        "maxRet": 0.9790123701095581,
        "minRet": 0.9567901492118835
    },
    "MiniGrid-DoorKey-10x10-custom-diff0.5069142875744653": {
        "meanRet": 0.9501234531402588,
        "maxRet": 0.9814814925193787,
        "minRet": 0.9234567880630493
    },
    "MiniGrid-DoorKey-12x12-custom-diff0.5069142875744653": {
        "meanRet": 0.9246913576126099,
        "maxRet": 0.9641975164413452,
        "minRet": 0.8703703880310059
    }
}