{
    "model": "test12x12_50k_3step_3gen_3curric/epoch_16_curric2_gen1",
    "MiniGrid-DoorKey-6x6-custom-diff0.8510602224432589": {
        "meanRet": 0.9853649020195008,
        "maxRet": 0.9926530718803406,
        "minRet": 0.9801632761955261
    },
    "MiniGrid-DoorKey-8x8-custom-diff0.8510602224432589": {
        "meanRet": 0.9780157002118918,
        "maxRet": 0.9860408306121826,
        "minRet": 0.971346914768219
    },
    "MiniGrid-DoorKey-10x10-custom-diff0.8510602224432589": {
        "meanRet": 0.9693191838264466,
        "maxRet": 0.9867755174636841,
        "minRet": 0.9588571190834045
    },
    "MiniGrid-DoorKey-12x12-custom-diff0.8510602224432589": {
        "meanRet": 0.9522742891311645,
        "maxRet": 0.9794285893440247,
        "minRet": 0.9287347197532654
    }
}