{
    "model": "test12x12_25k_3step_3gen_3curric/epoch_27_curric0_gen1",
    "MiniGrid-DoorKey-6x6-custom-diff0.7569142875744653": {
        "meanRet": 0.9852193295955658,
        "maxRet": 0.9917355179786682,
        "minRet": 0.9801653027534485
    },
    "MiniGrid-DoorKey-8x8-custom-diff0.7569142875744653": {
        "meanRet": 0.9762975144386291,
        "maxRet": 0.9876033067703247,
        "minRet": 0.9677686095237732
    },
    "MiniGrid-DoorKey-10x10-custom-diff0.7569142875744653": {
        "meanRet": 0.9633719038963318,
        "maxRet": 0.9801653027534485,
        "minRet": 0.9454545378684998
    },
    "MiniGrid-DoorKey-12x12-custom-diff0.7569142875744653": {
        "meanRet": 0.9302288568936862,
        "maxRet": 0.9677686095237732,
        "minRet": 0.8991735577583313
    }
}