{
    "model": "test12x12_75k_3step_3gen_3curric/epoch_21_curric2_gen2",
    "MiniGrid-DoorKey-6x6-custom-diff0.6315023600555896": {
        "meanRet": 0.9809977137125455,
        "maxRet": 0.9881188273429871,
        "minRet": 0.9752475023269653
    },
    "MiniGrid-DoorKey-8x8-custom-diff0.6315023600555896": {
        "meanRet": 0.9722376203536988,
        "maxRet": 0.9851484894752502,
        "minRet": 0.9603960514068604
    },
    "MiniGrid-DoorKey-10x10-custom-diff0.6315023600555896": {
        "meanRet": 0.9594059348106384,
        "maxRet": 0.9811881184577942,
        "minRet": 0.9386138319969177
    },
    "MiniGrid-DoorKey-12x12-custom-diff0.6315023600555896": {
        "meanRet": 0.9381386113166809,
        "maxRet": 0.9702970385551453,
        "minRet": 0.9138613939285278
    }
}