{
    "model": "test12x12_100k_4step_3gen_3curric/epoch_5_curric0_gen1",
    "MiniGrid-DoorKey-6x6-custom-diff0.9970715046045372": {
        "meanRet": 0.9873170698130572,
        "maxRet": 0.992473840713501,
        "minRet": 0.9836933612823486
    },
    "MiniGrid-DoorKey-8x8-custom-diff0.9970715046045372": {
        "meanRet": 0.9793031376141769,
        "maxRet": 0.9893379807472229,
        "minRet": 0.9717770218849182
    },
    "MiniGrid-DoorKey-10x10-custom-diff0.9970715046045372": {
        "meanRet": 0.96999582529068,
        "maxRet": 0.9880836009979248,
        "minRet": 0.9592334628105164
    },
    "MiniGrid-DoorKey-12x12-custom-diff0.9970715046045372": {
        "meanRet": 0.9476181221008301,
        "maxRet": 0.9692683219909668,
        "minRet": 0.9272474050521851
    }
}