{
    "model": "test12x12_50k_3step_3gen_3curric/epoch_13_curric0_gen3",
    "MiniGrid-DoorKey-6x6-custom-diff0.9260602224432589": {
        "meanRet": 0.9874834051499,
        "maxRet": 0.9912227988243103,
        "minRet": 0.9844711422920227
    },
    "MiniGrid-DoorKey-8x8-custom-diff0.9260602224432589": {
        "meanRet": 0.9809062266349793,
        "maxRet": 0.9912227988243103,
        "minRet": 0.9777194261550903
    },
    "MiniGrid-DoorKey-10x10-custom-diff0.9260602224432589": {
        "meanRet": 0.9681320309638977,
        "maxRet": 0.9905476570129395,
        "minRet": 0.9547637104988098
    },
    "MiniGrid-DoorKey-12x12-custom-diff0.9260602224432589": {
        "meanRet": 0.9501154170586512,
        "maxRet": 0.9790697693824768,
        "minRet": 0.9250562787055969
    }
}