{
    "model": "Mo_Rhea1\\epoch_6_curric1_gen2",
    "MiniGrid-DoorKey-5x5-custom-diff2": {
        "meanRet": 0.643956028498136,
        "maxRet": 0.7107142806053162,
        "minRet": 0.5821428298950195
    },
    "MiniGrid-DoorKey-6x6-custom-diff2": {
        "meanRet": 0.6788636391813104,
        "maxRet": 0.7749999761581421,
        "minRet": 0.5724999904632568
    },
    "MiniGrid-DoorKey-8x8-custom-diff2": {
        "meanRet": 0.7068571329116822,
        "maxRet": 0.7814285755157471,
        "minRet": 0.6528571248054504
    },
    "MiniGrid-DoorKey-16x16-custom-diff2": {
        "meanRet": 0.04607712663710117,
        "maxRet": 0.7542552947998047,
        "minRet": 0.0
    }
}