{
    "model": "Rhea_Fr2\\epoch_2_curric0_gen3",
    "MiniGrid-DoorKey-5x5-custom-diff1": {
        "meanRet": 0.8660975694656372,
        "maxRet": 0.9012194871902466,
        "minRet": 0.8463414907455444
    },
    "MiniGrid-DoorKey-6x6-custom-diff1": {
        "meanRet": 0.8398013656789606,
        "maxRet": 0.8865545988082886,
        "minRet": 0.8109243512153625
    },
    "MiniGrid-DoorKey-8x8-custom-diff1": {
        "meanRet": 0.855829381942749,
        "maxRet": 0.9061611294746399,
        "minRet": 0.829383909702301
    },
    "MiniGrid-DoorKey-16x16-custom-diff1": {
        "meanRet": 0.8621775209903717,
        "maxRet": 0.9222485423088074,
        "minRet": 0.7773964405059814
    }
}