{
    "model": "test12x12_75k_3step_3gen_3curric/epoch_11_curric2_gen3",
    "MiniGrid-DoorKey-6x6-custom-diff0.9065023600555896": {
        "meanRet": 0.9867586302757263,
        "maxRet": 0.9903448224067688,
        "minRet": 0.982758641242981
    },
    "MiniGrid-DoorKey-8x8-custom-diff0.9065023600555896": {
        "meanRet": 0.9784827637672424,
        "maxRet": 0.9875862002372742,
        "minRet": 0.9710344672203064
    },
    "MiniGrid-DoorKey-10x10-custom-diff0.9065023600555896": {
        "meanRet": 0.9687999987602234,
        "maxRet": 0.9882758855819702,
        "minRet": 0.9551724195480347
    },
    "MiniGrid-DoorKey-12x12-custom-diff0.9065023600555896": {
        "meanRet": 0.9488275861740112,
        "maxRet": 0.973793089389801,
        "minRet": 0.9220689535140991
    }
}