{
    "model": "test12x12_25k_3step_3gen_3curric/epoch_15_curric0_gen3",
    "MiniGrid-DoorKey-6x6-custom-diff1": {
        "meanRet": 0.988221159348121,
        "maxRet": 0.9925000071525574,
        "minRet": 0.984375
    },
    "MiniGrid-DoorKey-8x8-custom-diff1": {
        "meanRet": 0.980699999332428,
        "maxRet": 0.9906250238418579,
        "minRet": 0.9737499952316284
    },
    "MiniGrid-DoorKey-10x10-custom-diff1": {
        "meanRet": 0.9714500045776367,
        "maxRet": 0.9837499856948853,
        "minRet": 0.9568750262260437
    },
    "MiniGrid-DoorKey-12x12-custom-diff1": {
        "meanRet": 0.9554249906539917,
        "maxRet": 0.9818750023841858,
        "minRet": 0.9337499737739563
    }
}