{
    "model": "test12x12_75k_3step_3gen_3curric/epoch_44_curric2_gen3",
    "MiniGrid-DoorKey-6x6-custom-diff0.15": {
        "meanRet": 0.9234567902706288,
        "maxRet": 0.9583333134651184,
        "minRet": 0.8999999761581421
    },
    "MiniGrid-DoorKey-8x8-custom-diff0.15": {
        "meanRet": 0.8801666641235352,
        "maxRet": 0.9208333492279053,
        "minRet": 0.8416666388511658
    },
    "MiniGrid-DoorKey-10x10-custom-diff0.15": {
        "meanRet": 0.8333333396911621,
        "maxRet": 0.9208333492279053,
        "minRet": 0.7583333253860474
    },
    "MiniGrid-DoorKey-12x12-custom-diff0.15": {
        "meanRet": 0.7168333339691162,
        "maxRet": 0.887499988079071,
        "minRet": 0.574999988079071
    }
}