{
    "model": "test12x12_50k_3step_3gen_3curric/epoch_7_curric2_gen1",
    "MiniGrid-DoorKey-6x6-custom-diff1": {
        "meanRet": 0.9875250029563903,
        "maxRet": 0.9918749928474426,
        "minRet": 0.984375
    },
    "MiniGrid-DoorKey-8x8-custom-diff1": {
        "meanRet": 0.981749997138977,
        "maxRet": 0.9887499809265137,
        "minRet": 0.9756249785423279
    },
    "MiniGrid-DoorKey-10x10-custom-diff1": {
        "meanRet": 0.9680288456953489,
        "maxRet": 0.9837499856948853,
        "minRet": 0.9568750262260437
    },
    "MiniGrid-DoorKey-12x12-custom-diff1": {
        "meanRet": 0.9492999958992004,
        "maxRet": 0.9781249761581421,
        "minRet": 0.9237499833106995
    }
}