{
    "model": "test12x12_150k_3step_3gen_3curric/epoch_7_curric2_gen3",
    "MiniGrid-DoorKey-6x6-custom-diff0.9313807381558473": {
        "meanRet": 0.9844439114843097,
        "maxRet": 0.991946280002594,
        "minRet": 0.9798657894134521
    },
    "MiniGrid-DoorKey-8x8-custom-diff0.9313807381558473": {
        "meanRet": 0.9793437763496682,
        "maxRet": 0.9892617464065552,
        "minRet": 0.9731543660163879
    },
    "MiniGrid-DoorKey-10x10-custom-diff0.9313807381558473": {
        "meanRet": 0.9728590607643127,
        "maxRet": 0.9879194498062134,
        "minRet": 0.9590604305267334
    },
    "MiniGrid-DoorKey-12x12-custom-diff0.9313807381558473": {
        "meanRet": 0.9454228162765503,
        "maxRet": 0.9812080264091492,
        "minRet": 0.9234899282455444
    }
}