{
    "model": "test12x12_100k_3step_4gen_3curric/epoch_12_curric0_gen1",
    "MiniGrid-DoorKey-6x6-custom-diff0.84467792277423": {
        "meanRet": 0.985167760848999,
        "maxRet": 0.9911184310913086,
        "minRet": 0.9800164699554443
    },
    "MiniGrid-DoorKey-8x8-custom-diff0.84467792277423": {
        "meanRet": 0.9779668542054983,
        "maxRet": 0.9866776466369629,
        "minRet": 0.971875011920929
    },
    "MiniGrid-DoorKey-10x10-custom-diff0.84467792277423": {
        "meanRet": 0.9690624976158142,
        "maxRet": 0.9822368621826172,
        "minRet": 0.9541118144989014
    },
    "MiniGrid-DoorKey-12x12-custom-diff0.84467792277423": {
        "meanRet": 0.9487236833572388,
        "maxRet": 0.9748355150222778,
        "minRet": 0.9200657606124878
    }
}