{
    "model": "test12x12_75k_3step_3gen_3curric/epoch_36_curric1_gen3",
    "MiniGrid-DoorKey-6x6-custom-diff0.15": {
        "meanRet": 0.89294872375635,
        "maxRet": 0.9458333253860474,
        "minRet": 0.8500000238418579
    },
    "MiniGrid-DoorKey-8x8-custom-diff0.15": {
        "meanRet": 0.8371666717529297,
        "maxRet": 0.8958333134651184,
        "minRet": 0.7791666388511658
    },
    "MiniGrid-DoorKey-10x10-custom-diff0.15": {
        "meanRet": 0.7223333382606506,
        "maxRet": 0.875,
        "minRet": 0.5791666507720947
    },
    "MiniGrid-DoorKey-12x12-custom-diff0.15": {
        "meanRet": 0.570333331823349,
        "maxRet": 0.7916666865348816,
        "minRet": 0.2708333432674408
    }
}