{
    "model": "test12x12_100k_3step_4gen_3curric/epoch_2_curric0_gen1",
    "MiniGrid-DoorKey-6x6-custom-diff1": {
        "meanRet": 0.9887000036239624,
        "maxRet": 0.9925000071525574,
        "minRet": 0.9850000143051147
    },
    "MiniGrid-DoorKey-8x8-custom-diff1": {
        "meanRet": 0.9771500039100647,
        "maxRet": 0.9893749952316284,
        "minRet": 0.9662500023841858
    },
    "MiniGrid-DoorKey-10x10-custom-diff1": {
        "meanRet": 0.9404999947547913,
        "maxRet": 0.9831249713897705,
        "minRet": 0.8993750214576721
    },
    "MiniGrid-DoorKey-12x12-custom-diff1": {
        "meanRet": 0.8841250014305114,
        "maxRet": 0.971875011920929,
        "minRet": 0.7887499928474426
    }
}