{
    "model": "test12x12_25k_3step_3gen_3curric/epoch_8_curric2_gen2",
    "MiniGrid-DoorKey-6x6-custom-diff1": {
        "meanRet": 0.9844500041007995,
        "maxRet": 0.9925000071525574,
        "minRet": 0.9756249785423279
    },
    "MiniGrid-DoorKey-8x8-custom-diff1": {
        "meanRet": 0.9737259630973523,
        "maxRet": 0.9906250238418579,
        "minRet": 0.9593750238418579
    },
    "MiniGrid-DoorKey-10x10-custom-diff1": {
        "meanRet": 0.9494999980926514,
        "maxRet": 0.9800000190734863,
        "minRet": 0.9162499904632568
    },
    "MiniGrid-DoorKey-12x12-custom-diff1": {
        "meanRet": 0.915074999332428,
        "maxRet": 0.9762499928474426,
        "minRet": 0.859375
    }
}