{
    "model": "MI_RHEA_PARA_ENV_2_first\\epoch_9_curric1_gen2",
    "MiniGrid-DoorKey-5x5-custom-diff1": {
        "meanRet": 0.8742026274020855,
        "maxRet": 0.9012194871902466,
        "minRet": 0.8573170900344849
    },
    "MiniGrid-DoorKey-6x6-custom-diff1": {
        "meanRet": 0.8933613359928131,
        "maxRet": 0.924369752407074,
        "minRet": 0.8638655543327332
    },
    "MiniGrid-DoorKey-8x8-custom-diff1": {
        "meanRet": 0.8882464408874512,
        "maxRet": 0.9232227206230164,
        "minRet": 0.8592417240142822
    },
    "MiniGrid-DoorKey-16x16-custom-diff1": {
        "meanRet": 0.8053017854690552,
        "maxRet": 0.9222485423088074,
        "minRet": 0.686863899230957
    }
}