{
    "model": "Rhea_SaRun2\\epoch_3_curric0_gen3",
    "MiniGrid-DoorKey-5x5-custom-diff2": {
        "meanRet": 0.6464285579594699,
        "maxRet": 0.7107142806053162,
        "minRet": 0.5821428298950195
    },
    "MiniGrid-DoorKey-6x6-custom-diff2": {
        "meanRet": 0.6584090969779275,
        "maxRet": 0.7300000190734863,
        "minRet": 0.5724999904632568
    },
    "MiniGrid-DoorKey-8x8-custom-diff2": {
        "meanRet": 0.5219480503689159,
        "maxRet": 0.704285740852356,
        "minRet": 0.31857141852378845
    },
    "MiniGrid-DoorKey-16x16-custom-diff2": {
        "meanRet": 0.07124335039407015,
        "maxRet": 0.5531914830207825,
        "minRet": 0.0
    }
}