{
    "model": "test12x12_25k_3step_3gen_3curric/epoch_30_curric0_gen3",
    "MiniGrid-DoorKey-6x6-custom-diff0.6819142875744653": {
        "meanRet": 0.9832392334938049,
        "maxRet": 0.988990843296051,
        "minRet": 0.9770641922950745
    },
    "MiniGrid-DoorKey-8x8-custom-diff0.6819142875744653": {
        "meanRet": 0.9739449548721314,
        "maxRet": 0.9853211045265198,
        "minRet": 0.9660550355911255
    },
    "MiniGrid-DoorKey-10x10-custom-diff0.6819142875744653": {
        "meanRet": 0.964990828037262,
        "maxRet": 0.9770641922950745,
        "minRet": 0.9513761401176453
    },
    "MiniGrid-DoorKey-12x12-custom-diff0.6819142875744653": {
        "meanRet": 0.9431545459307157,
        "maxRet": 0.9697247743606567,
        "minRet": 0.9165137410163879
    }
}