{
    "model": "test12x12_50k_3step_3gen_3curric/epoch_20_curric0_gen1",
    "MiniGrid-DoorKey-6x6-custom-diff0.7510602224432589": {
        "meanRet": 0.984680848121643,
        "maxRet": 0.9891766905784607,
        "minRet": 0.9783533811569214
    },
    "MiniGrid-DoorKey-8x8-custom-diff0.7510602224432589": {
        "meanRet": 0.9746234965324402,
        "maxRet": 0.9825161695480347,
        "minRet": 0.9675300717353821
    },
    "MiniGrid-DoorKey-10x10-custom-diff0.7510602224432589": {
        "meanRet": 0.9629829915670248,
        "maxRet": 0.98418128490448,
        "minRet": 0.9392229318618774
    },
    "MiniGrid-DoorKey-12x12-custom-diff0.7510602224432589": {
        "meanRet": 0.9368251609802246,
        "maxRet": 0.9716928601264954,
        "minRet": 0.9125809669494629
    }
}