{
    "model": "test12x12_75k_3step_3gen_3curric/epoch_10_curric0_gen2",
    "MiniGrid-DoorKey-6x6-custom-diff0.9315023600555896": {
        "meanRet": 0.9872483221384195,
        "maxRet": 0.991946280002594,
        "minRet": 0.9832214713096619
    },
    "MiniGrid-DoorKey-8x8-custom-diff0.9315023600555896": {
        "meanRet": 0.9788848803593562,
        "maxRet": 0.9872483015060425,
        "minRet": 0.9731543660163879
    },
    "MiniGrid-DoorKey-10x10-custom-diff0.9315023600555896": {
        "meanRet": 0.9702550339698791,
        "maxRet": 0.9872483015060425,
        "minRet": 0.9557046890258789
    },
    "MiniGrid-DoorKey-12x12-custom-diff0.9315023600555896": {
        "meanRet": 0.9441073822975159,
        "maxRet": 0.9785234928131104,
        "minRet": 0.9167785048484802
    }
}