{
    "model": "test12x12_150k_3step_3gen_3curric/epoch_15_curric1_gen3",
    "MiniGrid-DoorKey-6x6-custom-diff0.7313807381558474": {
        "meanRet": 0.9835963042882773,
        "maxRet": 0.9897435903549194,
        "minRet": 0.9794871807098389
    },
    "MiniGrid-DoorKey-8x8-custom-diff0.7313807381558474": {
        "meanRet": 0.9768244417814108,
        "maxRet": 0.9846153855323792,
        "minRet": 0.971794843673706
    },
    "MiniGrid-DoorKey-10x10-custom-diff0.7313807381558474": {
        "meanRet": 0.9661196494102477,
        "maxRet": 0.9786324501037598,
        "minRet": 0.9581196308135986
    },
    "MiniGrid-DoorKey-12x12-custom-diff0.7313807381558474": {
        "meanRet": 0.9517264819145203,
        "maxRet": 0.9726495742797852,
        "minRet": 0.9384615421295166
    }
}