{
    "model": "test12x12_75k_3step_3gen_3curric/epoch_40_curric2_gen3",
    "MiniGrid-DoorKey-6x6-custom-diff0.15": {
        "meanRet": 0.9275000095367432,
        "maxRet": 0.949999988079071,
        "minRet": 0.9083333611488342
    },
    "MiniGrid-DoorKey-8x8-custom-diff0.15": {
        "meanRet": 0.8862654323931094,
        "maxRet": 0.9291666746139526,
        "minRet": 0.8583333492279053
    },
    "MiniGrid-DoorKey-10x10-custom-diff0.15": {
        "meanRet": 0.8508333325386047,
        "maxRet": 0.9333333373069763,
        "minRet": 0.7791666388511658
    },
    "MiniGrid-DoorKey-12x12-custom-diff0.15": {
        "meanRet": 0.7444444453274762,
        "maxRet": 0.887499988079071,
        "minRet": 0.6083333492279053
    }
}