{
    "model": "test12x12_25k_3step_3gen_3curric/epoch_4_curric1_gen3",
    "MiniGrid-DoorKey-6x6-custom-diff1": {
        "meanRet": 0.7362000000476837,
        "maxRet": 0.9837499856948853,
        "minRet": 0.4937500059604645
    },
    "MiniGrid-DoorKey-8x8-custom-diff1": {
        "meanRet": 0.13184948980200048,
        "maxRet": 0.8212500214576721,
        "minRet": 0.0
    },
    "MiniGrid-DoorKey-10x10-custom-diff1": {
        "meanRet": 0.02041666644314925,
        "maxRet": 0.44749999046325684,
        "minRet": 0.0
    },
    "MiniGrid-DoorKey-12x12-custom-diff1": {
        "meanRet": 0.003893229179084301,
        "maxRet": 0.18687500059604645,
        "minRet": 0.0
    }
}