{
    "model": "test12x12_100k_4step_3gen_3curric/epoch_21_curric2_gen3",
    "MiniGrid-DoorKey-6x6-custom-diff0.1748105000000001": {
        "meanRet": 0.09097775568564732,
        "maxRet": 0.8780876398086548,
        "minRet": 0.0
    },
    "MiniGrid-DoorKey-8x8-custom-diff0.1748105000000001": {
        "meanRet": 0.0,
        "maxRet": 0.0,
        "minRet": 0.0
    },
    "MiniGrid-DoorKey-10x10-custom-diff0.1748105000000001": {
        "meanRet": 0.0,
        "maxRet": 0.0,
        "minRet": 0.0
    },
    "MiniGrid-DoorKey-12x12-custom-diff0.1748105000000001": {
        "meanRet": 0.0,
        "maxRet": 0.0,
        "minRet": 0.0
    }
}