{
    "model": "test12x12_50k_3step_3gen_3curric/epoch_48_curric2_gen2",
    "MiniGrid-DoorKey-6x6-custom-diff0.15": {
        "meanRet": 0.924999998166011,
        "maxRet": 0.949999988079071,
        "minRet": 0.8958333134651184
    },
    "MiniGrid-DoorKey-8x8-custom-diff0.15": {
        "meanRet": 0.8745370374785529,
        "maxRet": 0.925000011920929,
        "minRet": 0.8333333134651184
    },
    "MiniGrid-DoorKey-10x10-custom-diff0.15": {
        "meanRet": 0.8296666717529297,
        "maxRet": 0.9208333492279053,
        "minRet": 0.7333333492279053
    },
    "MiniGrid-DoorKey-12x12-custom-diff0.15": {
        "meanRet": 0.7258333325386047,
        "maxRet": 0.800000011920929,
        "minRet": 0.5958333611488342
    }
}