{
    "model": "test12x12_100k_4step_3gen_3curric/epoch_2_curric2_gen2",
    "MiniGrid-DoorKey-6x6-custom-diff1": {
        "meanRet": 0.21356060604254404,
        "maxRet": 0.7674999833106995,
        "minRet": 0.0
    },
    "MiniGrid-DoorKey-8x8-custom-diff1": {
        "meanRet": 0.03882812429219484,
        "maxRet": 0.7749999761581421,
        "minRet": 0.0
    },
    "MiniGrid-DoorKey-10x10-custom-diff1": {
        "meanRet": 0.011289062909781933,
        "maxRet": 0.36125001311302185,
        "minRet": 0.0
    },
    "MiniGrid-DoorKey-12x12-custom-diff1": {
        "meanRet": 0.0,
        "maxRet": 0.0,
        "minRet": 0.0
    }
}