{
    "model": "MI_RHEA_PARA_ENV_2_first\\epoch_2_curric0_gen1",
    "MiniGrid-DoorKey-5x5-custom-diff1": {
        "meanRet": 0.8772727251052856,
        "maxRet": 0.9012194871902466,
        "minRet": 0.8573170900344849
    },
    "MiniGrid-DoorKey-6x6-custom-diff1": {
        "meanRet": 0.8895798325538635,
        "maxRet": 0.916806697845459,
        "minRet": 0.8638655543327332
    },
    "MiniGrid-DoorKey-8x8-custom-diff1": {
        "meanRet": 0.8689358071847395,
        "maxRet": 0.9232227206230164,
        "minRet": 0.829383909702301
    },
    "MiniGrid-DoorKey-16x16-custom-diff1": {
        "meanRet": 0.838852071762085,
        "maxRet": 0.9158579707145691,
        "minRet": 0.7518343329429626
    }
}