{
    "model": "test12x12_50k_3step_3gen_3curric/epoch_29_curric2_gen1",
    "MiniGrid-DoorKey-6x6-custom-diff0.5260602224432589": {
        "meanRet": 0.9770418672726072,
        "maxRet": 0.985733151435852,
        "minRet": 0.9714663028717041
    },
    "MiniGrid-DoorKey-8x8-custom-diff0.5260602224432589": {
        "meanRet": 0.9679471588134766,
        "maxRet": 0.9821664690971375,
        "minRet": 0.9583883881568909
    },
    "MiniGrid-DoorKey-10x10-custom-diff0.5260602224432589": {
        "meanRet": 0.9533474183082581,
        "maxRet": 0.9869220852851868,
        "minRet": 0.936988115310669
    },
    "MiniGrid-DoorKey-12x12-custom-diff0.5260602224432589": {
        "meanRet": 0.9251941919326783,
        "maxRet": 0.9607661962509155,
        "minRet": 0.9001321196556091
    }
}