{
    "model": "test12x12_50k_3step_3gen_3curric/epoch_15_curric0_gen1",
    "MiniGrid-DoorKey-6x6-custom-diff0.8760602224432589": {
        "meanRet": 0.9872101545333862,
        "maxRet": 0.9928628206253052,
        "minRet": 0.9828707575798035
    },
    "MiniGrid-DoorKey-8x8-custom-diff0.8760602224432589": {
        "meanRet": 0.9773893785476685,
        "maxRet": 0.9878667593002319,
        "minRet": 0.9714512228965759
    },
    "MiniGrid-DoorKey-10x10-custom-diff0.8760602224432589": {
        "meanRet": 0.9651134037971496,
        "maxRet": 0.9828707575798035,
        "minRet": 0.9550356864929199
    },
    "MiniGrid-DoorKey-12x12-custom-diff0.8760602224432589": {
        "meanRet": 0.9466137981414795,
        "maxRet": 0.9743061065673828,
        "minRet": 0.9207771420478821
    }
}