{
    "model": "MI_RHEA_PARA_ENV_2_first\\epoch_1_curric0_gen3",
    "MiniGrid-DoorKey-5x5-custom-diff0": {
        "meanRet": 0.8677818179130554,
        "maxRet": 0.9423999786376953,
        "minRet": 0.7875999808311462
    },
    "MiniGrid-DoorKey-6x6-custom-diff0": {
        "meanRet": 0.8909999907016755,
        "maxRet": 0.9474999904632568,
        "minRet": 0.8374999761581421
    },
    "MiniGrid-DoorKey-8x8-custom-diff0": {
        "meanRet": 0.7613593816757203,
        "maxRet": 0.8776562213897705,
        "minRet": 0.5795312523841858
    },
    "MiniGrid-DoorKey-16x16-custom-diff0": {
        "meanRet": 0.05490112351253629,
        "maxRet": 0.5823437571525574,
        "minRet": 0.0
    }
}