{
    "model": "test12x12_50k_3step_3gen_3curric/epoch_8_curric0_gen1",
    "MiniGrid-DoorKey-6x6-custom-diff1": {
        "meanRet": 0.9874568992647631,
        "maxRet": 0.9918749928474426,
        "minRet": 0.984375
    },
    "MiniGrid-DoorKey-8x8-custom-diff1": {
        "meanRet": 0.9789583329801206,
        "maxRet": 0.9887499809265137,
        "minRet": 0.9706249833106995
    },
    "MiniGrid-DoorKey-10x10-custom-diff1": {
        "meanRet": 0.9581749963760376,
        "maxRet": 0.9850000143051147,
        "minRet": 0.925000011920929
    },
    "MiniGrid-DoorKey-12x12-custom-diff1": {
        "meanRet": 0.9356000018119812,
        "maxRet": 0.9856250286102295,
        "minRet": 0.8918750286102295
    }
}