{
    "model": "test12x12_150k_3step_3gen_3curric/epoch_30_curric1_gen3",
    "MiniGrid-DoorKey-6x6-custom-diff0.15": {
        "meanRet": 0.923557698726654,
        "maxRet": 0.949999988079071,
        "minRet": 0.9041666388511658
    },
    "MiniGrid-DoorKey-8x8-custom-diff0.15": {
        "meanRet": 0.885,
        "maxRet": 0.9416666626930237,
        "minRet": 0.8583333492279053
    },
    "MiniGrid-DoorKey-10x10-custom-diff0.15": {
        "meanRet": 0.8503333306312562,
        "maxRet": 0.9375,
        "minRet": 0.7749999761581421
    },
    "MiniGrid-DoorKey-12x12-custom-diff0.15": {
        "meanRet": 0.7339999961853028,
        "maxRet": 0.8458333611488342,
        "minRet": 0.6333333253860474
    }
}