{
    "model": "test12x12_100k_4step_3gen_3curric/epoch_15_curric1_gen3",
    "MiniGrid-DoorKey-6x6-custom-diff0.48200750000000003": {
        "meanRet": 0.9734409141540528,
        "maxRet": 0.9844380617141724,
        "minRet": 0.9662824273109436
    },
    "MiniGrid-DoorKey-8x8-custom-diff0.48200750000000003": {
        "meanRet": 0.9588856873688875,
        "maxRet": 0.9727665781974792,
        "minRet": 0.9455331563949585
    },
    "MiniGrid-DoorKey-10x10-custom-diff0.48200750000000003": {
        "meanRet": 0.9307492876052856,
        "maxRet": 0.9675792455673218,
        "minRet": 0.8988472819328308
    },
    "MiniGrid-DoorKey-12x12-custom-diff0.48200750000000003": {
        "meanRet": 0.8974985599517822,
        "maxRet": 0.9546109437942505,
        "minRet": 0.8314120769500732
    }
}