{
    "model": "test12x12_25k_3step_3gen_3curric/epoch_7_curric1_gen2",
    "MiniGrid-DoorKey-6x6-custom-diff1": {
        "meanRet": 0.956899995803833,
        "maxRet": 0.9918749928474426,
        "minRet": 0.9168750047683716
    },
    "MiniGrid-DoorKey-8x8-custom-diff1": {
        "meanRet": 0.8129999971389771,
        "maxRet": 0.9424999952316284,
        "minRet": 0.6543750166893005
    },
    "MiniGrid-DoorKey-10x10-custom-diff1": {
        "meanRet": 0.1677328421204698,
        "maxRet": 0.8525000214576721,
        "minRet": 0.0
    },
    "MiniGrid-DoorKey-12x12-custom-diff1": {
        "meanRet": 0.08140624997516473,
        "maxRet": 0.8224999904632568,
        "minRet": 0.0
    }
}