{
    "model": "test12x12_150k_3step_3gen_3curric/epoch_26_curric2_gen2",
    "MiniGrid-DoorKey-6x6-custom-diff0.15": {
        "meanRet": 0.9179999971389771,
        "maxRet": 0.9583333134651184,
        "minRet": 0.8958333134651184
    },
    "MiniGrid-DoorKey-8x8-custom-diff0.15": {
        "meanRet": 0.8680000019073486,
        "maxRet": 0.925000011920929,
        "minRet": 0.8374999761581421
    },
    "MiniGrid-DoorKey-10x10-custom-diff0.15": {
        "meanRet": 0.8196666741371155,
        "maxRet": 0.9083333611488342,
        "minRet": 0.7583333253860474
    },
    "MiniGrid-DoorKey-12x12-custom-diff0.15": {
        "meanRet": 0.7060897442010733,
        "maxRet": 0.8833333253860474,
        "minRet": 0.5833333134651184
    }
}