{
    "model": "SO_RHEA_2PARA_5GEN_14May\\epoch_8_curric2_gen2",
    "MiniGrid-DoorKey-5x5-custom-diff1": {
        "meanRet": 0.88585364818573,
        "maxRet": 0.9012194871902466,
        "minRet": 0.8792682886123657
    },
    "MiniGrid-DoorKey-6x6-custom-diff1": {
        "meanRet": 0.8926050245761872,
        "maxRet": 0.916806697845459,
        "minRet": 0.8714285492897034
    },
    "MiniGrid-DoorKey-8x8-custom-diff1": {
        "meanRet": 0.9007324359633706,
        "maxRet": 0.9274881482124329,
        "minRet": 0.8848341107368469
    },
    "MiniGrid-DoorKey-16x16-custom-diff1": {
        "meanRet": 0.8550414264202117,
        "maxRet": 0.9275739789009094,
        "minRet": 0.7678106427192688
    }
}