{
    "model": "test12x12_100k_3step_3gen_3curric/epoch_19_curric2_gen3",
    "MiniGrid-DoorKey-6x6-custom-diff0.6720715046045371": {
        "meanRet": 0.98123681306839,
        "maxRet": 0.9879007339477539,
        "minRet": 0.9758014678955078
    },
    "MiniGrid-DoorKey-8x8-custom-diff0.6720715046045371": {
        "meanRet": 0.9703660798072815,
        "maxRet": 0.9832471609115601,
        "minRet": 0.9590486288070679
    },
    "MiniGrid-DoorKey-10x10-custom-diff0.6720715046045371": {
        "meanRet": 0.9571499466896057,
        "maxRet": 0.9767321348190308,
        "minRet": 0.9339193105697632
    },
    "MiniGrid-DoorKey-12x12-custom-diff0.6720715046045371": {
        "meanRet": 0.9465770435333252,
        "maxRet": 0.971147894859314,
        "minRet": 0.9050672054290771
    }
}