{
    "model": "test12x12_25k_3step_3gen_3curric/epoch_2_curric1_gen1",
    "MiniGrid-DoorKey-6x6-custom-diff1": {
        "meanRet": 0.5758500009775162,
        "maxRet": 0.9768750071525574,
        "minRet": 0.22750000655651093
    },
    "MiniGrid-DoorKey-8x8-custom-diff1": {
        "meanRet": 0.031692707911133766,
        "maxRet": 0.6662499904632568,
        "minRet": 0.0
    },
    "MiniGrid-DoorKey-10x10-custom-diff1": {
        "meanRet": 0.035195312152306236,
        "maxRet": 0.621874988079071,
        "minRet": 0.0
    },
    "MiniGrid-DoorKey-12x12-custom-diff1": {
        "meanRet": 0.0,
        "maxRet": 0.0,
        "minRet": 0.0
    }
}