{
    "model": "test12x12_25k_3step_3gen_3curric/epoch_32_curric2_gen2",
    "MiniGrid-DoorKey-6x6-custom-diff0.6319142875744653": {
        "meanRet": 0.9801188063621521,
        "maxRet": 0.9881188273429871,
        "minRet": 0.9752475023269653
    },
    "MiniGrid-DoorKey-8x8-custom-diff0.6319142875744653": {
        "meanRet": 0.9702589511871338,
        "maxRet": 0.9841583967208862,
        "minRet": 0.9613861441612244
    },
    "MiniGrid-DoorKey-10x10-custom-diff0.6319142875744653": {
        "meanRet": 0.9546839388517233,
        "maxRet": 0.9831683039665222,
        "minRet": 0.9405940771102905
    },
    "MiniGrid-DoorKey-12x12-custom-diff0.6319142875744653": {
        "meanRet": 0.9357227659225464,
        "maxRet": 0.9752475023269653,
        "minRet": 0.9108911156654358
    }
}