{
    "model": "test12x12_75k_3step_3gen_3curric/epoch_26_curric1_gen1",
    "MiniGrid-DoorKey-6x6-custom-diff0.5065023600555897": {
        "meanRet": 0.9774321007728577,
        "maxRet": 0.9851852059364319,
        "minRet": 0.9716049432754517
    },
    "MiniGrid-DoorKey-8x8-custom-diff0.5065023600555897": {
        "meanRet": 0.9680493807792664,
        "maxRet": 0.9814814925193787,
        "minRet": 0.9592592716217041
    },
    "MiniGrid-DoorKey-10x10-custom-diff0.5065023600555897": {
        "meanRet": 0.9523548307242217,
        "maxRet": 0.980246901512146,
        "minRet": 0.9308642148971558
    },
    "MiniGrid-DoorKey-12x12-custom-diff0.5065023600555897": {
        "meanRet": 0.9235025114483304,
        "maxRet": 0.9629629850387573,
        "minRet": 0.8839505910873413
    }
}