{
    "model": "test12x12_100k_3step_4gen_3curric/epoch_23_curric1_gen4",
    "MiniGrid-DoorKey-6x6-custom-diff0.15": {
        "meanRet": 0.1550833323597908,
        "maxRet": 0.8833333253860474,
        "minRet": 0.0
    },
    "MiniGrid-DoorKey-8x8-custom-diff0.15": {
        "meanRet": 0.021180555845300358,
        "maxRet": 0.6583333611488342,
        "minRet": 0.0
    },
    "MiniGrid-DoorKey-10x10-custom-diff0.15": {
        "meanRet": 0.0,
        "maxRet": 0.0,
        "minRet": 0.0
    },
    "MiniGrid-DoorKey-12x12-custom-diff0.15": {
        "meanRet": 0.0,
        "maxRet": 0.0,
        "minRet": 0.0
    }
}