{
    "model": "Rhea_mi1\\epoch_3_curric1_gen3",
    "MiniGrid-DoorKey-5x5-custom": {
        "meanRet": 0.9018182050098072,
        "maxRet": 0.9190000295639038,
        "minRet": 0.8830000162124634
    },
    "MiniGrid-DoorKey-6x6-custom": {
        "meanRet": 0.8893818259239197,
        "maxRet": 0.920799970626831,
        "minRet": 0.8704000115394592
    },
    "MiniGrid-DoorKey-8x8-custom": {
        "meanRet": 0.867249995470047,
        "maxRet": 0.8920000195503235,
        "minRet": 0.8560000061988831
    },
    "MiniGrid-DoorKey-16x16-custom": {
        "meanRet": 0.4852000027894974,
        "maxRet": 0.8320000171661377,
        "minRet": 0.34599998593330383
    }
}