{
    "model": "test12x12_100k_3step_4gen_3curric/epoch_11_curric2_gen4",
    "MiniGrid-DoorKey-6x6-custom-diff0.86967792277423": {
        "meanRet": 0.9829488849639892,
        "maxRet": 0.989936113357544,
        "minRet": 0.9784345030784607
    },
    "MiniGrid-DoorKey-8x8-custom-diff0.86967792277423": {
        "meanRet": 0.9760479283332825,
        "maxRet": 0.9884983897209167,
        "minRet": 0.9683706164360046
    },
    "MiniGrid-DoorKey-10x10-custom-diff0.86967792277423": {
        "meanRet": 0.9676517653465271,
        "maxRet": 0.9769967794418335,
        "minRet": 0.9575878381729126
    },
    "MiniGrid-DoorKey-12x12-custom-diff0.86967792277423": {
        "meanRet": 0.9477252411842346,
        "maxRet": 0.9683706164360046,
        "minRet": 0.920207679271698
    }
}