{
    "model": "test12x12_25k_3step_3gen_3curric/epoch_22_curric2_gen2",
    "MiniGrid-DoorKey-6x6-custom-diff0.8819142875744653": {
        "meanRet": 0.9854478571150038,
        "maxRet": 0.9914893507957458,
        "minRet": 0.9815602898597717
    },
    "MiniGrid-DoorKey-8x8-custom-diff0.8819142875744653": {
        "meanRet": 0.9802236786255469,
        "maxRet": 0.9879432916641235,
        "minRet": 0.9730496406555176
    },
    "MiniGrid-DoorKey-10x10-custom-diff0.8819142875744653": {
        "meanRet": 0.969148936179968,
        "maxRet": 0.9829787015914917,
        "minRet": 0.9595744609832764
    },
    "MiniGrid-DoorKey-12x12-custom-diff0.8819142875744653": {
        "meanRet": 0.9529078030586242,
        "maxRet": 0.9751772880554199,
        "minRet": 0.9354609847068787
    }
}