{
    "model": "test12x12_100k_4step_3gen_3curric/epoch_17_curric0_gen2",
    "MiniGrid-DoorKey-6x6-custom-diff0.3796085": {
        "meanRet": 0.9629450511932373,
        "maxRet": 0.9802197813987732,
        "minRet": 0.9456043839454651
    },
    "MiniGrid-DoorKey-8x8-custom-diff0.3796085": {
        "meanRet": 0.9187032985687256,
        "maxRet": 0.9703296422958374,
        "minRet": 0.8763736486434937
    },
    "MiniGrid-DoorKey-10x10-custom-diff0.3796085": {
        "meanRet": 0.8547472548484802,
        "maxRet": 0.9719780087471008,
        "minRet": 0.7527472376823425
    },
    "MiniGrid-DoorKey-12x12-custom-diff0.3796085": {
        "meanRet": 0.6276703345775604,
        "maxRet": 0.9027472734451294,
        "minRet": 0.2879121005535126
    }
}