{
    "model": "test12x12_100k_3step_3gen_3curric/epoch_49_curric0_gen2",
    "MiniGrid-DoorKey-6x6-custom-diff0.15": {
        "meanRet": 0.9219551223974961,
        "maxRet": 0.949999988079071,
        "minRet": 0.8999999761581421
    },
    "MiniGrid-DoorKey-8x8-custom-diff0.15": {
        "meanRet": 0.8836538401933817,
        "maxRet": 0.9333333373069763,
        "minRet": 0.8416666388511658
    },
    "MiniGrid-DoorKey-10x10-custom-diff0.15": {
        "meanRet": 0.8293333315849304,
        "maxRet": 0.9041666388511658,
        "minRet": 0.762499988079071
    },
    "MiniGrid-DoorKey-12x12-custom-diff0.15": {
        "meanRet": 0.7378333258628845,
        "maxRet": 0.8416666388511658,
        "minRet": 0.5375000238418579
    }
}