{
    "model": "DO_11_05_RHEA_PARA_ENV_1\\epoch_10_curric1_gen3",
    "MiniGrid-DoorKey-5x5-custom-diff2": {
        "meanRet": 0.699025961485776,
        "maxRet": 0.7107142806053162,
        "minRet": 0.6785714030265808
    },
    "MiniGrid-DoorKey-6x6-custom-diff2": {
        "meanRet": 0.6849999964237213,
        "maxRet": 0.7524999976158142,
        "minRet": 0.6175000071525574
    },
    "MiniGrid-DoorKey-8x8-custom-diff2": {
        "meanRet": 0.6297142803668976,
        "maxRet": 0.704285740852356,
        "minRet": 0.5371428728103638
    },
    "MiniGrid-DoorKey-16x16-custom-diff2": {
        "meanRet": 0.11994680715724826,
        "maxRet": 0.6808510422706604,
        "minRet": 0.0
    }
}