{
    "model": "Rhea_Fr2\\epoch_1_curric0_gen1",
    "MiniGrid-DoorKey-5x5-custom-diff0": {
        "meanRet": 0.96075998544693,
        "maxRet": 0.9675999879837036,
        "minRet": 0.9567999839782715
    },
    "MiniGrid-DoorKey-6x6-custom-diff0": {
        "meanRet": 0.9620454419742931,
        "maxRet": 0.9750000238418579,
        "minRet": 0.9524999856948853
    },
    "MiniGrid-DoorKey-8x8-custom-diff0": {
        "meanRet": 0.934890627861023,
        "maxRet": 0.9592187404632568,
        "minRet": 0.9057812690734863
    },
    "MiniGrid-DoorKey-16x16-custom-diff0": {
        "meanRet": 0.8292109370231628,
        "maxRet": 0.8969922065734863,
        "minRet": 0.7447656393051147
    }
}