{
    "model": "test12x12_75k_3step_3gen_3curric/epoch_49_curric0_gen1",
    "MiniGrid-DoorKey-6x6-custom-diff0.15": {
        "meanRet": 0.9282051370694087,
        "maxRet": 0.9583333134651184,
        "minRet": 0.9083333611488342
    },
    "MiniGrid-DoorKey-8x8-custom-diff0.15": {
        "meanRet": 0.8790064178980314,
        "maxRet": 0.9333333373069763,
        "minRet": 0.8541666865348816
    },
    "MiniGrid-DoorKey-10x10-custom-diff0.15": {
        "meanRet": 0.8364999985694885,
        "maxRet": 0.8999999761581421,
        "minRet": 0.7583333253860474
    },
    "MiniGrid-DoorKey-12x12-custom-diff0.15": {
        "meanRet": 0.6971153846153846,
        "maxRet": 0.862500011920929,
        "minRet": 0.5416666865348816
    }
}