{
    "model": "DO_11_05_RHEA_PARA_ENV_1\\epoch_3_curric3_gen1",
    "MiniGrid-DoorKey-5x5-custom-diff2": {
        "meanRet": 0.7010714173316955,
        "maxRet": 0.7428571581840515,
        "minRet": 0.6785714030265808
    },
    "MiniGrid-DoorKey-6x6-custom-diff2": {
        "meanRet": 0.7277500033378601,
        "maxRet": 0.8199999928474426,
        "minRet": 0.6625000238418579
    },
    "MiniGrid-DoorKey-8x8-custom-diff2": {
        "meanRet": 0.740519485690377,
        "maxRet": 0.8199999928474426,
        "minRet": 0.691428542137146
    },
    "MiniGrid-DoorKey-16x16-custom-diff2": {
        "meanRet": 0.7376595735549927,
        "maxRet": 0.8436170220375061,
        "minRet": 0.585106372833252
    }
}