{
    "model": "new_25k_7step_4gen_3curric/epoch_1_curric2_gen3",
    "MiniGrid-DoorKey-6x6-custom-diff1.0": {
        "meanRet": 0.013802083053936562,
        "maxRet": 0.3799999952316284,
        "minRet": 0.0
    },
    "MiniGrid-DoorKey-8x8-custom-diff1.0": {
        "meanRet": 0.005657551810145378,
        "maxRet": 0.27156248688697815,
        "minRet": 0.0
    },
    "MiniGrid-DoorKey-10x10-custom-diff1.0": {
        "meanRet": 0.010110416449606419,
        "maxRet": 0.2547999918460846,
        "minRet": 0.0
    },
    "MiniGrid-DoorKey-12x12-custom-diff1.0": {
        "meanRet": 0.004570312487582366,
        "maxRet": 0.21937499940395355,
        "minRet": 0.0
    }
}