{
    "model": "test12x12_100k_3step_3gen_3curric/epoch_13_curric0_gen1",
    "MiniGrid-DoorKey-6x6-custom-diff0.8220715046045372": {
        "meanRet": 0.9830288084653708,
        "maxRet": 0.9901098608970642,
        "minRet": 0.9726120233535767
    },
    "MiniGrid-DoorKey-8x8-custom-diff0.8220715046045372": {
        "meanRet": 0.9751377868652343,
        "maxRet": 0.9885883331298828,
        "minRet": 0.964243471622467
    },
    "MiniGrid-DoorKey-10x10-custom-diff0.8220715046045372": {
        "meanRet": 0.9652476763725281,
        "maxRet": 0.9809805750846863,
        "minRet": 0.9475063681602478
    },
    "MiniGrid-DoorKey-12x12-custom-diff0.8220715046045372": {
        "meanRet": 0.9328994083404542,
        "maxRet": 0.9726120233535767,
        "minRet": 0.8934911489486694
    }
}