{
    "model": "Mo_Rhea1\\epoch_5_curric1_gen4",
    "MiniGrid-DoorKey-5x5-custom-diff2": {
        "meanRet": 0.6871428608894348,
        "maxRet": 0.7428571581840515,
        "minRet": 0.6464285850524902
    },
    "MiniGrid-DoorKey-6x6-custom-diff2": {
        "meanRet": 0.7115909077904441,
        "maxRet": 0.7749999761581421,
        "minRet": 0.6625000238418579
    },
    "MiniGrid-DoorKey-8x8-custom-diff2": {
        "meanRet": 0.7364285707473754,
        "maxRet": 0.845714271068573,
        "minRet": 0.6528571248054504
    },
    "MiniGrid-DoorKey-16x16-custom-diff2": {
        "meanRet": 0.08755641453193896,
        "maxRet": 0.8436170220375061,
        "minRet": 0.0
    }
}