{
    "model": "test12x12_100k_3step_3gen_3curric/epoch_49_curric2_gen3",
    "MiniGrid-DoorKey-6x6-custom-diff0.15": {
        "meanRet": 0.9111607117312295,
        "maxRet": 0.9541666507720947,
        "minRet": 0.8791666626930237
    },
    "MiniGrid-DoorKey-8x8-custom-diff0.15": {
        "meanRet": 0.8593333387374877,
        "maxRet": 0.9291666746139526,
        "minRet": 0.800000011920929
    },
    "MiniGrid-DoorKey-10x10-custom-diff0.15": {
        "meanRet": 0.8293209870656332,
        "maxRet": 0.9375,
        "minRet": 0.6916666626930237
    },
    "MiniGrid-DoorKey-12x12-custom-diff0.15": {
        "meanRet": 0.7236666703224182,
        "maxRet": 0.887499988079071,
        "minRet": 0.550000011920929
    }
}