{
    "model": "SO_RHEA_2PARA_5GEN_14May\\epoch_8_curric1_gen1",
    "MiniGrid-DoorKey-5x5-custom-diff1": {
        "meanRet": 0.861308217048645,
        "maxRet": 0.9012194871902466,
        "minRet": 0.8463414907455444
    },
    "MiniGrid-DoorKey-6x6-custom-diff1": {
        "meanRet": 0.8802520831425985,
        "maxRet": 0.9016806483268738,
        "minRet": 0.8714285492897034
    },
    "MiniGrid-DoorKey-8x8-custom-diff1": {
        "meanRet": 0.8882464468479156,
        "maxRet": 0.9018957614898682,
        "minRet": 0.8763033151626587
    },
    "MiniGrid-DoorKey-16x16-custom-diff1": {
        "meanRet": 0.7832544505596161,
        "maxRet": 0.8807100653648376,
        "minRet": 0.6368047595024109
    }
}