{
    "model": "test12x12_50k_3step_3gen_3curric/epoch_19_curric0_gen3",
    "MiniGrid-DoorKey-6x6-custom-diff0.7760602224432589": {
        "meanRet": 0.9850456547737122,
        "maxRet": 0.99033123254776,
        "minRet": 0.98066246509552
    },
    "MiniGrid-DoorKey-8x8-custom-diff0.7760602224432589": {
        "meanRet": 0.975642169897373,
        "maxRet": 0.9871083498001099,
        "minRet": 0.9661593437194824
    },
    "MiniGrid-DoorKey-10x10-custom-diff0.7760602224432589": {
        "meanRet": 0.9614538931846619,
        "maxRet": 0.9854968786239624,
        "minRet": 0.9435989260673523
    },
    "MiniGrid-DoorKey-12x12-custom-diff0.7760602224432589": {
        "meanRet": 0.9401181721687317,
        "maxRet": 0.9774395823478699,
        "minRet": 0.9129812121391296
    }
}