{
    "model": "SO_RHEA_2PARA_5GEN_14May\\epoch_9_curric0_gen2",
    "MiniGrid-DoorKey-5x5-custom-diff2": {
        "meanRet": 0.70214284658432,
        "maxRet": 0.7428571581840515,
        "minRet": 0.6785714030265808
    },
    "MiniGrid-DoorKey-6x6-custom-diff2": {
        "meanRet": 0.7434999942779541,
        "maxRet": 0.8199999928474426,
        "minRet": 0.7074999809265137
    },
    "MiniGrid-DoorKey-8x8-custom-diff2": {
        "meanRet": 0.7685714364051819,
        "maxRet": 0.8585714101791382,
        "minRet": 0.7300000190734863
    },
    "MiniGrid-DoorKey-16x16-custom-diff2": {
        "meanRet": 0.5423404276371002,
        "maxRet": 0.8436170220375061,
        "minRet": 0.31382977962493896
    }
}