{
    "model": "test12x12_100k_3step_3gen_3curric/epoch_15_curric0_gen1",
    "MiniGrid-DoorKey-6x6-custom-diff0.7720715046045372": {
        "meanRet": 0.9835715579986573,
        "maxRet": 0.9910891056060791,
        "minRet": 0.9765076637268066
    },
    "MiniGrid-DoorKey-8x8-custom-diff0.7720715046045372": {
        "meanRet": 0.974326660999885,
        "maxRet": 0.9862286448478699,
        "minRet": 0.9643564224243164
    },
    "MiniGrid-DoorKey-10x10-custom-diff0.7720715046045372": {
        "meanRet": 0.9678883862495422,
        "maxRet": 0.9837983846664429,
        "minRet": 0.94329434633255
    },
    "MiniGrid-DoorKey-12x12-custom-diff0.7720715046045372": {
        "meanRet": 0.9520431995391846,
        "maxRet": 0.9756975769996643,
        "minRet": 0.9165616631507874
    }
}