{
    "model": "test12x12_25k_3step_3gen_3curric/epoch_28_curric2_gen1",
    "MiniGrid-DoorKey-6x6-custom-diff0.7319142875744653": {
        "meanRet": 0.9817777705192566,
        "maxRet": 0.9914529919624329,
        "minRet": 0.9752136468887329
    },
    "MiniGrid-DoorKey-8x8-custom-diff0.7319142875744653": {
        "meanRet": 0.9716239190101623,
        "maxRet": 0.988034188747406,
        "minRet": 0.9581196308135986
    },
    "MiniGrid-DoorKey-10x10-custom-diff0.7319142875744653": {
        "meanRet": 0.956136736869812,
        "maxRet": 0.9820512533187866,
        "minRet": 0.9358974099159241
    },
    "MiniGrid-DoorKey-12x12-custom-diff0.7319142875744653": {
        "meanRet": 0.9217435812950134,
        "maxRet": 0.9726495742797852,
        "minRet": 0.8803418874740601
    }
}