{
    "model": "test12x12_50k_3step_3gen_3curric/epoch_23_curric2_gen1",
    "MiniGrid-DoorKey-6x6-custom-diff0.6760602224432589": {
        "meanRet": 0.9816428170754359,
        "maxRet": 0.9879753589630127,
        "minRet": 0.9778006076812744
    },
    "MiniGrid-DoorKey-8x8-custom-diff0.6760602224432589": {
        "meanRet": 0.9735827374458313,
        "maxRet": 0.9824255108833313,
        "minRet": 0.9657759666442871
    },
    "MiniGrid-DoorKey-10x10-custom-diff0.6760602224432589": {
        "meanRet": 0.9614470720291137,
        "maxRet": 0.981500506401062,
        "minRet": 0.9500513672828674
    },
    "MiniGrid-DoorKey-12x12-custom-diff0.6760602224432589": {
        "meanRet": 0.9418746089935303,
        "maxRet": 0.9704008102416992,
        "minRet": 0.9232271313667297
    }
}