{
    "model": "test12x12_100k_3step_3gen_3curric/epoch_30_curric0_gen2",
    "MiniGrid-DoorKey-6x6-custom-diff0.15": {
        "meanRet": 0.911858971302326,
        "maxRet": 0.9541666507720947,
        "minRet": 0.8791666626930237
    },
    "MiniGrid-DoorKey-8x8-custom-diff0.15": {
        "meanRet": 0.8621794902361356,
        "maxRet": 0.925000011920929,
        "minRet": 0.8083333373069763
    },
    "MiniGrid-DoorKey-10x10-custom-diff0.15": {
        "meanRet": 0.8234999966621399,
        "maxRet": 0.9208333492279053,
        "minRet": 0.7541666626930237
    },
    "MiniGrid-DoorKey-12x12-custom-diff0.15": {
        "meanRet": 0.7306666731834411,
        "maxRet": 0.862500011920929,
        "minRet": 0.550000011920929
    }
}