{
    "model": "test12x12_100k_3step_4gen_3curric/epoch_1_curric0_gen4",
    "MiniGrid-DoorKey-6x6-custom-diff1.0": {
        "meanRet": 0.9522999882698059,
        "maxRet": 0.9700000286102295,
        "minRet": 0.9350000023841858
    },
    "MiniGrid-DoorKey-8x8-custom-diff1.0": {
        "meanRet": 0.9528365433216095,
        "maxRet": 0.9676562547683716,
        "minRet": 0.9296875
    },
    "MiniGrid-DoorKey-10x10-custom-diff1.0": {
        "meanRet": 0.944991991519928,
        "maxRet": 0.9729999899864197,
        "minRet": 0.9172000288963318
    },
    "MiniGrid-DoorKey-12x12-custom-diff1.0": {
        "meanRet": 0.946699993610382,
        "maxRet": 0.9806249737739563,
        "minRet": 0.9006249904632568
    }
}