{
    "model": "test12x12_50k_3step_3gen_3curric/epoch_37_curric1_gen3",
    "MiniGrid-DoorKey-6x6-custom-diff0.32606022244325883": {
        "meanRet": 0.9612514353715457,
        "maxRet": 0.9769722819328308,
        "minRet": 0.9462686777114868
    },
    "MiniGrid-DoorKey-8x8-custom-diff0.32606022244325883": {
        "meanRet": 0.9475735664367676,
        "maxRet": 0.9712153673171997,
        "minRet": 0.9347547888755798
    },
    "MiniGrid-DoorKey-10x10-custom-diff0.32606022244325883": {
        "meanRet": 0.9266950917243958,
        "maxRet": 0.957782506942749,
        "minRet": 0.8963752388954163
    },
    "MiniGrid-DoorKey-12x12-custom-diff0.32606022244325883": {
        "meanRet": 0.8832494688034057,
        "maxRet": 0.9424306750297546,
        "minRet": 0.8388059735298157
    }
}