{
    "model": "test12x12_25k_3step_3gen_3curric/epoch_12_curric0_gen3",
    "MiniGrid-DoorKey-6x6-custom-diff1": {
        "meanRet": 0.9884000062942505,
        "maxRet": 0.9925000071525574,
        "minRet": 0.9850000143051147
    },
    "MiniGrid-DoorKey-8x8-custom-diff1": {
        "meanRet": 0.9812037017610338,
        "maxRet": 0.9881250262260437,
        "minRet": 0.9768750071525574
    },
    "MiniGrid-DoorKey-10x10-custom-diff1": {
        "meanRet": 0.9724750018119812,
        "maxRet": 0.9850000143051147,
        "minRet": 0.965624988079071
    },
    "MiniGrid-DoorKey-12x12-custom-diff1": {
        "meanRet": 0.957425000667572,
        "maxRet": 0.9818750023841858,
        "minRet": 0.9393749833106995
    }
}