{
    "model": "test12x12_100k_3step_4gen_3curric/epoch_3_curric2_gen3",
    "MiniGrid-DoorKey-6x6-custom-diff1": {
        "meanRet": 0.9873500061035156,
        "maxRet": 0.9906250238418579,
        "minRet": 0.984375
    },
    "MiniGrid-DoorKey-8x8-custom-diff1": {
        "meanRet": 0.9758750009536743,
        "maxRet": 0.9887499809265137,
        "minRet": 0.9643750190734863
    },
    "MiniGrid-DoorKey-10x10-custom-diff1": {
        "meanRet": 0.9618269228018247,
        "maxRet": 0.9831249713897705,
        "minRet": 0.9325000047683716
    },
    "MiniGrid-DoorKey-12x12-custom-diff1": {
        "meanRet": 0.9214999985694885,
        "maxRet": 0.9725000262260437,
        "minRet": 0.8374999761581421
    }
}