{
    "model": "test12x12_150k_3step_3gen_3curric/epoch_23_curric0_gen1",
    "MiniGrid-DoorKey-6x6-custom-diff0.15": {
        "meanRet": 0.9144230714211097,
        "maxRet": 0.949999988079071,
        "minRet": 0.8833333253860474
    },
    "MiniGrid-DoorKey-8x8-custom-diff0.15": {
        "meanRet": 0.8706730764645797,
        "maxRet": 0.925000011920929,
        "minRet": 0.8374999761581421
    },
    "MiniGrid-DoorKey-10x10-custom-diff0.15": {
        "meanRet": 0.8049679490236136,
        "maxRet": 0.8999999761581421,
        "minRet": 0.7041666507720947
    },
    "MiniGrid-DoorKey-12x12-custom-diff0.15": {
        "meanRet": 0.72,
        "maxRet": 0.8333333134651184,
        "minRet": 0.5708333253860474
    }
}