{
    "model": "test12x12_100k_4step_3gen_3curric/epoch_18_curric0_gen1",
    "MiniGrid-DoorKey-6x6-custom-diff0.32840899999999995": {
        "meanRet": 0.11884762332135555,
        "maxRet": 0.9427965879440308,
        "minRet": 0.0
    },
    "MiniGrid-DoorKey-8x8-custom-diff0.32840899999999995": {
        "meanRet": 0.013921257108449936,
        "maxRet": 0.6682203412055969,
        "minRet": 0.0
    },
    "MiniGrid-DoorKey-10x10-custom-diff0.32840899999999995": {
        "meanRet": 0.0,
        "maxRet": 0.0,
        "minRet": 0.0
    },
    "MiniGrid-DoorKey-12x12-custom-diff0.32840899999999995": {
        "meanRet": 0.0,
        "maxRet": 0.0,
        "minRet": 0.0
    }
}