{
    "model": "test12x12_25k_3step_3gen_3curric/epoch_31_curric0_gen3",
    "MiniGrid-DoorKey-6x6-custom-diff0.6569142875744653": {
        "meanRet": 0.9719047638086172,
        "maxRet": 0.9876190423965454,
        "minRet": 0.9609524011611938
    },
    "MiniGrid-DoorKey-8x8-custom-diff0.6569142875744653": {
        "meanRet": 0.9606857132911683,
        "maxRet": 0.9809523820877075,
        "minRet": 0.9476190209388733
    },
    "MiniGrid-DoorKey-10x10-custom-diff0.6569142875744653": {
        "meanRet": 0.9381714272499084,
        "maxRet": 0.9838095307350159,
        "minRet": 0.9123809337615967
    },
    "MiniGrid-DoorKey-12x12-custom-diff0.6569142875744653": {
        "meanRet": 0.9104761862754822,
        "maxRet": 0.9628571271896362,
        "minRet": 0.8723809719085693
    }
}