{
    "model": "SO_RHEA_2PARA_5GEN_14May\\epoch_7_curric2_gen1",
    "MiniGrid-DoorKey-5x5-custom-diff2": {
        "meanRet": 0.6727272705598311,
        "maxRet": 0.7107142806053162,
        "minRet": 0.6464285850524902
    },
    "MiniGrid-DoorKey-6x6-custom-diff2": {
        "meanRet": 0.698499995470047,
        "maxRet": 0.7749999761581421,
        "minRet": 0.6399999856948853
    },
    "MiniGrid-DoorKey-8x8-custom-diff2": {
        "meanRet": 0.6996103796091947,
        "maxRet": 0.7942857146263123,
        "minRet": 0.6271428465843201
    },
    "MiniGrid-DoorKey-16x16-custom-diff2": {
        "meanRet": 0.6588297873735428,
        "maxRet": 0.7893617153167725,
        "minRet": 0.4861702024936676
    }
}