{
    "model": "SO_RHEA_2PARA_5GEN_14May\\epoch_4_curric0_gen5",
    "MiniGrid-DoorKey-5x5-custom-diff2": {
        "meanRet": 0.7080357074737549,
        "maxRet": 0.7428571581840515,
        "minRet": 0.6785714030265808
    },
    "MiniGrid-DoorKey-6x6-custom-diff2": {
        "meanRet": 0.7018750011920929,
        "maxRet": 0.8199999928474426,
        "minRet": 0.6175000071525574
    },
    "MiniGrid-DoorKey-8x8-custom-diff2": {
        "meanRet": 0.6867532459172335,
        "maxRet": 0.7942857146263123,
        "minRet": 0.6271428465843201
    },
    "MiniGrid-DoorKey-16x16-custom-diff2": {
        "meanRet": 0.12739361729472876,
        "maxRet": 0.7542552947998047,
        "minRet": 0.0
    }
}