{
    "model": "test12x12_75k_3step_3gen_3curric/epoch_37_curric1_gen1",
    "MiniGrid-DoorKey-6x6-custom-diff0.15": {
        "meanRet": 0.9216346213450799,
        "maxRet": 0.9416666626930237,
        "minRet": 0.8999999761581421
    },
    "MiniGrid-DoorKey-8x8-custom-diff0.15": {
        "meanRet": 0.8828333353996277,
        "maxRet": 0.9458333253860474,
        "minRet": 0.8541666865348816
    },
    "MiniGrid-DoorKey-10x10-custom-diff0.15": {
        "meanRet": 0.8494999980926514,
        "maxRet": 0.9458333253860474,
        "minRet": 0.7875000238418579
    },
    "MiniGrid-DoorKey-12x12-custom-diff0.15": {
        "meanRet": 0.7165000057220459,
        "maxRet": 0.8666666746139526,
        "minRet": 0.5916666388511658
    }
}