{
    "model": "test12x12_150k_3step_3gen_3curric/epoch_20_curric2_gen3",
    "MiniGrid-DoorKey-6x6-custom-diff0.15": {
        "meanRet": 0.9108333301544189,
        "maxRet": 0.949999988079071,
        "minRet": 0.8833333253860474
    },
    "MiniGrid-DoorKey-8x8-custom-diff0.15": {
        "meanRet": 0.8603333282470703,
        "maxRet": 0.9375,
        "minRet": 0.8041666746139526
    },
    "MiniGrid-DoorKey-10x10-custom-diff0.15": {
        "meanRet": 0.8043333339691162,
        "maxRet": 0.887499988079071,
        "minRet": 0.7250000238418579
    },
    "MiniGrid-DoorKey-12x12-custom-diff0.15": {
        "meanRet": 0.6904999995231629,
        "maxRet": 0.8583333492279053,
        "minRet": 0.5708333253860474
    }
}