{
    "model": "test12x12_75k_3step_3gen_3curric/epoch_19_curric0_gen1",
    "MiniGrid-DoorKey-6x6-custom-diff0.6815023600555896": {
        "meanRet": 0.9815807938575745,
        "maxRet": 0.9871559739112854,
        "minRet": 0.9770641922950745
    },
    "MiniGrid-DoorKey-8x8-custom-diff0.6815023600555896": {
        "meanRet": 0.9723359300540044,
        "maxRet": 0.9834862351417542,
        "minRet": 0.9660550355911255
    },
    "MiniGrid-DoorKey-10x10-custom-diff0.6815023600555896": {
        "meanRet": 0.9613210988044739,
        "maxRet": 0.9798164963722229,
        "minRet": 0.9486238360404968
    },
    "MiniGrid-DoorKey-12x12-custom-diff0.6815023600555896": {
        "meanRet": 0.9245137572288513,
        "maxRet": 0.9678899049758911,
        "minRet": 0.9009174108505249
    }
}