{
    "model": "test12x12_75k_3step_3gen_3curric/epoch_35_curric2_gen2",
    "MiniGrid-DoorKey-6x6-custom-diff0.15": {
        "meanRet": 0.9218333411216736,
        "maxRet": 0.949999988079071,
        "minRet": 0.8958333134651184
    },
    "MiniGrid-DoorKey-8x8-custom-diff0.15": {
        "meanRet": 0.8785256445407867,
        "maxRet": 0.9333333373069763,
        "minRet": 0.8500000238418579
    },
    "MiniGrid-DoorKey-10x10-custom-diff0.15": {
        "meanRet": 0.8299999976158142,
        "maxRet": 0.9166666865348816,
        "minRet": 0.7708333134651184
    },
    "MiniGrid-DoorKey-12x12-custom-diff0.15": {
        "meanRet": 0.761833336353302,
        "maxRet": 0.8374999761581421,
        "minRet": 0.6708333492279053
    }
}