{
    "model": "SoRRH_2\\epoch_9_curric1",
    "MiniGrid-DoorKey-5x5-custom-diff0": {
        "meanRet": 0.9535599827766419,
        "maxRet": 0.9603999853134155,
        "minRet": 0.9459999799728394
    },
    "MiniGrid-DoorKey-6x6-custom-diff0": {
        "meanRet": 0.9557499825954437,
        "maxRet": 0.9649999737739563,
        "minRet": 0.9474999904632568
    },
    "MiniGrid-DoorKey-8x8-custom-diff0": {
        "meanRet": 0.9569687366485595,
        "maxRet": 0.9662500023841858,
        "minRet": 0.9507812261581421
    },
    "MiniGrid-DoorKey-16x16-custom-diff0": {
        "meanRet": 0.9336953163146973,
        "maxRet": 0.9606249928474426,
        "minRet": 0.9131640791893005
    }
}