{
    "model": "test12x12_100k_3step_3gen_3curric/epoch_39_curric2_gen1",
    "MiniGrid-DoorKey-6x6-custom-diff0.15": {
        "meanRet": 0.9166666650772095,
        "maxRet": 0.9458333253860474,
        "minRet": 0.8958333134651184
    },
    "MiniGrid-DoorKey-8x8-custom-diff0.15": {
        "meanRet": 0.8628333330154419,
        "maxRet": 0.9291666746139526,
        "minRet": 0.8083333373069763
    },
    "MiniGrid-DoorKey-10x10-custom-diff0.15": {
        "meanRet": 0.8231666684150696,
        "maxRet": 0.9125000238418579,
        "minRet": 0.762499988079071
    },
    "MiniGrid-DoorKey-12x12-custom-diff0.15": {
        "meanRet": 0.7463333320617676,
        "maxRet": 0.887499988079071,
        "minRet": 0.5916666388511658
    }
}