{
    "model": "SoRRH_2\\epoch_2_curric2",
    "MiniGrid-DoorKey-5x5-custom-diff0": {
        "meanRet": 0.9459999799728394,
        "maxRet": 0.9639999866485596,
        "minRet": 0.9351999759674072
    },
    "MiniGrid-DoorKey-6x6-custom-diff0": {
        "meanRet": 0.9487499892711639,
        "maxRet": 0.9524999856948853,
        "minRet": 0.9424999952316284
    },
    "MiniGrid-DoorKey-8x8-custom-diff0": {
        "meanRet": 0.9573011344129388,
        "maxRet": 0.9746875166893005,
        "minRet": 0.9437500238418579
    },
    "MiniGrid-DoorKey-16x16-custom-diff0": {
        "meanRet": 0.9555625021457672,
        "maxRet": 0.9796093702316284,
        "minRet": 0.9233593940734863
    }
}