{
    "model": "test12x12_100k_3step_4gen_3curric/epoch_18_curric2_gen1",
    "MiniGrid-DoorKey-6x6-custom-diff0.69467792277423": {
        "meanRet": 0.9824320054054261,
        "maxRet": 0.9883000254631042,
        "minRet": 0.9775000214576721
    },
    "MiniGrid-DoorKey-8x8-custom-diff0.69467792277423": {
        "meanRet": 0.9736923116904038,
        "maxRet": 0.9883000254631042,
        "minRet": 0.9639999866485596
    },
    "MiniGrid-DoorKey-10x10-custom-diff0.69467792277423": {
        "meanRet": 0.9602615443559793,
        "maxRet": 0.9829000234603882,
        "minRet": 0.9423999786376953
    },
    "MiniGrid-DoorKey-12x12-custom-diff0.69467792277423": {
        "meanRet": 0.9378999884311969,
        "maxRet": 0.970300018787384,
        "minRet": 0.9217000007629395
    }
}