{
    "model": "test12x12_100k_3step_4gen_3curric/epoch_12_curric2_gen2",
    "MiniGrid-DoorKey-6x6-custom-diff0.84467792277423": {
        "meanRet": 0.9855822324752808,
        "maxRet": 0.9911184310913086,
        "minRet": 0.9807565808296204
    },
    "MiniGrid-DoorKey-8x8-custom-diff0.84467792277423": {
        "meanRet": 0.9780921030044556,
        "maxRet": 0.9874177575111389,
        "minRet": 0.9711348414421082
    },
    "MiniGrid-DoorKey-10x10-custom-diff0.84467792277423": {
        "meanRet": 0.9716472648657285,
        "maxRet": 0.9881578683853149,
        "minRet": 0.9615131616592407
    },
    "MiniGrid-DoorKey-12x12-custom-diff0.84467792277423": {
        "meanRet": 0.9553848671913147,
        "maxRet": 0.973355233669281,
        "minRet": 0.9430098533630371
    }
}