{
    "model": "test12x12_75k_3step_3gen_3curric/epoch_15_curric1_gen1",
    "MiniGrid-DoorKey-6x6-custom-diff0.7815023600555896": {
        "meanRet": 0.9829714276960918,
        "maxRet": 0.9904000163078308,
        "minRet": 0.9775999784469604
    },
    "MiniGrid-DoorKey-8x8-custom-diff0.7815023600555896": {
        "meanRet": 0.9771520018577575,
        "maxRet": 0.9879999756813049,
        "minRet": 0.9696000218391418
    },
    "MiniGrid-DoorKey-10x10-custom-diff0.7815023600555896": {
        "meanRet": 0.9658239984512329,
        "maxRet": 0.9855999946594238,
        "minRet": 0.9488000273704529
    },
    "MiniGrid-DoorKey-12x12-custom-diff0.7815023600555896": {
        "meanRet": 0.9409538484536685,
        "maxRet": 0.9775999784469604,
        "minRet": 0.9160000085830688
    }
}