{
    "model": "test12x12_75k_3step_3gen_3curric/epoch_12_curric1_gen1",
    "MiniGrid-DoorKey-6x6-custom-diff0.8565023600555897": {
        "meanRet": 0.9854306578636169,
        "maxRet": 0.9905109405517578,
        "minRet": 0.9810218811035156
    },
    "MiniGrid-DoorKey-8x8-custom-diff0.8565023600555897": {
        "meanRet": 0.9774306511878967,
        "maxRet": 0.9868612885475159,
        "minRet": 0.9693430662155151
    },
    "MiniGrid-DoorKey-10x10-custom-diff0.8565023600555897": {
        "meanRet": 0.9632116794586182,
        "maxRet": 0.9883211851119995,
        "minRet": 0.9467153549194336
    },
    "MiniGrid-DoorKey-12x12-custom-diff0.8565023600555897": {
        "meanRet": 0.9402919721603393,
        "maxRet": 0.9795620441436768,
        "minRet": 0.9065693616867065
    }
}