{
    "model": "test12x12_150k_3step_3gen_3curric/epoch_6_curric1_gen1",
    "MiniGrid-DoorKey-6x6-custom-diff0.9563807381558473": {
        "meanRet": 0.987908484844061,
        "maxRet": 0.9921568632125854,
        "minRet": 0.983660101890564
    },
    "MiniGrid-DoorKey-8x8-custom-diff0.9563807381558473": {
        "meanRet": 0.9815686130523682,
        "maxRet": 0.9895424842834473,
        "minRet": 0.9751634001731873
    },
    "MiniGrid-DoorKey-10x10-custom-diff0.9563807381558473": {
        "meanRet": 0.9729150199890136,
        "maxRet": 0.9882352948188782,
        "minRet": 0.9620915055274963
    },
    "MiniGrid-DoorKey-12x12-custom-diff0.9563807381558473": {
        "meanRet": 0.9562352824211121,
        "maxRet": 0.9823529124259949,
        "minRet": 0.9359477162361145
    }
}