{
    "model": "test12x12_50k_3step_3gen_3curric/epoch_18_curric1_gen2",
    "MiniGrid-DoorKey-6x6-custom-diff0.8010602224432588": {
        "meanRet": 0.9857935857772827,
        "maxRet": 0.9906331300735474,
        "minRet": 0.9812662601470947
    },
    "MiniGrid-DoorKey-8x8-custom-diff0.8010602224432588": {
        "meanRet": 0.976582829768841,
        "maxRet": 0.9875108599662781,
        "minRet": 0.9687771201133728
    },
    "MiniGrid-DoorKey-10x10-custom-diff0.8010602224432588": {
        "meanRet": 0.9644058990478516,
        "maxRet": 0.984388530254364,
        "minRet": 0.9531656503677368
    },
    "MiniGrid-DoorKey-12x12-custom-diff0.8010602224432588": {
        "meanRet": 0.9316218519210815,
        "maxRet": 0.9617519378662109,
        "minRet": 0.9071118831634521
    }
}