{
    "model": "test12x12_75k_3step_3gen_3curric/epoch_39_curric2_gen1",
    "MiniGrid-DoorKey-6x6-custom-diff0.15": {
        "meanRet": 0.9176282057395349,
        "maxRet": 0.9416666626930237,
        "minRet": 0.8916666507720947
    },
    "MiniGrid-DoorKey-8x8-custom-diff0.15": {
        "meanRet": 0.8855769221599286,
        "maxRet": 0.9291666746139526,
        "minRet": 0.8458333611488342
    },
    "MiniGrid-DoorKey-10x10-custom-diff0.15": {
        "meanRet": 0.826851851410336,
        "maxRet": 0.9041666388511658,
        "minRet": 0.75
    },
    "MiniGrid-DoorKey-12x12-custom-diff0.15": {
        "meanRet": 0.7299999928474427,
        "maxRet": 0.862500011920929,
        "minRet": 0.6166666746139526
    }
}