{
    "model": "SO_RHEA_2PARA_5GEN_14May\\epoch_10_curric0_gen1",
    "MiniGrid-DoorKey-5x5-custom-diff1": {
        "meanRet": 0.8891463279724121,
        "maxRet": 0.9012194871902466,
        "minRet": 0.8792682886123657
    },
    "MiniGrid-DoorKey-6x6-custom-diff1": {
        "meanRet": 0.8782352864742279,
        "maxRet": 0.916806697845459,
        "minRet": 0.8563024997711182
    },
    "MiniGrid-DoorKey-8x8-custom-diff1": {
        "meanRet": 0.8869668304920196,
        "maxRet": 0.9274881482124329,
        "minRet": 0.850710928440094
    },
    "MiniGrid-DoorKey-16x16-custom-diff1": {
        "meanRet": 0.7195621281862259,
        "maxRet": 0.9147928953170776,
        "minRet": 0.4887574017047882
    }
}