{
    "model": "test12x12_100k_3step_3gen_3curric/epoch_31_curric1_gen2",
    "MiniGrid-DoorKey-6x6-custom-diff0.15": {
        "meanRet": 0.9113782048225403,
        "maxRet": 0.9541666507720947,
        "minRet": 0.8791666626930237
    },
    "MiniGrid-DoorKey-8x8-custom-diff0.15": {
        "meanRet": 0.843269231227728,
        "maxRet": 0.9416666626930237,
        "minRet": 0.7791666388511658
    },
    "MiniGrid-DoorKey-10x10-custom-diff0.15": {
        "meanRet": 0.7924999976158142,
        "maxRet": 0.9541666507720947,
        "minRet": 0.625
    },
    "MiniGrid-DoorKey-12x12-custom-diff0.15": {
        "meanRet": 0.6016025594793833,
        "maxRet": 0.8833333253860474,
        "minRet": 0.23749999701976776
    }
}