{
    "model": "test12x12_150k_3step_3gen_3curric/epoch_4_curric0_gen1",
    "MiniGrid-DoorKey-6x6-custom-diff1": {
        "meanRet": 0.9881250085654082,
        "maxRet": 0.9925000071525574,
        "minRet": 0.9850000143051147
    },
    "MiniGrid-DoorKey-8x8-custom-diff1": {
        "meanRet": 0.980724995136261,
        "maxRet": 0.9893749952316284,
        "minRet": 0.9737499952316284
    },
    "MiniGrid-DoorKey-10x10-custom-diff1": {
        "meanRet": 0.9676500010490418,
        "maxRet": 0.9887499809265137,
        "minRet": 0.9474999904632568
    },
    "MiniGrid-DoorKey-12x12-custom-diff1": {
        "meanRet": 0.9373499989509583,
        "maxRet": 0.9737499952316284,
        "minRet": 0.9087499976158142
    }
}