{
    "model": "SO_RHEA_2PARA_5GEN_14May\\epoch_5_curric1_gen5",
    "MiniGrid-DoorKey-5x5-custom-diff0": {
        "meanRet": 0.9545090740377252,
        "maxRet": 0.9675999879837036,
        "minRet": 0.9459999799728394
    },
    "MiniGrid-DoorKey-6x6-custom-diff0": {
        "meanRet": 0.9565908908843994,
        "maxRet": 0.9624999761581421,
        "minRet": 0.9524999856948853
    },
    "MiniGrid-DoorKey-8x8-custom-diff0": {
        "meanRet": 0.957812488079071,
        "maxRet": 0.9704687595367432,
        "minRet": 0.9479687213897705
    },
    "MiniGrid-DoorKey-16x16-custom-diff0": {
        "meanRet": 0.9505703151226044,
        "maxRet": 0.9799609184265137,
        "minRet": 0.9275781512260437
    }
}