{
    "model": "DO_11_05_RHEA_PARA_ENV_1\\epoch_5_curric1_gen2",
    "MiniGrid-DoorKey-5x5-custom-diff2": {
        "meanRet": 0.6496428430080414,
        "maxRet": 0.7107142806053162,
        "minRet": 0.5821428298950195
    },
    "MiniGrid-DoorKey-6x6-custom-diff2": {
        "meanRet": 0.6645454710180109,
        "maxRet": 0.7300000190734863,
        "minRet": 0.5950000286102295
    },
    "MiniGrid-DoorKey-8x8-custom-diff2": {
        "meanRet": 0.6849999964237213,
        "maxRet": 0.7685714364051819,
        "minRet": 0.6014285683631897
    },
    "MiniGrid-DoorKey-16x16-custom-diff2": {
        "meanRet": 0.4191489353775978,
        "maxRet": 0.7414893507957458,
        "minRet": 0.12234042584896088
    }
}