{
    "model": "test12x12_25k_3step_3gen_3curric/epoch_20_curric0_gen2",
    "MiniGrid-DoorKey-6x6-custom-diff0.9319142875744653": {
        "meanRet": 0.9867936814984968,
        "maxRet": 0.9912751913070679,
        "minRet": 0.9838926196098328
    },
    "MiniGrid-DoorKey-8x8-custom-diff0.9319142875744653": {
        "meanRet": 0.9790603995323182,
        "maxRet": 0.9899328947067261,
        "minRet": 0.9738255143165588
    },
    "MiniGrid-DoorKey-10x10-custom-diff0.9319142875744653": {
        "meanRet": 0.9713557052612305,
        "maxRet": 0.982550323009491,
        "minRet": 0.9570469856262207
    },
    "MiniGrid-DoorKey-12x12-custom-diff0.9319142875744653": {
        "meanRet": 0.9509798645973205,
        "maxRet": 0.9778523445129395,
        "minRet": 0.9322147369384766
    }
}