{
    "model": "test12x12_75k_3step_3gen_3curric/epoch_48_curric0_gen1",
    "MiniGrid-DoorKey-6x6-custom-diff0.15": {
        "meanRet": 0.924333336353302,
        "maxRet": 0.949999988079071,
        "minRet": 0.8916666507720947
    },
    "MiniGrid-DoorKey-8x8-custom-diff0.15": {
        "meanRet": 0.8783653836983901,
        "maxRet": 0.9291666746139526,
        "minRet": 0.8416666388511658
    },
    "MiniGrid-DoorKey-10x10-custom-diff0.15": {
        "meanRet": 0.8331730847175305,
        "maxRet": 0.8999999761581421,
        "minRet": 0.75
    },
    "MiniGrid-DoorKey-12x12-custom-diff0.15": {
        "meanRet": 0.7174999976158142,
        "maxRet": 0.8416666388511658,
        "minRet": 0.6416666507720947
    }
}