{
    "model": "test12x12_75k_3step_3gen_3curric/epoch_3_curric2_gen2",
    "MiniGrid-DoorKey-6x6-custom-diff1": {
        "meanRet": 0.9872250056266785,
        "maxRet": 0.9943749904632568,
        "minRet": 0.9825000166893005
    },
    "MiniGrid-DoorKey-8x8-custom-diff1": {
        "meanRet": 0.9793000078201294,
        "maxRet": 0.9856250286102295,
        "minRet": 0.9725000262260437
    },
    "MiniGrid-DoorKey-10x10-custom-diff1": {
        "meanRet": 0.9688499999046326,
        "maxRet": 0.9850000143051147,
        "minRet": 0.9456250071525574
    },
    "MiniGrid-DoorKey-12x12-custom-diff1": {
        "meanRet": 0.9478750014305115,
        "maxRet": 0.9818750023841858,
        "minRet": 0.9118750095367432
    }
}