{
    "model": "test12x12_100k_3step_3gen_3curric/epoch_32_curric1_gen2",
    "MiniGrid-DoorKey-6x6-custom-diff0.15": {
        "meanRet": 0.9170000052452087,
        "maxRet": 0.9541666507720947,
        "minRet": 0.8833333253860474
    },
    "MiniGrid-DoorKey-8x8-custom-diff0.15": {
        "meanRet": 0.8511666703224182,
        "maxRet": 0.9208333492279053,
        "minRet": 0.7833333611488342
    },
    "MiniGrid-DoorKey-10x10-custom-diff0.15": {
        "meanRet": 0.778333330154419,
        "maxRet": 0.949999988079071,
        "minRet": 0.6166666746139526
    },
    "MiniGrid-DoorKey-12x12-custom-diff0.15": {
        "meanRet": 0.6495000004768372,
        "maxRet": 0.8666666746139526,
        "minRet": 0.40416666865348816
    }
}