{
    "model": "test12x12_150k_3step_3gen_3curric/epoch_5_curric1_gen1",
    "MiniGrid-DoorKey-6x6-custom-diff0.9813807381558474": {
        "meanRet": 0.988611466884613,
        "maxRet": 0.9923567175865173,
        "minRet": 0.9859872460365295
    },
    "MiniGrid-DoorKey-8x8-custom-diff0.9813807381558474": {
        "meanRet": 0.9815286684919287,
        "maxRet": 0.9904458522796631,
        "minRet": 0.9770700931549072
    },
    "MiniGrid-DoorKey-10x10-custom-diff0.9813807381558474": {
        "meanRet": 0.9739617872238159,
        "maxRet": 0.9859872460365295,
        "minRet": 0.9560509324073792
    },
    "MiniGrid-DoorKey-12x12-custom-diff0.9813807381558474": {
        "meanRet": 0.9618598747253418,
        "maxRet": 0.9802547693252563,
        "minRet": 0.9394904375076294
    }
}