{
    "model": "test12x12_100k_3step_3gen_3curric/epoch_7_curric2_gen1",
    "MiniGrid-DoorKey-6x6-custom-diff0.9720715046045372": {
        "meanRet": 0.39626048720980944,
        "maxRet": 0.9607576727867126,
        "minRet": 0.0
    },
    "MiniGrid-DoorKey-8x8-custom-diff0.9720715046045372": {
        "meanRet": 0.04358023498207331,
        "maxRet": 0.49049320816993713,
        "minRet": 0.0
    },
    "MiniGrid-DoorKey-10x10-custom-diff0.9720715046045372": {
        "meanRet": 0.005838992074131966,
        "maxRet": 0.1868477463722229,
        "minRet": 0.0
    },
    "MiniGrid-DoorKey-12x12-custom-diff0.9720715046045372": {
        "meanRet": 0.0,
        "maxRet": 0.0,
        "minRet": 0.0
    }
}