{
    "model": "test12x12_100k_3step_3gen_3curric/epoch_5_curric2_gen3",
    "MiniGrid-DoorKey-6x6-custom-diff1": {
        "meanRet": 0.921450002193451,
        "maxRet": 0.9893749952316284,
        "minRet": 0.8374999761581421
    },
    "MiniGrid-DoorKey-8x8-custom-diff1": {
        "meanRet": 0.7256749939918518,
        "maxRet": 0.9337499737739563,
        "minRet": 0.4724999964237213
    },
    "MiniGrid-DoorKey-10x10-custom-diff1": {
        "meanRet": 0.27812499925494194,
        "maxRet": 0.9006249904632568,
        "minRet": 0.0
    },
    "MiniGrid-DoorKey-12x12-custom-diff1": {
        "meanRet": 0.04312500078231096,
        "maxRet": 0.6575000286102295,
        "minRet": 0.0
    }
}