{
    "model": "test12x12_100k_3step_3gen_3curric/epoch_25_curric2_gen3",
    "MiniGrid-DoorKey-6x6-custom-diff0.15": {
        "meanRet": 0.916820987507149,
        "maxRet": 0.9541666507720947,
        "minRet": 0.8791666626930237
    },
    "MiniGrid-DoorKey-8x8-custom-diff0.15": {
        "meanRet": 0.8661666631698608,
        "maxRet": 0.9458333253860474,
        "minRet": 0.8166666626930237
    },
    "MiniGrid-DoorKey-10x10-custom-diff0.15": {
        "meanRet": 0.8428333353996277,
        "maxRet": 0.9125000238418579,
        "minRet": 0.7541666626930237
    },
    "MiniGrid-DoorKey-12x12-custom-diff0.15": {
        "meanRet": 0.6856666612625122,
        "maxRet": 0.862500011920929,
        "minRet": 0.5
    }
}