{
    "model": "test12x12_100k_3step_4gen_3curric/epoch_24_curric1_gen1",
    "MiniGrid-DoorKey-6x6-custom-diff0.15": {
        "meanRet": 0.9221153855323792,
        "maxRet": 0.949999988079071,
        "minRet": 0.8958333134651184
    },
    "MiniGrid-DoorKey-8x8-custom-diff0.15": {
        "meanRet": 0.8728333282470703,
        "maxRet": 0.925000011920929,
        "minRet": 0.8333333134651184
    },
    "MiniGrid-DoorKey-10x10-custom-diff0.15": {
        "meanRet": 0.8256666660308838,
        "maxRet": 0.9125000238418579,
        "minRet": 0.7541666626930237
    },
    "MiniGrid-DoorKey-12x12-custom-diff0.15": {
        "meanRet": 0.7433333325386048,
        "maxRet": 0.8791666626930237,
        "minRet": 0.6000000238418579
    }
}