{
    "model": "DO_11_05_RHEA_PARA_ENV_1\\epoch_2_curric0_gen2",
    "MiniGrid-DoorKey-5x5-custom-diff2": {
        "meanRet": 0.7010714173316955,
        "maxRet": 0.7428571581840515,
        "minRet": 0.6785714030265808
    },
    "MiniGrid-DoorKey-6x6-custom-diff2": {
        "meanRet": 0.7232499957084656,
        "maxRet": 0.8199999928474426,
        "minRet": 0.6399999856948853
    },
    "MiniGrid-DoorKey-8x8-custom-diff2": {
        "meanRet": 0.7241558486765082,
        "maxRet": 0.7814285755157471,
        "minRet": 0.6785714030265808
    },
    "MiniGrid-DoorKey-16x16-custom-diff2": {
        "meanRet": 0.047706116922199726,
        "maxRet": 0.4893617033958435,
        "minRet": 0.0
    }
}