{
    "model": "test12x12_100k_3step_3gen_3curric/epoch_36_curric1_gen3",
    "MiniGrid-DoorKey-6x6-custom-diff0.15": {
        "meanRet": 0.9173333334922791,
        "maxRet": 0.9541666507720947,
        "minRet": 0.887499988079071
    },
    "MiniGrid-DoorKey-8x8-custom-diff0.15": {
        "meanRet": 0.8689999938011169,
        "maxRet": 0.9166666865348816,
        "minRet": 0.8208333253860474
    },
    "MiniGrid-DoorKey-10x10-custom-diff0.15": {
        "meanRet": 0.8288333344459534,
        "maxRet": 0.9416666626930237,
        "minRet": 0.7083333134651184
    },
    "MiniGrid-DoorKey-12x12-custom-diff0.15": {
        "meanRet": 0.7420000052452087,
        "maxRet": 0.862500011920929,
        "minRet": 0.5249999761581421
    }
}