{
    "model": "test12x12_150k_3step_3gen_3curric/epoch_4_curric2_gen2",
    "MiniGrid-DoorKey-6x6-custom-diff1": {
        "meanRet": 0.9884000039100647,
        "maxRet": 0.9925000071525574,
        "minRet": 0.9856250286102295
    },
    "MiniGrid-DoorKey-8x8-custom-diff1": {
        "meanRet": 0.9813461532959571,
        "maxRet": 0.9900000095367432,
        "minRet": 0.9750000238418579
    },
    "MiniGrid-DoorKey-10x10-custom-diff1": {
        "meanRet": 0.9748000025749206,
        "maxRet": 0.9887499809265137,
        "minRet": 0.9637500047683716
    },
    "MiniGrid-DoorKey-12x12-custom-diff1": {
        "meanRet": 0.9619249963760376,
        "maxRet": 0.9787499904632568,
        "minRet": 0.9481250047683716
    }
}