{
    "model": "test12x12_100k_3step_4gen_3curric/epoch_35_curric2_gen1",
    "MiniGrid-DoorKey-6x6-custom-diff0.15": {
        "meanRet": 0.9215773791074753,
        "maxRet": 0.9583333134651184,
        "minRet": 0.8999999761581421
    },
    "MiniGrid-DoorKey-8x8-custom-diff0.15": {
        "meanRet": 0.8825320555613592,
        "maxRet": 0.9208333492279053,
        "minRet": 0.8500000238418579
    },
    "MiniGrid-DoorKey-10x10-custom-diff0.15": {
        "meanRet": 0.8239197510260122,
        "maxRet": 0.9541666507720947,
        "minRet": 0.7666666507720947
    },
    "MiniGrid-DoorKey-12x12-custom-diff0.15": {
        "meanRet": 0.7205000019073486,
        "maxRet": 0.8500000238418579,
        "minRet": 0.5958333611488342
    }
}