{
    "model": "test12x12_100k_3step_3gen_3curric/epoch_25_curric1_gen1",
    "MiniGrid-DoorKey-6x6-custom-diff0.15": {
        "meanRet": 0.9136217924264761,
        "maxRet": 0.9541666507720947,
        "minRet": 0.887499988079071
    },
    "MiniGrid-DoorKey-8x8-custom-diff0.15": {
        "meanRet": 0.8641666626930237,
        "maxRet": 0.9333333373069763,
        "minRet": 0.8125
    },
    "MiniGrid-DoorKey-10x10-custom-diff0.15": {
        "meanRet": 0.8103333353996277,
        "maxRet": 0.8999999761581421,
        "minRet": 0.7041666507720947
    },
    "MiniGrid-DoorKey-12x12-custom-diff0.15": {
        "meanRet": 0.6804487166496423,
        "maxRet": 0.8500000238418579,
        "minRet": 0.4791666567325592
    }
}