{
    "model": "test12x12_100k_4step_3gen_3curric/epoch_16_curric1_gen1",
    "MiniGrid-DoorKey-6x6-custom-diff0.4308080000000001": {
        "meanRet": 0.9188258075714111,
        "maxRet": 0.9738709926605225,
        "minRet": 0.8141935467720032
    },
    "MiniGrid-DoorKey-8x8-custom-diff0.4308080000000001": {
        "meanRet": 0.24688488157356486,
        "maxRet": 0.8940322399139404,
        "minRet": 0.0
    },
    "MiniGrid-DoorKey-10x10-custom-diff0.4308080000000001": {
        "meanRet": 0.13644516050815583,
        "maxRet": 0.8229032158851624,
        "minRet": 0.0
    },
    "MiniGrid-DoorKey-12x12-custom-diff0.4308080000000001": {
        "meanRet": 0.042295027524232864,
        "maxRet": 0.6574193835258484,
        "minRet": 0.0
    }
}