{
    "model": "test12x12_100k_3step_4gen_3curric/epoch_14_curric1_gen4",
    "MiniGrid-DoorKey-6x6-custom-diff0.79467792277423": {
        "meanRet": 0.9855559444427491,
        "maxRet": 0.9889860153198242,
        "minRet": 0.9819055795669556
    },
    "MiniGrid-DoorKey-8x8-custom-diff0.79467792277423": {
        "meanRet": 0.9773111915588379,
        "maxRet": 0.9881992936134338,
        "minRet": 0.9724650382995605
    },
    "MiniGrid-DoorKey-10x10-custom-diff0.79467792277423": {
        "meanRet": 0.9656678342819214,
        "maxRet": 0.9889860153198242,
        "minRet": 0.9512237906455994
    },
    "MiniGrid-DoorKey-12x12-custom-diff0.79467792277423": {
        "meanRet": 0.9417202758789063,
        "maxRet": 0.9724650382995605,
        "minRet": 0.919755220413208
    }
}