{
    "model": "test12x12_25k_3step_3gen_3curric/epoch_5_curric1_gen1",
    "MiniGrid-DoorKey-6x6-custom-diff1": {
        "meanRet": 0.2592034322374007,
        "maxRet": 0.9825000166893005,
        "minRet": 0.0
    },
    "MiniGrid-DoorKey-8x8-custom-diff1": {
        "meanRet": 0.08208333390454452,
        "maxRet": 0.8681250214576721,
        "minRet": 0.0
    },
    "MiniGrid-DoorKey-10x10-custom-diff1": {
        "meanRet": 0.006028645982344945,
        "maxRet": 0.2893750071525574,
        "minRet": 0.0
    },
    "MiniGrid-DoorKey-12x12-custom-diff1": {
        "meanRet": 0.016966146416962147,
        "maxRet": 0.5193750262260437,
        "minRet": 0.0
    }
}