{
    "model": "test12x12_50k_3step_3gen_3curric/epoch_39_curric1_gen3",
    "MiniGrid-DoorKey-6x6-custom-diff0.2760602224432589": {
        "meanRet": 0.953364508492606,
        "maxRet": 0.9705289602279663,
        "minRet": 0.9410579204559326
    },
    "MiniGrid-DoorKey-8x8-custom-diff0.2760602224432589": {
        "meanRet": 0.9358891534805298,
        "maxRet": 0.9614609479904175,
        "minRet": 0.9047858715057373
    },
    "MiniGrid-DoorKey-10x10-custom-diff0.2760602224432589": {
        "meanRet": 0.9083224010467529,
        "maxRet": 0.9614609479904175,
        "minRet": 0.8594458699226379
    },
    "MiniGrid-DoorKey-12x12-custom-diff0.2760602224432589": {
        "meanRet": 0.8216915359863868,
        "maxRet": 0.9183878898620605,
        "minRet": 0.7166246771812439
    }
}