{
    "model": "test12x12_50k_3step_3gen_3curric/epoch_42_curric0_gen3",
    "MiniGrid-DoorKey-6x6-custom-diff0.15": {
        "meanRet": 0.9151666641235352,
        "maxRet": 0.949999988079071,
        "minRet": 0.875
    },
    "MiniGrid-DoorKey-8x8-custom-diff0.15": {
        "meanRet": 0.8595000028610229,
        "maxRet": 0.9375,
        "minRet": 0.8083333373069763
    },
    "MiniGrid-DoorKey-10x10-custom-diff0.15": {
        "meanRet": 0.7753333282470704,
        "maxRet": 0.9125000238418579,
        "minRet": 0.637499988079071
    },
    "MiniGrid-DoorKey-12x12-custom-diff0.15": {
        "meanRet": 0.6104999995231628,
        "maxRet": 0.8791666626930237,
        "minRet": 0.375
    }
}