{
    "model": "test12x12_25k_3step_3gen_3curric/epoch_15_curric1_gen2",
    "MiniGrid-DoorKey-6x6-custom-diff1": {
        "meanRet": 0.9891500043869018,
        "maxRet": 0.9937499761581421,
        "minRet": 0.9868749976158142
    },
    "MiniGrid-DoorKey-8x8-custom-diff1": {
        "meanRet": 0.9821875003667978,
        "maxRet": 0.9931250214576721,
        "minRet": 0.9768750071525574
    },
    "MiniGrid-DoorKey-10x10-custom-diff1": {
        "meanRet": 0.9750750017166138,
        "maxRet": 0.9856250286102295,
        "minRet": 0.9631249904632568
    },
    "MiniGrid-DoorKey-12x12-custom-diff1": {
        "meanRet": 0.9531000018119812,
        "maxRet": 0.9762499928474426,
        "minRet": 0.9368749856948853
    }
}