{
    "model": "test12x12_100k_3step_4gen_3curric/epoch_26_curric2_gen1",
    "MiniGrid-DoorKey-6x6-custom-diff0.15": {
        "meanRet": 0.9240384697914124,
        "maxRet": 0.949999988079071,
        "minRet": 0.9041666388511658
    },
    "MiniGrid-DoorKey-8x8-custom-diff0.15": {
        "meanRet": 0.879967953150089,
        "maxRet": 0.9291666746139526,
        "minRet": 0.8500000238418579
    },
    "MiniGrid-DoorKey-10x10-custom-diff0.15": {
        "meanRet": 0.8358974388012519,
        "maxRet": 0.9083333611488342,
        "minRet": 0.7916666865348816
    },
    "MiniGrid-DoorKey-12x12-custom-diff0.15": {
        "meanRet": 0.7103395086747629,
        "maxRet": 0.8416666388511658,
        "minRet": 0.6000000238418579
    }
}