{
    "model": "test12x12_25k_3step_3gen_3curric/epoch_30_curric0_gen1",
    "MiniGrid-DoorKey-6x6-custom-diff0.6819142875744653": {
        "meanRet": 0.9833394455909729,
        "maxRet": 0.9908257126808167,
        "minRet": 0.9779816269874573
    },
    "MiniGrid-DoorKey-8x8-custom-diff0.6819142875744653": {
        "meanRet": 0.9737614750862121,
        "maxRet": 0.9853211045265198,
        "minRet": 0.9660550355911255
    },
    "MiniGrid-DoorKey-10x10-custom-diff0.6819142875744653": {
        "meanRet": 0.9622385382652283,
        "maxRet": 0.9770641922950745,
        "minRet": 0.9495412707328796
    },
    "MiniGrid-DoorKey-12x12-custom-diff0.6819142875744653": {
        "meanRet": 0.9456513810157776,
        "maxRet": 0.9761468172073364,
        "minRet": 0.9183486104011536
    }
}