{
    "model": "test12x12_25k_3step_3gen_3curric/epoch_6_curric1_gen2",
    "MiniGrid-DoorKey-6x6-custom-diff1": {
        "meanRet": 0.9862999987602233,
        "maxRet": 0.9925000071525574,
        "minRet": 0.9806249737739563
    },
    "MiniGrid-DoorKey-8x8-custom-diff1": {
        "meanRet": 0.9612500025675847,
        "maxRet": 0.9831249713897705,
        "minRet": 0.9368749856948853
    },
    "MiniGrid-DoorKey-10x10-custom-diff1": {
        "meanRet": 0.9043028904841497,
        "maxRet": 0.9818750023841858,
        "minRet": 0.8418750166893005
    },
    "MiniGrid-DoorKey-12x12-custom-diff1": {
        "meanRet": 0.8082250022888183,
        "maxRet": 0.9331250190734863,
        "minRet": 0.6474999785423279
    }
}