{
    "model": "test12x12_75k_3step_3gen_3curric/epoch_9_curric1_gen3",
    "MiniGrid-DoorKey-6x6-custom-diff0.9565023600555896": {
        "meanRet": 0.9877908301353454,
        "maxRet": 0.9921568632125854,
        "minRet": 0.9843137264251709
    },
    "MiniGrid-DoorKey-8x8-custom-diff0.9565023600555896": {
        "meanRet": 0.9818561959266663,
        "maxRet": 0.9895424842834473,
        "minRet": 0.9751634001731873
    },
    "MiniGrid-DoorKey-10x10-custom-diff0.9565023600555896": {
        "meanRet": 0.9732548928260804,
        "maxRet": 0.98562091588974,
        "minRet": 0.9614378809928894
    },
    "MiniGrid-DoorKey-12x12-custom-diff0.9565023600555896": {
        "meanRet": 0.958640513420105,
        "maxRet": 0.9823529124259949,
        "minRet": 0.9359477162361145
    }
}