{
    "model": "new_25k_7step_4gen_3curric/epoch_1_curric1_gen1",
    "MiniGrid-DoorKey-6x6-custom-diff1.0": {
        "meanRet": 0.09557291679084301,
        "maxRet": 0.9175000190734863,
        "minRet": 0.0
    },
    "MiniGrid-DoorKey-8x8-custom-diff1.0": {
        "meanRet": 0.02699218752483527,
        "maxRet": 0.535937488079071,
        "minRet": 0.0
    },
    "MiniGrid-DoorKey-10x10-custom-diff1.0": {
        "meanRet": 0.0,
        "maxRet": 0.0,
        "minRet": 0.0
    },
    "MiniGrid-DoorKey-12x12-custom-diff1.0": {
        "meanRet": 0.018411458780368168,
        "maxRet": 0.8837500214576721,
        "minRet": 0.0
    }
}