{
    "model": "test12x12_100k_3step_3gen_3curric/epoch_44_curric1_gen3",
    "MiniGrid-DoorKey-6x6-custom-diff0.15": {
        "meanRet": 0.9138333320617675,
        "maxRet": 0.949999988079071,
        "minRet": 0.8791666626930237
    },
    "MiniGrid-DoorKey-8x8-custom-diff0.15": {
        "meanRet": 0.8725000047683715,
        "maxRet": 0.925000011920929,
        "minRet": 0.8291666507720947
    },
    "MiniGrid-DoorKey-10x10-custom-diff0.15": {
        "meanRet": 0.8183333420753479,
        "maxRet": 0.9125000238418579,
        "minRet": 0.7250000238418579
    },
    "MiniGrid-DoorKey-12x12-custom-diff0.15": {
        "meanRet": 0.7496666717529297,
        "maxRet": 0.8583333492279053,
        "minRet": 0.5833333134651184
    }
}