{
    "model": "test12x12_100k_3step_3gen_3curric/epoch_43_curric2_gen1",
    "MiniGrid-DoorKey-6x6-custom-diff0.15": {
        "meanRet": 0.9121666669845581,
        "maxRet": 0.9541666507720947,
        "minRet": 0.8708333373069763
    },
    "MiniGrid-DoorKey-8x8-custom-diff0.15": {
        "meanRet": 0.8576666641235352,
        "maxRet": 0.9166666865348816,
        "minRet": 0.8125
    },
    "MiniGrid-DoorKey-10x10-custom-diff0.15": {
        "meanRet": 0.8181666660308838,
        "maxRet": 0.9333333373069763,
        "minRet": 0.75
    },
    "MiniGrid-DoorKey-12x12-custom-diff0.15": {
        "meanRet": 0.746333327293396,
        "maxRet": 0.8541666865348816,
        "minRet": 0.6041666865348816
    }
}