{
    "model": "test12x12_150k_3step_3gen_3curric/epoch_23_curric1_gen2",
    "MiniGrid-DoorKey-6x6-custom-diff0.15": {
        "meanRet": 0.9213141111227182,
        "maxRet": 0.9583333134651184,
        "minRet": 0.8958333134651184
    },
    "MiniGrid-DoorKey-8x8-custom-diff0.15": {
        "meanRet": 0.8705128202071557,
        "maxRet": 0.9291666746139526,
        "minRet": 0.8208333253860474
    },
    "MiniGrid-DoorKey-10x10-custom-diff0.15": {
        "meanRet": 0.8053333353996277,
        "maxRet": 0.9333333373069763,
        "minRet": 0.737500011920929
    },
    "MiniGrid-DoorKey-12x12-custom-diff0.15": {
        "meanRet": 0.6936666655540467,
        "maxRet": 0.8416666388511658,
        "minRet": 0.5166666507720947
    }
}