{
    "model": "test12x12_100k_3step_4gen_3curric/epoch_33_curric2_gen3",
    "MiniGrid-DoorKey-6x6-custom-diff0.15": {
        "meanRet": 0.931166672706604,
        "maxRet": 0.949999988079071,
        "minRet": 0.9125000238418579
    },
    "MiniGrid-DoorKey-8x8-custom-diff0.15": {
        "meanRet": 0.8854166704874772,
        "maxRet": 0.9416666626930237,
        "minRet": 0.8541666865348816
    },
    "MiniGrid-DoorKey-10x10-custom-diff0.15": {
        "meanRet": 0.8360576927661896,
        "maxRet": 0.9375,
        "minRet": 0.7666666507720947
    },
    "MiniGrid-DoorKey-12x12-custom-diff0.15": {
        "meanRet": 0.6646666622161865,
        "maxRet": 0.862500011920929,
        "minRet": 0.5249999761581421
    }
}