{
    "model": "test12x12_25k_3step_3gen_3curric/epoch_10_curric0_gen2",
    "MiniGrid-DoorKey-6x6-custom-diff1": {
        "meanRet": 0.9853250026702881,
        "maxRet": 0.9937499761581421,
        "minRet": 0.9781249761581421
    },
    "MiniGrid-DoorKey-8x8-custom-diff1": {
        "meanRet": 0.9772836565971375,
        "maxRet": 0.9893749952316284,
        "minRet": 0.9668750166893005
    },
    "MiniGrid-DoorKey-10x10-custom-diff1": {
        "meanRet": 0.9680999994277955,
        "maxRet": 0.9862499833106995,
        "minRet": 0.9512500166893005
    },
    "MiniGrid-DoorKey-12x12-custom-diff1": {
        "meanRet": 0.945525004863739,
        "maxRet": 0.9775000214576721,
        "minRet": 0.9112499952316284
    }
}