{
    "model": "test12x12_75k_3step_3gen_3curric/epoch_34_curric2_gen3",
    "MiniGrid-DoorKey-6x6-custom-diff0.15": {
        "meanRet": 0.9293333411216735,
        "maxRet": 0.949999988079071,
        "minRet": 0.9125000238418579
    },
    "MiniGrid-DoorKey-8x8-custom-diff0.15": {
        "meanRet": 0.8825000023841858,
        "maxRet": 0.9458333253860474,
        "minRet": 0.8458333611488342
    },
    "MiniGrid-DoorKey-10x10-custom-diff0.15": {
        "meanRet": 0.8248333311080933,
        "maxRet": 0.9416666626930237,
        "minRet": 0.75
    },
    "MiniGrid-DoorKey-12x12-custom-diff0.15": {
        "meanRet": 0.6688333368301391,
        "maxRet": 0.8374999761581421,
        "minRet": 0.5333333611488342
    }
}