{
    "model": "new_25k_7step_4gen_3curric/epoch_2_curric1_gen4",
    "MiniGrid-DoorKey-6x6-custom-diff1": {
        "meanRet": 0.7598250019550323,
        "maxRet": 0.9768750071525574,
        "minRet": 0.4781250059604645
    },
    "MiniGrid-DoorKey-8x8-custom-diff1": {
        "meanRet": 0.11492187560846408,
        "maxRet": 0.9700000286102295,
        "minRet": 0.0
    },
    "MiniGrid-DoorKey-10x10-custom-diff1": {
        "meanRet": 0.018567708631356556,
        "maxRet": 0.737500011920929,
        "minRet": 0.0
    },
    "MiniGrid-DoorKey-12x12-custom-diff1": {
        "meanRet": 0.03654947845886151,
        "maxRet": 0.9106249809265137,
        "minRet": 0.0
    }
}