{
    "model": "SO_RHEA_2PARA_5GEN_14May\\epoch_2_curric1_gen3",
    "MiniGrid-DoorKey-5x5-custom-diff2": {
        "meanRet": 0.701948041265661,
        "maxRet": 0.7428571581840515,
        "minRet": 0.6785714030265808
    },
    "MiniGrid-DoorKey-6x6-custom-diff2": {
        "meanRet": 0.7074999917637218,
        "maxRet": 0.8199999928474426,
        "minRet": 0.6399999856948853
    },
    "MiniGrid-DoorKey-8x8-custom-diff2": {
        "meanRet": 0.693999993801117,
        "maxRet": 0.7942857146263123,
        "minRet": 0.6399999856948853
    },
    "MiniGrid-DoorKey-16x16-custom-diff2": {
        "meanRet": 0.5200000047683716,
        "maxRet": 0.7255319356918335,
        "minRet": 0.35531914234161377
    }
}