{
    "model": "test12x12_100k_4step_3gen_3curric/epoch_21_curric1_gen1",
    "MiniGrid-DoorKey-6x6-custom-diff0.1748105000000001": {
        "meanRet": 0.1928755541642507,
        "maxRet": 0.9318724870681763,
        "minRet": 0.0
    },
    "MiniGrid-DoorKey-8x8-custom-diff0.1748105000000001": {
        "meanRet": 0.08466135524213314,
        "maxRet": 0.8422310948371887,
        "minRet": 0.0
    },
    "MiniGrid-DoorKey-10x10-custom-diff0.1748105000000001": {
        "meanRet": 0.0,
        "maxRet": 0.0,
        "minRet": 0.0
    },
    "MiniGrid-DoorKey-12x12-custom-diff0.1748105000000001": {
        "meanRet": 0.0,
        "maxRet": 0.0,
        "minRet": 0.0
    }
}