{
    "model": "test12x12_50k_3step_3gen_3curric/epoch_26_curric2_gen1",
    "MiniGrid-DoorKey-6x6-custom-diff0.6010602224432589": {
        "meanRet": 0.9760693597793579,
        "maxRet": 0.9864739775657654,
        "minRet": 0.9698265790939331
    },
    "MiniGrid-DoorKey-8x8-custom-diff0.6010602224432589": {
        "meanRet": 0.9664971065521241,
        "maxRet": 0.9833526015281677,
        "minRet": 0.9531791806221008
    },
    "MiniGrid-DoorKey-10x10-custom-diff0.6010602224432589": {
        "meanRet": 0.9520554876327515,
        "maxRet": 0.9791907668113708,
        "minRet": 0.9375722408294678
    },
    "MiniGrid-DoorKey-12x12-custom-diff0.6010602224432589": {
        "meanRet": 0.9089387202262879,
        "maxRet": 0.9552600979804993,
        "minRet": 0.8636994361877441
    }
}