{
    "model": "Rhea_SaRun2\\epoch_4_curric1_gen2",
    "MiniGrid-DoorKey-5x5-custom-diff2": {
        "meanRet": 0.669805190779946,
        "maxRet": 0.7428571581840515,
        "minRet": 0.6142857074737549
    },
    "MiniGrid-DoorKey-6x6-custom-diff2": {
        "meanRet": 0.6831249992052714,
        "maxRet": 0.7524999976158142,
        "minRet": 0.6399999856948853
    },
    "MiniGrid-DoorKey-8x8-custom-diff2": {
        "meanRet": 0.7094285666942597,
        "maxRet": 0.7814285755157471,
        "minRet": 0.6528571248054504
    },
    "MiniGrid-DoorKey-16x16-custom-diff2": {
        "meanRet": 0.033377659507095814,
        "maxRet": 0.8148936033248901,
        "minRet": 0.0
    }
}