{
    "model": "test12x12_100k_3step_4gen_3curric/epoch_4_curric1_gen1",
    "MiniGrid-DoorKey-6x6-custom-diff1": {
        "meanRet": 0.9883413498218243,
        "maxRet": 0.9925000071525574,
        "minRet": 0.984375
    },
    "MiniGrid-DoorKey-8x8-custom-diff1": {
        "meanRet": 0.9810249972343444,
        "maxRet": 0.9900000095367432,
        "minRet": 0.9731249809265137
    },
    "MiniGrid-DoorKey-10x10-custom-diff1": {
        "meanRet": 0.9708000016212464,
        "maxRet": 0.9831249713897705,
        "minRet": 0.9587500095367432
    },
    "MiniGrid-DoorKey-12x12-custom-diff1": {
        "meanRet": 0.9582249999046326,
        "maxRet": 0.9750000238418579,
        "minRet": 0.9393749833106995
    }
}