{
    "model": "test12x12_150k_3step_3gen_3curric/epoch_18_curric1_gen2",
    "MiniGrid-DoorKey-6x6-custom-diff0.6563807381558474": {
        "meanRet": 0.9800705424061528,
        "maxRet": 0.9866666793823242,
        "minRet": 0.9752380847930908
    },
    "MiniGrid-DoorKey-8x8-custom-diff0.6563807381558474": {
        "meanRet": 0.972419044971466,
        "maxRet": 0.9838095307350159,
        "minRet": 0.9638095498085022
    },
    "MiniGrid-DoorKey-10x10-custom-diff0.6563807381558474": {
        "meanRet": 0.9598857188224792,
        "maxRet": 0.9800000190734863,
        "minRet": 0.9438095092773438
    },
    "MiniGrid-DoorKey-12x12-custom-diff0.6563807381558474": {
        "meanRet": 0.9265523767471313,
        "maxRet": 0.9685714244842529,
        "minRet": 0.8885714411735535
    }
}