{
    "model": "test12x12_100k_3step_3gen_3curric/epoch_38_curric0_gen3",
    "MiniGrid-DoorKey-6x6-custom-diff0.15": {
        "meanRet": 0.9171474323822901,
        "maxRet": 0.9541666507720947,
        "minRet": 0.8791666626930237
    },
    "MiniGrid-DoorKey-8x8-custom-diff0.15": {
        "meanRet": 0.8590000033378601,
        "maxRet": 0.9333333373069763,
        "minRet": 0.7875000238418579
    },
    "MiniGrid-DoorKey-10x10-custom-diff0.15": {
        "meanRet": 0.7987654341591729,
        "maxRet": 0.9416666626930237,
        "minRet": 0.6499999761581421
    },
    "MiniGrid-DoorKey-12x12-custom-diff0.15": {
        "meanRet": 0.63549999833107,
        "maxRet": 0.8583333492279053,
        "minRet": 0.30416667461395264
    }
}