{
    "model": "test12x12_50k_3step_3gen_3curric/epoch_39_curric0_gen1",
    "MiniGrid-DoorKey-6x6-custom-diff0.2760602224432589": {
        "meanRet": 0.9563828611373901,
        "maxRet": 0.9682619571685791,
        "minRet": 0.9410579204559326
    },
    "MiniGrid-DoorKey-8x8-custom-diff0.2760602224432589": {
        "meanRet": 0.9327153491973877,
        "maxRet": 0.9569269418716431,
        "minRet": 0.9115868806838989
    },
    "MiniGrid-DoorKey-10x10-custom-diff0.2760602224432589": {
        "meanRet": 0.8993450808525085,
        "maxRet": 0.9569269418716431,
        "minRet": 0.8549118638038635
    },
    "MiniGrid-DoorKey-12x12-custom-diff0.2760602224432589": {
        "meanRet": 0.8085743117332459,
        "maxRet": 0.9161208868026733,
        "minRet": 0.7143576741218567
    }
}