{
    "model": "DO_11_05_RHEA_PARA_ENV_1\\epoch_6_curric2_gen1",
    "MiniGrid-DoorKey-5x5-custom-diff0": {
        "meanRet": 0.9558999836444855,
        "maxRet": 0.9639999866485596,
        "minRet": 0.9495999813079834
    },
    "MiniGrid-DoorKey-6x6-custom-diff0": {
        "meanRet": 0.9584999859333039,
        "maxRet": 0.9725000262260437,
        "minRet": 0.9524999856948853
    },
    "MiniGrid-DoorKey-8x8-custom-diff0": {
        "meanRet": 0.9568281292915344,
        "maxRet": 0.9775000214576721,
        "minRet": 0.936718761920929
    },
    "MiniGrid-DoorKey-16x16-custom-diff0": {
        "meanRet": 0.10350952297449112,
        "maxRet": 0.7623437643051147,
        "minRet": 0.0
    }
}