{
    "model": "test12x12_50k_3step_3gen_3curric/epoch_25_curric1_gen3",
    "MiniGrid-DoorKey-6x6-custom-diff0.6260602224432589": {
        "meanRet": 0.9795227486353654,
        "maxRet": 0.9870144128799438,
        "minRet": 0.9730299711227417
    },
    "MiniGrid-DoorKey-8x8-custom-diff0.6260602224432589": {
        "meanRet": 0.9717913436889648,
        "maxRet": 0.9840177297592163,
        "minRet": 0.9630410671234131
    },
    "MiniGrid-DoorKey-10x10-custom-diff0.6260602224432589": {
        "meanRet": 0.9559008567421524,
        "maxRet": 0.9830188751220703,
        "minRet": 0.9390677213668823
    },
    "MiniGrid-DoorKey-12x12-custom-diff0.6260602224432589": {
        "meanRet": 0.9274006628990173,
        "maxRet": 0.9660377502441406,
        "minRet": 0.8861265182495117
    }
}