{
    "model": "test12x12_150k_3step_3gen_3curric/epoch_3_curric1_gen3",
    "MiniGrid-DoorKey-6x6-custom-diff1": {
        "meanRet": 0.9868249988555908,
        "maxRet": 0.9925000071525574,
        "minRet": 0.9825000166893005
    },
    "MiniGrid-DoorKey-8x8-custom-diff1": {
        "meanRet": 0.9805787051165545,
        "maxRet": 0.9906250238418579,
        "minRet": 0.9750000238418579
    },
    "MiniGrid-DoorKey-10x10-custom-diff1": {
        "meanRet": 0.9731249952316284,
        "maxRet": 0.9862499833106995,
        "minRet": 0.9599999785423279
    },
    "MiniGrid-DoorKey-12x12-custom-diff1": {
        "meanRet": 0.960849997997284,
        "maxRet": 0.981249988079071,
        "minRet": 0.9462500214576721
    }
}