{
    "model": "Rhea_Fr2\\epoch_4_curric1_gen2",
    "MiniGrid-DoorKey-5x5-custom-diff1": {
        "meanRet": 0.853095687352694,
        "maxRet": 0.9012194871902466,
        "minRet": 0.8134146332740784
    },
    "MiniGrid-DoorKey-6x6-custom-diff1": {
        "meanRet": 0.8618029030886564,
        "maxRet": 0.9092437028884888,
        "minRet": 0.8336134552955627
    },
    "MiniGrid-DoorKey-8x8-custom-diff1": {
        "meanRet": 0.8345023810863494,
        "maxRet": 0.9061611294746399,
        "minRet": 0.7952606678009033
    },
    "MiniGrid-DoorKey-16x16-custom-diff1": {
        "meanRet": 0.6838816583156586,
        "maxRet": 0.8956212997436523,
        "minRet": 0.4781064987182617
    }
}