{
    "model": "test12x12_75k_3step_3gen_3curric/epoch_20_curric0_gen2",
    "MiniGrid-DoorKey-6x6-custom-diff0.6565023600555896": {
        "meanRet": 0.9822476100921631,
        "maxRet": 0.9876190423965454,
        "minRet": 0.977142870426178
    },
    "MiniGrid-DoorKey-8x8-custom-diff0.6565023600555896": {
        "meanRet": 0.9713523817062378,
        "maxRet": 0.9819047451019287,
        "minRet": 0.961904764175415
    },
    "MiniGrid-DoorKey-10x10-custom-diff0.6565023600555896": {
        "meanRet": 0.9617216128569382,
        "maxRet": 0.9838095307350159,
        "minRet": 0.9485714435577393
    },
    "MiniGrid-DoorKey-12x12-custom-diff0.6565023600555896": {
        "meanRet": 0.9418666696548462,
        "maxRet": 0.9666666388511658,
        "minRet": 0.9228571653366089
    }
}