{
    "model": "test12x12_75k_3step_3gen_3curric/epoch_38_curric1_gen2",
    "MiniGrid-DoorKey-6x6-custom-diff0.15": {
        "meanRet": 0.925333342552185,
        "maxRet": 0.9541666507720947,
        "minRet": 0.9041666388511658
    },
    "MiniGrid-DoorKey-8x8-custom-diff0.15": {
        "meanRet": 0.8708333349227906,
        "maxRet": 0.9083333611488342,
        "minRet": 0.8291666507720947
    },
    "MiniGrid-DoorKey-10x10-custom-diff0.15": {
        "meanRet": 0.7999999976158142,
        "maxRet": 0.9291666746139526,
        "minRet": 0.7166666388511658
    },
    "MiniGrid-DoorKey-12x12-custom-diff0.15": {
        "meanRet": 0.7046666669845582,
        "maxRet": 0.8791666626930237,
        "minRet": 0.550000011920929
    }
}