{
    "model": "SO_RHEA_2PARA_5GEN_14May\\epoch_4_curric2_gen3",
    "MiniGrid-DoorKey-5x5-custom-diff2": {
        "meanRet": 0.7107142806053162,
        "maxRet": 0.7428571581840515,
        "minRet": 0.6785714030265808
    },
    "MiniGrid-DoorKey-6x6-custom-diff2": {
        "meanRet": 0.7177272655747153,
        "maxRet": 0.8199999928474426,
        "minRet": 0.6399999856948853
    },
    "MiniGrid-DoorKey-8x8-custom-diff2": {
        "meanRet": 0.6927142798900604,
        "maxRet": 0.8199999928474426,
        "minRet": 0.6014285683631897
    },
    "MiniGrid-DoorKey-16x16-custom-diff2": {
        "meanRet": 0.12066408811193524,
        "maxRet": 0.6840425729751587,
        "minRet": 0.0
    }
}