{
    "model": "test12x12_50k_3step_3gen_3curric/epoch_20_curric0_gen1",
    "MiniGrid-DoorKey-6x6-custom-diff0.7510602224432589": {
        "meanRet": 0.9845809388160706,
        "maxRet": 0.9916743636131287,
        "minRet": 0.979185938835144
    },
    "MiniGrid-DoorKey-8x8-custom-diff0.7510602224432589": {
        "meanRet": 0.9775541210174561,
        "maxRet": 0.9891766905784607,
        "minRet": 0.97002774477005
    },
    "MiniGrid-DoorKey-10x10-custom-diff0.7510602224432589": {
        "meanRet": 0.9644662356376648,
        "maxRet": 0.9808510541915894,
        "minRet": 0.9542090892791748
    },
    "MiniGrid-DoorKey-12x12-custom-diff0.7510602224432589": {
        "meanRet": 0.9396712459050692,
        "maxRet": 0.972525417804718,
        "minRet": 0.9184088706970215
    }
}