{
    "model": "test12x12_100k_3step_4gen_3curric/epoch_11_curric0_gen1",
    "MiniGrid-DoorKey-6x6-custom-diff0.86967792277423": {
        "meanRet": 0.987060702764071,
        "maxRet": 0.9913737773895264,
        "minRet": 0.9827476143836975
    },
    "MiniGrid-DoorKey-8x8-custom-diff0.86967792277423": {
        "meanRet": 0.9788768749970657,
        "maxRet": 0.9863418340682983,
        "minRet": 0.9726837277412415
    },
    "MiniGrid-DoorKey-10x10-custom-diff0.86967792277423": {
        "meanRet": 0.9693935857369349,
        "maxRet": 0.9863418340682983,
        "minRet": 0.9518370628356934
    },
    "MiniGrid-DoorKey-12x12-custom-diff0.86967792277423": {
        "meanRet": 0.9443035125732422,
        "maxRet": 0.9755591154098511,
        "minRet": 0.9187699556350708
    }
}