{
    "model": "test12x12_25k_3step_3gen_3curric/epoch_10_curric0_gen3",
    "MiniGrid-DoorKey-6x6-custom-diff1": {
        "meanRet": 0.9885817330617171,
        "maxRet": 0.9925000071525574,
        "minRet": 0.9850000143051147
    },
    "MiniGrid-DoorKey-8x8-custom-diff1": {
        "meanRet": 0.9791586536627549,
        "maxRet": 0.9881250262260437,
        "minRet": 0.9712499976158142
    },
    "MiniGrid-DoorKey-10x10-custom-diff1": {
        "meanRet": 0.9683000016212463,
        "maxRet": 0.9856250286102295,
        "minRet": 0.9506250023841858
    },
    "MiniGrid-DoorKey-12x12-custom-diff1": {
        "meanRet": 0.9434500050544739,
        "maxRet": 0.9768750071525574,
        "minRet": 0.909375011920929
    }
}