{
    "model": "test12x12_100k_3step_4gen_3curric/epoch_3_curric2_gen4",
    "MiniGrid-DoorKey-6x6-custom-diff1": {
        "meanRet": 0.9882589344467435,
        "maxRet": 0.9925000071525574,
        "minRet": 0.9850000143051147
    },
    "MiniGrid-DoorKey-8x8-custom-diff1": {
        "meanRet": 0.9805528842485868,
        "maxRet": 0.9900000095367432,
        "minRet": 0.9737499952316284
    },
    "MiniGrid-DoorKey-10x10-custom-diff1": {
        "meanRet": 0.9674749994277954,
        "maxRet": 0.9825000166893005,
        "minRet": 0.9524999856948853
    },
    "MiniGrid-DoorKey-12x12-custom-diff1": {
        "meanRet": 0.9339999985694886,
        "maxRet": 0.9731249809265137,
        "minRet": 0.8912500143051147
    }
}