{
    "model": "test12x12_25k_3step_3gen_3curric/epoch_40_curric0_gen2",
    "MiniGrid-DoorKey-6x6-custom-diff0.43191428757446526": {
        "meanRet": 0.9733913040161133,
        "maxRet": 0.9826086759567261,
        "minRet": 0.9652174115180969
    },
    "MiniGrid-DoorKey-8x8-custom-diff0.43191428757446526": {
        "meanRet": 0.9565217399597168,
        "maxRet": 0.97826087474823,
        "minRet": 0.9405797123908997
    },
    "MiniGrid-DoorKey-10x10-custom-diff0.43191428757446526": {
        "meanRet": 0.9419710183143616,
        "maxRet": 0.9724637866020203,
        "minRet": 0.9144927263259888
    },
    "MiniGrid-DoorKey-12x12-custom-diff0.43191428757446526": {
        "meanRet": 0.903246374130249,
        "maxRet": 0.947826087474823,
        "minRet": 0.8594202995300293
    }
}