{
    "model": "DO_11_05_RHEA_PARA_ENV_1\\epoch_1_curric0_gen2",
    "MiniGrid-DoorKey-5x5-custom-diff0": {
        "meanRet": 0.954639983177185,
        "maxRet": 0.9639999866485596,
        "minRet": 0.9459999799728394
    },
    "MiniGrid-DoorKey-6x6-custom-diff0": {
        "meanRet": 0.9568181742321361,
        "maxRet": 0.9725000262260437,
        "minRet": 0.9474999904632568
    },
    "MiniGrid-DoorKey-8x8-custom-diff0": {
        "meanRet": 0.9381249964237213,
        "maxRet": 0.9564062356948853,
        "minRet": 0.922656238079071
    },
    "MiniGrid-DoorKey-16x16-custom-diff0": {
        "meanRet": 0.7901523411273956,
        "maxRet": 0.9676562547683716,
        "minRet": 0.720507800579071
    }
}