{
    "model": "Rhea_SaRun2\\epoch_3_curric0_gen1",
    "MiniGrid-DoorKey-5x5-custom-diff2": {
        "meanRet": 0.6347402496771379,
        "maxRet": 0.6785714030265808,
        "minRet": 0.5821428298950195
    },
    "MiniGrid-DoorKey-6x6-custom-diff2": {
        "meanRet": 0.6872500002384185,
        "maxRet": 0.7524999976158142,
        "minRet": 0.5950000286102295
    },
    "MiniGrid-DoorKey-8x8-custom-diff2": {
        "meanRet": 0.7171428561210632,
        "maxRet": 0.8328571319580078,
        "minRet": 0.6399999856948853
    },
    "MiniGrid-DoorKey-16x16-custom-diff2": {
        "meanRet": 0.0876662228256464,
        "maxRet": 0.6393616795539856,
        "minRet": 0.0
    }
}