{
    "model": "test12x12_75k_3step_3gen_3curric/epoch_44_curric2_gen1",
    "MiniGrid-DoorKey-6x6-custom-diff0.15": {
        "meanRet": 0.9044999980926514,
        "maxRet": 0.949999988079071,
        "minRet": 0.875
    },
    "MiniGrid-DoorKey-8x8-custom-diff0.15": {
        "meanRet": 0.8708333277702331,
        "maxRet": 0.9333333373069763,
        "minRet": 0.8291666507720947
    },
    "MiniGrid-DoorKey-10x10-custom-diff0.15": {
        "meanRet": 0.7904321065655461,
        "maxRet": 0.8958333134651184,
        "minRet": 0.7208333611488342
    },
    "MiniGrid-DoorKey-12x12-custom-diff0.15": {
        "meanRet": 0.6833333444595336,
        "maxRet": 0.875,
        "minRet": 0.5416666865348816
    }
}