{
    "model": "test12x12_75k_3step_3gen_3curric/epoch_35_curric1_gen2",
    "MiniGrid-DoorKey-6x6-custom-diff0.15": {
        "meanRet": 0.9248333430290222,
        "maxRet": 0.949999988079071,
        "minRet": 0.9041666388511658
    },
    "MiniGrid-DoorKey-8x8-custom-diff0.15": {
        "meanRet": 0.8753333425521851,
        "maxRet": 0.9291666746139526,
        "minRet": 0.8458333611488342
    },
    "MiniGrid-DoorKey-10x10-custom-diff0.15": {
        "meanRet": 0.7883333349227906,
        "maxRet": 0.9125000238418579,
        "minRet": 0.6625000238418579
    },
    "MiniGrid-DoorKey-12x12-custom-diff0.15": {
        "meanRet": 0.6480769274326471,
        "maxRet": 0.9041666388511658,
        "minRet": 0.4208333194255829
    }
}