{
    "model": "test12x12_100k_3step_3gen_3curric/epoch_46_curric0_gen1",
    "MiniGrid-DoorKey-6x6-custom-diff0.15": {
        "meanRet": 0.915865386907871,
        "maxRet": 0.9458333253860474,
        "minRet": 0.8791666626930237
    },
    "MiniGrid-DoorKey-8x8-custom-diff0.15": {
        "meanRet": 0.8537037107679579,
        "maxRet": 0.9333333373069763,
        "minRet": 0.7791666388511658
    },
    "MiniGrid-DoorKey-10x10-custom-diff0.15": {
        "meanRet": 0.8166666650772094,
        "maxRet": 0.9541666507720947,
        "minRet": 0.6791666746139526
    },
    "MiniGrid-DoorKey-12x12-custom-diff0.15": {
        "meanRet": 0.6239999997615814,
        "maxRet": 0.8916666507720947,
        "minRet": 0.36250001192092896
    }
}