{
    "model": "test12x12_75k_3step_3gen_3curric/epoch_24_curric2_gen3",
    "MiniGrid-DoorKey-6x6-custom-diff0.5565023600555896": {
        "meanRet": 0.9790931024721691,
        "maxRet": 0.9865168333053589,
        "minRet": 0.9730337262153625
    },
    "MiniGrid-DoorKey-8x8-custom-diff0.5565023600555896": {
        "meanRet": 0.966382019519806,
        "maxRet": 0.9842696785926819,
        "minRet": 0.9550561904907227
    },
    "MiniGrid-DoorKey-10x10-custom-diff0.5565023600555896": {
        "meanRet": 0.946247193813324,
        "maxRet": 0.9775280952453613,
        "minRet": 0.9258427023887634
    },
    "MiniGrid-DoorKey-12x12-custom-diff0.5565023600555896": {
        "meanRet": 0.9187865138053894,
        "maxRet": 0.9595505595207214,
        "minRet": 0.8561797738075256
    }
}