{
    "model": "test12x12_100k_3step_3gen_3curric/epoch_24_curric2_gen1",
    "MiniGrid-DoorKey-6x6-custom-diff0.15": {
        "meanRet": 0.9126602594669049,
        "maxRet": 0.9458333253860474,
        "minRet": 0.8791666626930237
    },
    "MiniGrid-DoorKey-8x8-custom-diff0.15": {
        "meanRet": 0.8600308630201552,
        "maxRet": 0.9333333373069763,
        "minRet": 0.8166666626930237
    },
    "MiniGrid-DoorKey-10x10-custom-diff0.15": {
        "meanRet": 0.8230000019073487,
        "maxRet": 0.9083333611488342,
        "minRet": 0.7083333134651184
    },
    "MiniGrid-DoorKey-12x12-custom-diff0.15": {
        "meanRet": 0.680769226872004,
        "maxRet": 0.887499988079071,
        "minRet": 0.4833333194255829
    }
}