{
    "model": "test12x12_100k_3step_4gen_3curric/epoch_10_curric0_gen1",
    "MiniGrid-DoorKey-6x6-custom-diff0.89467792277423": {
        "meanRet": 0.9861054672644689,
        "maxRet": 0.990217387676239,
        "minRet": 0.9832298159599304
    },
    "MiniGrid-DoorKey-8x8-custom-diff0.89467792277423": {
        "meanRet": 0.9796521687507629,
        "maxRet": 0.9860248565673828,
        "minRet": 0.9741459488868713
    },
    "MiniGrid-DoorKey-10x10-custom-diff0.89467792277423": {
        "meanRet": 0.9697298169136047,
        "maxRet": 0.9832298159599304,
        "minRet": 0.955279529094696
    },
    "MiniGrid-DoorKey-12x12-custom-diff0.89467792277423": {
        "meanRet": 0.9457484483718872,
        "maxRet": 0.9755434989929199,
        "minRet": 0.9189441204071045
    }
}