{
    "model": "test12x12_100k_3step_4gen_3curric/epoch_10_curric1_gen2",
    "MiniGrid-DoorKey-6x6-custom-diff0.89467792277423": {
        "meanRet": 0.9875341558456421,
        "maxRet": 0.9916148781776428,
        "minRet": 0.9832298159599304
    },
    "MiniGrid-DoorKey-8x8-custom-diff0.89467792277423": {
        "meanRet": 0.9796242165565491,
        "maxRet": 0.9895186424255371,
        "minRet": 0.971350908279419
    },
    "MiniGrid-DoorKey-10x10-custom-diff0.89467792277423": {
        "meanRet": 0.9698416137695313,
        "maxRet": 0.9853261113166809,
        "minRet": 0.9524844884872437
    },
    "MiniGrid-DoorKey-12x12-custom-diff0.89467792277423": {
        "meanRet": 0.948878881931305,
        "maxRet": 0.9741459488868713,
        "minRet": 0.9301242232322693
    }
}