{
    "model": "test12x12_100k_4step_3gen_3curric/epoch_18_curric0_gen1",
    "MiniGrid-DoorKey-6x6-custom-diff0.32840899999999995": {
        "meanRet": 0.9079406809806824,
        "maxRet": 0.9733051061630249,
        "minRet": 0.8493643999099731
    },
    "MiniGrid-DoorKey-8x8-custom-diff0.32840899999999995": {
        "meanRet": 0.8192372822761536,
        "maxRet": 0.9122881293296814,
        "minRet": 0.6644067764282227
    },
    "MiniGrid-DoorKey-10x10-custom-diff0.32840899999999995": {
        "meanRet": 0.640610169172287,
        "maxRet": 0.9294491410255432,
        "minRet": 0.26588982343673706
    },
    "MiniGrid-DoorKey-12x12-custom-diff0.32840899999999995": {
        "meanRet": 0.11102577671408653,
        "maxRet": 0.9065678119659424,
        "minRet": 0.0
    }
}