{
    "model": "test12x12_150k_3step_3gen_3curric/epoch_11_curric0_gen3",
    "MiniGrid-DoorKey-6x6-custom-diff0.8313807381558473": {
        "meanRet": 0.9860451102256775,
        "maxRet": 0.9909774661064148,
        "minRet": 0.9819548726081848
    },
    "MiniGrid-DoorKey-8x8-custom-diff0.8313807381558473": {
        "meanRet": 0.9788606143914736,
        "maxRet": 0.9887217879295349,
        "minRet": 0.9729323387145996
    },
    "MiniGrid-DoorKey-10x10-custom-diff0.8313807381558473": {
        "meanRet": 0.9724210572242736,
        "maxRet": 0.9924812316894531,
        "minRet": 0.9624060392379761
    },
    "MiniGrid-DoorKey-12x12-custom-diff0.8313807381558473": {
        "meanRet": 0.9491506527971338,
        "maxRet": 0.976691722869873,
        "minRet": 0.9308270812034607
    }
}