{
    "model": "test12x12_50k_3step_3gen_3curric/epoch_41_curric1_gen3",
    "MiniGrid-DoorKey-6x6-custom-diff0.15": {
        "meanRet": 0.9263333368301392,
        "maxRet": 0.949999988079071,
        "minRet": 0.8999999761581421
    },
    "MiniGrid-DoorKey-8x8-custom-diff0.15": {
        "meanRet": 0.865865381864401,
        "maxRet": 0.925000011920929,
        "minRet": 0.8291666507720947
    },
    "MiniGrid-DoorKey-10x10-custom-diff0.15": {
        "meanRet": 0.8235000038146972,
        "maxRet": 0.9208333492279053,
        "minRet": 0.7333333492279053
    },
    "MiniGrid-DoorKey-12x12-custom-diff0.15": {
        "meanRet": 0.7136666679382324,
        "maxRet": 0.875,
        "minRet": 0.5833333134651184
    }
}