{
    "model": "test12x12_100k_4step_3gen_3curric/epoch_4_curric1_gen1",
    "MiniGrid-DoorKey-6x6-custom-diff1": {
        "meanRet": 0.7148500013351441,
        "maxRet": 0.9856250286102295,
        "minRet": 0.39250001311302185
    },
    "MiniGrid-DoorKey-8x8-custom-diff1": {
        "meanRet": 0.2570955902338028,
        "maxRet": 0.9731249809265137,
        "minRet": 0.0
    },
    "MiniGrid-DoorKey-10x10-custom-diff1": {
        "meanRet": 0.06083984370343387,
        "maxRet": 0.637499988079071,
        "minRet": 0.0
    },
    "MiniGrid-DoorKey-12x12-custom-diff1": {
        "meanRet": 0.05980468913912773,
        "maxRet": 0.7743750214576721,
        "minRet": 0.0
    }
}