{
    "model": "test12x12_100k_3step_3gen_3curric/epoch_36_curric2_gen1",
    "MiniGrid-DoorKey-6x6-custom-diff0.15": {
        "meanRet": 0.9061666679382324,
        "maxRet": 0.9375,
        "minRet": 0.8708333373069763
    },
    "MiniGrid-DoorKey-8x8-custom-diff0.15": {
        "meanRet": 0.8508012822041144,
        "maxRet": 0.9291666746139526,
        "minRet": 0.7875000238418579
    },
    "MiniGrid-DoorKey-10x10-custom-diff0.15": {
        "meanRet": 0.818166663646698,
        "maxRet": 0.9041666388511658,
        "minRet": 0.7416666746139526
    },
    "MiniGrid-DoorKey-12x12-custom-diff0.15": {
        "meanRet": 0.681333327293396,
        "maxRet": 0.8166666626930237,
        "minRet": 0.4124999940395355
    }
}