{
    "model": "test12x12_25k_3step_3gen_3curric/epoch_42_curric1_gen1",
    "MiniGrid-DoorKey-6x6-custom-diff0.3819142875744653": {
        "meanRet": 0.971016390323639,
        "maxRet": 0.980327844619751,
        "minRet": 0.9622950553894043
    },
    "MiniGrid-DoorKey-8x8-custom-diff0.3819142875744653": {
        "meanRet": 0.9563934397697449,
        "maxRet": 0.9770491719245911,
        "minRet": 0.9475409984588623
    },
    "MiniGrid-DoorKey-10x10-custom-diff0.3819142875744653": {
        "meanRet": 0.9385573744773865,
        "maxRet": 0.9721311330795288,
        "minRet": 0.9131147265434265
    },
    "MiniGrid-DoorKey-12x12-custom-diff0.3819142875744653": {
        "meanRet": 0.9069508194923401,
        "maxRet": 0.9508196711540222,
        "minRet": 0.8721311688423157
    }
}