{
    "model": "test12x12_100k_3step_4gen_3curric/epoch_34_curric2_gen3",
    "MiniGrid-DoorKey-6x6-custom-diff0.15": {
        "meanRet": 0.9245192385636843,
        "maxRet": 0.949999988079071,
        "minRet": 0.9041666388511658
    },
    "MiniGrid-DoorKey-8x8-custom-diff0.15": {
        "meanRet": 0.8839999961853028,
        "maxRet": 0.9416666626930237,
        "minRet": 0.8541666865348816
    },
    "MiniGrid-DoorKey-10x10-custom-diff0.15": {
        "meanRet": 0.8314814810399656,
        "maxRet": 0.9416666626930237,
        "minRet": 0.7749999761581421
    },
    "MiniGrid-DoorKey-12x12-custom-diff0.15": {
        "meanRet": 0.7314102512139541,
        "maxRet": 0.875,
        "minRet": 0.6166666746139526
    }
}