{
    "model": "test12x12_50k_3step_3gen_3curric/epoch_18_curric1_gen1",
    "MiniGrid-DoorKey-6x6-custom-diff0.8010602224432588": {
        "meanRet": 0.9840994521423623,
        "maxRet": 0.9906331300735474,
        "minRet": 0.9797050952911377
    },
    "MiniGrid-DoorKey-8x8-custom-diff0.8010602224432588": {
        "meanRet": 0.9776756310462952,
        "maxRet": 0.9867302775382996,
        "minRet": 0.9703382253646851
    },
    "MiniGrid-DoorKey-10x10-custom-diff0.8010602224432588": {
        "meanRet": 0.9693174981153928,
        "maxRet": 0.984388530254364,
        "minRet": 0.9523850679397583
    },
    "MiniGrid-DoorKey-12x12-custom-diff0.8010602224432588": {
        "meanRet": 0.9528053953097417,
        "maxRet": 0.9734605550765991,
        "minRet": 0.9320902228355408
    }
}