{
    "model": "test12x12_150k_3step_3gen_3curric/epoch_7_curric1_gen1",
    "MiniGrid-DoorKey-6x6-custom-diff0.9313807381558473": {
        "meanRet": 0.9862932310654566,
        "maxRet": 0.9932885766029358,
        "minRet": 0.9832214713096619
    },
    "MiniGrid-DoorKey-8x8-custom-diff0.9313807381558473": {
        "meanRet": 0.9788590577932504,
        "maxRet": 0.9865771532058716,
        "minRet": 0.9744966626167297
    },
    "MiniGrid-DoorKey-10x10-custom-diff0.9313807381558473": {
        "meanRet": 0.9744966340065002,
        "maxRet": 0.9879194498062134,
        "minRet": 0.9657717943191528
    },
    "MiniGrid-DoorKey-12x12-custom-diff0.9313807381558473": {
        "meanRet": 0.9481879210472107,
        "maxRet": 0.9771811962127686,
        "minRet": 0.9234899282455444
    }
}