{
    "model": "test12x12_150k_3step_3gen_3curric/epoch_3_curric0_gen1",
    "MiniGrid-DoorKey-6x6-custom-diff1": {
        "meanRet": 0.9865500020980835,
        "maxRet": 0.9937499761581421,
        "minRet": 0.9825000166893005
    },
    "MiniGrid-DoorKey-8x8-custom-diff1": {
        "meanRet": 0.9814500021934509,
        "maxRet": 0.9862499833106995,
        "minRet": 0.9743750095367432
    },
    "MiniGrid-DoorKey-10x10-custom-diff1": {
        "meanRet": 0.9716999959945679,
        "maxRet": 0.9856250286102295,
        "minRet": 0.9599999785423279
    },
    "MiniGrid-DoorKey-12x12-custom-diff1": {
        "meanRet": 0.9567000031471252,
        "maxRet": 0.9725000262260437,
        "minRet": 0.9418749809265137
    }
}