{
    "model": "MI_RHEA_PARA_ENV_2_first\\epoch_7_curric0_gen1",
    "MiniGrid-DoorKey-5x5-custom-diff1": {
        "meanRet": 0.8759756088256836,
        "maxRet": 0.9012194871902466,
        "minRet": 0.8463414907455444
    },
    "MiniGrid-DoorKey-6x6-custom-diff1": {
        "meanRet": 0.8706722617149353,
        "maxRet": 0.8941176533699036,
        "minRet": 0.8563024997711182
    },
    "MiniGrid-DoorKey-8x8-custom-diff1": {
        "meanRet": 0.8954976320266723,
        "maxRet": 0.9317535758018494,
        "minRet": 0.8763033151626587
    },
    "MiniGrid-DoorKey-16x16-custom-diff1": {
        "meanRet": 0.7995502889156342,
        "maxRet": 0.9147928953170776,
        "minRet": 0.6708875894546509
    }
}