{
    "model": "test12x12_100k_3step_4gen_3curric/epoch_26_curric0_gen2",
    "MiniGrid-DoorKey-6x6-custom-diff0.15": {
        "meanRet": 0.9227564174395341,
        "maxRet": 0.9458333253860474,
        "minRet": 0.9041666388511658
    },
    "MiniGrid-DoorKey-8x8-custom-diff0.15": {
        "meanRet": 0.8750000047683716,
        "maxRet": 0.9291666746139526,
        "minRet": 0.8458333611488342
    },
    "MiniGrid-DoorKey-10x10-custom-diff0.15": {
        "meanRet": 0.8009615357105548,
        "maxRet": 0.949999988079071,
        "minRet": 0.7041666507720947
    },
    "MiniGrid-DoorKey-12x12-custom-diff0.15": {
        "meanRet": 0.6493333315849305,
        "maxRet": 0.8500000238418579,
        "minRet": 0.48750001192092896
    }
}