{
    "model": "test12x12_150k_3step_3gen_3curric/epoch_27_curric2_gen2",
    "MiniGrid-DoorKey-6x6-custom-diff0.15": {
        "meanRet": 0.9229166805744171,
        "maxRet": 0.9583333134651184,
        "minRet": 0.9083333611488342
    },
    "MiniGrid-DoorKey-8x8-custom-diff0.15": {
        "meanRet": 0.8764999985694886,
        "maxRet": 0.9375,
        "minRet": 0.824999988079071
    },
    "MiniGrid-DoorKey-10x10-custom-diff0.15": {
        "meanRet": 0.8233333396911621,
        "maxRet": 0.9083333611488342,
        "minRet": 0.7124999761581421
    },
    "MiniGrid-DoorKey-12x12-custom-diff0.15": {
        "meanRet": 0.651500004529953,
        "maxRet": 0.8500000238418579,
        "minRet": 0.47083333134651184
    }
}