{
    "model": "SO_RHEA_2PARA_5GEN_14May\\epoch_1_curric0_gen1",
    "MiniGrid-DoorKey-5x5-custom-diff0": {
        "meanRet": 0.7001200020313263,
        "maxRet": 0.8848000168800354,
        "minRet": 0.4779999852180481
    },
    "MiniGrid-DoorKey-6x6-custom-diff0": {
        "meanRet": 0.7412499964237214,
        "maxRet": 0.8600000143051147,
        "minRet": 0.6025000214576721
    },
    "MiniGrid-DoorKey-8x8-custom-diff0": {
        "meanRet": 0.11165527254343033,
        "maxRet": 0.8917187452316284,
        "minRet": 0.0
    },
    "MiniGrid-DoorKey-16x16-custom-diff0": {
        "meanRet": 0.06332275364547968,
        "maxRet": 0.7324609160423279,
        "minRet": 0.0
    }
}