{
    "model": "test12x12_75k_3step_3gen_3curric/epoch_44_curric2_gen3",
    "MiniGrid-DoorKey-6x6-custom-diff0.15": {
        "meanRet": 0.9155448766855093,
        "maxRet": 0.9458333253860474,
        "minRet": 0.8791666626930237
    },
    "MiniGrid-DoorKey-8x8-custom-diff0.15": {
        "meanRet": 0.8770833290540255,
        "maxRet": 0.9333333373069763,
        "minRet": 0.8291666507720947
    },
    "MiniGrid-DoorKey-10x10-custom-diff0.15": {
        "meanRet": 0.8310000014305114,
        "maxRet": 0.9083333611488342,
        "minRet": 0.762499988079071
    },
    "MiniGrid-DoorKey-12x12-custom-diff0.15": {
        "meanRet": 0.7410000038146972,
        "maxRet": 0.8958333134651184,
        "minRet": 0.6083333492279053
    }
}