{
    "model": "test12x12_150k_3step_3gen_3curric/epoch_31_curric1_gen2",
    "MiniGrid-DoorKey-6x6-custom-diff0.15": {
        "meanRet": 0.9199074109395345,
        "maxRet": 0.9458333253860474,
        "minRet": 0.8999999761581421
    },
    "MiniGrid-DoorKey-8x8-custom-diff0.15": {
        "meanRet": 0.851762824333631,
        "maxRet": 0.9333333373069763,
        "minRet": 0.7958333492279053
    },
    "MiniGrid-DoorKey-10x10-custom-diff0.15": {
        "meanRet": 0.7336666631698608,
        "maxRet": 0.8958333134651184,
        "minRet": 0.574999988079071
    },
    "MiniGrid-DoorKey-12x12-custom-diff0.15": {
        "meanRet": 0.5436666679382324,
        "maxRet": 0.8708333373069763,
        "minRet": 0.2541666626930237
    }
}