{
    "model": "test12x12_75k_3step_3gen_3curric/epoch_13_curric0_gen1",
    "MiniGrid-DoorKey-6x6-custom-diff0.8315023600555896": {
        "meanRet": 0.9854189029761723,
        "maxRet": 0.9924812316894531,
        "minRet": 0.981203019618988
    },
    "MiniGrid-DoorKey-8x8-custom-diff0.8315023600555896": {
        "meanRet": 0.9763308262825012,
        "maxRet": 0.9864661693572998,
        "minRet": 0.9691729545593262
    },
    "MiniGrid-DoorKey-10x10-custom-diff0.8315023600555896": {
        "meanRet": 0.9672354001265305,
        "maxRet": 0.9864661693572998,
        "minRet": 0.9518796801567078
    },
    "MiniGrid-DoorKey-12x12-custom-diff0.8315023600555896": {
        "meanRet": 0.9461052632331848,
        "maxRet": 0.9729323387145996,
        "minRet": 0.9135338068008423
    }
}