{
    "model": "test12x12_75k_3step_3gen_3curric/epoch_44_curric1_gen3",
    "MiniGrid-DoorKey-6x6-custom-diff0.15": {
        "meanRet": 0.9229166645270127,
        "maxRet": 0.949999988079071,
        "minRet": 0.8958333134651184
    },
    "MiniGrid-DoorKey-8x8-custom-diff0.15": {
        "meanRet": 0.8828333258628845,
        "maxRet": 0.9291666746139526,
        "minRet": 0.8374999761581421
    },
    "MiniGrid-DoorKey-10x10-custom-diff0.15": {
        "meanRet": 0.8149999976158142,
        "maxRet": 0.9291666746139526,
        "minRet": 0.737500011920929
    },
    "MiniGrid-DoorKey-12x12-custom-diff0.15": {
        "meanRet": 0.6786666655540466,
        "maxRet": 0.8833333253860474,
        "minRet": 0.4333333373069763
    }
}