{
    "model": "test12x12_150k_3step_3gen_3curric/epoch_2_curric2_gen2",
    "MiniGrid-DoorKey-6x6-custom-diff1": {
        "meanRet": 0.9869230802242572,
        "maxRet": 0.9925000071525574,
        "minRet": 0.9831249713897705
    },
    "MiniGrid-DoorKey-8x8-custom-diff1": {
        "meanRet": 0.9792750024795532,
        "maxRet": 0.9868749976158142,
        "minRet": 0.9725000262260437
    },
    "MiniGrid-DoorKey-10x10-custom-diff1": {
        "meanRet": 0.9737249970436096,
        "maxRet": 0.9862499833106995,
        "minRet": 0.9624999761581421
    },
    "MiniGrid-DoorKey-12x12-custom-diff1": {
        "meanRet": 0.9496999931335449,
        "maxRet": 0.9768750071525574,
        "minRet": 0.9287499785423279
    }
}