{
    "model": "test12x12_100k_3step_4gen_3curric/epoch_24_curric1_gen2",
    "MiniGrid-DoorKey-6x6-custom-diff0.15": {
        "meanRet": 0.9266025699101962,
        "maxRet": 0.949999988079071,
        "minRet": 0.9041666388511658
    },
    "MiniGrid-DoorKey-8x8-custom-diff0.15": {
        "meanRet": 0.888301283121109,
        "maxRet": 0.9416666626930237,
        "minRet": 0.862500011920929
    },
    "MiniGrid-DoorKey-10x10-custom-diff0.15": {
        "meanRet": 0.8253333330154419,
        "maxRet": 0.9333333373069763,
        "minRet": 0.7458333373069763
    },
    "MiniGrid-DoorKey-12x12-custom-diff0.15": {
        "meanRet": 0.7435000014305114,
        "maxRet": 0.8791666626930237,
        "minRet": 0.6291666626930237
    }
}