{
    "model": "test12x12_100k_3step_3gen_3curric/epoch_9_curric1_gen2",
    "MiniGrid-DoorKey-6x6-custom-diff0.9220715046045371": {
        "meanRet": 0.9856217122077942,
        "maxRet": 0.9925395846366882,
        "minRet": 0.9803315997123718
    },
    "MiniGrid-DoorKey-8x8-custom-diff0.9220715046045371": {
        "meanRet": 0.9754212546348572,
        "maxRet": 0.9877920150756836,
        "minRet": 0.9565938115119934
    },
    "MiniGrid-DoorKey-10x10-custom-diff0.9220715046045371": {
        "meanRet": 0.9635659384727479,
        "maxRet": 0.9857573509216309,
        "minRet": 0.9369254112243652
    },
    "MiniGrid-DoorKey-12x12-custom-diff0.9220715046045371": {
        "meanRet": 0.9372780704498291,
        "maxRet": 0.9823662638664246,
        "minRet": 0.8745290040969849
    }
}