{
    "model": "test12x12_100k_3step_4gen_3curric/epoch_31_curric0_gen1",
    "MiniGrid-DoorKey-6x6-custom-diff0.15": {
        "meanRet": 0.9340000033378602,
        "maxRet": 0.9583333134651184,
        "minRet": 0.9208333492279053
    },
    "MiniGrid-DoorKey-8x8-custom-diff0.15": {
        "meanRet": 0.8959999990463257,
        "maxRet": 0.9458333253860474,
        "minRet": 0.8500000238418579
    },
    "MiniGrid-DoorKey-10x10-custom-diff0.15": {
        "meanRet": 0.826602564408229,
        "maxRet": 0.9333333373069763,
        "minRet": 0.7583333253860474
    },
    "MiniGrid-DoorKey-12x12-custom-diff0.15": {
        "meanRet": 0.7030448753100175,
        "maxRet": 0.8500000238418579,
        "minRet": 0.5958333611488342
    }
}