{
    "model": "test12x12_25k_3step_3gen_3curric/epoch_35_curric1_gen3",
    "MiniGrid-DoorKey-6x6-custom-diff0.5569142875744653": {
        "meanRet": 0.9793707847595214,
        "maxRet": 0.9865168333053589,
        "minRet": 0.9741572737693787
    },
    "MiniGrid-DoorKey-8x8-custom-diff0.5569142875744653": {
        "meanRet": 0.9658426928520203,
        "maxRet": 0.9808988571166992,
        "minRet": 0.9595505595207214
    },
    "MiniGrid-DoorKey-10x10-custom-diff0.5569142875744653": {
        "meanRet": 0.9510561847686767,
        "maxRet": 0.9853932857513428,
        "minRet": 0.932584285736084
    },
    "MiniGrid-DoorKey-12x12-custom-diff0.5569142875744653": {
        "meanRet": 0.9281797814369201,
        "maxRet": 0.9617977738380432,
        "minRet": 0.8921348452568054
    }
}