{
    "model": "SO_RHEA_2PARA_5GEN_14May\\epoch_2_curric1_gen1",
    "MiniGrid-DoorKey-5x5-custom-diff2": {
        "meanRet": 0.6721428573131562,
        "maxRet": 0.7107142806053162,
        "minRet": 0.6142857074737549
    },
    "MiniGrid-DoorKey-6x6-custom-diff2": {
        "meanRet": 0.5762499918540319,
        "maxRet": 0.7749999761581421,
        "minRet": 0.5049999952316284
    },
    "MiniGrid-DoorKey-8x8-custom-diff2": {
        "meanRet": 0.5435714304447175,
        "maxRet": 0.7171428799629211,
        "minRet": 0.3700000047683716
    },
    "MiniGrid-DoorKey-16x16-custom-diff2": {
        "meanRet": 0.006515957415103912,
        "maxRet": 0.2085106372833252,
        "minRet": 0.0
    }
}