{
    "model": "test12x12_100k_3step_4gen_3curric/epoch_27_curric2_gen2",
    "MiniGrid-DoorKey-6x6-custom-diff0.15": {
        "meanRet": 0.9250000071525574,
        "maxRet": 0.9541666507720947,
        "minRet": 0.9041666388511658
    },
    "MiniGrid-DoorKey-8x8-custom-diff0.15": {
        "meanRet": 0.8866666650772095,
        "maxRet": 0.9416666626930237,
        "minRet": 0.8583333492279053
    },
    "MiniGrid-DoorKey-10x10-custom-diff0.15": {
        "meanRet": 0.8334999990463257,
        "maxRet": 0.9375,
        "minRet": 0.7666666507720947
    },
    "MiniGrid-DoorKey-12x12-custom-diff0.15": {
        "meanRet": 0.7188333320617676,
        "maxRet": 0.8666666746139526,
        "minRet": 0.5791666507720947
    }
}