{
    "model": "test12x12_25k_3step_3gen_3curric/epoch_28_curric1_gen2",
    "MiniGrid-DoorKey-6x6-custom-diff0.7319142875744653": {
        "meanRet": 0.984418130837954,
        "maxRet": 0.9897435903549194,
        "minRet": 0.9811965823173523
    },
    "MiniGrid-DoorKey-8x8-custom-diff0.7319142875744653": {
        "meanRet": 0.973440945148468,
        "maxRet": 0.9846153855323792,
        "minRet": 0.9675213694572449
    },
    "MiniGrid-DoorKey-10x10-custom-diff0.7319142875744653": {
        "meanRet": 0.9646153712272644,
        "maxRet": 0.9897435903549194,
        "minRet": 0.9504273533821106
    },
    "MiniGrid-DoorKey-12x12-custom-diff0.7319142875744653": {
        "meanRet": 0.9427350330352783,
        "maxRet": 0.9752136468887329,
        "minRet": 0.9179487228393555
    }
}