{
    "model": "test12x12_75k_3step_3gen_3curric/epoch_2_curric0_gen2",
    "MiniGrid-DoorKey-6x6-custom-diff1": {
        "meanRet": 0.98787036869261,
        "maxRet": 0.9937499761581421,
        "minRet": 0.9831249713897705
    },
    "MiniGrid-DoorKey-8x8-custom-diff1": {
        "meanRet": 0.9691999983787537,
        "maxRet": 0.9887499809265137,
        "minRet": 0.9418749809265137
    },
    "MiniGrid-DoorKey-10x10-custom-diff1": {
        "meanRet": 0.9089750003814697,
        "maxRet": 0.9906250238418579,
        "minRet": 0.831250011920929
    },
    "MiniGrid-DoorKey-12x12-custom-diff1": {
        "meanRet": 0.7973500037193298,
        "maxRet": 0.965624988079071,
        "minRet": 0.6293749809265137
    }
}