{
    "model": "test12x12_100k_3step_4gen_3curric/epoch_34_curric1_gen2",
    "MiniGrid-DoorKey-6x6-custom-diff0.15": {
        "meanRet": 0.9248456822501289,
        "maxRet": 0.949999988079071,
        "minRet": 0.8999999761581421
    },
    "MiniGrid-DoorKey-8x8-custom-diff0.15": {
        "meanRet": 0.881833336353302,
        "maxRet": 0.9208333492279053,
        "minRet": 0.8500000238418579
    },
    "MiniGrid-DoorKey-10x10-custom-diff0.15": {
        "meanRet": 0.8243333315849304,
        "maxRet": 0.8999999761581421,
        "minRet": 0.762499988079071
    },
    "MiniGrid-DoorKey-12x12-custom-diff0.15": {
        "meanRet": 0.6874999952316284,
        "maxRet": 0.887499988079071,
        "minRet": 0.5583333373069763
    }
}