{
    "model": "DO_11_05_RHEA_PARA_ENV_1\\epoch_12_curric2_gen3",
    "MiniGrid-DoorKey-5x5-custom-diff2": {
        "meanRet": 0.701948041265661,
        "maxRet": 0.7428571581840515,
        "minRet": 0.6785714030265808
    },
    "MiniGrid-DoorKey-6x6-custom-diff2": {
        "meanRet": 0.7218181707642295,
        "maxRet": 0.8199999928474426,
        "minRet": 0.6850000023841858
    },
    "MiniGrid-DoorKey-8x8-custom-diff2": {
        "meanRet": 0.7335065007209778,
        "maxRet": 0.8199999928474426,
        "minRet": 0.691428542137146
    },
    "MiniGrid-DoorKey-16x16-custom-diff2": {
        "meanRet": 0.15016622468829155,
        "maxRet": 0.8308510780334473,
        "minRet": 0.0
    }
}