{
    "model": "test12x12_100k_3step_3gen_3curric/epoch_10_curric0_gen2",
    "MiniGrid-DoorKey-6x6-custom-diff0.8970715046045371": {
        "meanRet": 0.9836034178733826,
        "maxRet": 0.9902400970458984,
        "minRet": 0.9769945740699768
    },
    "MiniGrid-DoorKey-8x8-custom-diff0.8970715046045371": {
        "meanRet": 0.9757676291465759,
        "maxRet": 0.9860573410987854,
        "minRet": 0.9623547792434692
    },
    "MiniGrid-DoorKey-10x10-custom-diff0.8970715046045371": {
        "meanRet": 0.9648365569114685,
        "maxRet": 0.9867544770240784,
        "minRet": 0.9449264407157898
    },
    "MiniGrid-DoorKey-12x12-custom-diff0.8970715046045371": {
        "meanRet": 0.9276932597160339,
        "maxRet": 0.9846630692481995,
        "minRet": 0.8773044347763062
    }
}