{
    "model": "test12x12_25k_3step_3gen_3curric/epoch_20_curric1_gen2",
    "MiniGrid-DoorKey-6x6-custom-diff0.9319142875744653": {
        "meanRet": 0.9862818837165832,
        "maxRet": 0.9912751913070679,
        "minRet": 0.9818791747093201
    },
    "MiniGrid-DoorKey-8x8-custom-diff0.9319142875744653": {
        "meanRet": 0.9750067090988159,
        "maxRet": 0.9892617464065552,
        "minRet": 0.9657717943191528
    },
    "MiniGrid-DoorKey-10x10-custom-diff0.9319142875744653": {
        "meanRet": 0.9596241617202759,
        "maxRet": 0.9765100479125977,
        "minRet": 0.9476510286331177
    },
    "MiniGrid-DoorKey-12x12-custom-diff0.9319142875744653": {
        "meanRet": 0.9333959746360779,
        "maxRet": 0.9718120694160461,
        "minRet": 0.8899328708648682
    }
}