{
    "model": "new_25k_7step_4gen_3curric/epoch_5_curric1_gen4",
    "MiniGrid-DoorKey-6x6-custom-diff1": {
        "meanRet": 0.9866346189608941,
        "maxRet": 0.9925000071525574,
        "minRet": 0.9825000166893005
    },
    "MiniGrid-DoorKey-8x8-custom-diff1": {
        "meanRet": 0.9806490334180685,
        "maxRet": 0.9912499785423279,
        "minRet": 0.9712499976158142
    },
    "MiniGrid-DoorKey-10x10-custom-diff1": {
        "meanRet": 0.967099997997284,
        "maxRet": 0.9850000143051147,
        "minRet": 0.9518749713897705
    },
    "MiniGrid-DoorKey-12x12-custom-diff1": {
        "meanRet": 0.9439999985694886,
        "maxRet": 0.9743750095367432,
        "minRet": 0.9043750166893005
    }
}