{
    "model": "SO_RHEA_2PARA_5GEN_14May\\epoch_1_curric0_gen2",
    "MiniGrid-DoorKey-5x5-custom-diff0": {
        "meanRet": 0.7364800035953522,
        "maxRet": 0.8235999941825867,
        "minRet": 0.6579999923706055
    },
    "MiniGrid-DoorKey-6x6-custom-diff0": {
        "meanRet": 0.6714999973773956,
        "maxRet": 0.8025000095367432,
        "minRet": 0.5674999952316284
    },
    "MiniGrid-DoorKey-8x8-custom-diff0": {
        "meanRet": 0.11944128663250894,
        "maxRet": 0.8115624785423279,
        "minRet": 0.0
    },
    "MiniGrid-DoorKey-16x16-custom-diff0": {
        "meanRet": 0.033940430264919996,
        "maxRet": 0.585156261920929,
        "minRet": 0.0
    }
}