{
    "model": "test12x12_150k_3step_3gen_3curric/epoch_12_curric1_gen2",
    "MiniGrid-DoorKey-6x6-custom-diff0.8063807381558474": {
        "meanRet": 0.9863565874099731,
        "maxRet": 0.9906976819038391,
        "minRet": 0.9813953638076782
    },
    "MiniGrid-DoorKey-8x8-custom-diff0.8063807381558474": {
        "meanRet": 0.9777984499931336,
        "maxRet": 0.9837209582328796,
        "minRet": 0.9705426096916199
    },
    "MiniGrid-DoorKey-10x10-custom-diff0.8063807381558474": {
        "meanRet": 0.9656124067306519,
        "maxRet": 0.9821705222129822,
        "minRet": 0.9527131915092468
    },
    "MiniGrid-DoorKey-12x12-custom-diff0.8063807381558474": {
        "meanRet": 0.9456744217872619,
        "maxRet": 0.9705426096916199,
        "minRet": 0.9193798303604126
    }
}