{
    "model": "test12x12_100k_4step_3gen_3curric/epoch_6_curric2_gen3",
    "MiniGrid-DoorKey-6x6-custom-diff0.9720715046045372": {
        "meanRet": 0.639485354423523,
        "maxRet": 0.9581844210624695,
        "minRet": 0.2299499660730362
    },
    "MiniGrid-DoorKey-8x8-custom-diff0.9720715046045372": {
        "meanRet": 0.0672087191293637,
        "maxRet": 0.743316650390625,
        "minRet": 0.0
    },
    "MiniGrid-DoorKey-10x10-custom-diff0.9720715046045372": {
        "meanRet": 0.005849416057268779,
        "maxRet": 0.28077197074890137,
        "minRet": 0.0
    },
    "MiniGrid-DoorKey-12x12-custom-diff0.9720715046045372": {
        "meanRet": 0.0,
        "maxRet": 0.0,
        "minRet": 0.0
    }
}