{
    "model": "test12x12_75k_3step_3gen_3curric/epoch_15_curric1_gen2",
    "MiniGrid-DoorKey-6x6-custom-diff0.7815023600555896": {
        "meanRet": 0.9856000038293692,
        "maxRet": 0.9904000163078308,
        "minRet": 0.9824000000953674
    },
    "MiniGrid-DoorKey-8x8-custom-diff0.7815023600555896": {
        "meanRet": 0.9777279973030091,
        "maxRet": 0.9887999892234802,
        "minRet": 0.972000002861023
    },
    "MiniGrid-DoorKey-10x10-custom-diff0.7815023600555896": {
        "meanRet": 0.9658239960670472,
        "maxRet": 0.9879999756813049,
        "minRet": 0.9495999813079834
    },
    "MiniGrid-DoorKey-12x12-custom-diff0.7815023600555896": {
        "meanRet": 0.9450153846007127,
        "maxRet": 0.9775999784469604,
        "minRet": 0.9160000085830688
    }
}