{
    "model": "test12x12_100k_3step_4gen_3curric/epoch_32_curric1_gen4",
    "MiniGrid-DoorKey-6x6-custom-diff0.15": {
        "meanRet": 0.927160503687682,
        "maxRet": 0.949999988079071,
        "minRet": 0.9083333611488342
    },
    "MiniGrid-DoorKey-8x8-custom-diff0.15": {
        "meanRet": 0.8825320532688727,
        "maxRet": 0.925000011920929,
        "minRet": 0.8541666865348816
    },
    "MiniGrid-DoorKey-10x10-custom-diff0.15": {
        "meanRet": 0.8353333377838135,
        "maxRet": 0.9375,
        "minRet": 0.7833333611488342
    },
    "MiniGrid-DoorKey-12x12-custom-diff0.15": {
        "meanRet": 0.6851666688919067,
        "maxRet": 0.8500000238418579,
        "minRet": 0.5833333134651184
    }
}