{
    "model": "test12x12_75k_3step_3gen_3curric/epoch_23_curric0_gen3",
    "MiniGrid-DoorKey-6x6-custom-diff0.5815023600555896": {
        "meanRet": 0.9790107727050781,
        "maxRet": 0.9870967864990234,
        "minRet": 0.9720430374145508
    },
    "MiniGrid-DoorKey-8x8-custom-diff0.5815023600555896": {
        "meanRet": 0.9692903232574462,
        "maxRet": 0.9817204475402832,
        "minRet": 0.9612902998924255
    },
    "MiniGrid-DoorKey-10x10-custom-diff0.5815023600555896": {
        "meanRet": 0.9590537524223328,
        "maxRet": 0.9709677696228027,
        "minRet": 0.9440860152244568
    },
    "MiniGrid-DoorKey-12x12-custom-diff0.5815023600555896": {
        "meanRet": 0.9393070472611321,
        "maxRet": 0.9666666388511658,
        "minRet": 0.9225806593894958
    }
}