{
    "model": "test12x12_150k_3step_3gen_3curric/epoch_4_curric2_gen3",
    "MiniGrid-DoorKey-6x6-custom-diff1": {
        "meanRet": 0.9849999994039536,
        "maxRet": 0.9925000071525574,
        "minRet": 0.9800000190734863
    },
    "MiniGrid-DoorKey-8x8-custom-diff1": {
        "meanRet": 0.9815384630973523,
        "maxRet": 0.9881250262260437,
        "minRet": 0.9756249785423279
    },
    "MiniGrid-DoorKey-10x10-custom-diff1": {
        "meanRet": 0.9710750007629394,
        "maxRet": 0.9862499833106995,
        "minRet": 0.9593750238418579
    },
    "MiniGrid-DoorKey-12x12-custom-diff1": {
        "meanRet": 0.961424994468689,
        "maxRet": 0.9756249785423279,
        "minRet": 0.9487500190734863
    }
}