{
    "model": "test12x12_100k_4step_3gen_3curric/epoch_1_curric1_gen3",
    "MiniGrid-DoorKey-6x6-custom-diff1.0": {
        "meanRet": 0.07515625073574483,
        "maxRet": 0.8650000095367432,
        "minRet": 0.0
    },
    "MiniGrid-DoorKey-8x8-custom-diff1.0": {
        "meanRet": 0.0,
        "maxRet": 0.0,
        "minRet": 0.0
    },
    "MiniGrid-DoorKey-10x10-custom-diff1.0": {
        "meanRet": 0.03474062588065863,
        "maxRet": 0.819100022315979,
        "minRet": 0.0
    },
    "MiniGrid-DoorKey-12x12-custom-diff1.0": {
        "meanRet": 0.02333984337747097,
        "maxRet": 0.746874988079071,
        "minRet": 0.0
    }
}