{
    "model": "SO_RHEA_2PARA_5GEN_14May\\epoch_10_curric1_gen4",
    "MiniGrid-DoorKey-5x5-custom-diff1": {
        "meanRet": 0.8880487680435181,
        "maxRet": 0.9012194871902466,
        "minRet": 0.8682926893234253
    },
    "MiniGrid-DoorKey-6x6-custom-diff1": {
        "meanRet": 0.885474192244666,
        "maxRet": 0.924369752407074,
        "minRet": 0.8638655543327332
    },
    "MiniGrid-DoorKey-8x8-custom-diff1": {
        "meanRet": 0.9038345542821017,
        "maxRet": 0.9445497393608093,
        "minRet": 0.8805687427520752
    },
    "MiniGrid-DoorKey-16x16-custom-diff1": {
        "meanRet": 0.8632426023483276,
        "maxRet": 0.9510059356689453,
        "minRet": 0.8050887584686279
    }
}