{
    "model": "test12x12_50k_3step_3gen_3curric/epoch_13_curric0_gen2",
    "MiniGrid-DoorKey-6x6-custom-diff0.9260602224432589": {
        "meanRet": 0.9873068237304687,
        "maxRet": 0.9918980002403259,
        "minRet": 0.9837959408760071
    },
    "MiniGrid-DoorKey-8x8-custom-diff0.9260602224432589": {
        "meanRet": 0.9796639060974122,
        "maxRet": 0.9885221123695374,
        "minRet": 0.9723180532455444
    },
    "MiniGrid-DoorKey-10x10-custom-diff0.9260602224432589": {
        "meanRet": 0.9674880298284384,
        "maxRet": 0.9831207990646362,
        "minRet": 0.9527381658554077
    },
    "MiniGrid-DoorKey-12x12-custom-diff0.9260602224432589": {
        "meanRet": 0.9555738925933838,
        "maxRet": 0.9824455976486206,
        "minRet": 0.9277569651603699
    }
}