{
    "model": "test12x12_100k_3step_3gen_3curric/epoch_48_curric2_gen3",
    "MiniGrid-DoorKey-6x6-custom-diff0.15": {
        "meanRet": 0.9025000047683716,
        "maxRet": 0.9416666626930237,
        "minRet": 0.8500000238418579
    },
    "MiniGrid-DoorKey-8x8-custom-diff0.15": {
        "meanRet": 0.851166672706604,
        "maxRet": 0.9291666746139526,
        "minRet": 0.7916666865348816
    },
    "MiniGrid-DoorKey-10x10-custom-diff0.15": {
        "meanRet": 0.8196666598320007,
        "maxRet": 0.9333333373069763,
        "minRet": 0.7083333134651184
    },
    "MiniGrid-DoorKey-12x12-custom-diff0.15": {
        "meanRet": 0.7035256440822895,
        "maxRet": 0.824999988079071,
        "minRet": 0.4625000059604645
    }
}