{
    "model": "test12x12_75k_3step_3gen_3curric/epoch_22_curric0_gen1",
    "MiniGrid-DoorKey-6x6-custom-diff0.6065023600555897": {
        "meanRet": 0.9811546468734741,
        "maxRet": 0.9876288771629333,
        "minRet": 0.9752577543258667
    },
    "MiniGrid-DoorKey-8x8-custom-diff0.6065023600555897": {
        "meanRet": 0.9703092813491822,
        "maxRet": 0.983505129814148,
        "minRet": 0.9618556499481201
    },
    "MiniGrid-DoorKey-10x10-custom-diff0.6065023600555897": {
        "meanRet": 0.9533195877075196,
        "maxRet": 0.9886597990989685,
        "minRet": 0.9329897165298462
    },
    "MiniGrid-DoorKey-12x12-custom-diff0.6065023600555897": {
        "meanRet": 0.9118762969970703,
        "maxRet": 0.9670103192329407,
        "minRet": 0.8494845628738403
    }
}