{
    "model": "test12x12_100k_3step_3gen_3curric/epoch_12_curric0_gen2",
    "MiniGrid-DoorKey-6x6-custom-diff0.8470715046045372": {
        "meanRet": 0.9818375730514526,
        "maxRet": 0.9896636605262756,
        "minRet": 0.9712058901786804
    },
    "MiniGrid-DoorKey-8x8-custom-diff0.8470715046045372": {
        "meanRet": 0.9748974537849426,
        "maxRet": 0.9867104291915894,
        "minRet": 0.9638227820396423
    },
    "MiniGrid-DoorKey-10x10-custom-diff0.8470715046045372": {
        "meanRet": 0.9606923723220825,
        "maxRet": 0.9852337837219238,
        "minRet": 0.9409351944923401
    },
    "MiniGrid-DoorKey-12x12-custom-diff0.8470715046045372": {
        "meanRet": 0.930096800327301,
        "maxRet": 0.9660377502441406,
        "minRet": 0.8648892641067505
    }
}