{
    "model": "Di_Rhea1\\epoch_3_curric0_gen3",
    "MiniGrid-DoorKey-5x5-custom-diff2": {
        "meanRet": 0.6624999940395355,
        "maxRet": 0.7107142806053162,
        "minRet": 0.6142857074737549
    },
    "MiniGrid-DoorKey-6x6-custom-diff2": {
        "meanRet": 0.6962500035762786,
        "maxRet": 0.7524999976158142,
        "minRet": 0.6399999856948853
    },
    "MiniGrid-DoorKey-8x8-custom-diff2": {
        "meanRet": 0.7158571422100067,
        "maxRet": 0.7814285755157471,
        "minRet": 0.6399999856948853
    },
    "MiniGrid-DoorKey-16x16-custom-diff2": {
        "meanRet": 0.4692553222179413,
        "maxRet": 0.7095744609832764,
        "minRet": 0.2914893627166748
    }
}