{
    "model": "Mo_Rhea1\\epoch_1_curric0_gen2",
    "MiniGrid-DoorKey-5x5-custom-diff0": {
        "meanRet": 0.9578799843788147,
        "maxRet": 0.9639999866485596,
        "minRet": 0.9495999813079834
    },
    "MiniGrid-DoorKey-6x6-custom-diff0": {
        "meanRet": 0.9527083188295364,
        "maxRet": 0.9649999737739563,
        "minRet": 0.9424999952316284
    },
    "MiniGrid-DoorKey-8x8-custom-diff0": {
        "meanRet": 0.9063437461853028,
        "maxRet": 0.9507812261581421,
        "minRet": 0.8818749785423279
    },
    "MiniGrid-DoorKey-16x16-custom-diff0": {
        "meanRet": 0.5572773456573487,
        "maxRet": 0.8709765672683716,
        "minRet": 0.22128906846046448
    }
}