{
    "model": "test12x12_100k_3step_3gen_3curric/epoch_26_curric2_gen3",
    "MiniGrid-DoorKey-6x6-custom-diff0.15": {
        "meanRet": 0.9132716037608959,
        "maxRet": 0.9458333253860474,
        "minRet": 0.887499988079071
    },
    "MiniGrid-DoorKey-8x8-custom-diff0.15": {
        "meanRet": 0.8668209866241172,
        "maxRet": 0.9166666865348816,
        "minRet": 0.8166666626930237
    },
    "MiniGrid-DoorKey-10x10-custom-diff0.15": {
        "meanRet": 0.8298333263397217,
        "maxRet": 0.9041666388511658,
        "minRet": 0.737500011920929
    },
    "MiniGrid-DoorKey-12x12-custom-diff0.15": {
        "meanRet": 0.6624999988079071,
        "maxRet": 0.8333333134651184,
        "minRet": 0.4166666567325592
    }
}