{
    "model": "Rhea_mi1\\epoch_4_curric1_gen1",
    "MiniGrid-DoorKey-5x5-custom": {
        "meanRet": 0.9067272977395491,
        "maxRet": 0.9190000295639038,
        "minRet": 0.9010000228881836
    },
    "MiniGrid-DoorKey-6x6-custom": {
        "meanRet": 0.886240017414093,
        "maxRet": 0.9136000275611877,
        "minRet": 0.8704000115394592
    },
    "MiniGrid-DoorKey-8x8-custom": {
        "meanRet": 0.8978500008583069,
        "maxRet": 0.9279999732971191,
        "minRet": 0.8604999780654907
    },
    "MiniGrid-DoorKey-16x16-custom": {
        "meanRet": 0.5529999941587448,
        "maxRet": 0.7210000157356262,
        "minRet": 0.33399999141693115
    }
}