{
    "model": "test12x12_100k_3step_3gen_3curric/epoch_29_curric0_gen2",
    "MiniGrid-DoorKey-6x6-custom-diff0.15": {
        "meanRet": 0.9156666684150696,
        "maxRet": 0.9375,
        "minRet": 0.8916666507720947
    },
    "MiniGrid-DoorKey-8x8-custom-diff0.15": {
        "meanRet": 0.852999997138977,
        "maxRet": 0.9208333492279053,
        "minRet": 0.8041666746139526
    },
    "MiniGrid-DoorKey-10x10-custom-diff0.15": {
        "meanRet": 0.8151666688919067,
        "maxRet": 0.9125000238418579,
        "minRet": 0.7041666507720947
    },
    "MiniGrid-DoorKey-12x12-custom-diff0.15": {
        "meanRet": 0.6623333358764648,
        "maxRet": 0.8708333373069763,
        "minRet": 0.3333333432674408
    }
}