{
    "model": "test12x12_25k_3step_3gen_3curric/epoch_32_curric2_gen2",
    "MiniGrid-DoorKey-6x6-custom-diff0.6319142875744653": {
        "meanRet": 0.9832475280761719,
        "maxRet": 0.9900990128517151,
        "minRet": 0.9782178401947021
    },
    "MiniGrid-DoorKey-8x8-custom-diff0.6319142875744653": {
        "meanRet": 0.9727920746803284,
        "maxRet": 0.9851484894752502,
        "minRet": 0.9653465151786804
    },
    "MiniGrid-DoorKey-10x10-custom-diff0.6319142875744653": {
        "meanRet": 0.9602772283554077,
        "maxRet": 0.986138641834259,
        "minRet": 0.9445544481277466
    },
    "MiniGrid-DoorKey-12x12-custom-diff0.6319142875744653": {
        "meanRet": 0.9386930704116822,
        "maxRet": 0.9732673168182373,
        "minRet": 0.905940592288971
    }
}