{
    "model": "test12x12_100k_3step_4gen_3curric/epoch_30_curric0_gen2",
    "MiniGrid-DoorKey-6x6-custom-diff0.15": {
        "meanRet": 0.924691359202067,
        "maxRet": 0.9583333134651184,
        "minRet": 0.9041666388511658
    },
    "MiniGrid-DoorKey-8x8-custom-diff0.15": {
        "meanRet": 0.8808333373069763,
        "maxRet": 0.9166666865348816,
        "minRet": 0.8374999761581421
    },
    "MiniGrid-DoorKey-10x10-custom-diff0.15": {
        "meanRet": 0.7912356339651963,
        "maxRet": 0.9333333373069763,
        "minRet": 0.6708333492279053
    },
    "MiniGrid-DoorKey-12x12-custom-diff0.15": {
        "meanRet": 0.6445000004768372,
        "maxRet": 0.8416666388511658,
        "minRet": 0.49166667461395264
    }
}