{
    "model": "test12x12_50k_3step_3gen_3curric/epoch_1_curric0_gen2",
    "MiniGrid-DoorKey-6x6-custom-diff1.0": {
        "meanRet": 0.08473958323399226,
        "maxRet": 0.9325000047683716,
        "minRet": 0.0
    },
    "MiniGrid-DoorKey-8x8-custom-diff1.0": {
        "meanRet": 0.014332682515184084,
        "maxRet": 0.3517187535762787,
        "minRet": 0.0
    },
    "MiniGrid-DoorKey-10x10-custom-diff1.0": {
        "meanRet": 0.009395833437641462,
        "maxRet": 0.45100000500679016,
        "minRet": 0.0
    },
    "MiniGrid-DoorKey-12x12-custom-diff1.0": {
        "meanRet": 0.005026041530072689,
        "maxRet": 0.24124999344348907,
        "minRet": 0.0
    }
}