{
    "model": "test12x12_100k_3step_4gen_3curric/epoch_14_curric2_gen2",
    "MiniGrid-DoorKey-6x6-custom-diff0.79467792277423": {
        "meanRet": 0.9843531560014795,
        "maxRet": 0.990559458732605,
        "minRet": 0.9803321957588196
    },
    "MiniGrid-DoorKey-8x8-custom-diff0.79467792277423": {
        "meanRet": 0.9784561579044049,
        "maxRet": 0.9881992936134338,
        "minRet": 0.9708915948867798
    },
    "MiniGrid-DoorKey-10x10-custom-diff0.79467792277423": {
        "meanRet": 0.9675244808197021,
        "maxRet": 0.9787587523460388,
        "minRet": 0.9567307829856873
    },
    "MiniGrid-DoorKey-12x12-custom-diff0.79467792277423": {
        "meanRet": 0.9396433544158935,
        "maxRet": 0.9716783165931702,
        "minRet": 0.9111014008522034
    }
}