{
    "model": "test12x12_100k_3step_3gen_3curric/epoch_3_curric2_gen2",
    "MiniGrid-DoorKey-6x6-custom-diff1": {
        "meanRet": 0.9867000031471252,
        "maxRet": 0.9931250214576721,
        "minRet": 0.9800000190734863
    },
    "MiniGrid-DoorKey-8x8-custom-diff1": {
        "meanRet": 0.9685250020027161,
        "maxRet": 0.9850000143051147,
        "minRet": 0.9481250047683716
    },
    "MiniGrid-DoorKey-10x10-custom-diff1": {
        "meanRet": 0.9488499999046326,
        "maxRet": 0.9862499833106995,
        "minRet": 0.9081249833106995
    },
    "MiniGrid-DoorKey-12x12-custom-diff1": {
        "meanRet": 0.9043499970436096,
        "maxRet": 0.9606249928474426,
        "minRet": 0.8512499928474426
    }
}