{
    "model": "test12x12_100k_3step_4gen_3curric/epoch_7_curric0_gen2",
    "MiniGrid-DoorKey-6x6-custom-diff0.96967792277423": {
        "meanRet": 0.987725922694573,
        "maxRet": 0.9922636151313782,
        "minRet": 0.9845272302627563
    },
    "MiniGrid-DoorKey-8x8-custom-diff0.96967792277423": {
        "meanRet": 0.9795501494407653,
        "maxRet": 0.9877507090568542,
        "minRet": 0.9722779393196106
    },
    "MiniGrid-DoorKey-10x10-custom-diff0.96967792277423": {
        "meanRet": 0.9663764605155358,
        "maxRet": 0.9877507090568542,
        "minRet": 0.9529369473457336
    },
    "MiniGrid-DoorKey-12x12-custom-diff0.96967792277423": {
        "meanRet": 0.9410229134559631,
        "maxRet": 0.9709885120391846,
        "minRet": 0.9078080058097839
    }
}