{
    "model": "test12x12_50k_3step_3gen_3curric/epoch_13_curric2_gen2",
    "MiniGrid-DoorKey-6x6-custom-diff0.9260602224432589": {
        "meanRet": 0.9850922751426697,
        "maxRet": 0.9898724555969238,
        "minRet": 0.9817704558372498
    },
    "MiniGrid-DoorKey-8x8-custom-diff0.9260602224432589": {
        "meanRet": 0.9802850747108459,
        "maxRet": 0.989197313785553,
        "minRet": 0.9729932546615601
    },
    "MiniGrid-DoorKey-10x10-custom-diff0.9260602224432589": {
        "meanRet": 0.968942234149346,
        "maxRet": 0.9817704558372498,
        "minRet": 0.957464337348938
    },
    "MiniGrid-DoorKey-12x12-custom-diff0.9260602224432589": {
        "meanRet": 0.9479849934577942,
        "maxRet": 0.9750187397003174,
        "minRet": 0.9210052490234375
    }
}