{
    "model": "test12x12_100k_4step_3gen_3curric/epoch_2_curric0_gen3",
    "MiniGrid-DoorKey-6x6-custom-diff1": {
        "meanRet": 0.9852249956130982,
        "maxRet": 0.9931250214576721,
        "minRet": 0.9793750047683716
    },
    "MiniGrid-DoorKey-8x8-custom-diff1": {
        "meanRet": 0.9769499969482421,
        "maxRet": 0.9912499785423279,
        "minRet": 0.965624988079071
    },
    "MiniGrid-DoorKey-10x10-custom-diff1": {
        "meanRet": 0.9687999987602234,
        "maxRet": 0.9850000143051147,
        "minRet": 0.9549999833106995
    },
    "MiniGrid-DoorKey-12x12-custom-diff1": {
        "meanRet": 0.9454999947547913,
        "maxRet": 0.9762499928474426,
        "minRet": 0.9206249713897705
    }
}