{
    "model": "test12x12_25k_3step_3gen_3curric/epoch_35_curric2_gen3",
    "MiniGrid-DoorKey-6x6-custom-diff0.5569142875744653": {
        "meanRet": 0.9800898861885071,
        "maxRet": 0.9865168333053589,
        "minRet": 0.9741572737693787
    },
    "MiniGrid-DoorKey-8x8-custom-diff0.5569142875744653": {
        "meanRet": 0.9681503864435049,
        "maxRet": 0.9842696785926819,
        "minRet": 0.9595505595207214
    },
    "MiniGrid-DoorKey-10x10-custom-diff0.5569142875744653": {
        "meanRet": 0.9534140022901388,
        "maxRet": 0.9865168333053589,
        "minRet": 0.932584285736084
    },
    "MiniGrid-DoorKey-12x12-custom-diff0.5569142875744653": {
        "meanRet": 0.928404495716095,
        "maxRet": 0.966292142868042,
        "minRet": 0.898876428604126
    }
}