{
    "model": "Rhea_Fr2\\epoch_2_curric3_gen1",
    "MiniGrid-DoorKey-5x5-custom-diff1": {
        "meanRet": 0.8710365891456604,
        "maxRet": 0.9012194871902466,
        "minRet": 0.8463414907455444
    },
    "MiniGrid-DoorKey-6x6-custom-diff1": {
        "meanRet": 0.8726890683174133,
        "maxRet": 0.916806697845459,
        "minRet": 0.8563024997711182
    },
    "MiniGrid-DoorKey-8x8-custom-diff1": {
        "meanRet": 0.8792891085147858,
        "maxRet": 0.9018957614898682,
        "minRet": 0.8549762964248657
    },
    "MiniGrid-DoorKey-16x16-custom-diff1": {
        "meanRet": 0.839597636461258,
        "maxRet": 0.93183434009552,
        "minRet": 0.7955029606819153
    }
}