{
    "model": "test12x12_100k_3step_3gen_3curric/epoch_42_curric0_gen1",
    "MiniGrid-DoorKey-6x6-custom-diff0.15": {
        "meanRet": 0.9053571437086377,
        "maxRet": 0.9458333253860474,
        "minRet": 0.8708333373069763
    },
    "MiniGrid-DoorKey-8x8-custom-diff0.15": {
        "meanRet": 0.8529999995231629,
        "maxRet": 0.8999999761581421,
        "minRet": 0.7875000238418579
    },
    "MiniGrid-DoorKey-10x10-custom-diff0.15": {
        "meanRet": 0.7908333325386048,
        "maxRet": 0.9458333253860474,
        "minRet": 0.6499999761581421
    },
    "MiniGrid-DoorKey-12x12-custom-diff0.15": {
        "meanRet": 0.36863425705167985,
        "maxRet": 0.8333333134651184,
        "minRet": 0.0
    }
}