{
    "model": "test12x12_25k_3step_3gen_3curric/epoch_17_curric2_gen1",
    "MiniGrid-DoorKey-6x6-custom-diff1": {
        "meanRet": 0.9852749991416931,
        "maxRet": 0.9925000071525574,
        "minRet": 0.9787499904632568
    },
    "MiniGrid-DoorKey-8x8-custom-diff1": {
        "meanRet": 0.978774995803833,
        "maxRet": 0.9900000095367432,
        "minRet": 0.9712499976158142
    },
    "MiniGrid-DoorKey-10x10-custom-diff1": {
        "meanRet": 0.9639000010490417,
        "maxRet": 0.9887499809265137,
        "minRet": 0.940625011920929
    },
    "MiniGrid-DoorKey-12x12-custom-diff1": {
        "meanRet": 0.9360000014305114,
        "maxRet": 0.965624988079071,
        "minRet": 0.9049999713897705
    }
}