{
    "model": "SO_RHEA_2PARA_5GEN_14May\\epoch_8_curric0_gen5",
    "MiniGrid-DoorKey-5x5-custom-diff1": {
        "meanRet": 0.8761324031012399,
        "maxRet": 0.9012194871902466,
        "minRet": 0.8573170900344849
    },
    "MiniGrid-DoorKey-6x6-custom-diff1": {
        "meanRet": 0.8812604963779449,
        "maxRet": 0.9092437028884888,
        "minRet": 0.8638655543327332
    },
    "MiniGrid-DoorKey-8x8-custom-diff1": {
        "meanRet": 0.886772936040705,
        "maxRet": 0.9232227206230164,
        "minRet": 0.8677725195884705
    },
    "MiniGrid-DoorKey-16x16-custom-diff1": {
        "meanRet": 0.8456686317920685,
        "maxRet": 0.9030769467353821,
        "minRet": 0.7720710039138794
    }
}