{
    "model": "test12x12_50k_3step_3gen_3curric/epoch_48_curric0_gen3",
    "MiniGrid-DoorKey-6x6-custom-diff0.15": {
        "meanRet": 0.9248563215650362,
        "maxRet": 0.9541666507720947,
        "minRet": 0.8999999761581421
    },
    "MiniGrid-DoorKey-8x8-custom-diff0.15": {
        "meanRet": 0.8811728446571915,
        "maxRet": 0.9416666626930237,
        "minRet": 0.8541666865348816
    },
    "MiniGrid-DoorKey-10x10-custom-diff0.15": {
        "meanRet": 0.8213333344459534,
        "maxRet": 0.9083333611488342,
        "minRet": 0.7583333253860474
    },
    "MiniGrid-DoorKey-12x12-custom-diff0.15": {
        "meanRet": 0.728044874393023,
        "maxRet": 0.8791666626930237,
        "minRet": 0.612500011920929
    }
}