{
    "model": "test12x12_100k_3step_4gen_3curric/epoch_26_curric0_gen3",
    "MiniGrid-DoorKey-6x6-custom-diff0.15": {
        "meanRet": 0.9258333444595337,
        "maxRet": 0.949999988079071,
        "minRet": 0.9083333611488342
    },
    "MiniGrid-DoorKey-8x8-custom-diff0.15": {
        "meanRet": 0.8796666741371155,
        "maxRet": 0.9375,
        "minRet": 0.8458333611488342
    },
    "MiniGrid-DoorKey-10x10-custom-diff0.15": {
        "meanRet": 0.803333330154419,
        "maxRet": 0.9083333611488342,
        "minRet": 0.7333333492279053
    },
    "MiniGrid-DoorKey-12x12-custom-diff0.15": {
        "meanRet": 0.6915064098743292,
        "maxRet": 0.862500011920929,
        "minRet": 0.4208333194255829
    }
}