{
    "model": "test12x12_100k_4step_3gen_3curric/epoch_6_curric0_gen1",
    "MiniGrid-DoorKey-6x6-custom-diff0.9720715046045372": {
        "meanRet": 0.9885747027397156,
        "maxRet": 0.9916368722915649,
        "minRet": 0.9858470559120178
    },
    "MiniGrid-DoorKey-8x8-custom-diff0.9720715046045372": {
        "meanRet": 0.9812485112084283,
        "maxRet": 0.9903502464294434,
        "minRet": 0.9729806780815125
    },
    "MiniGrid-DoorKey-10x10-custom-diff0.9720715046045372": {
        "meanRet": 0.9707538393827585,
        "maxRet": 0.985203742980957,
        "minRet": 0.9601143598556519
    },
    "MiniGrid-DoorKey-12x12-custom-diff0.9720715046045372": {
        "meanRet": 0.9553280878067016,
        "maxRet": 0.9794138669967651,
        "minRet": 0.9292351603507996
    }
}