{
    "model": "test12x12_25k_3step_3gen_3curric/epoch_37_curric2_gen2",
    "MiniGrid-DoorKey-6x6-custom-diff0.5069142875744653": {
        "meanRet": 0.9770370411872864,
        "maxRet": 0.9851852059364319,
        "minRet": 0.970370352268219
    },
    "MiniGrid-DoorKey-8x8-custom-diff0.5069142875744653": {
        "meanRet": 0.9616334277849931,
        "maxRet": 0.9814814925193787,
        "minRet": 0.9530864357948303
    },
    "MiniGrid-DoorKey-10x10-custom-diff0.5069142875744653": {
        "meanRet": 0.9504748353591332,
        "maxRet": 0.9691358208656311,
        "minRet": 0.9333333373069763
    },
    "MiniGrid-DoorKey-12x12-custom-diff0.5069142875744653": {
        "meanRet": 0.9252345728874206,
        "maxRet": 0.9567901492118835,
        "minRet": 0.8901234865188599
    }
}