{
    "model": "test12x12_75k_3step_3gen_3curric/epoch_3_curric1_gen3",
    "MiniGrid-DoorKey-6x6-custom-diff1": {
        "meanRet": 0.9891249990463257,
        "maxRet": 0.9937499761581421,
        "minRet": 0.9862499833106995
    },
    "MiniGrid-DoorKey-8x8-custom-diff1": {
        "meanRet": 0.9800749969482422,
        "maxRet": 0.9912499785423279,
        "minRet": 0.9731249809265137
    },
    "MiniGrid-DoorKey-10x10-custom-diff1": {
        "meanRet": 0.9646249961853027,
        "maxRet": 0.9831249713897705,
        "minRet": 0.9468749761581421
    },
    "MiniGrid-DoorKey-12x12-custom-diff1": {
        "meanRet": 0.9283999967575073,
        "maxRet": 0.981249988079071,
        "minRet": 0.8662499785423279
    }
}