{
    "model": "Rhea_Fr2\\epoch_3_curric3_gen1",
    "MiniGrid-DoorKey-5x5-custom-diff2": {
        "meanRet": 0.6581168662418019,
        "maxRet": 0.7107142806053162,
        "minRet": 0.5821428298950195
    },
    "MiniGrid-DoorKey-6x6-custom-diff2": {
        "meanRet": 0.7054545500061729,
        "maxRet": 0.8199999928474426,
        "minRet": 0.6625000238418579
    },
    "MiniGrid-DoorKey-8x8-custom-diff2": {
        "meanRet": 0.661038951440291,
        "maxRet": 0.8199999928474426,
        "minRet": 0.5885714292526245
    },
    "MiniGrid-DoorKey-16x16-custom-diff2": {
        "meanRet": 0.06645611650310457,
        "maxRet": 0.5468084812164307,
        "minRet": 0.0
    }
}