{
    "model": "test12x12_50k_3step_3gen_3curric/epoch_40_curric0_gen2",
    "MiniGrid-DoorKey-6x6-custom-diff0.17174750000000005": {
        "meanRet": 0.933011531829834,
        "maxRet": 0.9562752842903137,
        "minRet": 0.9198380708694458
    },
    "MiniGrid-DoorKey-8x8-custom-diff0.17174750000000005": {
        "meanRet": 0.8929005243948528,
        "maxRet": 0.9453441500663757,
        "minRet": 0.8651821613311768
    },
    "MiniGrid-DoorKey-10x10-custom-diff0.17174750000000005": {
        "meanRet": 0.8640161943435669,
        "maxRet": 0.9526315927505493,
        "minRet": 0.7668015956878662
    },
    "MiniGrid-DoorKey-12x12-custom-diff0.17174750000000005": {
        "meanRet": 0.7488744950294495,
        "maxRet": 0.9016194343566895,
        "minRet": 0.6246963739395142
    }
}