{
    "model": "test12x12_150k_3step_3gen_3curric/epoch_29_curric0_gen1",
    "MiniGrid-DoorKey-6x6-custom-diff0.15": {
        "meanRet": 0.9275641120397128,
        "maxRet": 0.949999988079071,
        "minRet": 0.9083333611488342
    },
    "MiniGrid-DoorKey-8x8-custom-diff0.15": {
        "meanRet": 0.8831666660308838,
        "maxRet": 0.9375,
        "minRet": 0.8416666388511658
    },
    "MiniGrid-DoorKey-10x10-custom-diff0.15": {
        "meanRet": 0.8330000042915344,
        "maxRet": 0.949999988079071,
        "minRet": 0.7583333253860474
    },
    "MiniGrid-DoorKey-12x12-custom-diff0.15": {
        "meanRet": 0.5953333365917206,
        "maxRet": 0.8708333373069763,
        "minRet": 0.4416666626930237
    }
}