{
    "model": "MI_RHEA_PARA_ENV_2_first\\epoch_4_curric1_gen3",
    "MiniGrid-DoorKey-5x5-custom-diff1": {
        "meanRet": 0.8783536553382874,
        "maxRet": 0.9012194871902466,
        "minRet": 0.8573170900344849
    },
    "MiniGrid-DoorKey-6x6-custom-diff1": {
        "meanRet": 0.8933613359928131,
        "maxRet": 0.916806697845459,
        "minRet": 0.8714285492897034
    },
    "MiniGrid-DoorKey-8x8-custom-diff1": {
        "meanRet": 0.8906505866484209,
        "maxRet": 0.9274881482124329,
        "minRet": 0.850710928440094
    },
    "MiniGrid-DoorKey-16x16-custom-diff1": {
        "meanRet": 0.8395976305007935,
        "maxRet": 0.9073372483253479,
        "minRet": 0.7784615159034729
    }
}