{
    "model": "Rhea_SaRun2\\epoch_1_curric0_gen3",
    "MiniGrid-DoorKey-5x5-custom-diff0": {
        "meanRet": 0.9028000072999434,
        "maxRet": 0.9423999786376953,
        "minRet": 0.8740000128746033
    },
    "MiniGrid-DoorKey-6x6-custom-diff0": {
        "meanRet": 0.8947500050067901,
        "maxRet": 0.9350000023841858,
        "minRet": 0.8575000166893005
    },
    "MiniGrid-DoorKey-8x8-custom-diff0": {
        "meanRet": 0.82871875166893,
        "maxRet": 0.9184374809265137,
        "minRet": 0.7637500166893005
    },
    "MiniGrid-DoorKey-16x16-custom-diff0": {
        "meanRet": 0.7757031202316285,
        "maxRet": 0.8853906393051147,
        "minRet": 0.5830468535423279
    }
}