{
    "model": "test12x12_50k_3step_3gen_3curric/epoch_40_curric1_gen2",
    "MiniGrid-DoorKey-6x6-custom-diff0.17174750000000005": {
        "meanRet": 0.9337381963376645,
        "maxRet": 0.9562752842903137,
        "minRet": 0.9125506281852722
    },
    "MiniGrid-DoorKey-8x8-custom-diff0.17174750000000005": {
        "meanRet": 0.8946234798431396,
        "maxRet": 0.9417003989219666,
        "minRet": 0.8615384697914124
    },
    "MiniGrid-DoorKey-10x10-custom-diff0.17174750000000005": {
        "meanRet": 0.8465263199806213,
        "maxRet": 0.9307692050933838,
        "minRet": 0.7813765406608582
    },
    "MiniGrid-DoorKey-12x12-custom-diff0.17174750000000005": {
        "meanRet": 0.7398380517959595,
        "maxRet": 0.8761133551597595,
        "minRet": 0.5408906936645508
    }
}