{
    "model": "test12x12_150k_3step_3gen_3curric/epoch_17_curric2_gen2",
    "MiniGrid-DoorKey-6x6-custom-diff0.6813807381558474": {
        "meanRet": 0.9828256821632385,
        "maxRet": 0.988990843296051,
        "minRet": 0.9770641922950745
    },
    "MiniGrid-DoorKey-8x8-custom-diff0.6813807381558474": {
        "meanRet": 0.9724403715133667,
        "maxRet": 0.9862385392189026,
        "minRet": 0.9614678621292114
    },
    "MiniGrid-DoorKey-10x10-custom-diff0.6813807381558474": {
        "meanRet": 0.9619816541671753,
        "maxRet": 0.9834862351417542,
        "minRet": 0.9522935748100281
    },
    "MiniGrid-DoorKey-12x12-custom-diff0.6813807381558474": {
        "meanRet": 0.9270995052961203,
        "maxRet": 0.9697247743606567,
        "minRet": 0.8981651663780212
    }
}