{
    "model": "test12x12_150k_3step_3gen_3curric/epoch_16_curric1_gen1",
    "MiniGrid-DoorKey-6x6-custom-diff0.7063807381558473": {
        "meanRet": 0.982548668384552,
        "maxRet": 0.991150438785553,
        "minRet": 0.9752212166786194
    },
    "MiniGrid-DoorKey-8x8-custom-diff0.7063807381558473": {
        "meanRet": 0.9735194009083968,
        "maxRet": 0.9867256879806519,
        "minRet": 0.9646017551422119
    },
    "MiniGrid-DoorKey-10x10-custom-diff0.7063807381558473": {
        "meanRet": 0.9634336304664611,
        "maxRet": 0.9840707778930664,
        "minRet": 0.9495575428009033
    },
    "MiniGrid-DoorKey-12x12-custom-diff0.7063807381558473": {
        "meanRet": 0.9517168164253235,
        "maxRet": 0.9690265655517578,
        "minRet": 0.9283185601234436
    }
}