{
    "model": "test12x12_50k_3step_3gen_3curric/epoch_31_curric0_gen1",
    "MiniGrid-DoorKey-6x6-custom-diff0.47606022244325885": {
        "meanRet": 0.9765080308914185,
        "maxRet": 0.9868612885475159,
        "minRet": 0.9671533107757568
    },
    "MiniGrid-DoorKey-8x8-custom-diff0.47606022244325885": {
        "meanRet": 0.9642102146148681,
        "maxRet": 0.9802919626235962,
        "minRet": 0.9566423296928406
    },
    "MiniGrid-DoorKey-10x10-custom-diff0.47606022244325885": {
        "meanRet": 0.9470248150825501,
        "maxRet": 0.9829196929931641,
        "minRet": 0.9264233708381653
    },
    "MiniGrid-DoorKey-12x12-custom-diff0.47606022244325885": {
        "meanRet": 0.9174890494346619,
        "maxRet": 0.9632116556167603,
        "minRet": 0.8843795657157898
    }
}