{
    "model": "test12x12_75k_3step_3gen_3curric/epoch_7_curric1_gen2",
    "MiniGrid-DoorKey-6x6-custom-diff1": {
        "meanRet": 0.9884953763749864,
        "maxRet": 0.9925000071525574,
        "minRet": 0.9850000143051147
    },
    "MiniGrid-DoorKey-8x8-custom-diff1": {
        "meanRet": 0.9820499992370606,
        "maxRet": 0.9906250238418579,
        "minRet": 0.9781249761581421
    },
    "MiniGrid-DoorKey-10x10-custom-diff1": {
        "meanRet": 0.9693750074276557,
        "maxRet": 0.9925000071525574,
        "minRet": 0.953125
    },
    "MiniGrid-DoorKey-12x12-custom-diff1": {
        "meanRet": 0.9466249990463257,
        "maxRet": 0.9825000166893005,
        "minRet": 0.9137499928474426
    }
}