{
    "model": "MI_RHEA_PARA_ENV_2_first\\epoch_1_curric1_gen2",
    "MiniGrid-DoorKey-5x5-custom-diff0": {
        "meanRet": 0.8560000002384186,
        "maxRet": 0.920799970626831,
        "minRet": 0.7839999794960022
    },
    "MiniGrid-DoorKey-6x6-custom-diff0": {
        "meanRet": 0.858181817965074,
        "maxRet": 0.9424999952316284,
        "minRet": 0.75
    },
    "MiniGrid-DoorKey-8x8-custom-diff0": {
        "meanRet": 0.7795000016689301,
        "maxRet": 0.9381250143051147,
        "minRet": 0.6090624928474426
    },
    "MiniGrid-DoorKey-16x16-custom-diff0": {
        "meanRet": 0.07572631817311049,
        "maxRet": 0.8917187452316284,
        "minRet": 0.0
    }
}