{
    "model": "test12x12_25k_3step_3gen_3curric/epoch_41_curric0_gen2",
    "MiniGrid-DoorKey-6x6-custom-diff0.40691428757446535": {
        "meanRet": 0.9613675210211012,
        "maxRet": 0.9769230484962463,
        "minRet": 0.9461538195610046
    },
    "MiniGrid-DoorKey-8x8-custom-diff0.40691428757446535": {
        "meanRet": 0.9454131016024837,
        "maxRet": 0.9769230484962463,
        "minRet": 0.9307692050933838
    },
    "MiniGrid-DoorKey-10x10-custom-diff0.40691428757446535": {
        "meanRet": 0.9167455549423511,
        "maxRet": 0.9661538600921631,
        "minRet": 0.870769202709198
    },
    "MiniGrid-DoorKey-12x12-custom-diff0.40691428757446535": {
        "meanRet": 0.8639999961853028,
        "maxRet": 0.944615364074707,
        "minRet": 0.8030769228935242
    }
}