{
    "model": "new_25k_7step_4gen_3curric/epoch_6_curric1_gen3",
    "MiniGrid-DoorKey-6x6-custom-diff1": {
        "meanRet": 0.923525002002716,
        "maxRet": 0.9831249713897705,
        "minRet": 0.8293750286102295
    },
    "MiniGrid-DoorKey-8x8-custom-diff1": {
        "meanRet": 0.736800000667572,
        "maxRet": 0.9318749904632568,
        "minRet": 0.5024999976158142
    },
    "MiniGrid-DoorKey-10x10-custom-diff1": {
        "meanRet": 0.1460906869056178,
        "maxRet": 0.9012500047683716,
        "minRet": 0.0
    },
    "MiniGrid-DoorKey-12x12-custom-diff1": {
        "meanRet": 0.06792968682323892,
        "maxRet": 0.7756249904632568,
        "minRet": 0.0
    }
}