{
    "model": "new_25k_7step_4gen_3curric/epoch_6_curric1_gen3",
    "MiniGrid-DoorKey-6x6-custom-diff1": {
        "meanRet": 0.7923249959945678,
        "maxRet": 0.9712499976158142,
        "minRet": 0.6175000071525574
    },
    "MiniGrid-DoorKey-8x8-custom-diff1": {
        "meanRet": 0.13991250067949296,
        "maxRet": 0.9300000071525574,
        "minRet": 0.0
    },
    "MiniGrid-DoorKey-10x10-custom-diff1": {
        "meanRet": 0.016979166616996128,
        "maxRet": 0.8149999976158142,
        "minRet": 0.0
    },
    "MiniGrid-DoorKey-12x12-custom-diff1": {
        "meanRet": 0.0,
        "maxRet": 0.0,
        "minRet": 0.0
    }
}