{
    "model": "test12x12_150k_3step_3gen_3curric/epoch_25_curric2_gen2",
    "MiniGrid-DoorKey-6x6-custom-diff0.15": {
        "meanRet": 0.9248397510785323,
        "maxRet": 0.949999988079071,
        "minRet": 0.9041666388511658
    },
    "MiniGrid-DoorKey-8x8-custom-diff0.15": {
        "meanRet": 0.8777243563762078,
        "maxRet": 0.9375,
        "minRet": 0.8374999761581421
    },
    "MiniGrid-DoorKey-10x10-custom-diff0.15": {
        "meanRet": 0.8264999961853028,
        "maxRet": 0.9083333611488342,
        "minRet": 0.7583333253860474
    },
    "MiniGrid-DoorKey-12x12-custom-diff0.15": {
        "meanRet": 0.7071666646003724,
        "maxRet": 0.8541666865348816,
        "minRet": 0.5416666865348816
    }
}