{
    "model": "test12x12_100k_3step_3gen_3curric/epoch_32_curric2_gen1",
    "MiniGrid-DoorKey-6x6-custom-diff0.15": {
        "meanRet": 0.8989999985694885,
        "maxRet": 0.9333333373069763,
        "minRet": 0.8583333492279053
    },
    "MiniGrid-DoorKey-8x8-custom-diff0.15": {
        "meanRet": 0.8518333339691162,
        "maxRet": 0.9208333492279053,
        "minRet": 0.7958333492279053
    },
    "MiniGrid-DoorKey-10x10-custom-diff0.15": {
        "meanRet": 0.800666663646698,
        "maxRet": 0.8958333134651184,
        "minRet": 0.6916666626930237
    },
    "MiniGrid-DoorKey-12x12-custom-diff0.15": {
        "meanRet": 0.7234999966621399,
        "maxRet": 0.8333333134651184,
        "minRet": 0.5833333134651184
    }
}