{
    "model": "DO_11_05_RHEA_PARA_ENV_1\\epoch_5_curric0_gen2",
    "MiniGrid-DoorKey-5x5-custom-diff2": {
        "meanRet": 0.7107142806053162,
        "maxRet": 0.7428571581840515,
        "minRet": 0.6785714030265808
    },
    "MiniGrid-DoorKey-6x6-custom-diff2": {
        "meanRet": 0.6849999977992132,
        "maxRet": 0.8199999928474426,
        "minRet": 0.6175000071525574
    },
    "MiniGrid-DoorKey-8x8-custom-diff2": {
        "meanRet": 0.7081428527832031,
        "maxRet": 0.7942857146263123,
        "minRet": 0.6399999856948853
    },
    "MiniGrid-DoorKey-16x16-custom-diff2": {
        "meanRet": 0.5755319207906723,
        "maxRet": 0.8117021322250366,
        "minRet": 0.39042553305625916
    }
}