{
    "model": "test12x12_100k_4step_3gen_3curric/epoch_13_curric0_gen1",
    "MiniGrid-DoorKey-6x6-custom-diff0.5844064999999999": {
        "meanRet": 0.9746159315109253,
        "maxRet": 0.9860879778862,
        "minRet": 0.9604042768478394
    },
    "MiniGrid-DoorKey-8x8-custom-diff0.5844064999999999": {
        "meanRet": 0.9573584634524125,
        "maxRet": 0.9743162989616394,
        "minRet": 0.9454221129417419
    },
    "MiniGrid-DoorKey-10x10-custom-diff0.5844064999999999": {
        "meanRet": 0.9384018969535828,
        "maxRet": 0.9689655303955078,
        "minRet": 0.9026159048080444
    },
    "MiniGrid-DoorKey-12x12-custom-diff0.5844064999999999": {
        "meanRet": 0.8771462535858154,
        "maxRet": 0.9807372093200684,
        "minRet": 0.799881100654602
    }
}