{
    "model": "test12x12_100k_3step_4gen_3curric/epoch_7_curric0_gen2",
    "MiniGrid-DoorKey-6x6-custom-diff0.96967792277423": {
        "meanRet": 0.9877765035629272,
        "maxRet": 0.9922636151313782,
        "minRet": 0.9845272302627563
    },
    "MiniGrid-DoorKey-8x8-custom-diff0.96967792277423": {
        "meanRet": 0.9815425011846755,
        "maxRet": 0.9871060252189636,
        "minRet": 0.9774355292320251
    },
    "MiniGrid-DoorKey-10x10-custom-diff0.96967792277423": {
        "meanRet": 0.9750055097616636,
        "maxRet": 0.9845272302627563,
        "minRet": 0.9645415544509888
    },
    "MiniGrid-DoorKey-12x12-custom-diff0.96967792277423": {
        "meanRet": 0.9605959916114807,
        "maxRet": 0.9813037514686584,
        "minRet": 0.9445558786392212
    }
}