{
    "model": "test12x12_100k_3step_3gen_3curric/epoch_8_curric2_gen3",
    "MiniGrid-DoorKey-6x6-custom-diff0.9470715046045372": {
        "meanRet": 0.9871107816696167,
        "maxRet": 0.9927366375923157,
        "minRet": 0.9808510541915894
    },
    "MiniGrid-DoorKey-8x8-custom-diff0.9470715046045372": {
        "meanRet": 0.9776511054772598,
        "maxRet": 0.9881144762039185,
        "minRet": 0.9669845700263977
    },
    "MiniGrid-DoorKey-10x10-custom-diff0.9470715046045372": {
        "meanRet": 0.9648187804222107,
        "maxRet": 0.9795304536819458,
        "minRet": 0.9405722618103027
    },
    "MiniGrid-DoorKey-12x12-custom-diff0.9470715046045372": {
        "meanRet": 0.9081115221977234,
        "maxRet": 0.9755685925483704,
        "minRet": 0.8269992470741272
    }
}