{
    "model": "test12x12_25k_3step_3gen_3curric/epoch_47_curric0_gen1",
    "MiniGrid-DoorKey-6x6-custom-diff0.2569142875744653": {
        "meanRet": 0.9551594601227686,
        "maxRet": 0.9707317352294922,
        "minRet": 0.9414634108543396
    },
    "MiniGrid-DoorKey-8x8-custom-diff0.2569142875744653": {
        "meanRet": 0.9253283372292151,
        "maxRet": 0.9536585211753845,
        "minRet": 0.9048780202865601
    },
    "MiniGrid-DoorKey-10x10-custom-diff0.2569142875744653": {
        "meanRet": 0.8982176368053143,
        "maxRet": 0.9560975432395935,
        "minRet": 0.8536585569381714
    },
    "MiniGrid-DoorKey-12x12-custom-diff0.2569142875744653": {
        "meanRet": 0.8405853652954102,
        "maxRet": 0.9243902564048767,
        "minRet": 0.7487804889678955
    }
}