{
    "model": "test12x12_25k_3step_3gen_3curric/epoch_22_curric1_gen3",
    "MiniGrid-DoorKey-6x6-custom-diff0.8819142875744653": {
        "meanRet": 0.9860782821973165,
        "maxRet": 0.9914893507957458,
        "minRet": 0.9822695255279541
    },
    "MiniGrid-DoorKey-8x8-custom-diff0.8819142875744653": {
        "meanRet": 0.9780929795017949,
        "maxRet": 0.9865248203277588,
        "minRet": 0.9723404049873352
    },
    "MiniGrid-DoorKey-10x10-custom-diff0.8819142875744653": {
        "meanRet": 0.968368787765503,
        "maxRet": 0.9815602898597717,
        "minRet": 0.9539006948471069
    },
    "MiniGrid-DoorKey-12x12-custom-diff0.8819142875744653": {
        "meanRet": 0.9470070958137512,
        "maxRet": 0.9723404049873352,
        "minRet": 0.9156028628349304
    }
}