{
    "model": "test12x12_100k_3step_3gen_3curric/epoch_19_curric2_gen2",
    "MiniGrid-DoorKey-6x6-custom-diff0.6720715046045371": {
        "meanRet": 0.9811351528534522,
        "maxRet": 0.9888314604759216,
        "minRet": 0.9748707413673401
    },
    "MiniGrid-DoorKey-8x8-custom-diff0.6720715046045371": {
        "meanRet": 0.9712595629692078,
        "maxRet": 0.9813857078552246,
        "minRet": 0.9590486288070679
    },
    "MiniGrid-DoorKey-10x10-custom-diff0.6720715046045371": {
        "meanRet": 0.9603143763542176,
        "maxRet": 0.9776628613471985,
        "minRet": 0.9395036101341248
    },
    "MiniGrid-DoorKey-12x12-custom-diff0.6720715046045371": {
        "meanRet": 0.940471568107605,
        "maxRet": 0.9664943218231201,
        "minRet": 0.9032058119773865
    }
}