{
    "model": "test12x12_100k_3step_4gen_3curric/epoch_30_curric1_gen3",
    "MiniGrid-DoorKey-6x6-custom-diff0.15": {
        "meanRet": 0.9250000050434699,
        "maxRet": 0.949999988079071,
        "minRet": 0.8999999761581421
    },
    "MiniGrid-DoorKey-8x8-custom-diff0.15": {
        "meanRet": 0.8701923053998214,
        "maxRet": 0.9291666746139526,
        "minRet": 0.824999988079071
    },
    "MiniGrid-DoorKey-10x10-custom-diff0.15": {
        "meanRet": 0.8108974328407874,
        "maxRet": 0.925000011920929,
        "minRet": 0.7291666865348816
    },
    "MiniGrid-DoorKey-12x12-custom-diff0.15": {
        "meanRet": 0.6929487219223609,
        "maxRet": 0.8291666507720947,
        "minRet": 0.5166666507720947
    }
}