{
    "model": "Rhea_SaRun2\\epoch_3_curric1_gen1",
    "MiniGrid-DoorKey-5x5-custom-diff2": {
        "meanRet": 0.7253246795047413,
        "maxRet": 0.7428571581840515,
        "minRet": 0.7107142806053162
    },
    "MiniGrid-DoorKey-6x6-custom-diff2": {
        "meanRet": 0.7300000071525574,
        "maxRet": 0.7975000143051147,
        "minRet": 0.6850000023841858
    },
    "MiniGrid-DoorKey-8x8-custom-diff2": {
        "meanRet": 0.7592207897793163,
        "maxRet": 0.8585714101791382,
        "minRet": 0.704285740852356
    },
    "MiniGrid-DoorKey-16x16-custom-diff2": {
        "meanRet": 0.6910638332366943,
        "maxRet": 0.8308510780334473,
        "minRet": 0.5755318999290466
    }
}