{
    "model": "test12x12_150k_3step_3gen_3curric/epoch_18_curric2_gen3",
    "MiniGrid-DoorKey-6x6-custom-diff0.6563807381558474": {
        "meanRet": 0.9827428507804871,
        "maxRet": 0.9885714054107666,
        "minRet": 0.9790475964546204
    },
    "MiniGrid-DoorKey-8x8-custom-diff0.6563807381558474": {
        "meanRet": 0.971393296012172,
        "maxRet": 0.9857142567634583,
        "minRet": 0.9647619128227234
    },
    "MiniGrid-DoorKey-10x10-custom-diff0.6563807381558474": {
        "meanRet": 0.9607238101959229,
        "maxRet": 0.9790475964546204,
        "minRet": 0.9476190209388733
    },
    "MiniGrid-DoorKey-12x12-custom-diff0.6563807381558474": {
        "meanRet": 0.9331501859884995,
        "maxRet": 0.9685714244842529,
        "minRet": 0.8971428275108337
    }
}