{
    "model": "test12x12_75k_3step_3gen_3curric/epoch_10_curric0_gen3",
    "MiniGrid-DoorKey-6x6-custom-diff0.9315023600555896": {
        "meanRet": 0.9878162099764898,
        "maxRet": 0.9932885766029358,
        "minRet": 0.9852349162101746
    },
    "MiniGrid-DoorKey-8x8-custom-diff0.9315023600555896": {
        "meanRet": 0.9810273601458623,
        "maxRet": 0.9879194498062134,
        "minRet": 0.9758388996124268
    },
    "MiniGrid-DoorKey-10x10-custom-diff0.9315023600555896": {
        "meanRet": 0.9704697980330541,
        "maxRet": 0.990604043006897,
        "minRet": 0.9610738158226013
    },
    "MiniGrid-DoorKey-12x12-custom-diff0.9315023600555896": {
        "meanRet": 0.9476241660118103,
        "maxRet": 0.9744966626167297,
        "minRet": 0.9208053946495056
    }
}