{
    "model": "test12x12_75k_3step_3gen_3curric/epoch_1_curric0_gen2",
    "MiniGrid-DoorKey-6x6-custom-diff1.0": {
        "meanRet": 0.14230392142838122,
        "maxRet": 0.8899999856948853,
        "minRet": 0.0
    },
    "MiniGrid-DoorKey-8x8-custom-diff1.0": {
        "meanRet": 0.03308593730131785,
        "maxRet": 0.6160937547683716,
        "minRet": 0.0
    },
    "MiniGrid-DoorKey-10x10-custom-diff1.0": {
        "meanRet": 0.052452084297935166,
        "maxRet": 0.8389000296592712,
        "minRet": 0.0
    },
    "MiniGrid-DoorKey-12x12-custom-diff1.0": {
        "meanRet": 0.024166667213042576,
        "maxRet": 0.6025000214576721,
        "minRet": 0.0
    }
}