{
    "model": "test12x12_25k_3step_3gen_3curric/epoch_39_curric1_gen1",
    "MiniGrid-DoorKey-6x6-custom-diff0.4569142875744653": {
        "meanRet": 0.971943179766337,
        "maxRet": 0.9808219075202942,
        "minRet": 0.9630137085914612
    },
    "MiniGrid-DoorKey-8x8-custom-diff0.4569142875744653": {
        "meanRet": 0.9589589023590088,
        "maxRet": 0.9780821800231934,
        "minRet": 0.9424657821655273
    },
    "MiniGrid-DoorKey-10x10-custom-diff0.4569142875744653": {
        "meanRet": 0.934297314396611,
        "maxRet": 0.96712327003479,
        "minRet": 0.915068507194519
    },
    "MiniGrid-DoorKey-12x12-custom-diff0.4569142875744653": {
        "meanRet": 0.9074288721267993,
        "maxRet": 0.9589040875434875,
        "minRet": 0.8643835783004761
    }
}