{
    "model": "test12x12_100k_4step_3gen_3curric/epoch_3_curric0_gen2",
    "MiniGrid-DoorKey-6x6-custom-diff1": {
        "meanRet": 0.9863000011444092,
        "maxRet": 0.9931250214576721,
        "minRet": 0.9800000190734863
    },
    "MiniGrid-DoorKey-8x8-custom-diff1": {
        "meanRet": 0.9651682651959933,
        "maxRet": 0.9881250262260437,
        "minRet": 0.9424999952316284
    },
    "MiniGrid-DoorKey-10x10-custom-diff1": {
        "meanRet": 0.9451249980926514,
        "maxRet": 0.9793750047683716,
        "minRet": 0.90625
    },
    "MiniGrid-DoorKey-12x12-custom-diff1": {
        "meanRet": 0.9197000026702881,
        "maxRet": 0.9712499976158142,
        "minRet": 0.8693749904632568
    }
}