{
    "model": "test12x12_100k_3step_3gen_3curric/epoch_8_curric0_gen3",
    "MiniGrid-DoorKey-6x6-custom-diff0.9470715046045372": {
        "meanRet": 0.9857637548446655,
        "maxRet": 0.9914159774780273,
        "minRet": 0.9795304536819458
    },
    "MiniGrid-DoorKey-8x8-custom-diff0.9470715046045372": {
        "meanRet": 0.9749082899093628,
        "maxRet": 0.9861335158348083,
        "minRet": 0.9643433690071106
    },
    "MiniGrid-DoorKey-10x10-custom-diff0.9470715046045372": {
        "meanRet": 0.9610154056549072,
        "maxRet": 0.9821716547012329,
        "minRet": 0.934629499912262
    },
    "MiniGrid-DoorKey-12x12-custom-diff0.9470715046045372": {
        "meanRet": 0.9419192957878113,
        "maxRet": 0.9782098531723022,
        "minRet": 0.8804842233657837
    }
}