{
    "model": "test12x12_25k_3step_3gen_3curric/epoch_16_curric2_gen1",
    "MiniGrid-DoorKey-6x6-custom-diff1": {
        "meanRet": 0.9878999972343445,
        "maxRet": 0.9918749928474426,
        "minRet": 0.9837499856948853
    },
    "MiniGrid-DoorKey-8x8-custom-diff1": {
        "meanRet": 0.9803365423129156,
        "maxRet": 0.9893749952316284,
        "minRet": 0.9743750095367432
    },
    "MiniGrid-DoorKey-10x10-custom-diff1": {
        "meanRet": 0.9693500018119812,
        "maxRet": 0.9825000166893005,
        "minRet": 0.9587500095367432
    },
    "MiniGrid-DoorKey-12x12-custom-diff1": {
        "meanRet": 0.9556249928474426,
        "maxRet": 0.9837499856948853,
        "minRet": 0.9350000023841858
    }
}