{
    "model": "DO_11_05_RHEA_PARA_ENV_1\\epoch_6_curric3_gen1",
    "MiniGrid-DoorKey-5x5-custom-diff0": {
        "meanRet": 0.957076907157898,
        "maxRet": 0.9675999879837036,
        "minRet": 0.9495999813079834
    },
    "MiniGrid-DoorKey-6x6-custom-diff0": {
        "meanRet": 0.959615368109483,
        "maxRet": 0.9700000286102295,
        "minRet": 0.9549999833106995
    },
    "MiniGrid-DoorKey-8x8-custom-diff0": {
        "meanRet": 0.9661093771457672,
        "maxRet": 0.9760937690734863,
        "minRet": 0.9606249928474426
    },
    "MiniGrid-DoorKey-16x16-custom-diff0": {
        "meanRet": 0.8871484398841858,
        "maxRet": 0.9683593511581421,
        "minRet": 0.7465234398841858
    }
}