{
    "model": "DO_11_05_RHEA_PARA_ENV_1\\epoch_3_curric1_gen3",
    "MiniGrid-DoorKey-5x5-custom-diff2": {
        "meanRet": 0.7077922008254312,
        "maxRet": 0.7428571581840515,
        "minRet": 0.6785714030265808
    },
    "MiniGrid-DoorKey-6x6-custom-diff2": {
        "meanRet": 0.7097500026226043,
        "maxRet": 0.7975000143051147,
        "minRet": 0.6399999856948853
    },
    "MiniGrid-DoorKey-8x8-custom-diff2": {
        "meanRet": 0.6901428401470184,
        "maxRet": 0.8199999928474426,
        "minRet": 0.6271428465843201
    },
    "MiniGrid-DoorKey-16x16-custom-diff2": {
        "meanRet": 0.10383623477184412,
        "maxRet": 0.728723406791687,
        "minRet": 0.0
    }
}