{
    "model": "test12x12_50k_3step_3gen_3curric/epoch_11_curric2_gen2",
    "MiniGrid-DoorKey-6x6-custom-diff0.9760602224432589": {
        "meanRet": 0.9881002008914948,
        "maxRet": 0.9923131465911865,
        "minRet": 0.9846263527870178
    },
    "MiniGrid-DoorKey-8x8-custom-diff0.9760602224432589": {
        "meanRet": 0.9818423275764172,
        "maxRet": 0.9891102910041809,
        "minRet": 0.9756583571434021
    },
    "MiniGrid-DoorKey-10x10-custom-diff0.9760602224432589": {
        "meanRet": 0.9748384261131287,
        "maxRet": 0.9839857816696167,
        "minRet": 0.9679715037345886
    },
    "MiniGrid-DoorKey-12x12-custom-diff0.9760602224432589": {
        "meanRet": 0.9634619235992432,
        "maxRet": 0.9814234972000122,
        "minRet": 0.9493950009346008
    }
}