{
    "model": "test12x12_25k_3step_3gen_3curric/epoch_32_curric1_gen3",
    "MiniGrid-DoorKey-6x6-custom-diff0.6319142875744653": {
        "meanRet": 0.9816633677482605,
        "maxRet": 0.9881188273429871,
        "minRet": 0.9762375950813293
    },
    "MiniGrid-DoorKey-8x8-custom-diff0.6319142875744653": {
        "meanRet": 0.970792082639841,
        "maxRet": 0.9851484894752502,
        "minRet": 0.9594059586524963
    },
    "MiniGrid-DoorKey-10x10-custom-diff0.6319142875744653": {
        "meanRet": 0.9503366327285767,
        "maxRet": 0.9742574095726013,
        "minRet": 0.9297029972076416
    },
    "MiniGrid-DoorKey-12x12-custom-diff0.6319142875744653": {
        "meanRet": 0.9259801983833313,
        "maxRet": 0.9633663296699524,
        "minRet": 0.893069326877594
    }
}