{
    "model": "test12x12_50k_3step_3gen_3curric/epoch_32_curric0_gen3",
    "MiniGrid-DoorKey-6x6-custom-diff0.45106022244325883": {
        "meanRet": 0.9752049326896668,
        "maxRet": 0.9833590388298035,
        "minRet": 0.9694915413856506
    },
    "MiniGrid-DoorKey-8x8-custom-diff0.45106022244325883": {
        "meanRet": 0.9591975876918206,
        "maxRet": 0.9750385284423828,
        "minRet": 0.9514638185501099
    },
    "MiniGrid-DoorKey-10x10-custom-diff0.45106022244325883": {
        "meanRet": 0.9496332859992981,
        "maxRet": 0.980585515499115,
        "minRet": 0.9320493340492249
    },
    "MiniGrid-DoorKey-12x12-custom-diff0.45106022244325883": {
        "meanRet": 0.91280122756958,
        "maxRet": 0.9597842693328857,
        "minRet": 0.8751925826072693
    }
}