{
    "model": "test12x12_100k_3step_4gen_3curric/epoch_31_curric2_gen3",
    "MiniGrid-DoorKey-6x6-custom-diff0.15": {
        "meanRet": 0.924833345413208,
        "maxRet": 0.949999988079071,
        "minRet": 0.9083333611488342
    },
    "MiniGrid-DoorKey-8x8-custom-diff0.15": {
        "meanRet": 0.8814814775078385,
        "maxRet": 0.9375,
        "minRet": 0.8416666388511658
    },
    "MiniGrid-DoorKey-10x10-custom-diff0.15": {
        "meanRet": 0.845833330154419,
        "maxRet": 0.949999988079071,
        "minRet": 0.7916666865348816
    },
    "MiniGrid-DoorKey-12x12-custom-diff0.15": {
        "meanRet": 0.7621666693687439,
        "maxRet": 0.8833333253860474,
        "minRet": 0.675000011920929
    }
}