{
    "model": "new_25k_7step_4gen_3curric/epoch_5_curric2_gen1",
    "MiniGrid-DoorKey-6x6-custom-diff1": {
        "meanRet": 0.7395999956130982,
        "maxRet": 0.9831249713897705,
        "minRet": 0.5043749809265137
    },
    "MiniGrid-DoorKey-8x8-custom-diff1": {
        "meanRet": 0.09987244891877077,
        "maxRet": 0.7837499976158142,
        "minRet": 0.0
    },
    "MiniGrid-DoorKey-10x10-custom-diff1": {
        "meanRet": 0.013971353570620218,
        "maxRet": 0.6706249713897705,
        "minRet": 0.0
    },
    "MiniGrid-DoorKey-12x12-custom-diff1": {
        "meanRet": 0.021835938096046448,
        "maxRet": 0.5400000214576721,
        "minRet": 0.0
    }
}