{
    "model": "test12x12_100k_3step_4gen_3curric/epoch_16_curric0_gen1",
    "MiniGrid-DoorKey-6x6-custom-diff0.74467792277423": {
        "meanRet": 0.9837798500061035,
        "maxRet": 0.9899253845214844,
        "minRet": 0.9790111780166626
    },
    "MiniGrid-DoorKey-8x8-custom-diff0.74467792277423": {
        "meanRet": 0.9757201528549194,
        "maxRet": 0.9874067306518555,
        "minRet": 0.968936562538147
    },
    "MiniGrid-DoorKey-10x10-custom-diff0.74467792277423": {
        "meanRet": 0.9648059630393981,
        "maxRet": 0.9815298318862915,
        "minRet": 0.9513059854507446
    },
    "MiniGrid-DoorKey-12x12-custom-diff0.74467792277423": {
        "meanRet": 0.9449589538574219,
        "maxRet": 0.9764925241470337,
        "minRet": 0.9227612018585205
    }
}