{
    "model": "test12x12_75k_3step_3gen_3curric/epoch_14_curric2_gen1",
    "MiniGrid-DoorKey-6x6-custom-diff0.8065023600555896": {
        "meanRet": 0.9844961261749268,
        "maxRet": 0.9906976819038391,
        "minRet": 0.9790697693824768
    },
    "MiniGrid-DoorKey-8x8-custom-diff0.8065023600555896": {
        "meanRet": 0.9772093057632446,
        "maxRet": 0.986821711063385,
        "minRet": 0.9682170748710632
    },
    "MiniGrid-DoorKey-10x10-custom-diff0.8065023600555896": {
        "meanRet": 0.9650542616844178,
        "maxRet": 0.987596869468689,
        "minRet": 0.9465116262435913
    },
    "MiniGrid-DoorKey-12x12-custom-diff0.8065023600555896": {
        "meanRet": 0.9331842523354751,
        "maxRet": 0.9790697693824768,
        "minRet": 0.9038759469985962
    }
}