{
    "model": "test12x12_150k_3step_3gen_3curric/epoch_2_curric1_gen2",
    "MiniGrid-DoorKey-6x6-custom-diff1": {
        "meanRet": 0.9885750055313111,
        "maxRet": 0.9937499761581421,
        "minRet": 0.984375
    },
    "MiniGrid-DoorKey-8x8-custom-diff1": {
        "meanRet": 0.9775250029563903,
        "maxRet": 0.9887499809265137,
        "minRet": 0.9693750143051147
    },
    "MiniGrid-DoorKey-10x10-custom-diff1": {
        "meanRet": 0.9582500076293945,
        "maxRet": 0.984375,
        "minRet": 0.934374988079071
    },
    "MiniGrid-DoorKey-12x12-custom-diff1": {
        "meanRet": 0.9287250018119813,
        "maxRet": 0.9643750190734863,
        "minRet": 0.8662499785423279
    }
}