{
    "model": "test12x12_100k_3step_4gen_3curric/epoch_26_curric2_gen2",
    "MiniGrid-DoorKey-6x6-custom-diff0.15": {
        "meanRet": 0.9031666612625122,
        "maxRet": 0.9375,
        "minRet": 0.8666666746139526
    },
    "MiniGrid-DoorKey-8x8-custom-diff0.15": {
        "meanRet": 0.8589999985694885,
        "maxRet": 0.9083333611488342,
        "minRet": 0.824999988079071
    },
    "MiniGrid-DoorKey-10x10-custom-diff0.15": {
        "meanRet": 0.8038333320617675,
        "maxRet": 0.8708333373069763,
        "minRet": 0.737500011920929
    },
    "MiniGrid-DoorKey-12x12-custom-diff0.15": {
        "meanRet": 0.6473333311080932,
        "maxRet": 0.7958333492279053,
        "minRet": 0.5583333373069763
    }
}