{
    "model": "test12x12_25k_3step_3gen_3curric/epoch_41_curric2_gen1",
    "MiniGrid-DoorKey-6x6-custom-diff0.40691428757446535": {
        "meanRet": 0.9702153897285462,
        "maxRet": 0.9815384745597839,
        "minRet": 0.9630769491195679
    },
    "MiniGrid-DoorKey-8x8-custom-diff0.40691428757446535": {
        "meanRet": 0.9540923047065735,
        "maxRet": 0.9769230484962463,
        "minRet": 0.9415384531021118
    },
    "MiniGrid-DoorKey-10x10-custom-diff0.40691428757446535": {
        "meanRet": 0.9323076903820038,
        "maxRet": 0.9646154046058655,
        "minRet": 0.9030769467353821
    },
    "MiniGrid-DoorKey-12x12-custom-diff0.40691428757446535": {
        "meanRet": 0.901538462638855,
        "maxRet": 0.9461538195610046,
        "minRet": 0.8523076772689819
    }
}