{
    "model": "test12x12_100k_3step_3gen_3curric/epoch_49_curric2_gen3",
    "MiniGrid-DoorKey-6x6-custom-diff0.15": {
        "meanRet": 0.897756406894097,
        "maxRet": 0.9375,
        "minRet": 0.862500011920929
    },
    "MiniGrid-DoorKey-8x8-custom-diff0.15": {
        "meanRet": 0.8221153892003573,
        "maxRet": 0.925000011920929,
        "minRet": 0.737500011920929
    },
    "MiniGrid-DoorKey-10x10-custom-diff0.15": {
        "meanRet": 0.7641666603088378,
        "maxRet": 0.8999999761581421,
        "minRet": 0.550000011920929
    },
    "MiniGrid-DoorKey-12x12-custom-diff0.15": {
        "meanRet": 0.6026666641235352,
        "maxRet": 0.7791666388511658,
        "minRet": 0.30000001192092896
    }
}