{
    "model": "test12x12_75k_3step_3gen_3curric/epoch_20_curric2_gen3",
    "MiniGrid-DoorKey-6x6-custom-diff0.6565023600555896": {
        "meanRet": 0.9810229164582712,
        "maxRet": 0.9885714054107666,
        "minRet": 0.9742857217788696
    },
    "MiniGrid-DoorKey-8x8-custom-diff0.6565023600555896": {
        "meanRet": 0.9744000005722045,
        "maxRet": 0.9847618937492371,
        "minRet": 0.9666666388511658
    },
    "MiniGrid-DoorKey-10x10-custom-diff0.6565023600555896": {
        "meanRet": 0.961790475845337,
        "maxRet": 0.9752380847930908,
        "minRet": 0.9457142949104309
    },
    "MiniGrid-DoorKey-12x12-custom-diff0.6565023600555896": {
        "meanRet": 0.9466285753250122,
        "maxRet": 0.9714285731315613,
        "minRet": 0.9190475940704346
    }
}