{
    "model": "MI_RHEA_PARA_ENV_2_first\\epoch_1_curric0_gen1",
    "MiniGrid-DoorKey-5x5-custom-diff0": {
        "meanRet": 0.10417499905452132,
        "maxRet": 0.8379999995231628,
        "minRet": 0.0
    },
    "MiniGrid-DoorKey-6x6-custom-diff0": {
        "meanRet": 0.04062500037252903,
        "maxRet": 0.6000000238418579,
        "minRet": 0.0
    },
    "MiniGrid-DoorKey-8x8-custom-diff0": {
        "meanRet": 0.02048339881002903,
        "maxRet": 0.655468761920929,
        "minRet": 0.0
    },
    "MiniGrid-DoorKey-16x16-custom-diff0": {
        "meanRet": 0.004970703274011612,
        "maxRet": 0.15906250476837158,
        "minRet": 0.0
    }
}