{
    "model": "test12x12_25k_3step_3gen_3curric/epoch_45_curric0_gen3",
    "MiniGrid-DoorKey-6x6-custom-diff0.30691428757446526": {
        "meanRet": 0.962857141494751,
        "maxRet": 0.9755101799964905,
        "minRet": 0.9551020264625549
    },
    "MiniGrid-DoorKey-8x8-custom-diff0.30691428757446526": {
        "meanRet": 0.9416797482050382,
        "maxRet": 0.9693877696990967,
        "minRet": 0.9265305995941162
    },
    "MiniGrid-DoorKey-10x10-custom-diff0.30691428757446526": {
        "meanRet": 0.9177626592141611,
        "maxRet": 0.9714285731315613,
        "minRet": 0.8755102157592773
    },
    "MiniGrid-DoorKey-12x12-custom-diff0.30691428757446526": {
        "meanRet": 0.8474285697937012,
        "maxRet": 0.9306122660636902,
        "minRet": 0.7836734652519226
    }
}