{
    "model": "test12x12_75k_3step_3gen_3curric/epoch_47_curric2_gen2",
    "MiniGrid-DoorKey-6x6-custom-diff0.15": {
        "meanRet": 0.9223333334922791,
        "maxRet": 0.9583333134651184,
        "minRet": 0.8916666507720947
    },
    "MiniGrid-DoorKey-8x8-custom-diff0.15": {
        "meanRet": 0.8776785688740867,
        "maxRet": 0.9291666746139526,
        "minRet": 0.8416666388511658
    },
    "MiniGrid-DoorKey-10x10-custom-diff0.15": {
        "meanRet": 0.8403333353996277,
        "maxRet": 0.9166666865348816,
        "minRet": 0.7875000238418579
    },
    "MiniGrid-DoorKey-12x12-custom-diff0.15": {
        "meanRet": 0.6887820477669055,
        "maxRet": 0.862500011920929,
        "minRet": 0.512499988079071
    }
}