{
    "model": "Di_Rhea1\\epoch_3_curric0_gen1",
    "MiniGrid-DoorKey-5x5-custom-diff2": {
        "meanRet": 0.6689285695552826,
        "maxRet": 0.7107142806053162,
        "minRet": 0.6464285850524902
    },
    "MiniGrid-DoorKey-6x6-custom-diff2": {
        "meanRet": 0.6555769260113056,
        "maxRet": 0.7749999761581421,
        "minRet": 0.5724999904632568
    },
    "MiniGrid-DoorKey-8x8-custom-diff2": {
        "meanRet": 0.7323376644741405,
        "maxRet": 0.8328571319580078,
        "minRet": 0.6271428465843201
    },
    "MiniGrid-DoorKey-16x16-custom-diff2": {
        "meanRet": 0.7146808445453644,
        "maxRet": 0.8021276593208313,
        "minRet": 0.5819149017333984
    }
}