{
    "model": "DO_11_05_RHEA_PARA_ENV_1\\epoch_12_curric2_gen3",
    "MiniGrid-DoorKey-5x5-custom-diff2": {
        "meanRet": 0.6399999856948853,
        "maxRet": 0.7428571581840515,
        "minRet": 0.5821428298950195
    },
    "MiniGrid-DoorKey-6x6-custom-diff2": {
        "meanRet": 0.6812500009934107,
        "maxRet": 0.7749999761581421,
        "minRet": 0.6175000071525574
    },
    "MiniGrid-DoorKey-8x8-custom-diff2": {
        "meanRet": 0.6952857077121735,
        "maxRet": 0.8071428537368774,
        "minRet": 0.6142857074737549
    },
    "MiniGrid-DoorKey-16x16-custom-diff2": {
        "meanRet": 0.12750312773620381,
        "maxRet": 0.8244680762290955,
        "minRet": 0.0
    }
}