{
    "model": "test12x12_150k_3step_3gen_3curric/epoch_31_curric0_gen1",
    "MiniGrid-DoorKey-6x6-custom-diff0.15": {
        "meanRet": 0.9285256495842567,
        "maxRet": 0.9583333134651184,
        "minRet": 0.9083333611488342
    },
    "MiniGrid-DoorKey-8x8-custom-diff0.15": {
        "meanRet": 0.8775640978262975,
        "maxRet": 0.9416666626930237,
        "minRet": 0.8208333253860474
    },
    "MiniGrid-DoorKey-10x10-custom-diff0.15": {
        "meanRet": 0.8281666660308837,
        "maxRet": 0.9208333492279053,
        "minRet": 0.7083333134651184
    },
    "MiniGrid-DoorKey-12x12-custom-diff0.15": {
        "meanRet": 0.6600000035762786,
        "maxRet": 0.8999999761581421,
        "minRet": 0.38333332538604736
    }
}