{
    "model": "SO_RHEA_2PARA_5GEN_14May\\epoch_11_curric1_gen4",
    "MiniGrid-DoorKey-5x5-custom-diff2": {
        "meanRet": 0.6785714209079743,
        "maxRet": 0.7107142806053162,
        "minRet": 0.6464285850524902
    },
    "MiniGrid-DoorKey-6x6-custom-diff2": {
        "meanRet": 0.6737500031789144,
        "maxRet": 0.7524999976158142,
        "minRet": 0.6175000071525574
    },
    "MiniGrid-DoorKey-8x8-custom-diff2": {
        "meanRet": 0.7544285833835602,
        "maxRet": 0.7942857146263123,
        "minRet": 0.7300000190734863
    },
    "MiniGrid-DoorKey-16x16-custom-diff2": {
        "meanRet": 0.5959574490785599,
        "maxRet": 0.8340425491333008,
        "minRet": 0.3744680881500244
    }
}