{
    "model": "test12x12_50k_3step_3gen_3curric/epoch_27_curric2_gen3",
    "MiniGrid-DoorKey-6x6-custom-diff0.5760602224432588": {
        "meanRet": 0.980936074256897,
        "maxRet": 0.9869722723960876,
        "minRet": 0.9761158227920532
    },
    "MiniGrid-DoorKey-8x8-custom-diff0.5760602224432588": {
        "meanRet": 0.9681254506111145,
        "maxRet": 0.9793727397918701,
        "minRet": 0.9598311185836792
    },
    "MiniGrid-DoorKey-10x10-custom-diff0.5760602224432588": {
        "meanRet": 0.9541423416137695,
        "maxRet": 0.9869722723960876,
        "minRet": 0.9359469413757324
    },
    "MiniGrid-DoorKey-12x12-custom-diff0.5760602224432588": {
        "meanRet": 0.9283474041865423,
        "maxRet": 0.9674306511878967,
        "minRet": 0.8936067819595337
    }
}