{
    "model": "test12x12_100k_3step_4gen_3curric/epoch_6_curric0_gen1",
    "MiniGrid-DoorKey-6x6-custom-diff0.99467792277423": {
        "meanRet": 0.9871642727118272,
        "maxRet": 0.9918296337127686,
        "minRet": 0.9824022054672241
    },
    "MiniGrid-DoorKey-8x8-custom-diff0.99467792277423": {
        "meanRet": 0.9827541851997376,
        "maxRet": 0.9905726313591003,
        "minRet": 0.9773743152618408
    },
    "MiniGrid-DoorKey-10x10-custom-diff0.99467792277423": {
        "meanRet": 0.9749357533454895,
        "maxRet": 0.9842877388000488,
        "minRet": 0.9660614728927612
    },
    "MiniGrid-DoorKey-12x12-custom-diff0.99467792277423": {
        "meanRet": 0.9559572384907649,
        "maxRet": 0.9767457842826843,
        "minRet": 0.9333798885345459
    }
}