{
    "model": "test12x12_75k_3step_3gen_3curric/epoch_12_curric1_gen3",
    "MiniGrid-DoorKey-6x6-custom-diff0.8565023600555897": {
        "meanRet": 0.9836788368225098,
        "maxRet": 0.9927007555961609,
        "minRet": 0.9788321256637573
    },
    "MiniGrid-DoorKey-8x8-custom-diff0.8565023600555897": {
        "meanRet": 0.9795036482810974,
        "maxRet": 0.9897810220718384,
        "minRet": 0.9737226366996765
    },
    "MiniGrid-DoorKey-10x10-custom-diff0.8565023600555897": {
        "meanRet": 0.9732089727013199,
        "maxRet": 0.9861313700675964,
        "minRet": 0.9627737402915955
    },
    "MiniGrid-DoorKey-12x12-custom-diff0.8565023600555897": {
        "meanRet": 0.9516496348381043,
        "maxRet": 0.9766423106193542,
        "minRet": 0.9335766434669495
    }
}