{
    "model": "test12x12_100k_3step_3gen_3curric/epoch_45_curric2_gen2",
    "MiniGrid-DoorKey-6x6-custom-diff0.15": {
        "meanRet": 0.9139999961853027,
        "maxRet": 0.9458333253860474,
        "minRet": 0.887499988079071
    },
    "MiniGrid-DoorKey-8x8-custom-diff0.15": {
        "meanRet": 0.8598333358764648,
        "maxRet": 0.925000011920929,
        "minRet": 0.800000011920929
    },
    "MiniGrid-DoorKey-10x10-custom-diff0.15": {
        "meanRet": 0.8331666660308837,
        "maxRet": 0.9208333492279053,
        "minRet": 0.7458333373069763
    },
    "MiniGrid-DoorKey-12x12-custom-diff0.15": {
        "meanRet": 0.7009999990463257,
        "maxRet": 0.8416666388511658,
        "minRet": 0.5041666626930237
    }
}