{
    "model": "SO_RHEA_2PARA_5GEN_14May\\epoch_6_curric0_gen3",
    "MiniGrid-DoorKey-5x5-custom-diff0": {
        "meanRet": 0.9596799850463867,
        "maxRet": 0.9675999879837036,
        "minRet": 0.9531999826431274
    },
    "MiniGrid-DoorKey-6x6-custom-diff0": {
        "meanRet": 0.9630769078548138,
        "maxRet": 0.9725000262260437,
        "minRet": 0.9574999809265137
    },
    "MiniGrid-DoorKey-8x8-custom-diff0": {
        "meanRet": 0.9673750042915344,
        "maxRet": 0.9775000214576721,
        "minRet": 0.9620312452316284
    },
    "MiniGrid-DoorKey-16x16-custom-diff0": {
        "meanRet": 0.9490585923194885,
        "maxRet": 0.9792578220367432,
        "minRet": 0.9156249761581421
    }
}