{
    "model": "Rhea_Fr2\\epoch_1_curric2_gen3",
    "MiniGrid-DoorKey-5x5-custom-diff0": {
        "meanRet": 0.893800002336502,
        "maxRet": 0.9531999826431274,
        "minRet": 0.848800003528595
    },
    "MiniGrid-DoorKey-6x6-custom-diff0": {
        "meanRet": 0.7814999938011169,
        "maxRet": 0.8999999761581421,
        "minRet": 0.637499988079071
    },
    "MiniGrid-DoorKey-8x8-custom-diff0": {
        "meanRet": 0.6408437490463257,
        "maxRet": 0.9170312285423279,
        "minRet": 0.35593751072883606
    },
    "MiniGrid-DoorKey-16x16-custom-diff0": {
        "meanRet": 0.03982421848922968,
        "maxRet": 0.887499988079071,
        "minRet": 0.0
    }
}