{
    "model": "test12x12_150k_3step_3gen_3curric/epoch_6_curric0_gen1",
    "MiniGrid-DoorKey-6x6-custom-diff0.9563807381558473": {
        "meanRet": 0.9884182834625244,
        "maxRet": 0.9921568632125854,
        "minRet": 0.9849672913551331
    },
    "MiniGrid-DoorKey-8x8-custom-diff0.9563807381558473": {
        "meanRet": 0.9819346261024475,
        "maxRet": 0.9895424842834473,
        "minRet": 0.9771241545677185
    },
    "MiniGrid-DoorKey-10x10-custom-diff0.9563807381558473": {
        "meanRet": 0.9741437745094299,
        "maxRet": 0.9908496737480164,
        "minRet": 0.9647058844566345
    },
    "MiniGrid-DoorKey-12x12-custom-diff0.9563807381558473": {
        "meanRet": 0.9536993336677552,
        "maxRet": 0.9797385334968567,
        "minRet": 0.9346405267715454
    }
}