{
    "model": "test12x12_25k_3step_3gen_3curric/epoch_10_curric2_gen2",
    "MiniGrid-DoorKey-6x6-custom-diff1": {
        "meanRet": 0.9850000005501968,
        "maxRet": 0.9925000071525574,
        "minRet": 0.9775000214576721
    },
    "MiniGrid-DoorKey-8x8-custom-diff1": {
        "meanRet": 0.9785336554050446,
        "maxRet": 0.9906250238418579,
        "minRet": 0.9700000286102295
    },
    "MiniGrid-DoorKey-10x10-custom-diff1": {
        "meanRet": 0.9644749975204467,
        "maxRet": 0.9837499856948853,
        "minRet": 0.9456250071525574
    },
    "MiniGrid-DoorKey-12x12-custom-diff1": {
        "meanRet": 0.9455999994277954,
        "maxRet": 0.9793750047683716,
        "minRet": 0.9150000214576721
    }
}