{
    "model": "test12x12_75k_3step_3gen_3curric/epoch_37_curric0_gen2",
    "MiniGrid-DoorKey-6x6-custom-diff0.15": {
        "meanRet": 0.9293333411216735,
        "maxRet": 0.9541666507720947,
        "minRet": 0.9125000238418579
    },
    "MiniGrid-DoorKey-8x8-custom-diff0.15": {
        "meanRet": 0.8865000009536743,
        "maxRet": 0.9416666626930237,
        "minRet": 0.8541666865348816
    },
    "MiniGrid-DoorKey-10x10-custom-diff0.15": {
        "meanRet": 0.8498333311080932,
        "maxRet": 0.9333333373069763,
        "minRet": 0.8083333373069763
    },
    "MiniGrid-DoorKey-12x12-custom-diff0.15": {
        "meanRet": 0.7500000023841857,
        "maxRet": 0.8583333492279053,
        "minRet": 0.5958333611488342
    }
}