{
    "model": "test12x12_100k_4step_3gen_3curric/epoch_17_curric1_gen3",
    "MiniGrid-DoorKey-6x6-custom-diff0.3796085": {
        "meanRet": 0.96794871268449,
        "maxRet": 0.9835164546966553,
        "minRet": 0.9538461565971375
    },
    "MiniGrid-DoorKey-8x8-custom-diff0.3796085": {
        "meanRet": 0.9371648335456848,
        "maxRet": 0.9719780087471008,
        "minRet": 0.9159340858459473
    },
    "MiniGrid-DoorKey-10x10-custom-diff0.3796085": {
        "meanRet": 0.8914065957069397,
        "maxRet": 0.9489011168479919,
        "minRet": 0.8252747058868408
    },
    "MiniGrid-DoorKey-12x12-custom-diff0.3796085": {
        "meanRet": 0.7985714268684387,
        "maxRet": 0.952197790145874,
        "minRet": 0.6357142925262451
    }
}