{
    "model": "test12x12_100k_3step_3gen_3curric/epoch_46_curric1_gen1",
    "MiniGrid-DoorKey-6x6-custom-diff0.15": {
        "meanRet": 0.9174679448971381,
        "maxRet": 0.9541666507720947,
        "minRet": 0.8791666626930237
    },
    "MiniGrid-DoorKey-8x8-custom-diff0.15": {
        "meanRet": 0.865666663646698,
        "maxRet": 0.925000011920929,
        "minRet": 0.8125
    },
    "MiniGrid-DoorKey-10x10-custom-diff0.15": {
        "meanRet": 0.8288333320617676,
        "maxRet": 0.9166666865348816,
        "minRet": 0.7458333373069763
    },
    "MiniGrid-DoorKey-12x12-custom-diff0.15": {
        "meanRet": 0.7240384610799643,
        "maxRet": 0.875,
        "minRet": 0.5166666507720947
    }
}