{
    "model": "test12x12_50k_3step_3gen_3curric/epoch_49_curric0_gen3",
    "MiniGrid-DoorKey-6x6-custom-diff0.15": {
        "meanRet": 0.9295000076293946,
        "maxRet": 0.949999988079071,
        "minRet": 0.9125000238418579
    },
    "MiniGrid-DoorKey-8x8-custom-diff0.15": {
        "meanRet": 0.8842948721005366,
        "maxRet": 0.9416666626930237,
        "minRet": 0.8458333611488342
    },
    "MiniGrid-DoorKey-10x10-custom-diff0.15": {
        "meanRet": 0.8411666655540466,
        "maxRet": 0.9416666626930237,
        "minRet": 0.7791666388511658
    },
    "MiniGrid-DoorKey-12x12-custom-diff0.15": {
        "meanRet": 0.6984999990463256,
        "maxRet": 0.8416666388511658,
        "minRet": 0.5666666626930237
    }
}