{
    "model": "test12x12_100k_3step_3gen_3curric/epoch_13_curric2_gen3",
    "MiniGrid-DoorKey-6x6-custom-diff0.8220715046045372": {
        "meanRet": 0.9820760798454284,
        "maxRet": 0.9885883331298828,
        "minRet": 0.973372757434845
    },
    "MiniGrid-DoorKey-8x8-custom-diff0.8220715046045372": {
        "meanRet": 0.9736770915985108,
        "maxRet": 0.9855452179908752,
        "minRet": 0.9627218842506409
    },
    "MiniGrid-DoorKey-10x10-custom-diff0.8220715046045372": {
        "meanRet": 0.970086224079132,
        "maxRet": 0.9840236902236938,
        "minRet": 0.9528318047523499
    },
    "MiniGrid-DoorKey-12x12-custom-diff0.8220715046045372": {
        "meanRet": 0.9574877381324768,
        "maxRet": 0.9748943448066711,
        "minRet": 0.9269653558731079
    }
}