{
    "model": "test12x12_50k_3step_3gen_3curric/epoch_8_curric0_gen3",
    "MiniGrid-DoorKey-6x6-custom-diff1": {
        "meanRet": 0.9860500025749207,
        "maxRet": 0.9925000071525574,
        "minRet": 0.9800000190734863
    },
    "MiniGrid-DoorKey-8x8-custom-diff1": {
        "meanRet": 0.9787284526331671,
        "maxRet": 0.9881250262260437,
        "minRet": 0.9693750143051147
    },
    "MiniGrid-DoorKey-10x10-custom-diff1": {
        "meanRet": 0.9691750001907349,
        "maxRet": 0.9850000143051147,
        "minRet": 0.9549999833106995
    },
    "MiniGrid-DoorKey-12x12-custom-diff1": {
        "meanRet": 0.9358500003814697,
        "maxRet": 0.9818750023841858,
        "minRet": 0.9068750143051147
    }
}