{
    "model": "test12x12_75k_3step_3gen_3curric/epoch_9_curric2_gen1",
    "MiniGrid-DoorKey-6x6-custom-diff0.9565023600555896": {
        "meanRet": 0.987267963886261,
        "maxRet": 0.9908496737480164,
        "minRet": 0.9823529124259949
    },
    "MiniGrid-DoorKey-8x8-custom-diff0.9565023600555896": {
        "meanRet": 0.9824283398114718,
        "maxRet": 0.9895424842834473,
        "minRet": 0.9777777791023254
    },
    "MiniGrid-DoorKey-10x10-custom-diff0.9565023600555896": {
        "meanRet": 0.9770195937156677,
        "maxRet": 0.9928104281425476,
        "minRet": 0.9679738283157349
    },
    "MiniGrid-DoorKey-12x12-custom-diff0.9565023600555896": {
        "meanRet": 0.9632776423736855,
        "maxRet": 0.9797385334968567,
        "minRet": 0.9496731758117676
    }
}