{
    "model": "test12x12_75k_3step_3gen_3curric/epoch_12_curric0_gen1",
    "MiniGrid-DoorKey-6x6-custom-diff0.8565023600555897": {
        "meanRet": 0.9867737197875976,
        "maxRet": 0.9927007555961609,
        "minRet": 0.9817517995834351
    },
    "MiniGrid-DoorKey-8x8-custom-diff0.8565023600555897": {
        "meanRet": 0.9786861324310303,
        "maxRet": 0.989051103591919,
        "minRet": 0.9722627997398376
    },
    "MiniGrid-DoorKey-10x10-custom-diff0.8565023600555897": {
        "meanRet": 0.9679416036605835,
        "maxRet": 0.9817517995834351,
        "minRet": 0.9525547623634338
    },
    "MiniGrid-DoorKey-12x12-custom-diff0.8565023600555897": {
        "meanRet": 0.9468905091285705,
        "maxRet": 0.9766423106193542,
        "minRet": 0.9277372360229492
    }
}