{
    "model": "test12x12_50k_3step_3gen_3curric/epoch_25_curric1_gen1",
    "MiniGrid-DoorKey-6x6-custom-diff0.6260602224432589": {
        "meanRet": 0.9817126209919269,
        "maxRet": 0.9880133271217346,
        "minRet": 0.9770255088806152
    },
    "MiniGrid-DoorKey-8x8-custom-diff0.6260602224432589": {
        "meanRet": 0.9730299663543701,
        "maxRet": 0.9830188751220703,
        "minRet": 0.9670366048812866
    },
    "MiniGrid-DoorKey-10x10-custom-diff0.6260602224432589": {
        "meanRet": 0.9596448373794556,
        "maxRet": 0.9770255088806152,
        "minRet": 0.9490566253662109
    },
    "MiniGrid-DoorKey-12x12-custom-diff0.6260602224432589": {
        "meanRet": 0.9380288553237915,
        "maxRet": 0.9580466151237488,
        "minRet": 0.9200887680053711
    }
}