{
    "model": "test12x12_50k_3step_3gen_3curric/epoch_20_curric1_gen3",
    "MiniGrid-DoorKey-6x6-custom-diff0.7510602224432589": {
        "meanRet": 0.9820358638580029,
        "maxRet": 0.9891766905784607,
        "minRet": 0.9758557081222534
    },
    "MiniGrid-DoorKey-8x8-custom-diff0.7510602224432589": {
        "meanRet": 0.973757631778717,
        "maxRet": 0.9866790175437927,
        "minRet": 0.9641998410224915
    },
    "MiniGrid-DoorKey-10x10-custom-diff0.7510602224432589": {
        "meanRet": 0.9615689182281494,
        "maxRet": 0.981683611869812,
        "minRet": 0.9450508952140808
    },
    "MiniGrid-DoorKey-12x12-custom-diff0.7510602224432589": {
        "meanRet": 0.9416207146644592,
        "maxRet": 0.9758557081222534,
        "minRet": 0.9100832343101501
    }
}