{
    "model": "Rhea_mi1\\epoch_4_curric1_gen2",
    "MiniGrid-DoorKey-5x5-custom": {
        "meanRet": 0.9055000245571136,
        "maxRet": 0.9190000295639038,
        "minRet": 0.8920000195503235
    },
    "MiniGrid-DoorKey-6x6-custom": {
        "meanRet": 0.8867636539719321,
        "maxRet": 0.9136000275611877,
        "minRet": 0.8632000088691711
    },
    "MiniGrid-DoorKey-8x8-custom": {
        "meanRet": 0.860499994321303,
        "maxRet": 0.9190000295639038,
        "minRet": 0.8289999961853027
    },
    "MiniGrid-DoorKey-16x16-custom": {
        "meanRet": 0.08853125013411045,
        "maxRet": 0.7300000190734863,
        "minRet": 0.0
    }
}