{
    "model": "test12x12_100k_3step_4gen_3curric/epoch_15_curric2_gen3",
    "MiniGrid-DoorKey-6x6-custom-diff0.76967792277423": {
        "meanRet": 0.9840044493858631,
        "maxRet": 0.9902527332305908,
        "minRet": 0.9796931147575378
    },
    "MiniGrid-DoorKey-8x8-custom-diff0.76967792277423": {
        "meanRet": 0.9770376338408544,
        "maxRet": 0.9853790402412415,
        "minRet": 0.9699458479881287
    },
    "MiniGrid-DoorKey-10x10-custom-diff0.76967792277423": {
        "meanRet": 0.9666967558860778,
        "maxRet": 0.9845668077468872,
        "minRet": 0.9553248882293701
    },
    "MiniGrid-DoorKey-12x12-custom-diff0.76967792277423": {
        "meanRet": 0.9423610067367554,
        "maxRet": 0.974007248878479,
        "minRet": 0.9179602861404419
    }
}