{
    "model": "test12x12_100k_3step_3gen_3curric/epoch_38_curric1_gen1",
    "MiniGrid-DoorKey-6x6-custom-diff0.15": {
        "meanRet": 0.9124999952316284,
        "maxRet": 0.9583333134651184,
        "minRet": 0.887499988079071
    },
    "MiniGrid-DoorKey-8x8-custom-diff0.15": {
        "meanRet": 0.8615000033378601,
        "maxRet": 0.9125000238418579,
        "minRet": 0.8166666626930237
    },
    "MiniGrid-DoorKey-10x10-custom-diff0.15": {
        "meanRet": 0.8384999942779541,
        "maxRet": 0.9041666388511658,
        "minRet": 0.7291666865348816
    },
    "MiniGrid-DoorKey-12x12-custom-diff0.15": {
        "meanRet": 0.7072115357105548,
        "maxRet": 0.8583333492279053,
        "minRet": 0.48750001192092896
    }
}