{
    "model": "test12x12_50k_3step_3gen_3curric/epoch_22_curric1_gen2",
    "MiniGrid-DoorKey-6x6-custom-diff0.7010602224432589": {
        "meanRet": 0.982588701248169,
        "maxRet": 0.9892963171005249,
        "minRet": 0.9768087267875671
    },
    "MiniGrid-DoorKey-8x8-custom-diff0.7010602224432589": {
        "meanRet": 0.9755599617958068,
        "maxRet": 0.9848364591598511,
        "minRet": 0.9678890109062195
    },
    "MiniGrid-DoorKey-10x10-custom-diff0.7010602224432589": {
        "meanRet": 0.9654628372192383,
        "maxRet": 0.9830525517463684,
        "minRet": 0.9518334865570068
    },
    "MiniGrid-DoorKey-12x12-custom-diff0.7010602224432589": {
        "meanRet": 0.9473022818565369,
        "maxRet": 0.9705649018287659,
        "minRet": 0.928642213344574
    }
}