{
    "model": "test12x12_150k_3step_3gen_3curric/epoch_21_curric1_gen3",
    "MiniGrid-DoorKey-6x6-custom-diff0.15": {
        "meanRet": 0.9305000066757202,
        "maxRet": 0.949999988079071,
        "minRet": 0.9083333611488342
    },
    "MiniGrid-DoorKey-8x8-custom-diff0.15": {
        "meanRet": 0.879326928120393,
        "maxRet": 0.9375,
        "minRet": 0.8541666865348816
    },
    "MiniGrid-DoorKey-10x10-custom-diff0.15": {
        "meanRet": 0.8311666679382325,
        "maxRet": 0.9375,
        "minRet": 0.762499988079071
    },
    "MiniGrid-DoorKey-12x12-custom-diff0.15": {
        "meanRet": 0.7393333387374877,
        "maxRet": 0.8541666865348816,
        "minRet": 0.5958333611488342
    }
}