{
    "model": "Rhea_SaRun2\\epoch_7_curric2_gen1",
    "MiniGrid-DoorKey-5x5-custom-diff2": {
        "meanRet": 0.6854591837951115,
        "maxRet": 0.7428571581840515,
        "minRet": 0.6464285850524902
    },
    "MiniGrid-DoorKey-6x6-custom-diff2": {
        "meanRet": 0.7254999935626983,
        "maxRet": 0.7749999761581421,
        "minRet": 0.6850000023841858
    },
    "MiniGrid-DoorKey-8x8-custom-diff2": {
        "meanRet": 0.7544285833835602,
        "maxRet": 0.8071428537368774,
        "minRet": 0.7171428799629211
    },
    "MiniGrid-DoorKey-16x16-custom-diff2": {
        "meanRet": 0.6317021191120148,
        "maxRet": 0.8148936033248901,
        "minRet": 0.41914892196655273
    }
}