{
    "model": "new_25k_7step_4gen_3curric/epoch_2_curric2_gen3",
    "MiniGrid-DoorKey-6x6-custom-diff1": {
        "meanRet": 0.6413249981403351,
        "maxRet": 0.9712499976158142,
        "minRet": 0.29875001311302185
    },
    "MiniGrid-DoorKey-8x8-custom-diff1": {
        "meanRet": 0.03401041651765505,
        "maxRet": 0.715624988079071,
        "minRet": 0.0
    },
    "MiniGrid-DoorKey-10x10-custom-diff1": {
        "meanRet": 0.030208333084980648,
        "maxRet": 0.5881249904632568,
        "minRet": 0.0
    },
    "MiniGrid-DoorKey-12x12-custom-diff1": {
        "meanRet": 0.0,
        "maxRet": 0.0,
        "minRet": 0.0
    }
}