{
    "model": "test12x12_50k_3step_3gen_3curric/epoch_42_curric0_gen3",
    "MiniGrid-DoorKey-6x6-custom-diff0.15": {
        "meanRet": 0.9301666736602783,
        "maxRet": 0.9541666507720947,
        "minRet": 0.9125000238418579
    },
    "MiniGrid-DoorKey-8x8-custom-diff0.15": {
        "meanRet": 0.8733974351332738,
        "maxRet": 0.9416666626930237,
        "minRet": 0.8333333134651184
    },
    "MiniGrid-DoorKey-10x10-custom-diff0.15": {
        "meanRet": 0.7815705102223617,
        "maxRet": 0.9541666507720947,
        "minRet": 0.6875
    },
    "MiniGrid-DoorKey-12x12-custom-diff0.15": {
        "meanRet": 0.6654999995231629,
        "maxRet": 0.8041666746139526,
        "minRet": 0.4416666626930237
    }
}