{
    "model": "test12x12_50k_3step_3gen_3curric/epoch_29_curric0_gen3",
    "MiniGrid-DoorKey-6x6-custom-diff0.5260602224432589": {
        "meanRet": 0.9765548229217529,
        "maxRet": 0.985733151435852,
        "minRet": 0.9655218124389648
    },
    "MiniGrid-DoorKey-8x8-custom-diff0.5260602224432589": {
        "meanRet": 0.9629062104225159,
        "maxRet": 0.9833553433418274,
        "minRet": 0.9488771557807922
    },
    "MiniGrid-DoorKey-10x10-custom-diff0.5260602224432589": {
        "meanRet": 0.9498282623291016,
        "maxRet": 0.9750330448150635,
        "minRet": 0.9310435652732849
    },
    "MiniGrid-DoorKey-12x12-custom-diff0.5260602224432589": {
        "meanRet": 0.9257648634910584,
        "maxRet": 0.9631440043449402,
        "minRet": 0.8977543115615845
    }
}