{
    "model": "test12x12_100k_3step_4gen_3curric/epoch_7_curric1_gen3",
    "MiniGrid-DoorKey-6x6-custom-diff0.96967792277423": {
        "meanRet": 0.9877507136418269,
        "maxRet": 0.9922636151313782,
        "minRet": 0.9825931191444397
    },
    "MiniGrid-DoorKey-8x8-custom-diff0.96967792277423": {
        "meanRet": 0.9811232113838195,
        "maxRet": 0.9896848201751709,
        "minRet": 0.9761461615562439
    },
    "MiniGrid-DoorKey-10x10-custom-diff0.96967792277423": {
        "meanRet": 0.9731031513214111,
        "maxRet": 0.9832378029823303,
        "minRet": 0.9638968706130981
    },
    "MiniGrid-DoorKey-12x12-custom-diff0.96967792277423": {
        "meanRet": 0.9529885363578796,
        "maxRet": 0.9819484353065491,
        "minRet": 0.9419770836830139
    }
}