{
    "model": "test12x12_25k_3step_3gen_3curric/epoch_23_curric0_gen3",
    "MiniGrid-DoorKey-6x6-custom-diff0.8569142875744653": {
        "meanRet": 0.985868616104126,
        "maxRet": 0.9912408590316772,
        "minRet": 0.9817517995834351
    },
    "MiniGrid-DoorKey-8x8-custom-diff0.8569142875744653": {
        "meanRet": 0.9797080278396606,
        "maxRet": 0.989051103591919,
        "minRet": 0.974452555179596
    },
    "MiniGrid-DoorKey-10x10-custom-diff0.8569142875744653": {
        "meanRet": 0.9694014596939087,
        "maxRet": 0.9912408590316772,
        "minRet": 0.9591240882873535
    },
    "MiniGrid-DoorKey-12x12-custom-diff0.8569142875744653": {
        "meanRet": 0.9576934289932251,
        "maxRet": 0.9773722887039185,
        "minRet": 0.9416058659553528
    }
}