{
    "model": "SO_RHEA_2PARA_5GEN_14May\\epoch_8_curric0_gen4",
    "MiniGrid-DoorKey-5x5-custom-diff1": {
        "meanRet": 0.877439022064209,
        "maxRet": 0.9012194871902466,
        "minRet": 0.8573170900344849
    },
    "MiniGrid-DoorKey-6x6-custom-diff1": {
        "meanRet": 0.8910924196243286,
        "maxRet": 0.916806697845459,
        "minRet": 0.8714285492897034
    },
    "MiniGrid-DoorKey-8x8-custom-diff1": {
        "meanRet": 0.8954976201057434,
        "maxRet": 0.9274881482124329,
        "minRet": 0.8720378875732422
    },
    "MiniGrid-DoorKey-16x16-custom-diff1": {
        "meanRet": 0.8362958550453186,
        "maxRet": 0.905207097530365,
        "minRet": 0.7805917263031006
    }
}