{
    "model": "test12x12_50k_3step_3gen_3curric/epoch_4_curric1_gen2",
    "MiniGrid-DoorKey-6x6-custom-diff1": {
        "meanRet": 0.9677499961853028,
        "maxRet": 0.9912499785423279,
        "minRet": 0.9512500166893005
    },
    "MiniGrid-DoorKey-8x8-custom-diff1": {
        "meanRet": 0.9051999974250794,
        "maxRet": 0.984375,
        "minRet": 0.8131250143051147
    },
    "MiniGrid-DoorKey-10x10-custom-diff1": {
        "meanRet": 0.7809500002861023,
        "maxRet": 0.9462500214576721,
        "minRet": 0.46187499165534973
    },
    "MiniGrid-DoorKey-12x12-custom-diff1": {
        "meanRet": 0.569125000834465,
        "maxRet": 0.8899999856948853,
        "minRet": 0.22187499701976776
    }
}