{
    "model": "test12x12_75k_3step_3gen_3curric/epoch_34_curric2_gen3",
    "MiniGrid-DoorKey-6x6-custom-diff0.15": {
        "meanRet": 0.9178333353996276,
        "maxRet": 0.949999988079071,
        "minRet": 0.8833333253860474
    },
    "MiniGrid-DoorKey-8x8-custom-diff0.15": {
        "meanRet": 0.8583333325386048,
        "maxRet": 0.9291666746139526,
        "minRet": 0.8083333373069763
    },
    "MiniGrid-DoorKey-10x10-custom-diff0.15": {
        "meanRet": 0.8163333296775818,
        "maxRet": 0.9125000238418579,
        "minRet": 0.7250000238418579
    },
    "MiniGrid-DoorKey-12x12-custom-diff0.15": {
        "meanRet": 0.7191666650772095,
        "maxRet": 0.8583333492279053,
        "minRet": 0.550000011920929
    }
}