{
    "model": "test12x12_100k_3step_4gen_3curric/epoch_26_curric1_gen4",
    "MiniGrid-DoorKey-6x6-custom-diff0.15": {
        "meanRet": 0.9225308696428934,
        "maxRet": 0.949999988079071,
        "minRet": 0.8916666507720947
    },
    "MiniGrid-DoorKey-8x8-custom-diff0.15": {
        "meanRet": 0.8683333301544189,
        "maxRet": 0.9333333373069763,
        "minRet": 0.8208333253860474
    },
    "MiniGrid-DoorKey-10x10-custom-diff0.15": {
        "meanRet": 0.7999999976158142,
        "maxRet": 0.9291666746139526,
        "minRet": 0.7124999761581421
    },
    "MiniGrid-DoorKey-12x12-custom-diff0.15": {
        "meanRet": 0.7048333382606506,
        "maxRet": 0.8708333373069763,
        "minRet": 0.5791666507720947
    }
}