{
    "model": "test12x12_75k_3step_3gen_3curric/epoch_48_curric2_gen1",
    "MiniGrid-DoorKey-6x6-custom-diff0.15": {
        "meanRet": 0.9044871788758498,
        "maxRet": 0.949999988079071,
        "minRet": 0.8708333373069763
    },
    "MiniGrid-DoorKey-8x8-custom-diff0.15": {
        "meanRet": 0.8224358948377463,
        "maxRet": 0.8999999761581421,
        "minRet": 0.7749999761581421
    },
    "MiniGrid-DoorKey-10x10-custom-diff0.15": {
        "meanRet": 0.7816666650772095,
        "maxRet": 0.9166666865348816,
        "minRet": 0.7083333134651184
    },
    "MiniGrid-DoorKey-12x12-custom-diff0.15": {
        "meanRet": 0.5805000078678131,
        "maxRet": 0.8458333611488342,
        "minRet": 0.3708333373069763
    }
}