{
    "model": "test12x12_100k_4step_3gen_3curric/epoch_21_curric0_gen2",
    "MiniGrid-DoorKey-6x6-custom-diff0.1748105000000001": {
        "meanRet": 0.8126852607727051,
        "maxRet": 0.921115517616272,
        "minRet": 0.6737051606178284
    },
    "MiniGrid-DoorKey-8x8-custom-diff0.1748105000000001": {
        "meanRet": 0.20823107689619064,
        "maxRet": 0.8852589726448059,
        "minRet": 0.0
    },
    "MiniGrid-DoorKey-10x10-custom-diff0.1748105000000001": {
        "meanRet": 0.04501162034769853,
        "maxRet": 0.7382470369338989,
        "minRet": 0.0
    },
    "MiniGrid-DoorKey-12x12-custom-diff0.1748105000000001": {
        "meanRet": 0.006416002909342448,
        "maxRet": 0.3079681396484375,
        "minRet": 0.0
    }
}