{
    "model": "test12x12_100k_3step_4gen_3curric/epoch_28_curric1_gen2",
    "MiniGrid-DoorKey-6x6-custom-diff0.15": {
        "meanRet": 0.9216666674613953,
        "maxRet": 0.949999988079071,
        "minRet": 0.8999999761581421
    },
    "MiniGrid-DoorKey-8x8-custom-diff0.15": {
        "meanRet": 0.8735000014305114,
        "maxRet": 0.9208333492279053,
        "minRet": 0.824999988079071
    },
    "MiniGrid-DoorKey-10x10-custom-diff0.15": {
        "meanRet": 0.8036666703224182,
        "maxRet": 0.9166666865348816,
        "minRet": 0.7333333492279053
    },
    "MiniGrid-DoorKey-12x12-custom-diff0.15": {
        "meanRet": 0.6863782039055457,
        "maxRet": 0.8374999761581421,
        "minRet": 0.5333333611488342
    }
}