{
    "model": "test12x12_25k_3step_3gen_3curric/epoch_14_curric1_gen2",
    "MiniGrid-DoorKey-6x6-custom-diff1": {
        "meanRet": 0.9876750040054322,
        "maxRet": 0.9925000071525574,
        "minRet": 0.9837499856948853
    },
    "MiniGrid-DoorKey-8x8-custom-diff1": {
        "meanRet": 0.9806250047683716,
        "maxRet": 0.9893749952316284,
        "minRet": 0.9737499952316284
    },
    "MiniGrid-DoorKey-10x10-custom-diff1": {
        "meanRet": 0.9645999979972839,
        "maxRet": 0.984375,
        "minRet": 0.9506250023841858
    },
    "MiniGrid-DoorKey-12x12-custom-diff1": {
        "meanRet": 0.9555750012397766,
        "maxRet": 0.9800000190734863,
        "minRet": 0.9275000095367432
    }
}