{
    "model": "test12x12_100k_3step_3gen_3curric/epoch_43_curric1_gen2",
    "MiniGrid-DoorKey-6x6-custom-diff0.15": {
        "meanRet": 0.9201666712760925,
        "maxRet": 0.9458333253860474,
        "minRet": 0.8916666507720947
    },
    "MiniGrid-DoorKey-8x8-custom-diff0.15": {
        "meanRet": 0.8683333325386048,
        "maxRet": 0.9333333373069763,
        "minRet": 0.8166666626930237
    },
    "MiniGrid-DoorKey-10x10-custom-diff0.15": {
        "meanRet": 0.8157051274409661,
        "maxRet": 0.925000011920929,
        "minRet": 0.7166666388511658
    },
    "MiniGrid-DoorKey-12x12-custom-diff0.15": {
        "meanRet": 0.7109999966621399,
        "maxRet": 0.8583333492279053,
        "minRet": 0.5166666507720947
    }
}