{
    "model": "test12x12_100k_3step_3gen_3curric/epoch_35_curric2_gen3",
    "MiniGrid-DoorKey-6x6-custom-diff0.15": {
        "meanRet": 0.9089743563762078,
        "maxRet": 0.9375,
        "minRet": 0.8708333373069763
    },
    "MiniGrid-DoorKey-8x8-custom-diff0.15": {
        "meanRet": 0.8354999995231629,
        "maxRet": 0.9208333492279053,
        "minRet": 0.7666666507720947
    },
    "MiniGrid-DoorKey-10x10-custom-diff0.15": {
        "meanRet": 0.8008333325386048,
        "maxRet": 0.925000011920929,
        "minRet": 0.6625000238418579
    },
    "MiniGrid-DoorKey-12x12-custom-diff0.15": {
        "meanRet": 0.6754807761082282,
        "maxRet": 0.875,
        "minRet": 0.34166666865348816
    }
}