{
    "model": "test12x12_75k_3step_3gen_3curric/epoch_14_curric0_gen3",
    "MiniGrid-DoorKey-6x6-custom-diff0.8065023600555896": {
        "meanRet": 0.9865426349639893,
        "maxRet": 0.9906976819038391,
        "minRet": 0.9829457402229309
    },
    "MiniGrid-DoorKey-8x8-custom-diff0.8065023600555896": {
        "meanRet": 0.977953486442566,
        "maxRet": 0.9883720874786377,
        "minRet": 0.9728682041168213
    },
    "MiniGrid-DoorKey-10x10-custom-diff0.8065023600555896": {
        "meanRet": 0.9677829480171204,
        "maxRet": 0.9883720874786377,
        "minRet": 0.9527131915092468
    },
    "MiniGrid-DoorKey-12x12-custom-diff0.8065023600555896": {
        "meanRet": 0.9468527102470398,
        "maxRet": 0.9790697693824768,
        "minRet": 0.9209302067756653
    }
}