{
    "model": "Mo_Rhea1\\epoch_6_curric0_gen3",
    "MiniGrid-DoorKey-5x5-custom-diff2": {
        "meanRet": 0.6464285579594699,
        "maxRet": 0.6785714030265808,
        "minRet": 0.5821428298950195
    },
    "MiniGrid-DoorKey-6x6-custom-diff2": {
        "meanRet": 0.668636370788921,
        "maxRet": 0.7524999976158142,
        "minRet": 0.5950000286102295
    },
    "MiniGrid-DoorKey-8x8-custom-diff2": {
        "meanRet": 0.6888571321964264,
        "maxRet": 0.7685714364051819,
        "minRet": 0.6399999856948853
    },
    "MiniGrid-DoorKey-16x16-custom-diff2": {
        "meanRet": 0.4555319115519524,
        "maxRet": 0.7829787135124207,
        "minRet": 0.15744680166244507
    }
}