{
    "model": "test12x12_50k_3step_3gen_3curric/epoch_40_curric2_gen3",
    "MiniGrid-DoorKey-6x6-custom-diff0.17174750000000005": {
        "meanRet": 0.9312064790725708,
        "maxRet": 0.9635627269744873,
        "minRet": 0.9052631855010986
    },
    "MiniGrid-DoorKey-8x8-custom-diff0.17174750000000005": {
        "meanRet": 0.9017595809239608,
        "maxRet": 0.9453441500663757,
        "minRet": 0.8761133551597595
    },
    "MiniGrid-DoorKey-10x10-custom-diff0.17174750000000005": {
        "meanRet": 0.8673414345140811,
        "maxRet": 0.9562752842903137,
        "minRet": 0.8105263113975525
    },
    "MiniGrid-DoorKey-12x12-custom-diff0.17174750000000005": {
        "meanRet": 0.8106720662117004,
        "maxRet": 0.9016194343566895,
        "minRet": 0.7449392676353455
    }
}