{
    "model": "test12x12_100k_4step_3gen_3curric/epoch_12_curric0_gen2",
    "MiniGrid-DoorKey-6x6-custom-diff0.635606": {
        "meanRet": 0.21656059079310475,
        "maxRet": 0.9724590182304382,
        "minRet": 0.0
    },
    "MiniGrid-DoorKey-8x8-custom-diff0.635606": {
        "meanRet": 0.015006829984486103,
        "maxRet": 0.5259016156196594,
        "minRet": 0.0
    },
    "MiniGrid-DoorKey-10x10-custom-diff0.635606": {
        "meanRet": 0.0030054645612835884,
        "maxRet": 0.14426229894161224,
        "minRet": 0.0
    },
    "MiniGrid-DoorKey-12x12-custom-diff0.635606": {
        "meanRet": 0.0,
        "maxRet": 0.0,
        "minRet": 0.0
    }
}