{
    "model": "SO_RHEA_2PARA_5GEN_14May\\epoch_8_curric2_gen4",
    "MiniGrid-DoorKey-5x5-custom-diff1": {
        "meanRet": 0.8802660703659058,
        "maxRet": 0.9012194871902466,
        "minRet": 0.8573170900344849
    },
    "MiniGrid-DoorKey-6x6-custom-diff1": {
        "meanRet": 0.8926050364971161,
        "maxRet": 0.916806697845459,
        "minRet": 0.8714285492897034
    },
    "MiniGrid-DoorKey-8x8-custom-diff1": {
        "meanRet": 0.8994075854619344,
        "maxRet": 0.9445497393608093,
        "minRet": 0.8805687427520752
    },
    "MiniGrid-DoorKey-16x16-custom-diff1": {
        "meanRet": 0.8732544302940368,
        "maxRet": 0.944615364074707,
        "minRet": 0.8114792704582214
    }
}