{
    "model": "test12x12_100k_4step_3gen_3curric/epoch_2_curric1_gen2",
    "MiniGrid-DoorKey-6x6-custom-diff1": {
        "meanRet": 0.9869230779317709,
        "maxRet": 0.9918749928474426,
        "minRet": 0.9818750023841858
    },
    "MiniGrid-DoorKey-8x8-custom-diff1": {
        "meanRet": 0.9748999977111816,
        "maxRet": 0.9881250262260437,
        "minRet": 0.9643750190734863
    },
    "MiniGrid-DoorKey-10x10-custom-diff1": {
        "meanRet": 0.9680000019073486,
        "maxRet": 0.981249988079071,
        "minRet": 0.9481250047683716
    },
    "MiniGrid-DoorKey-12x12-custom-diff1": {
        "meanRet": 0.9381249928474427,
        "maxRet": 0.9737499952316284,
        "minRet": 0.8806250095367432
    }
}