{
    "model": "test12x12_75k_3step_3gen_3curric/epoch_19_curric2_gen1",
    "MiniGrid-DoorKey-6x6-custom-diff0.6815023600555896": {
        "meanRet": 0.9810615863118853,
        "maxRet": 0.9871559739112854,
        "minRet": 0.9770641922950745
    },
    "MiniGrid-DoorKey-8x8-custom-diff0.6815023600555896": {
        "meanRet": 0.9726605534553527,
        "maxRet": 0.9853211045265198,
        "minRet": 0.963302731513977
    },
    "MiniGrid-DoorKey-10x10-custom-diff0.6815023600555896": {
        "meanRet": 0.9634438959451822,
        "maxRet": 0.9825688004493713,
        "minRet": 0.947706401348114
    },
    "MiniGrid-DoorKey-12x12-custom-diff0.6815023600555896": {
        "meanRet": 0.9423486280441284,
        "maxRet": 0.9669724702835083,
        "minRet": 0.9165137410163879
    }
}