{
    "model": "Rhea_Fr2\\epoch_1_curric3_gen3",
    "MiniGrid-DoorKey-5x5-custom-diff0": {
        "meanRet": 0.8815600097179412,
        "maxRet": 0.9531999826431274,
        "minRet": 0.8379999995231628
    },
    "MiniGrid-DoorKey-6x6-custom-diff0": {
        "meanRet": 0.78575000166893,
        "maxRet": 0.9075000286102295,
        "minRet": 0.637499988079071
    },
    "MiniGrid-DoorKey-8x8-custom-diff0": {
        "meanRet": 0.6293125092983246,
        "maxRet": 0.7890625,
        "minRet": 0.5204687714576721
    },
    "MiniGrid-DoorKey-16x16-custom-diff0": {
        "meanRet": 0.05960327014327049,
        "maxRet": 0.6048437356948853,
        "minRet": 0.0
    }
}