{
    "model": "test12x12_100k_3step_3gen_3curric/epoch_39_curric0_gen2",
    "MiniGrid-DoorKey-6x6-custom-diff0.15": {
        "meanRet": 0.9098333358764649,
        "maxRet": 0.9458333253860474,
        "minRet": 0.8583333492279053
    },
    "MiniGrid-DoorKey-8x8-custom-diff0.15": {
        "meanRet": 0.8490000033378601,
        "maxRet": 0.9333333373069763,
        "minRet": 0.7833333611488342
    },
    "MiniGrid-DoorKey-10x10-custom-diff0.15": {
        "meanRet": 0.8113333344459533,
        "maxRet": 0.9208333492279053,
        "minRet": 0.6958333253860474
    },
    "MiniGrid-DoorKey-12x12-custom-diff0.15": {
        "meanRet": 0.7288461533876566,
        "maxRet": 0.875,
        "minRet": 0.5541666746139526
    }
}