{
    "model": "test12x12_50k_3step_3gen_3curric/epoch_24_curric2_gen1",
    "MiniGrid-DoorKey-6x6-custom-diff0.6510602224432589": {
        "meanRet": 0.9807897519182276,
        "maxRet": 0.9875133633613586,
        "minRet": 0.9750266671180725
    },
    "MiniGrid-DoorKey-8x8-custom-diff0.6510602224432589": {
        "meanRet": 0.97487300157547,
        "maxRet": 0.9836713075637817,
        "minRet": 0.9663820862770081
    },
    "MiniGrid-DoorKey-10x10-custom-diff0.6510602224432589": {
        "meanRet": 0.9602865072397085,
        "maxRet": 0.9807897806167603,
        "minRet": 0.9490928649902344
    },
    "MiniGrid-DoorKey-12x12-custom-diff0.6510602224432589": {
        "meanRet": 0.9390813524906452,
        "maxRet": 0.9759871959686279,
        "minRet": 0.9077908396720886
    }
}