{
    "model": "test12x12_50k_3step_3gen_3curric/epoch_44_curric2_gen2",
    "MiniGrid-DoorKey-6x6-custom-diff0.15": {
        "meanRet": 0.9235576964341677,
        "maxRet": 0.949999988079071,
        "minRet": 0.9041666388511658
    },
    "MiniGrid-DoorKey-8x8-custom-diff0.15": {
        "meanRet": 0.8871794893191411,
        "maxRet": 0.9375,
        "minRet": 0.8458333611488342
    },
    "MiniGrid-DoorKey-10x10-custom-diff0.15": {
        "meanRet": 0.8356666684150695,
        "maxRet": 0.949999988079071,
        "minRet": 0.7749999761581421
    },
    "MiniGrid-DoorKey-12x12-custom-diff0.15": {
        "meanRet": 0.7308333349227906,
        "maxRet": 0.8791666626930237,
        "minRet": 0.6291666626930237
    }
}