{
    "model": "test12x12_75k_3step_3gen_3curric/epoch_10_curric0_gen1",
    "MiniGrid-DoorKey-6x6-custom-diff0.9315023600555896": {
        "meanRet": 0.9865771774892453,
        "maxRet": 0.991946280002594,
        "minRet": 0.982550323009491
    },
    "MiniGrid-DoorKey-8x8-custom-diff0.9315023600555896": {
        "meanRet": 0.979570472240448,
        "maxRet": 0.9872483015060425,
        "minRet": 0.9738255143165588
    },
    "MiniGrid-DoorKey-10x10-custom-diff0.9315023600555896": {
        "meanRet": 0.9693959736824036,
        "maxRet": 0.9832214713096619,
        "minRet": 0.9557046890258789
    },
    "MiniGrid-DoorKey-12x12-custom-diff0.9315023600555896": {
        "meanRet": 0.9476510071754456,
        "maxRet": 0.9671140909194946,
        "minRet": 0.9208053946495056
    }
}