{
    "model": "test12x12_50k_3step_3gen_3curric/epoch_31_curric2_gen2",
    "MiniGrid-DoorKey-6x6-custom-diff0.47606022244325885": {
        "meanRet": 0.9767041000036093,
        "maxRet": 0.984233558177948,
        "minRet": 0.9710949063301086
    },
    "MiniGrid-DoorKey-8x8-custom-diff0.47606022244325885": {
        "meanRet": 0.962108027935028,
        "maxRet": 0.9802919626235962,
        "minRet": 0.9540145993232727
    },
    "MiniGrid-DoorKey-10x10-custom-diff0.47606022244325885": {
        "meanRet": 0.9492321181297302,
        "maxRet": 0.9802919626235962,
        "minRet": 0.9290511012077332
    },
    "MiniGrid-DoorKey-12x12-custom-diff0.47606022244325885": {
        "meanRet": 0.9132341329868023,
        "maxRet": 0.9540145993232727,
        "minRet": 0.8672992587089539
    }
}