{
    "model": "test12x12_100k_3step_4gen_3curric/epoch_9_curric0_gen2",
    "MiniGrid-DoorKey-6x6-custom-diff0.91967792277423": {
        "meanRet": 0.9855991911005091,
        "maxRet": 0.9932023882865906,
        "minRet": 0.9809667468070984
    },
    "MiniGrid-DoorKey-8x8-custom-diff0.91967792277423": {
        "meanRet": 0.9777311205863952,
        "maxRet": 0.9843655824661255,
        "minRet": 0.9707704186439514
    },
    "MiniGrid-DoorKey-10x10-custom-diff0.91967792277423": {
        "meanRet": 0.9705256772041321,
        "maxRet": 0.9823262691497803,
        "minRet": 0.9598942399024963
    },
    "MiniGrid-DoorKey-12x12-custom-diff0.91967792277423": {
        "meanRet": 0.960709969997406,
        "maxRet": 0.985045313835144,
        "minRet": 0.9361027479171753
    }
}