{
    "model": "MI_RHEA_PARA_ENV_2_first\\epoch_5_curric0_gen2",
    "MiniGrid-DoorKey-5x5-custom-diff1": {
        "meanRet": 0.859512197971344,
        "maxRet": 0.8902438879013062,
        "minRet": 0.8353658318519592
    },
    "MiniGrid-DoorKey-6x6-custom-diff1": {
        "meanRet": 0.8618028976700522,
        "maxRet": 0.916806697845459,
        "minRet": 0.8336134552955627
    },
    "MiniGrid-DoorKey-8x8-custom-diff1": {
        "meanRet": 0.8615682883696123,
        "maxRet": 0.9189573526382446,
        "minRet": 0.8379147052764893
    },
    "MiniGrid-DoorKey-16x16-custom-diff1": {
        "meanRet": 0.7315976202487946,
        "maxRet": 0.8977514505386353,
        "minRet": 0.5888757109642029
    }
}