{
    "model": "test12x12_150k_3step_3gen_3curric/epoch_28_curric1_gen2",
    "MiniGrid-DoorKey-6x6-custom-diff0.15": {
        "meanRet": 0.9328333377838135,
        "maxRet": 0.9583333134651184,
        "minRet": 0.9166666865348816
    },
    "MiniGrid-DoorKey-8x8-custom-diff0.15": {
        "meanRet": 0.888500006198883,
        "maxRet": 0.949999988079071,
        "minRet": 0.8541666865348816
    },
    "MiniGrid-DoorKey-10x10-custom-diff0.15": {
        "meanRet": 0.8211538470708407,
        "maxRet": 0.9375,
        "minRet": 0.75
    },
    "MiniGrid-DoorKey-12x12-custom-diff0.15": {
        "meanRet": 0.7314999961853027,
        "maxRet": 0.8583333492279053,
        "minRet": 0.6541666388511658
    }
}