{
    "model": "Mo_Rhea1\\epoch_5_curric0_gen2",
    "MiniGrid-DoorKey-5x5-custom-diff2": {
        "meanRet": 0.6835164840404804,
        "maxRet": 0.7428571581840515,
        "minRet": 0.6464285850524902
    },
    "MiniGrid-DoorKey-6x6-custom-diff2": {
        "meanRet": 0.705454555424777,
        "maxRet": 0.7749999761581421,
        "minRet": 0.6625000238418579
    },
    "MiniGrid-DoorKey-8x8-custom-diff2": {
        "meanRet": 0.6759999990463257,
        "maxRet": 0.8199999928474426,
        "minRet": 0.550000011920929
    },
    "MiniGrid-DoorKey-16x16-custom-diff2": {
        "meanRet": 0.08231382956728339,
        "maxRet": 0.585106372833252,
        "minRet": 0.0
    }
}