{
    "model": "test12x12_50k_3step_3gen_3curric/epoch_1_curric0_gen1",
    "MiniGrid-DoorKey-6x6-custom-diff1.0": {
        "meanRet": 0.06812500022351742,
        "maxRet": 0.9325000047683716,
        "minRet": 0.0
    },
    "MiniGrid-DoorKey-8x8-custom-diff1.0": {
        "meanRet": 0.007737630357344945,
        "maxRet": 0.3714062571525574,
        "minRet": 0.0
    },
    "MiniGrid-DoorKey-10x10-custom-diff1.0": {
        "meanRet": 0.0036208334689339003,
        "maxRet": 0.1738000065088272,
        "minRet": 0.0
    },
    "MiniGrid-DoorKey-12x12-custom-diff1.0": {
        "meanRet": 0.011236979315678278,
        "maxRet": 0.5393750071525574,
        "minRet": 0.0
    }
}