{
    "model": "SO_RHEA_2PARA_5GEN_14May\\epoch_7_curric1_gen2",
    "MiniGrid-DoorKey-5x5-custom-diff2": {
        "meanRet": 0.7203571438789368,
        "maxRet": 0.7428571581840515,
        "minRet": 0.7107142806053162
    },
    "MiniGrid-DoorKey-6x6-custom-diff2": {
        "meanRet": 0.6868750105301539,
        "maxRet": 0.7975000143051147,
        "minRet": 0.5950000286102295
    },
    "MiniGrid-DoorKey-8x8-custom-diff2": {
        "meanRet": 0.7081428527832031,
        "maxRet": 0.7814285755157471,
        "minRet": 0.6528571248054504
    },
    "MiniGrid-DoorKey-16x16-custom-diff2": {
        "meanRet": 0.6435106307268142,
        "maxRet": 0.7957446575164795,
        "minRet": 0.46382978558540344
    }
}