{
    "model": "test12x12_150k_3step_3gen_3curric/epoch_20_curric1_gen3",
    "MiniGrid-DoorKey-6x6-custom-diff0.15": {
        "meanRet": 0.9286859058416806,
        "maxRet": 0.949999988079071,
        "minRet": 0.9083333611488342
    },
    "MiniGrid-DoorKey-8x8-custom-diff0.15": {
        "meanRet": 0.8751543252556412,
        "maxRet": 0.925000011920929,
        "minRet": 0.8458333611488342
    },
    "MiniGrid-DoorKey-10x10-custom-diff0.15": {
        "meanRet": 0.8189999985694886,
        "maxRet": 0.9083333611488342,
        "minRet": 0.7583333253860474
    },
    "MiniGrid-DoorKey-12x12-custom-diff0.15": {
        "meanRet": 0.7418333315849304,
        "maxRet": 0.8833333253860474,
        "minRet": 0.6666666865348816
    }
}