{
    "model": "test12x12_100k_3step_3gen_3curric/epoch_41_curric1_gen2",
    "MiniGrid-DoorKey-6x6-custom-diff0.15": {
        "meanRet": 0.9160256385803223,
        "maxRet": 0.9458333253860474,
        "minRet": 0.887499988079071
    },
    "MiniGrid-DoorKey-8x8-custom-diff0.15": {
        "meanRet": 0.8575000023841858,
        "maxRet": 0.9333333373069763,
        "minRet": 0.7875000238418579
    },
    "MiniGrid-DoorKey-10x10-custom-diff0.15": {
        "meanRet": 0.8108333349227905,
        "maxRet": 0.9375,
        "minRet": 0.7041666507720947
    },
    "MiniGrid-DoorKey-12x12-custom-diff0.15": {
        "meanRet": 0.735666663646698,
        "maxRet": 0.8374999761581421,
        "minRet": 0.5333333611488342
    }
}