{
    "model": "test12x12_50k_3step_3gen_3curric/epoch_7_curric0_gen1",
    "MiniGrid-DoorKey-6x6-custom-diff1": {
        "meanRet": 0.9885249996185302,
        "maxRet": 0.9937499761581421,
        "minRet": 0.9837499856948853
    },
    "MiniGrid-DoorKey-8x8-custom-diff1": {
        "meanRet": 0.9814499950408936,
        "maxRet": 0.9893749952316284,
        "minRet": 0.9762499928474426
    },
    "MiniGrid-DoorKey-10x10-custom-diff1": {
        "meanRet": 0.9699500012397766,
        "maxRet": 0.9818750023841858,
        "minRet": 0.953125
    },
    "MiniGrid-DoorKey-12x12-custom-diff1": {
        "meanRet": 0.9425750017166138,
        "maxRet": 0.9731249809265137,
        "minRet": 0.9131249785423279
    }
}