{
    "model": "Rhea_mi1\\epoch_4_curric2_gen3",
    "MiniGrid-DoorKey-5x5-custom": {
        "meanRet": 0.8920000195503235,
        "maxRet": 0.9190000295639038,
        "minRet": 0.8650000095367432
    },
    "MiniGrid-DoorKey-6x6-custom": {
        "meanRet": 0.8905600130558013,
        "maxRet": 0.920799970626831,
        "minRet": 0.8776000142097473
    },
    "MiniGrid-DoorKey-8x8-custom": {
        "meanRet": 0.8528500020503997,
        "maxRet": 0.9190000295639038,
        "minRet": 0.8335000276565552
    },
    "MiniGrid-DoorKey-16x16-custom": {
        "meanRet": 0.4293999969959259,
        "maxRet": 0.625,
        "minRet": 0.21699999272823334
    }
}