{
    "model": "test12x12_25k_3step_3gen_3curric/epoch_10_curric0_gen1",
    "MiniGrid-DoorKey-6x6-custom-diff1": {
        "meanRet": 0.9871750068664551,
        "maxRet": 0.9925000071525574,
        "minRet": 0.9837499856948853
    },
    "MiniGrid-DoorKey-8x8-custom-diff1": {
        "meanRet": 0.9808249998092652,
        "maxRet": 0.9912499785423279,
        "minRet": 0.9725000262260437
    },
    "MiniGrid-DoorKey-10x10-custom-diff1": {
        "meanRet": 0.965525004863739,
        "maxRet": 0.9856250286102295,
        "minRet": 0.9456250071525574
    },
    "MiniGrid-DoorKey-12x12-custom-diff1": {
        "meanRet": 0.9456944399409823,
        "maxRet": 0.9762499928474426,
        "minRet": 0.9075000286102295
    }
}