{
    "model": "SO_RHEA_2PARA_5GEN_14May\\epoch_4_curric1_gen2",
    "MiniGrid-DoorKey-5x5-custom-diff2": {
        "meanRet": 0.699999988079071,
        "maxRet": 0.7428571581840515,
        "minRet": 0.6785714030265808
    },
    "MiniGrid-DoorKey-6x6-custom-diff2": {
        "meanRet": 0.7277499914169312,
        "maxRet": 0.8199999928474426,
        "minRet": 0.6850000023841858
    },
    "MiniGrid-DoorKey-8x8-custom-diff2": {
        "meanRet": 0.7299999973990701,
        "maxRet": 0.8199999928474426,
        "minRet": 0.6785714030265808
    },
    "MiniGrid-DoorKey-16x16-custom-diff2": {
        "meanRet": 0.5589361667633057,
        "maxRet": 0.8308510780334473,
        "minRet": 0.3361702263355255
    }
}