{
    "model": "test12x12_100k_3step_3gen_3curric/epoch_22_curric2_gen2",
    "MiniGrid-DoorKey-6x6-custom-diff0.1748105000000001": {
        "meanRet": 0.921115538248649,
        "maxRet": 0.9498007893562317,
        "minRet": 0.8745020031929016
    },
    "MiniGrid-DoorKey-8x8-custom-diff0.1748105000000001": {
        "meanRet": 0.8614502024650573,
        "maxRet": 0.9354581832885742,
        "minRet": 0.8063744902610779
    },
    "MiniGrid-DoorKey-10x10-custom-diff0.1748105000000001": {
        "meanRet": 0.785721116065979,
        "maxRet": 0.9426294565200806,
        "minRet": 0.6808764934539795
    },
    "MiniGrid-DoorKey-12x12-custom-diff0.1748105000000001": {
        "meanRet": 0.7002390480041504,
        "maxRet": 0.8745020031929016,
        "minRet": 0.43705180287361145
    }
}