{
    "model": "test12x12_50k_3step_3gen_3curric/epoch_46_curric1_gen3",
    "MiniGrid-DoorKey-6x6-custom-diff0.15": {
        "meanRet": 0.9230769230769231,
        "maxRet": 0.9583333134651184,
        "minRet": 0.8999999761581421
    },
    "MiniGrid-DoorKey-8x8-custom-diff0.15": {
        "meanRet": 0.8828333330154419,
        "maxRet": 0.9416666626930237,
        "minRet": 0.8416666388511658
    },
    "MiniGrid-DoorKey-10x10-custom-diff0.15": {
        "meanRet": 0.8318333292007446,
        "maxRet": 0.9208333492279053,
        "minRet": 0.7583333253860474
    },
    "MiniGrid-DoorKey-12x12-custom-diff0.15": {
        "meanRet": 0.6532051219389989,
        "maxRet": 0.8833333253860474,
        "minRet": 0.49166667461395264
    }
}