{
    "model": "Di_Rhea1\\epoch_2_curric2_gen1",
    "MiniGrid-DoorKey-5x5-custom-diff2": {
        "meanRet": 0.6849999904632569,
        "maxRet": 0.7428571581840515,
        "minRet": 0.6142857074737549
    },
    "MiniGrid-DoorKey-6x6-custom-diff2": {
        "meanRet": 0.6812500059604645,
        "maxRet": 0.7524999976158142,
        "minRet": 0.6175000071525574
    },
    "MiniGrid-DoorKey-8x8-custom-diff2": {
        "meanRet": 0.7055714309215546,
        "maxRet": 0.8328571319580078,
        "minRet": 0.6142857074737549
    },
    "MiniGrid-DoorKey-16x16-custom-diff2": {
        "meanRet": 0.43925532698631287,
        "maxRet": 0.7670212984085083,
        "minRet": 0.2085106372833252
    }
}