{
    "model": "test12x12_75k_3step_3gen_3curric/epoch_19_curric1_gen3",
    "MiniGrid-DoorKey-6x6-custom-diff0.6815023600555896": {
        "meanRet": 0.9827099442481995,
        "maxRet": 0.988990843296051,
        "minRet": 0.9779816269874573
    },
    "MiniGrid-DoorKey-8x8-custom-diff0.6815023600555896": {
        "meanRet": 0.9731009197235108,
        "maxRet": 0.9825688004493713,
        "minRet": 0.9651376008987427
    },
    "MiniGrid-DoorKey-10x10-custom-diff0.6815023600555896": {
        "meanRet": 0.9616513776779175,
        "maxRet": 0.9825688004493713,
        "minRet": 0.9440367221832275
    },
    "MiniGrid-DoorKey-12x12-custom-diff0.6815023600555896": {
        "meanRet": 0.9267889904975891,
        "maxRet": 0.9688073396682739,
        "minRet": 0.8954128623008728
    }
}