{
    "model": "new_25k_7step_4gen_3curric/epoch_1_curric1_gen4",
    "MiniGrid-DoorKey-6x6-custom-diff1.0": {
        "meanRet": 0.03833333309739828,
        "maxRet": 0.8100000023841858,
        "minRet": 0.0
    },
    "MiniGrid-DoorKey-8x8-custom-diff1.0": {
        "meanRet": 0.017467447866996128,
        "maxRet": 0.4543749988079071,
        "minRet": 0.0
    },
    "MiniGrid-DoorKey-10x10-custom-diff1.0": {
        "meanRet": 0.0,
        "maxRet": 0.0,
        "minRet": 0.0
    },
    "MiniGrid-DoorKey-12x12-custom-diff1.0": {
        "meanRet": 0.0,
        "maxRet": 0.0,
        "minRet": 0.0
    }
}