{
    "model": "test12x12_25k_3step_3gen_3curric/epoch_8_curric0_gen2",
    "MiniGrid-DoorKey-6x6-custom-diff1": {
        "meanRet": 0.9848500037193298,
        "maxRet": 0.9900000095367432,
        "minRet": 0.9781249761581421
    },
    "MiniGrid-DoorKey-8x8-custom-diff1": {
        "meanRet": 0.9716750001907348,
        "maxRet": 0.9912499785423279,
        "minRet": 0.9524999856948853
    },
    "MiniGrid-DoorKey-10x10-custom-diff1": {
        "meanRet": 0.9155499935150146,
        "maxRet": 0.9781249761581421,
        "minRet": 0.8537499904632568
    },
    "MiniGrid-DoorKey-12x12-custom-diff1": {
        "meanRet": 0.8272249984741211,
        "maxRet": 0.9712499976158142,
        "minRet": 0.5731250047683716
    }
}