{
    "model": "test12x12_50k_3step_3gen_3curric/epoch_49_curric1_gen3",
    "MiniGrid-DoorKey-6x6-custom-diff0.15": {
        "meanRet": 0.9197115485484784,
        "maxRet": 0.9458333253860474,
        "minRet": 0.8999999761581421
    },
    "MiniGrid-DoorKey-8x8-custom-diff0.15": {
        "meanRet": 0.8766975358680442,
        "maxRet": 0.9208333492279053,
        "minRet": 0.8458333611488342
    },
    "MiniGrid-DoorKey-10x10-custom-diff0.15": {
        "meanRet": 0.8193910236542041,
        "maxRet": 0.9541666507720947,
        "minRet": 0.7458333373069763
    },
    "MiniGrid-DoorKey-12x12-custom-diff0.15": {
        "meanRet": 0.6485000038146973,
        "maxRet": 0.8166666626930237,
        "minRet": 0.48750001192092896
    }
}