{
    "model": "SO_RHEA_2PARA_5GEN_14May\\epoch_10_curric2_gen2",
    "MiniGrid-DoorKey-5x5-custom-diff1": {
        "meanRet": 0.8646341562271118,
        "maxRet": 0.9012194871902466,
        "minRet": 0.8463414907455444
    },
    "MiniGrid-DoorKey-6x6-custom-diff1": {
        "meanRet": 0.8767226874828339,
        "maxRet": 0.8941176533699036,
        "minRet": 0.8563024997711182
    },
    "MiniGrid-DoorKey-8x8-custom-diff1": {
        "meanRet": 0.8809564763849432,
        "maxRet": 0.9189573526382446,
        "minRet": 0.8549762964248657
    },
    "MiniGrid-DoorKey-16x16-custom-diff1": {
        "meanRet": 0.8159526646137237,
        "maxRet": 0.9595265984535217,
        "minRet": 0.6591715812683105
    }
}