{
    "model": "test12x12_25k_3step_3gen_3curric/epoch_35_curric2_gen2",
    "MiniGrid-DoorKey-6x6-custom-diff0.5569142875744653": {
        "meanRet": 0.9782627522945404,
        "maxRet": 0.9865168333053589,
        "minRet": 0.9707865118980408
    },
    "MiniGrid-DoorKey-8x8-custom-diff0.5569142875744653": {
        "meanRet": 0.9679775215112246,
        "maxRet": 0.9808988571166992,
        "minRet": 0.9595505595207214
    },
    "MiniGrid-DoorKey-10x10-custom-diff0.5569142875744653": {
        "meanRet": 0.9536300805898813,
        "maxRet": 0.9707865118980408,
        "minRet": 0.9292134642601013
    },
    "MiniGrid-DoorKey-12x12-custom-diff0.5569142875744653": {
        "meanRet": 0.9146067452430725,
        "maxRet": 0.9651685357093811,
        "minRet": 0.867415726184845
    }
}