{
    "model": "Rhea_mi1\\epoch_4_curric1_gen3",
    "MiniGrid-DoorKey-5x5-custom": {
        "meanRet": 0.8993636586449363,
        "maxRet": 0.9190000295639038,
        "minRet": 0.8830000162124634
    },
    "MiniGrid-DoorKey-6x6-custom": {
        "meanRet": 0.8912800133228302,
        "maxRet": 0.9279999732971191,
        "minRet": 0.8704000115394592
    },
    "MiniGrid-DoorKey-8x8-custom": {
        "meanRet": 0.8893000066280365,
        "maxRet": 0.9190000295639038,
        "minRet": 0.8650000095367432
    },
    "MiniGrid-DoorKey-16x16-custom": {
        "meanRet": 0.14709375007078052,
        "maxRet": 0.7870000004768372,
        "minRet": 0.0
    }
}