{
    "model": "test12x12_50k_3step_3gen_3curric/epoch_19_curric2_gen1",
    "MiniGrid-DoorKey-6x6-custom-diff0.7760602224432589": {
        "meanRet": 0.9839820861816406,
        "maxRet": 0.9919427037239075,
        "minRet": 0.9782453179359436
    },
    "MiniGrid-DoorKey-8x8-custom-diff0.7760602224432589": {
        "meanRet": 0.9758925747871399,
        "maxRet": 0.9871083498001099,
        "minRet": 0.9653536081314087
    },
    "MiniGrid-DoorKey-10x10-custom-diff0.7760602224432589": {
        "meanRet": 0.9610026788711548,
        "maxRet": 0.9830796718597412,
        "minRet": 0.9363473653793335
    },
    "MiniGrid-DoorKey-12x12-custom-diff0.7760602224432589": {
        "meanRet": 0.9397314262390136,
        "maxRet": 0.9774395823478699,
        "minRet": 0.9025067090988159
    }
}