{
    "model": "test12x12_75k_3step_3gen_3curric/epoch_5_curric0_gen1",
    "MiniGrid-DoorKey-6x6-custom-diff1": {
        "meanRet": 0.9872836539378533,
        "maxRet": 0.9925000071525574,
        "minRet": 0.9837499856948853
    },
    "MiniGrid-DoorKey-8x8-custom-diff1": {
        "meanRet": 0.9816249990463257,
        "maxRet": 0.9925000071525574,
        "minRet": 0.9743750095367432
    },
    "MiniGrid-DoorKey-10x10-custom-diff1": {
        "meanRet": 0.9716500020027161,
        "maxRet": 0.9825000166893005,
        "minRet": 0.9587500095367432
    },
    "MiniGrid-DoorKey-12x12-custom-diff1": {
        "meanRet": 0.9530499982833862,
        "maxRet": 0.9825000166893005,
        "minRet": 0.9318749904632568
    }
}