{
    "model": "DO_11_05_RHEA_PARA_ENV_1\\epoch_9_curric3_gen3",
    "MiniGrid-DoorKey-5x5-custom-diff2": {
        "meanRet": 0.676098896906926,
        "maxRet": 0.7107142806053162,
        "minRet": 0.6464285850524902
    },
    "MiniGrid-DoorKey-6x6-custom-diff2": {
        "meanRet": 0.6812500009934107,
        "maxRet": 0.7524999976158142,
        "minRet": 0.6399999856948853
    },
    "MiniGrid-DoorKey-8x8-custom-diff2": {
        "meanRet": 0.7323376698927446,
        "maxRet": 0.8071428537368774,
        "minRet": 0.691428542137146
    },
    "MiniGrid-DoorKey-16x16-custom-diff2": {
        "meanRet": 0.5563829809427261,
        "maxRet": 0.8308510780334473,
        "minRet": 0.3265957534313202
    }
}