{
    "model": "test12x12_25k_3step_3gen_3curric/epoch_26_curric0_gen2",
    "MiniGrid-DoorKey-6x6-custom-diff0.7819142875744653": {
        "meanRet": 0.9844307693151327,
        "maxRet": 0.9919999837875366,
        "minRet": 0.979200005531311
    },
    "MiniGrid-DoorKey-8x8-custom-diff0.7819142875744653": {
        "meanRet": 0.9769777765980473,
        "maxRet": 0.9864000082015991,
        "minRet": 0.9696000218391418
    },
    "MiniGrid-DoorKey-10x10-custom-diff0.7819142875744653": {
        "meanRet": 0.9671384623417487,
        "maxRet": 0.9800000190734863,
        "minRet": 0.9552000164985657
    },
    "MiniGrid-DoorKey-12x12-custom-diff0.7819142875744653": {
        "meanRet": 0.9434879994392396,
        "maxRet": 0.9735999703407288,
        "minRet": 0.9247999787330627
    }
}