{
    "model": "test12x12_100k_3step_4gen_3curric/epoch_21_curric2_gen1",
    "MiniGrid-DoorKey-6x6-custom-diff0.20553": {
        "meanRet": 0.9398044393612788,
        "maxRet": 0.9603390097618103,
        "minRet": 0.9237288236618042
    },
    "MiniGrid-DoorKey-8x8-custom-diff0.20553": {
        "meanRet": 0.9106711864471435,
        "maxRet": 0.9481356143951416,
        "minRet": 0.8810169696807861
    },
    "MiniGrid-DoorKey-10x10-custom-diff0.20553": {
        "meanRet": 0.8779661059379578,
        "maxRet": 0.9572881460189819,
        "minRet": 0.8383050560951233
    },
    "MiniGrid-DoorKey-12x12-custom-diff0.20553": {
        "meanRet": 0.7727728748321533,
        "maxRet": 0.9115254282951355,
        "minRet": 0.6857627034187317
    }
}