{
    "model": "test12x12_75k_3step_3gen_3curric/epoch_1_curric1_gen3",
    "MiniGrid-DoorKey-6x6-custom-diff1.0": {
        "meanRet": 0.764699993133545,
        "maxRet": 0.9549999833106995,
        "minRet": 0.5874999761581421
    },
    "MiniGrid-DoorKey-8x8-custom-diff1.0": {
        "meanRet": 0.20520000234246255,
        "maxRet": 0.8607812523841858,
        "minRet": 0.0
    },
    "MiniGrid-DoorKey-10x10-custom-diff1.0": {
        "meanRet": 0.14262884583037633,
        "maxRet": 0.819100022315979,
        "minRet": 0.0
    },
    "MiniGrid-DoorKey-12x12-custom-diff1.0": {
        "meanRet": 0.10743622421001901,
        "maxRet": 0.8868749737739563,
        "minRet": 0.0
    }
}