{
    "model": "test12x12_25k_3step_3gen_3curric/epoch_21_curric2_gen1",
    "MiniGrid-DoorKey-6x6-custom-diff0.9069142875744653": {
        "meanRet": 0.9874585005972121,
        "maxRet": 0.9917241334915161,
        "minRet": 0.9841379523277283
    },
    "MiniGrid-DoorKey-8x8-custom-diff0.9069142875744653": {
        "meanRet": 0.9813517236709595,
        "maxRet": 0.9889655113220215,
        "minRet": 0.9751724004745483
    },
    "MiniGrid-DoorKey-10x10-custom-diff0.9069142875744653": {
        "meanRet": 0.9703448343276978,
        "maxRet": 0.9841379523277283,
        "minRet": 0.956551730632782
    },
    "MiniGrid-DoorKey-12x12-custom-diff0.9069142875744653": {
        "meanRet": 0.9588965463638306,
        "maxRet": 0.9820689558982849,
        "minRet": 0.9331034421920776
    }
}