{
    "model": "test12x12_100k_3step_3gen_3curric/epoch_25_curric0_gen1",
    "MiniGrid-DoorKey-6x6-custom-diff0.15": {
        "meanRet": 0.9111666679382324,
        "maxRet": 0.9458333253860474,
        "minRet": 0.887499988079071
    },
    "MiniGrid-DoorKey-8x8-custom-diff0.15": {
        "meanRet": 0.8426666712760925,
        "maxRet": 0.9166666865348816,
        "minRet": 0.7541666626930237
    },
    "MiniGrid-DoorKey-10x10-custom-diff0.15": {
        "meanRet": 0.7863333320617676,
        "maxRet": 0.9166666865348816,
        "minRet": 0.6499999761581421
    },
    "MiniGrid-DoorKey-12x12-custom-diff0.15": {
        "meanRet": 0.6051666617393494,
        "maxRet": 0.8333333134651184,
        "minRet": 0.3333333432674408
    }
}