{
    "model": "test12x12_25k_3step_3gen_3curric/epoch_4_curric1_gen3",
    "MiniGrid-DoorKey-6x6-custom-diff1": {
        "meanRet": 0.9809749937057495,
        "maxRet": 0.9943749904632568,
        "minRet": 0.9706249833106995
    },
    "MiniGrid-DoorKey-8x8-custom-diff1": {
        "meanRet": 0.9490750002861023,
        "maxRet": 0.9906250238418579,
        "minRet": 0.9112499952316284
    },
    "MiniGrid-DoorKey-10x10-custom-diff1": {
        "meanRet": 0.9084999966621399,
        "maxRet": 0.9674999713897705,
        "minRet": 0.8125
    },
    "MiniGrid-DoorKey-12x12-custom-diff1": {
        "meanRet": 0.8381999945640564,
        "maxRet": 0.9743750095367432,
        "minRet": 0.653124988079071
    }
}