{
    "model": "test12x12_50k_3step_3gen_3curric/epoch_23_curric1_gen2",
    "MiniGrid-DoorKey-6x6-custom-diff0.6760602224432589": {
        "meanRet": 0.9834244656562805,
        "maxRet": 0.9889003038406372,
        "minRet": 0.9796505570411682
    },
    "MiniGrid-DoorKey-8x8-custom-diff0.6760602224432589": {
        "meanRet": 0.9704748225212098,
        "maxRet": 0.9861254096031189,
        "minRet": 0.9620760679244995
    },
    "MiniGrid-DoorKey-10x10-custom-diff0.6760602224432589": {
        "meanRet": 0.9614840698242187,
        "maxRet": 0.9796505570411682,
        "minRet": 0.944501519203186
    },
    "MiniGrid-DoorKey-12x12-custom-diff0.6760602224432589": {
        "meanRet": 0.9297759556770324,
        "maxRet": 0.9694758653640747,
        "minRet": 0.893627941608429
    }
}