{
    "model": "test12x12_100k_3step_4gen_3curric/epoch_19_curric0_gen4",
    "MiniGrid-DoorKey-6x6-custom-diff0.66967792277423": {
        "meanRet": 0.9838865818800749,
        "maxRet": 0.9887966513633728,
        "minRet": 0.979460597038269
    },
    "MiniGrid-DoorKey-8x8-custom-diff0.66967792277423": {
        "meanRet": 0.9736514510931792,
        "maxRet": 0.9859958291053772,
        "minRet": 0.9663900136947632
    },
    "MiniGrid-DoorKey-10x10-custom-diff0.66967792277423": {
        "meanRet": 0.9625435709953308,
        "maxRet": 0.980394184589386,
        "minRet": 0.9495850801467896
    },
    "MiniGrid-DoorKey-12x12-custom-diff0.66967792277423": {
        "meanRet": 0.9399875569343566,
        "maxRet": 0.9645228385925293,
        "minRet": 0.9141078591346741
    }
}