{
    "model": "test12x12_25k_3step_3gen_3curric/epoch_27_curric2_gen3",
    "MiniGrid-DoorKey-6x6-custom-diff0.7569142875744653": {
        "meanRet": 0.982975206375122,
        "maxRet": 0.9917355179786682,
        "minRet": 0.9760330319404602
    },
    "MiniGrid-DoorKey-8x8-custom-diff0.7569142875744653": {
        "meanRet": 0.9740128583378262,
        "maxRet": 0.9884297251701355,
        "minRet": 0.9644628167152405
    },
    "MiniGrid-DoorKey-10x10-custom-diff0.7569142875744653": {
        "meanRet": 0.9631074428558349,
        "maxRet": 0.9826446175575256,
        "minRet": 0.9462810158729553
    },
    "MiniGrid-DoorKey-12x12-custom-diff0.7569142875744653": {
        "meanRet": 0.9430082702636718,
        "maxRet": 0.9785124063491821,
        "minRet": 0.9165289402008057
    }
}