{
    "model": "test12x12_100k_3step_3gen_3curric/epoch_24_curric0_gen1",
    "MiniGrid-DoorKey-6x6-custom-diff0.15": {
        "meanRet": 0.9178333353996276,
        "maxRet": 0.9458333253860474,
        "minRet": 0.8916666507720947
    },
    "MiniGrid-DoorKey-8x8-custom-diff0.15": {
        "meanRet": 0.8734999990463257,
        "maxRet": 0.9291666746139526,
        "minRet": 0.824999988079071
    },
    "MiniGrid-DoorKey-10x10-custom-diff0.15": {
        "meanRet": 0.7960000038146973,
        "maxRet": 0.9208333492279053,
        "minRet": 0.6666666865348816
    },
    "MiniGrid-DoorKey-12x12-custom-diff0.15": {
        "meanRet": 0.5850000047683716,
        "maxRet": 0.8166666626930237,
        "minRet": 0.21666666865348816
    }
}