{
    "model": "test12x12_150k_3step_3gen_3curric/epoch_4_curric1_gen2",
    "MiniGrid-DoorKey-6x6-custom-diff1": {
        "meanRet": 0.9873000001907348,
        "maxRet": 0.9925000071525574,
        "minRet": 0.984375
    },
    "MiniGrid-DoorKey-8x8-custom-diff1": {
        "meanRet": 0.9775480788487655,
        "maxRet": 0.9881250262260437,
        "minRet": 0.9700000286102295
    },
    "MiniGrid-DoorKey-10x10-custom-diff1": {
        "meanRet": 0.9639903811308054,
        "maxRet": 0.9862499833106995,
        "minRet": 0.953125
    },
    "MiniGrid-DoorKey-12x12-custom-diff1": {
        "meanRet": 0.9460249996185303,
        "maxRet": 0.9768750071525574,
        "minRet": 0.9150000214576721
    }
}