{
    "model": "test12x12_25k_3step_3gen_3curric/epoch_12_curric0_gen3",
    "MiniGrid-DoorKey-6x6-custom-diff1": {
        "meanRet": 0.989447119144293,
        "maxRet": 0.9931250214576721,
        "minRet": 0.9868749976158142
    },
    "MiniGrid-DoorKey-8x8-custom-diff1": {
        "meanRet": 0.9828499960899353,
        "maxRet": 0.9931250214576721,
        "minRet": 0.9781249761581421
    },
    "MiniGrid-DoorKey-10x10-custom-diff1": {
        "meanRet": 0.9693499994277954,
        "maxRet": 0.984375,
        "minRet": 0.9568750262260437
    },
    "MiniGrid-DoorKey-12x12-custom-diff1": {
        "meanRet": 0.9472250008583069,
        "maxRet": 0.9787499904632568,
        "minRet": 0.9268749952316284
    }
}