{
    "model": "test12x12_100k_3step_4gen_3curric/epoch_3_curric0_gen3",
    "MiniGrid-DoorKey-6x6-custom-diff1": {
        "meanRet": 0.9873000001907348,
        "maxRet": 0.9925000071525574,
        "minRet": 0.9837499856948853
    },
    "MiniGrid-DoorKey-8x8-custom-diff1": {
        "meanRet": 0.9795432732655451,
        "maxRet": 0.9893749952316284,
        "minRet": 0.9737499952316284
    },
    "MiniGrid-DoorKey-10x10-custom-diff1": {
        "meanRet": 0.9629749965667724,
        "maxRet": 0.9887499809265137,
        "minRet": 0.9487500190734863
    },
    "MiniGrid-DoorKey-12x12-custom-diff1": {
        "meanRet": 0.9438249969482422,
        "maxRet": 0.9712499976158142,
        "minRet": 0.9137499928474426
    }
}