{
    "model": "test12x12_75k_3step_3gen_3curric/epoch_19_curric0_gen3",
    "MiniGrid-DoorKey-6x6-custom-diff0.6815023600555896": {
        "meanRet": 0.9822385287284852,
        "maxRet": 0.988990843296051,
        "minRet": 0.9761468172073364
    },
    "MiniGrid-DoorKey-8x8-custom-diff0.6815023600555896": {
        "meanRet": 0.9746422028541565,
        "maxRet": 0.984403669834137,
        "minRet": 0.9660550355911255
    },
    "MiniGrid-DoorKey-10x10-custom-diff0.6815023600555896": {
        "meanRet": 0.9591192722320556,
        "maxRet": 0.9798164963722229,
        "minRet": 0.9403669834136963
    },
    "MiniGrid-DoorKey-12x12-custom-diff0.6815023600555896": {
        "meanRet": 0.9356697201728821,
        "maxRet": 0.9688073396682739,
        "minRet": 0.9110091924667358
    }
}