{
    "model": "SO_RHEA_2PARA_5GEN_14May\\epoch_1_curric0_gen4",
    "MiniGrid-DoorKey-5x5-custom-diff0": {
        "meanRet": 0.9193599939346313,
        "maxRet": 0.9495999813079834,
        "minRet": 0.8848000168800354
    },
    "MiniGrid-DoorKey-6x6-custom-diff0": {
        "meanRet": 0.8837500095367432,
        "maxRet": 0.9175000190734863,
        "minRet": 0.8500000238418579
    },
    "MiniGrid-DoorKey-8x8-custom-diff0": {
        "meanRet": 0.8558593809604644,
        "maxRet": 0.9268749952316284,
        "minRet": 0.8003125190734863
    },
    "MiniGrid-DoorKey-16x16-custom-diff0": {
        "meanRet": 0.1675915541127324,
        "maxRet": 0.9089453220367432,
        "minRet": 0.0
    }
}