{
    "model": "test12x12_100k_3step_4gen_3curric/epoch_17_curric0_gen2",
    "MiniGrid-DoorKey-6x6-custom-diff0.71967792277423": {
        "meanRet": 0.980471043586731,
        "maxRet": 0.9887065887451172,
        "minRet": 0.9730694890022278
    },
    "MiniGrid-DoorKey-8x8-custom-diff0.71967792277423": {
        "meanRet": 0.9724787712097168,
        "maxRet": 0.9826254844665527,
        "minRet": 0.9600386023521423
    },
    "MiniGrid-DoorKey-10x10-custom-diff0.71967792277423": {
        "meanRet": 0.9581340964023883,
        "maxRet": 0.9826254844665527,
        "minRet": 0.9426640868186951
    },
    "MiniGrid-DoorKey-12x12-custom-diff0.71967792277423": {
        "meanRet": 0.9300501894950867,
        "maxRet": 0.9669884443283081,
        "minRet": 0.9061775803565979
    }
}