{
    "model": "Rhea_mi1\\epoch_1_curric2_gen2",
    "MiniGrid-DoorKey-5x5-custom": {
        "meanRet": 0.9109000265598297,
        "maxRet": 0.9190000295639038,
        "minRet": 0.9010000228881836
    },
    "MiniGrid-DoorKey-6x6-custom": {
        "meanRet": 0.8834909200668335,
        "maxRet": 0.920799970626831,
        "minRet": 0.8632000088691711
    },
    "MiniGrid-DoorKey-8x8-custom": {
        "meanRet": 0.8686000049114228,
        "maxRet": 0.9325000047683716,
        "minRet": 0.8065000176429749
    },
    "MiniGrid-DoorKey-16x16-custom": {
        "meanRet": 0.0,
        "maxRet": 0.0,
        "minRet": 0.0
    }
}