{
    "model": "DO_11_05_RHEA_PARA_ENV_1\\epoch_10_curric3_gen1",
    "MiniGrid-DoorKey-5x5-custom-diff2": {
        "meanRet": 0.6169642806053162,
        "maxRet": 0.7107142806053162,
        "minRet": 0.550000011920929
    },
    "MiniGrid-DoorKey-6x6-custom-diff2": {
        "meanRet": 0.6718750049670538,
        "maxRet": 0.7524999976158142,
        "minRet": 0.6175000071525574
    },
    "MiniGrid-DoorKey-8x8-custom-diff2": {
        "meanRet": 0.6587012897838246,
        "maxRet": 0.7685714364051819,
        "minRet": 0.6014285683631897
    },
    "MiniGrid-DoorKey-16x16-custom-diff2": {
        "meanRet": 0.029089096002280712,
        "maxRet": 0.5404255390167236,
        "minRet": 0.0
    }
}