{
    "model": "test12x12_25k_3step_3gen_3curric/epoch_39_curric1_gen2",
    "MiniGrid-DoorKey-6x6-custom-diff0.4569142875744653": {
        "meanRet": 0.9761854616495279,
        "maxRet": 0.9863013625144958,
        "minRet": 0.9684931635856628
    },
    "MiniGrid-DoorKey-8x8-custom-diff0.4569142875744653": {
        "meanRet": 0.9587987248714154,
        "maxRet": 0.9726027250289917,
        "minRet": 0.9452054500579834
    },
    "MiniGrid-DoorKey-10x10-custom-diff0.4569142875744653": {
        "meanRet": 0.9392876648902893,
        "maxRet": 0.9643835425376892,
        "minRet": 0.9164383411407471
    },
    "MiniGrid-DoorKey-12x12-custom-diff0.4569142875744653": {
        "meanRet": 0.910520544052124,
        "maxRet": 0.9547945261001587,
        "minRet": 0.8876712322235107
    }
}