{
    "model": "test12x12_100k_3step_3gen_3curric/epoch_24_curric1_gen3",
    "MiniGrid-DoorKey-6x6-custom-diff0.15": {
        "meanRet": 0.9153333330154418,
        "maxRet": 0.9541666507720947,
        "minRet": 0.887499988079071
    },
    "MiniGrid-DoorKey-8x8-custom-diff0.15": {
        "meanRet": 0.8751666617393493,
        "maxRet": 0.9208333492279053,
        "minRet": 0.8166666626930237
    },
    "MiniGrid-DoorKey-10x10-custom-diff0.15": {
        "meanRet": 0.8233333253860473,
        "maxRet": 0.9125000238418579,
        "minRet": 0.7041666507720947
    },
    "MiniGrid-DoorKey-12x12-custom-diff0.15": {
        "meanRet": 0.7411666679382324,
        "maxRet": 0.875,
        "minRet": 0.5458333492279053
    }
}