{
    "model": "test12x12_100k_3step_4gen_3curric/epoch_22_curric2_gen1",
    "MiniGrid-DoorKey-6x6-custom-diff0.1533065": {
        "meanRet": 0.9271818280220032,
        "maxRet": 0.9509090781211853,
        "minRet": 0.9100000262260437
    },
    "MiniGrid-DoorKey-8x8-custom-diff0.1533065": {
        "meanRet": 0.8800545477867127,
        "maxRet": 0.9386363625526428,
        "minRet": 0.8445454835891724
    },
    "MiniGrid-DoorKey-10x10-custom-diff0.1533065": {
        "meanRet": 0.8376727223396301,
        "maxRet": 0.9509090781211853,
        "minRet": 0.7668181657791138
    },
    "MiniGrid-DoorKey-12x12-custom-diff0.1533065": {
        "meanRet": 0.7344181823730469,
        "maxRet": 0.8486363887786865,
        "minRet": 0.6154545545578003
    }
}