{
    "model": "test12x12_100k_3step_4gen_3curric/epoch_27_curric1_gen4",
    "MiniGrid-DoorKey-6x6-custom-diff0.15": {
        "meanRet": 0.9272435995248648,
        "maxRet": 0.949999988079071,
        "minRet": 0.9083333611488342
    },
    "MiniGrid-DoorKey-8x8-custom-diff0.15": {
        "meanRet": 0.88827160331938,
        "maxRet": 0.9375,
        "minRet": 0.8541666865348816
    },
    "MiniGrid-DoorKey-10x10-custom-diff0.15": {
        "meanRet": 0.8436666631698608,
        "maxRet": 0.9375,
        "minRet": 0.7833333611488342
    },
    "MiniGrid-DoorKey-12x12-custom-diff0.15": {
        "meanRet": 0.7195000004768372,
        "maxRet": 0.8916666507720947,
        "minRet": 0.6000000238418579
    }
}