{
    "model": "MI_RHEA_PARA_ENV_2_first\\epoch_1_curric2_gen1",
    "MiniGrid-DoorKey-5x5-custom-diff0": {
        "meanRet": 0.1299375002272427,
        "maxRet": 0.8632000088691711,
        "minRet": 0.0
    },
    "MiniGrid-DoorKey-6x6-custom-diff0": {
        "meanRet": 0.051953124813735485,
        "maxRet": 0.7124999761581421,
        "minRet": 0.0
    },
    "MiniGrid-DoorKey-8x8-custom-diff0": {
        "meanRet": 0.07719726674258709,
        "maxRet": 0.6920312643051147,
        "minRet": 0.0
    },
    "MiniGrid-DoorKey-16x16-custom-diff0": {
        "meanRet": 0.0,
        "maxRet": 0.0,
        "minRet": 0.0
    }
}