{
    "model": "test12x12_75k_3step_3gen_3curric/epoch_43_curric1_gen2",
    "MiniGrid-DoorKey-6x6-custom-diff0.15": {
        "meanRet": 0.9120370392446164,
        "maxRet": 0.9458333253860474,
        "minRet": 0.8833333253860474
    },
    "MiniGrid-DoorKey-8x8-custom-diff0.15": {
        "meanRet": 0.8681666660308838,
        "maxRet": 0.9291666746139526,
        "minRet": 0.8291666507720947
    },
    "MiniGrid-DoorKey-10x10-custom-diff0.15": {
        "meanRet": 0.7608974369672629,
        "maxRet": 0.9166666865348816,
        "minRet": 0.6499999761581421
    },
    "MiniGrid-DoorKey-12x12-custom-diff0.15": {
        "meanRet": 0.6950000059604645,
        "maxRet": 0.8458333611488342,
        "minRet": 0.4833333194255829
    }
}