{
    "model": "test12x12_150k_3step_3gen_3curric/epoch_14_curric1_gen1",
    "MiniGrid-DoorKey-6x6-custom-diff0.7563807381558474": {
        "meanRet": 0.9853382353429441,
        "maxRet": 0.9917355179786682,
        "minRet": 0.9801653027534485
    },
    "MiniGrid-DoorKey-8x8-custom-diff0.7563807381558474": {
        "meanRet": 0.9759106238683065,
        "maxRet": 0.9884297251701355,
        "minRet": 0.9694215059280396
    },
    "MiniGrid-DoorKey-10x10-custom-diff0.7563807381558474": {
        "meanRet": 0.9662148714065552,
        "maxRet": 0.9776859283447266,
        "minRet": 0.9537190198898315
    },
    "MiniGrid-DoorKey-12x12-custom-diff0.7563807381558474": {
        "meanRet": 0.9511074399948121,
        "maxRet": 0.9752066135406494,
        "minRet": 0.9297520518302917
    }
}