{
    "model": "Rhea_Fr2\\epoch_1_curric2_gen1",
    "MiniGrid-DoorKey-5x5-custom-diff0": {
        "meanRet": 0.4761999979615211,
        "maxRet": 0.8235999941825867,
        "minRet": 0.12880000472068787
    },
    "MiniGrid-DoorKey-6x6-custom-diff0": {
        "meanRet": 0.030703125055879354,
        "maxRet": 0.6175000071525574,
        "minRet": 0.0
    },
    "MiniGrid-DoorKey-8x8-custom-diff0": {
        "meanRet": 0.021674804855138063,
        "maxRet": 0.4571875035762787,
        "minRet": 0.0
    },
    "MiniGrid-DoorKey-16x16-custom-diff0": {
        "meanRet": 0.043322752229869366,
        "maxRet": 0.6051952838897705,
        "minRet": 0.0
    }
}