{
    "model": "DO_11_05_RHEA_PARA_ENV_1\\epoch_2_curric0_gen1",
    "MiniGrid-DoorKey-5x5-custom-diff2": {
        "meanRet": 0.66396103663878,
        "maxRet": 0.7107142806053162,
        "minRet": 0.6142857074737549
    },
    "MiniGrid-DoorKey-6x6-custom-diff2": {
        "meanRet": 0.678250002861023,
        "maxRet": 0.7749999761581421,
        "minRet": 0.6175000071525574
    },
    "MiniGrid-DoorKey-8x8-custom-diff2": {
        "meanRet": 0.7171428501605988,
        "maxRet": 0.8199999928474426,
        "minRet": 0.6142857074737549
    },
    "MiniGrid-DoorKey-16x16-custom-diff2": {
        "meanRet": 0.025132978800684214,
        "maxRet": 0.5308510661125183,
        "minRet": 0.0
    }
}