{
    "model": "new_25k_7step_4gen_3curric/epoch_6_curric0_gen4",
    "MiniGrid-DoorKey-6x6-custom-diff1": {
        "meanRet": 0.9850961543046511,
        "maxRet": 0.9925000071525574,
        "minRet": 0.9781249761581421
    },
    "MiniGrid-DoorKey-8x8-custom-diff1": {
        "meanRet": 0.9761500000953675,
        "maxRet": 0.9900000095367432,
        "minRet": 0.9631249904632568
    },
    "MiniGrid-DoorKey-10x10-custom-diff1": {
        "meanRet": 0.9596749997138977,
        "maxRet": 0.9818750023841858,
        "minRet": 0.9362499713897705
    },
    "MiniGrid-DoorKey-12x12-custom-diff1": {
        "meanRet": 0.9298250031471252,
        "maxRet": 0.9762499928474426,
        "minRet": 0.8725000023841858
    }
}