{
    "model": "new_25k_7step_4gen_3curric/epoch_6_curric0_gen4",
    "MiniGrid-DoorKey-6x6-custom-diff1": {
        "meanRet": 0.9858749961853027,
        "maxRet": 0.9918749928474426,
        "minRet": 0.9806249737739563
    },
    "MiniGrid-DoorKey-8x8-custom-diff1": {
        "meanRet": 0.9787000012397766,
        "maxRet": 0.9906250238418579,
        "minRet": 0.9681249856948853
    },
    "MiniGrid-DoorKey-10x10-custom-diff1": {
        "meanRet": 0.966150004863739,
        "maxRet": 0.9856250286102295,
        "minRet": 0.9443749785423279
    },
    "MiniGrid-DoorKey-12x12-custom-diff1": {
        "meanRet": 0.9383249950408935,
        "maxRet": 0.9787499904632568,
        "minRet": 0.90625
    }
}