{
    "model": "Mo_Rhea1\\epoch_5_curric1_gen3",
    "MiniGrid-DoorKey-5x5-custom-diff2": {
        "meanRet": 0.5982142835855484,
        "maxRet": 0.7107142806053162,
        "minRet": 0.4535714387893677
    },
    "MiniGrid-DoorKey-6x6-custom-diff2": {
        "meanRet": 0.6256818229501898,
        "maxRet": 0.7300000190734863,
        "minRet": 0.5049999952316284
    },
    "MiniGrid-DoorKey-8x8-custom-diff2": {
        "meanRet": 0.7209999918937683,
        "maxRet": 0.8071428537368774,
        "minRet": 0.6657142639160156
    },
    "MiniGrid-DoorKey-16x16-custom-diff2": {
        "meanRet": 0.100902644070712,
        "maxRet": 0.7478723526000977,
        "minRet": 0.0
    }
}