{
    "model": "test12x12_75k_3step_3gen_3curric/epoch_28_curric0_gen3",
    "MiniGrid-DoorKey-6x6-custom-diff0.45650236005558964": {
        "meanRet": 0.9713273438914068,
        "maxRet": 0.983561635017395,
        "minRet": 0.9643835425376892
    },
    "MiniGrid-DoorKey-8x8-custom-diff0.45650236005558964": {
        "meanRet": 0.9613803968979762,
        "maxRet": 0.9767123460769653,
        "minRet": 0.9506849050521851
    },
    "MiniGrid-DoorKey-10x10-custom-diff0.45650236005558964": {
        "meanRet": 0.9440000009536743,
        "maxRet": 0.9739726185798645,
        "minRet": 0.9178082346916199
    },
    "MiniGrid-DoorKey-12x12-custom-diff0.45650236005558964": {
        "meanRet": 0.9164383554458618,
        "maxRet": 0.9630137085914612,
        "minRet": 0.8863013982772827
    }
}