{
    "model": "test12x12_25k_3step_3gen_3curric/epoch_8_curric2_gen1",
    "MiniGrid-DoorKey-6x6-custom-diff1": {
        "meanRet": 0.9817548073255099,
        "maxRet": 0.9925000071525574,
        "minRet": 0.965624988079071
    },
    "MiniGrid-DoorKey-8x8-custom-diff1": {
        "meanRet": 0.9610336537544544,
        "maxRet": 0.9856250286102295,
        "minRet": 0.9362499713897705
    },
    "MiniGrid-DoorKey-10x10-custom-diff1": {
        "meanRet": 0.9249249958992004,
        "maxRet": 0.9906250238418579,
        "minRet": 0.8487499952316284
    },
    "MiniGrid-DoorKey-12x12-custom-diff1": {
        "meanRet": 0.8467250013351441,
        "maxRet": 0.9200000166893005,
        "minRet": 0.7231249809265137
    }
}