{
    "model": "test12x12_100k_3step_3gen_3curric/epoch_5_curric1_gen1",
    "MiniGrid-DoorKey-6x6-custom-diff1": {
        "meanRet": 0.6145499974489212,
        "maxRet": 0.9800000190734863,
        "minRet": 0.11625000089406967
    },
    "MiniGrid-DoorKey-8x8-custom-diff1": {
        "meanRet": 0.0863476563245058,
        "maxRet": 0.828125,
        "minRet": 0.0
    },
    "MiniGrid-DoorKey-10x10-custom-diff1": {
        "meanRet": 0.05679687578231096,
        "maxRet": 0.7731249928474426,
        "minRet": 0.0
    },
    "MiniGrid-DoorKey-12x12-custom-diff1": {
        "meanRet": 0.008710937574505806,
        "maxRet": 0.2787500023841858,
        "minRet": 0.0
    }
}