{
    "model": "MI_RHEA_PARA_ENV_2_first\\epoch_4_curric2_gen1",
    "MiniGrid-DoorKey-5x5-custom-diff1": {
        "meanRet": 0.8759756088256836,
        "maxRet": 0.9012194871902466,
        "minRet": 0.8573170900344849
    },
    "MiniGrid-DoorKey-6x6-custom-diff1": {
        "meanRet": 0.8720588137706121,
        "maxRet": 0.916806697845459,
        "minRet": 0.841176450252533
    },
    "MiniGrid-DoorKey-8x8-custom-diff1": {
        "meanRet": 0.773080575466156,
        "maxRet": 0.9104265570640564,
        "minRet": 0.714218020439148
    },
    "MiniGrid-DoorKey-16x16-custom-diff1": {
        "meanRet": 0.023957100696861744,
        "maxRet": 0.3918343186378479,
        "minRet": 0.0
    }
}