{
    "model": "test12x12_150k_3step_3gen_3curric/epoch_1_curric1_gen3",
    "MiniGrid-DoorKey-6x6-custom-diff1.0": {
        "meanRet": 0.951299991607666,
        "maxRet": 0.9700000286102295,
        "minRet": 0.9325000047683716
    },
    "MiniGrid-DoorKey-8x8-custom-diff1.0": {
        "meanRet": 0.9305874991416931,
        "maxRet": 0.9732812643051147,
        "minRet": 0.8860937356948853
    },
    "MiniGrid-DoorKey-10x10-custom-diff1.0": {
        "meanRet": 0.919756007194519,
        "maxRet": 0.9657999873161316,
        "minRet": 0.848800003528595
    },
    "MiniGrid-DoorKey-12x12-custom-diff1.0": {
        "meanRet": 0.9183000016212464,
        "maxRet": 0.9693750143051147,
        "minRet": 0.8349999785423279
    }
}