{
    "model": "test12x12_25k_3step_3gen_3curric/epoch_19_curric0_gen1",
    "MiniGrid-DoorKey-6x6-custom-diff0.9569142875744653": {
        "meanRet": 0.9875816835297478,
        "maxRet": 0.9934640526771545,
        "minRet": 0.983660101890564
    },
    "MiniGrid-DoorKey-8x8-custom-diff0.9569142875744653": {
        "meanRet": 0.9789844017762405,
        "maxRet": 0.9915032386779785,
        "minRet": 0.9718953967094421
    },
    "MiniGrid-DoorKey-10x10-custom-diff0.9569142875744653": {
        "meanRet": 0.9713986825942993,
        "maxRet": 0.9869281053543091,
        "minRet": 0.9601306915283203
    },
    "MiniGrid-DoorKey-12x12-custom-diff0.9569142875744653": {
        "meanRet": 0.9484182858467102,
        "maxRet": 0.9823529124259949,
        "minRet": 0.915032684803009
    }
}