{
    "model": "test12x12_100k_3step_4gen_3curric/epoch_17_curric2_gen1",
    "MiniGrid-DoorKey-6x6-custom-diff0.71967792277423": {
        "meanRet": 0.9853359031677246,
        "maxRet": 0.9895752668380737,
        "minRet": 0.9808880090713501
    },
    "MiniGrid-DoorKey-8x8-custom-diff0.71967792277423": {
        "meanRet": 0.9771351361274719,
        "maxRet": 0.9861003756523132,
        "minRet": 0.9713320732116699
    },
    "MiniGrid-DoorKey-10x10-custom-diff0.71967792277423": {
        "meanRet": 0.9683075966658415,
        "maxRet": 0.9852316379547119,
        "minRet": 0.9565637111663818
    },
    "MiniGrid-DoorKey-12x12-custom-diff0.71967792277423": {
        "meanRet": 0.9472750264864701,
        "maxRet": 0.9756757020950317,
        "minRet": 0.9235520958900452
    }
}