{
    "model": "SO_RHEA_2PARA_5GEN_14May\\epoch_9_curric2_gen4",
    "MiniGrid-DoorKey-5x5-custom-diff2": {
        "meanRet": 0.6727272705598311,
        "maxRet": 0.7107142806053162,
        "minRet": 0.6464285850524902
    },
    "MiniGrid-DoorKey-6x6-custom-diff2": {
        "meanRet": 0.6775000045696894,
        "maxRet": 0.7749999761581421,
        "minRet": 0.5950000286102295
    },
    "MiniGrid-DoorKey-8x8-custom-diff2": {
        "meanRet": 0.7101298679005016,
        "maxRet": 0.7942857146263123,
        "minRet": 0.6399999856948853
    },
    "MiniGrid-DoorKey-16x16-custom-diff2": {
        "meanRet": 0.5235106393694877,
        "maxRet": 0.7989361882209778,
        "minRet": 0.173404261469841
    }
}