{
    "model": "test12x12_50k_3step_3gen_3curric/epoch_35_curric0_gen3",
    "MiniGrid-DoorKey-6x6-custom-diff0.3760602224432589": {
        "meanRet": 0.9710792096761557,
        "maxRet": 0.9800369739532471,
        "minRet": 0.9634011387825012
    },
    "MiniGrid-DoorKey-8x8-custom-diff0.3760602224432589": {
        "meanRet": 0.9538853931427002,
        "maxRet": 0.9717190265655518,
        "minRet": 0.9434380531311035
    },
    "MiniGrid-DoorKey-10x10-custom-diff0.3760602224432589": {
        "meanRet": 0.9284041855070326,
        "maxRet": 0.9733826518058777,
        "minRet": 0.8985212445259094
    },
    "MiniGrid-DoorKey-12x12-custom-diff0.3760602224432589": {
        "meanRet": 0.8849463939666748,
        "maxRet": 0.95341956615448,
        "minRet": 0.8286506533622742
    }
}