{
    "model": "test12x12_100k_3step_3gen_3curric/epoch_34_curric2_gen2",
    "MiniGrid-DoorKey-6x6-custom-diff0.15": {
        "meanRet": 0.9119999980926514,
        "maxRet": 0.9583333134651184,
        "minRet": 0.8833333253860474
    },
    "MiniGrid-DoorKey-8x8-custom-diff0.15": {
        "meanRet": 0.8629999995231629,
        "maxRet": 0.9208333492279053,
        "minRet": 0.8083333373069763
    },
    "MiniGrid-DoorKey-10x10-custom-diff0.15": {
        "meanRet": 0.8320000028610229,
        "maxRet": 0.9208333492279053,
        "minRet": 0.7208333611488342
    },
    "MiniGrid-DoorKey-12x12-custom-diff0.15": {
        "meanRet": 0.6878333342075348,
        "maxRet": 0.8583333492279053,
        "minRet": 0.4124999940395355
    }
}