{
    "model": "Rhea_SaRun2\\epoch_3_curric2_gen2",
    "MiniGrid-DoorKey-5x5-custom-diff2": {
        "meanRet": 0.7015306012971061,
        "maxRet": 0.7428571581840515,
        "minRet": 0.6785714030265808
    },
    "MiniGrid-DoorKey-6x6-custom-diff2": {
        "meanRet": 0.732045444575223,
        "maxRet": 0.8199999928474426,
        "minRet": 0.6850000023841858
    },
    "MiniGrid-DoorKey-8x8-custom-diff2": {
        "meanRet": 0.7608571529388428,
        "maxRet": 0.8199999928474426,
        "minRet": 0.7171428799629211
    },
    "MiniGrid-DoorKey-16x16-custom-diff2": {
        "meanRet": 0.6511702060699462,
        "maxRet": 0.8244680762290955,
        "minRet": 0.4478723406791687
    }
}