{
    "model": "DO_11_05_RHEA_PARA_ENV_1\\epoch_5_curric0_gen1",
    "MiniGrid-DoorKey-5x5-custom-diff2": {
        "meanRet": 0.6721428513526917,
        "maxRet": 0.7107142806053162,
        "minRet": 0.6464285850524902
    },
    "MiniGrid-DoorKey-6x6-custom-diff2": {
        "meanRet": 0.6522727337750521,
        "maxRet": 0.7524999976158142,
        "minRet": 0.5950000286102295
    },
    "MiniGrid-DoorKey-8x8-custom-diff2": {
        "meanRet": 0.7261428534984589,
        "maxRet": 0.8328571319580078,
        "minRet": 0.6785714030265808
    },
    "MiniGrid-DoorKey-16x16-custom-diff2": {
        "meanRet": 0.6122340381145477,
        "maxRet": 0.7957446575164795,
        "minRet": 0.43191489577293396
    }
}