{
    "model": "test12x12_150k_3step_3gen_3curric/epoch_27_curric0_gen2",
    "MiniGrid-DoorKey-6x6-custom-diff0.15": {
        "meanRet": 0.9092948711835421,
        "maxRet": 0.949999988079071,
        "minRet": 0.8833333253860474
    },
    "MiniGrid-DoorKey-8x8-custom-diff0.15": {
        "meanRet": 0.8777243609611804,
        "maxRet": 0.9416666626930237,
        "minRet": 0.8416666388511658
    },
    "MiniGrid-DoorKey-10x10-custom-diff0.15": {
        "meanRet": 0.8330128215826474,
        "maxRet": 0.9041666388511658,
        "minRet": 0.7791666388511658
    },
    "MiniGrid-DoorKey-12x12-custom-diff0.15": {
        "meanRet": 0.7251666617393494,
        "maxRet": 0.8500000238418579,
        "minRet": 0.6208333373069763
    }
}