{
    "model": "test12x12_25k_3step_3gen_3curric/epoch_40_curric1_gen3",
    "MiniGrid-DoorKey-6x6-custom-diff0.43191428757446526": {
        "meanRet": 0.9730769235354203,
        "maxRet": 0.9826086759567261,
        "minRet": 0.9652174115180969
    },
    "MiniGrid-DoorKey-8x8-custom-diff0.43191428757446526": {
        "meanRet": 0.9590724587440491,
        "maxRet": 0.97826087474823,
        "minRet": 0.947826087474823
    },
    "MiniGrid-DoorKey-10x10-custom-diff0.43191428757446526": {
        "meanRet": 0.9405217337608337,
        "maxRet": 0.9826086759567261,
        "minRet": 0.9159420132637024
    },
    "MiniGrid-DoorKey-12x12-custom-diff0.43191428757446526": {
        "meanRet": 0.8967536282539368,
        "maxRet": 0.9579710364341736,
        "minRet": 0.8536232113838196
    }
}