{
    "model": "test12x12_50k_3step_3gen_3curric/epoch_36_curric0_gen1",
    "MiniGrid-DoorKey-6x6-custom-diff0.35106022244325885": {
        "meanRet": 0.9551713466644287,
        "maxRet": 0.9768316745758057,
        "minRet": 0.9411880970001221
    },
    "MiniGrid-DoorKey-8x8-custom-diff0.35106022244325885": {
        "meanRet": 0.9449580907821655,
        "maxRet": 0.9643564224243164,
        "minRet": 0.9233663082122803
    },
    "MiniGrid-DoorKey-10x10-custom-diff0.35106022244325885": {
        "meanRet": 0.9174028933048248,
        "maxRet": 0.9554455280303955,
        "minRet": 0.8859406113624573
    },
    "MiniGrid-DoorKey-12x12-custom-diff0.35106022244325885": {
        "meanRet": 0.8779564380645752,
        "maxRet": 0.9340593814849854,
        "minRet": 0.8128712773323059
    }
}