{
    "model": "test12x12_50k_3step_3gen_3curric/epoch_48_curric0_gen2",
    "MiniGrid-DoorKey-6x6-custom-diff0.15": {
        "meanRet": 0.8741666626930237,
        "maxRet": 0.9416666626930237,
        "minRet": 0.8166666626930237
    },
    "MiniGrid-DoorKey-8x8-custom-diff0.15": {
        "meanRet": 0.7878333306312562,
        "maxRet": 0.8916666507720947,
        "minRet": 0.6416666507720947
    },
    "MiniGrid-DoorKey-10x10-custom-diff0.15": {
        "meanRet": 0.6436666631698609,
        "maxRet": 0.8208333253860474,
        "minRet": 0.4791666567325592
    },
    "MiniGrid-DoorKey-12x12-custom-diff0.15": {
        "meanRet": 0.22303921685499303,
        "maxRet": 0.8041666746139526,
        "minRet": 0.0
    }
}