{
    "model": "test12x12_25k_3step_3gen_3curric/epoch_16_curric1_gen1",
    "MiniGrid-DoorKey-6x6-custom-diff1": {
        "meanRet": 0.9869951972594628,
        "maxRet": 0.9918749928474426,
        "minRet": 0.9818750023841858
    },
    "MiniGrid-DoorKey-8x8-custom-diff1": {
        "meanRet": 0.9803124964237213,
        "maxRet": 0.9900000095367432,
        "minRet": 0.971875011920929
    },
    "MiniGrid-DoorKey-10x10-custom-diff1": {
        "meanRet": 0.9694230808661535,
        "maxRet": 0.987500011920929,
        "minRet": 0.956250011920929
    },
    "MiniGrid-DoorKey-12x12-custom-diff1": {
        "meanRet": 0.9558999991416931,
        "maxRet": 0.984375,
        "minRet": 0.9287499785423279
    }
}