{
    "model": "DO_11_05_RHEA_PARA_ENV_1\\epoch_6_curric3_gen3",
    "MiniGrid-DoorKey-5x5-custom-diff0": {
        "meanRet": 0.9590908939188177,
        "maxRet": 0.9675999879837036,
        "minRet": 0.9495999813079834
    },
    "MiniGrid-DoorKey-6x6-custom-diff0": {
        "meanRet": 0.9590908939188177,
        "maxRet": 0.9700000286102295,
        "minRet": 0.9524999856948853
    },
    "MiniGrid-DoorKey-8x8-custom-diff0": {
        "meanRet": 0.96484375,
        "maxRet": 0.9732812643051147,
        "minRet": 0.9606249928474426
    },
    "MiniGrid-DoorKey-16x16-custom-diff0": {
        "meanRet": 0.9366228634660895,
        "maxRet": 0.9782031178474426,
        "minRet": 0.8952343463897705
    }
}