{
    "model": "test12x12_100k_3step_3gen_3curric/epoch_15_curric0_gen3",
    "MiniGrid-DoorKey-6x6-custom-diff0.7720715046045372": {
        "meanRet": 0.9824274755441226,
        "maxRet": 0.9894689321517944,
        "minRet": 0.972457230091095
    },
    "MiniGrid-DoorKey-8x8-custom-diff0.7720715046045372": {
        "meanRet": 0.9720210478856013,
        "maxRet": 0.9862286448478699,
        "minRet": 0.9619262218475342
    },
    "MiniGrid-DoorKey-10x10-custom-diff0.7720715046045372": {
        "meanRet": 0.9662682247161866,
        "maxRet": 0.9902790188789368,
        "minRet": 0.9473447203636169
    },
    "MiniGrid-DoorKey-12x12-custom-diff0.7720715046045372": {
        "meanRet": 0.9492241215705871,
        "maxRet": 0.972457230091095,
        "minRet": 0.9149414896965027
    }
}