{
    "model": "test12x12_150k_3step_3gen_3curric/epoch_32_curric0_gen1",
    "MiniGrid-DoorKey-6x6-custom-diff0.15": {
        "meanRet": 0.9158333325386048,
        "maxRet": 0.949999988079071,
        "minRet": 0.887499988079071
    },
    "MiniGrid-DoorKey-8x8-custom-diff0.15": {
        "meanRet": 0.8791666626930237,
        "maxRet": 0.9333333373069763,
        "minRet": 0.8374999761581421
    },
    "MiniGrid-DoorKey-10x10-custom-diff0.15": {
        "meanRet": 0.8285256417898031,
        "maxRet": 0.925000011920929,
        "minRet": 0.7749999761581421
    },
    "MiniGrid-DoorKey-12x12-custom-diff0.15": {
        "meanRet": 0.7030448661400721,
        "maxRet": 0.8541666865348816,
        "minRet": 0.5916666388511658
    }
}