{
    "model": "test12x12_100k_3step_4gen_3curric/epoch_2_curric2_gen3",
    "MiniGrid-DoorKey-6x6-custom-diff1": {
        "meanRet": 0.9888750052452088,
        "maxRet": 0.9925000071525574,
        "minRet": 0.9856250286102295
    },
    "MiniGrid-DoorKey-8x8-custom-diff1": {
        "meanRet": 0.9773000049591064,
        "maxRet": 0.9856250286102295,
        "minRet": 0.9668750166893005
    },
    "MiniGrid-DoorKey-10x10-custom-diff1": {
        "meanRet": 0.9599750018119813,
        "maxRet": 0.987500011920929,
        "minRet": 0.9293749928474426
    },
    "MiniGrid-DoorKey-12x12-custom-diff1": {
        "meanRet": 0.9391499996185303,
        "maxRet": 0.9737499952316284,
        "minRet": 0.8918750286102295
    }
}