{
    "model": "test12x12_25k_3step_3gen_3curric/epoch_38_curric2_gen1",
    "MiniGrid-DoorKey-6x6-custom-diff0.4819142875744653": {
        "meanRet": 0.9677322690303509,
        "maxRet": 0.9870129823684692,
        "minRet": 0.9558441638946533
    },
    "MiniGrid-DoorKey-8x8-custom-diff0.4819142875744653": {
        "meanRet": 0.9553946073238666,
        "maxRet": 0.9792208075523376,
        "minRet": 0.9376623630523682
    },
    "MiniGrid-DoorKey-10x10-custom-diff0.4819142875744653": {
        "meanRet": 0.9277922105789185,
        "maxRet": 0.9623376727104187,
        "minRet": 0.8779220581054688
    },
    "MiniGrid-DoorKey-12x12-custom-diff0.4819142875744653": {
        "meanRet": 0.8393246722221375,
        "maxRet": 0.93376624584198,
        "minRet": 0.7753247022628784
    }
}