{
    "model": "test12x12_100k_3step_4gen_3curric/epoch_15_curric0_gen2",
    "MiniGrid-DoorKey-6x6-custom-diff0.76967792277423": {
        "meanRet": 0.9821924498448005,
        "maxRet": 0.9902527332305908,
        "minRet": 0.974007248878479
    },
    "MiniGrid-DoorKey-8x8-custom-diff0.76967792277423": {
        "meanRet": 0.9740384633724506,
        "maxRet": 0.9837545156478882,
        "minRet": 0.9650722146034241
    },
    "MiniGrid-DoorKey-10x10-custom-diff0.76967792277423": {
        "meanRet": 0.9662093830108642,
        "maxRet": 0.9821299910545349,
        "minRet": 0.9528880715370178
    },
    "MiniGrid-DoorKey-12x12-custom-diff0.76967792277423": {
        "meanRet": 0.9517509055137634,
        "maxRet": 0.9796931147575378,
        "minRet": 0.9350180625915527
    }
}