{
    "model": "test12x12_100k_3step_4gen_3curric/epoch_17_curric0_gen3",
    "MiniGrid-DoorKey-6x6-custom-diff0.71967792277423": {
        "meanRet": 0.9824393263884953,
        "maxRet": 0.9895752668380737,
        "minRet": 0.9774131178855896
    },
    "MiniGrid-DoorKey-8x8-custom-diff0.71967792277423": {
        "meanRet": 0.9736949825286865,
        "maxRet": 0.9852316379547119,
        "minRet": 0.9669884443283081
    },
    "MiniGrid-DoorKey-10x10-custom-diff0.71967792277423": {
        "meanRet": 0.9665019345283509,
        "maxRet": 0.9826254844665527,
        "minRet": 0.9548262357711792
    },
    "MiniGrid-DoorKey-12x12-custom-diff0.71967792277423": {
        "meanRet": 0.9484324264526367,
        "maxRet": 0.9704633355140686,
        "minRet": 0.9287644624710083
    }
}