{
    "model": "test12x12_25k_3step_3gen_3curric/epoch_47_curric0_gen3",
    "MiniGrid-DoorKey-6x6-custom-diff0.2569142875744653": {
        "meanRet": 0.952975594997406,
        "maxRet": 0.9682926535606384,
        "minRet": 0.9414634108543396
    },
    "MiniGrid-DoorKey-8x8-custom-diff0.2569142875744653": {
        "meanRet": 0.9251707410812378,
        "maxRet": 0.9536585211753845,
        "minRet": 0.9048780202865601
    },
    "MiniGrid-DoorKey-10x10-custom-diff0.2569142875744653": {
        "meanRet": 0.8764540369694049,
        "maxRet": 0.9487804770469666,
        "minRet": 0.8243902325630188
    },
    "MiniGrid-DoorKey-12x12-custom-diff0.2569142875744653": {
        "meanRet": 0.8366829204559326,
        "maxRet": 0.9365853667259216,
        "minRet": 0.7634146213531494
    }
}