{
    "model": "test12x12_25k_3step_3gen_3curric/epoch_34_curric0_gen1",
    "MiniGrid-DoorKey-6x6-custom-diff0.5819142875744653": {
        "meanRet": 0.9777634620666504,
        "maxRet": 0.9870967864990234,
        "minRet": 0.9698925018310547
    },
    "MiniGrid-DoorKey-8x8-custom-diff0.5819142875744653": {
        "meanRet": 0.9670388698577881,
        "maxRet": 0.9817204475402832,
        "minRet": 0.9580644965171814
    },
    "MiniGrid-DoorKey-10x10-custom-diff0.5819142875744653": {
        "meanRet": 0.9505376267433167,
        "maxRet": 0.9741935729980469,
        "minRet": 0.9344086050987244
    },
    "MiniGrid-DoorKey-12x12-custom-diff0.5819142875744653": {
        "meanRet": 0.9175483894348144,
        "maxRet": 0.9559139609336853,
        "minRet": 0.875268816947937
    }
}