{
    "model": "MI_RHEA_PARA_ENV_2_first\\epoch_10_curric0_gen3",
    "MiniGrid-DoorKey-5x5-custom-diff1": {
        "meanRet": 0.8782705068588257,
        "maxRet": 0.9012194871902466,
        "minRet": 0.8573170900344849
    },
    "MiniGrid-DoorKey-6x6-custom-diff1": {
        "meanRet": 0.8897058715422949,
        "maxRet": 0.916806697845459,
        "minRet": 0.8714285492897034
    },
    "MiniGrid-DoorKey-8x8-custom-diff1": {
        "meanRet": 0.8999569145115939,
        "maxRet": 0.9445497393608093,
        "minRet": 0.8805687427520752
    },
    "MiniGrid-DoorKey-16x16-custom-diff1": {
        "meanRet": 0.8354437828063965,
        "maxRet": 0.865798830986023,
        "minRet": 0.7912425994873047
    }
}