{
    "model": "test12x12_100k_3step_3gen_3curric/epoch_45_curric1_gen3",
    "MiniGrid-DoorKey-6x6-custom-diff0.15": {
        "meanRet": 0.9129999995231628,
        "maxRet": 0.9458333253860474,
        "minRet": 0.887499988079071
    },
    "MiniGrid-DoorKey-8x8-custom-diff0.15": {
        "meanRet": 0.8578333353996277,
        "maxRet": 0.9333333373069763,
        "minRet": 0.7958333492279053
    },
    "MiniGrid-DoorKey-10x10-custom-diff0.15": {
        "meanRet": 0.7914999961853028,
        "maxRet": 0.9333333373069763,
        "minRet": 0.625
    },
    "MiniGrid-DoorKey-12x12-custom-diff0.15": {
        "meanRet": 0.6836666703224182,
        "maxRet": 0.9041666388511658,
        "minRet": 0.46666666865348816
    }
}