{
    "model": "DO_11_05_RHEA_PARA_ENV_1\\epoch_6_curric0_gen3",
    "MiniGrid-DoorKey-5x5-custom-diff0": {
        "meanRet": 0.9546999831994375,
        "maxRet": 0.9675999879837036,
        "minRet": 0.9459999799728394
    },
    "MiniGrid-DoorKey-6x6-custom-diff0": {
        "meanRet": 0.959749984741211,
        "maxRet": 0.9700000286102295,
        "minRet": 0.9549999833106995
    },
    "MiniGrid-DoorKey-8x8-custom-diff0": {
        "meanRet": 0.9632968723773956,
        "maxRet": 0.9775000214576721,
        "minRet": 0.9535937309265137
    },
    "MiniGrid-DoorKey-16x16-custom-diff0": {
        "meanRet": 0.9484257757663727,
        "maxRet": 0.9782031178474426,
        "minRet": 0.9068359136581421
    }
}