{
    "model": "test12x12_50k_3step_3gen_3curric/epoch_25_curric1_gen2",
    "MiniGrid-DoorKey-6x6-custom-diff0.6260602224432589": {
        "meanRet": 0.9797824573516846,
        "maxRet": 0.9860155582427979,
        "minRet": 0.9730299711227417
    },
    "MiniGrid-DoorKey-8x8-custom-diff0.6260602224432589": {
        "meanRet": 0.9660377341967362,
        "maxRet": 0.9820199608802795,
        "minRet": 0.9490566253662109
    },
    "MiniGrid-DoorKey-10x10-custom-diff0.6260602224432589": {
        "meanRet": 0.950574917793274,
        "maxRet": 0.9810211062431335,
        "minRet": 0.9220865964889526
    },
    "MiniGrid-DoorKey-12x12-custom-diff0.6260602224432589": {
        "meanRet": 0.9335937809944153,
        "maxRet": 0.9650388360023499,
        "minRet": 0.8981131911277771
    }
}