{
    "model": "SO_RHEA_2PARA_5GEN_14May\\epoch_6_curric2_gen1",
    "MiniGrid-DoorKey-5x5-custom-diff0": {
        "meanRet": 0.9512363455512307,
        "maxRet": 0.9639999866485596,
        "minRet": 0.9459999799728394
    },
    "MiniGrid-DoorKey-6x6-custom-diff0": {
        "meanRet": 0.9542499840259552,
        "maxRet": 0.9624999761581421,
        "minRet": 0.949999988079071
    },
    "MiniGrid-DoorKey-8x8-custom-diff0": {
        "meanRet": 0.9590781152248382,
        "maxRet": 0.9690625071525574,
        "minRet": 0.9507812261581421
    },
    "MiniGrid-DoorKey-16x16-custom-diff0": {
        "meanRet": 0.8905234456062316,
        "maxRet": 0.963085949420929,
        "minRet": 0.8252734541893005
    }
}