{
    "model": "test12x12_50k_3step_3gen_3curric/epoch_3_curric0_gen3",
    "MiniGrid-DoorKey-6x6-custom-diff1": {
        "meanRet": 0.9869499969482421,
        "maxRet": 0.9925000071525574,
        "minRet": 0.9800000190734863
    },
    "MiniGrid-DoorKey-8x8-custom-diff1": {
        "meanRet": 0.9658250021934509,
        "maxRet": 0.9912499785423279,
        "minRet": 0.9449999928474426
    },
    "MiniGrid-DoorKey-10x10-custom-diff1": {
        "meanRet": 0.9182999968528748,
        "maxRet": 0.9850000143051147,
        "minRet": 0.8387500047683716
    },
    "MiniGrid-DoorKey-12x12-custom-diff1": {
        "meanRet": 0.8532500004768372,
        "maxRet": 0.9662500023841858,
        "minRet": 0.7206249833106995
    }
}