{
    "model": "test12x12_50k_3step_3gen_3curric/epoch_9_curric2_gen2",
    "MiniGrid-DoorKey-6x6-custom-diff1": {
        "meanRet": 0.9853846178605006,
        "maxRet": 0.9918749928474426,
        "minRet": 0.9806249737739563
    },
    "MiniGrid-DoorKey-8x8-custom-diff1": {
        "meanRet": 0.9807451963424683,
        "maxRet": 0.9887499809265137,
        "minRet": 0.9737499952316284
    },
    "MiniGrid-DoorKey-10x10-custom-diff1": {
        "meanRet": 0.9721500015258789,
        "maxRet": 0.981249988079071,
        "minRet": 0.9637500047683716
    },
    "MiniGrid-DoorKey-12x12-custom-diff1": {
        "meanRet": 0.958899998664856,
        "maxRet": 0.9750000238418579,
        "minRet": 0.9493749737739563
    }
}