{
    "model": "Di_Rhea1\\epoch_1_curric2_gen3",
    "MiniGrid-DoorKey-5x5-custom-diff0": {
        "meanRet": 0.42148000448942186,
        "maxRet": 0.8884000182151794,
        "minRet": 0.10719999670982361
    },
    "MiniGrid-DoorKey-6x6-custom-diff0": {
        "meanRet": 0.1201515148083369,
        "maxRet": 0.6075000166893005,
        "minRet": 0.0
    },
    "MiniGrid-DoorKey-8x8-custom-diff0": {
        "meanRet": 0.059477541130036116,
        "maxRet": 0.6259375214576721,
        "minRet": 0.0
    },
    "MiniGrid-DoorKey-16x16-custom-diff0": {
        "meanRet": 0.0,
        "maxRet": 0.0,
        "minRet": 0.0
    }
}