{
    "model": "test12x12_100k_3step_3gen_3curric/epoch_21_curric1_gen2",
    "MiniGrid-DoorKey-6x6-custom-diff0.6220715046045372": {
        "meanRet": 0.9792307661129878,
        "maxRet": 0.9869273900985718,
        "minRet": 0.9728491902351379
    },
    "MiniGrid-DoorKey-8x8-custom-diff0.6220715046045372": {
        "meanRet": 0.9664536237716674,
        "maxRet": 0.9818994402885437,
        "minRet": 0.9497206807136536
    },
    "MiniGrid-DoorKey-10x10-custom-diff0.6220715046045372": {
        "meanRet": 0.9576044702529907,
        "maxRet": 0.9849162101745605,
        "minRet": 0.9306145310401917
    },
    "MiniGrid-DoorKey-12x12-custom-diff0.6220715046045372": {
        "meanRet": 0.9371307301521301,
        "maxRet": 0.9678212404251099,
        "minRet": 0.878324031829834
    }
}