{
    "model": "test12x12_100k_3step_3gen_3curric/epoch_17_curric2_gen1",
    "MiniGrid-DoorKey-6x6-custom-diff0.7220715046045372": {
        "meanRet": 0.9818427448089306,
        "maxRet": 0.9887391924858093,
        "minRet": 0.9748796820640564
    },
    "MiniGrid-DoorKey-8x8-custom-diff0.7220715046045372": {
        "meanRet": 0.9724889302253723,
        "maxRet": 0.9844080805778503,
        "minRet": 0.9618864059448242
    },
    "MiniGrid-DoorKey-10x10-custom-diff0.7220715046045372": {
        "meanRet": 0.9616092371940613,
        "maxRet": 0.9826756715774536,
        "minRet": 0.9436958432197571
    },
    "MiniGrid-DoorKey-12x12-custom-diff0.7220715046045372": {
        "meanRet": 0.9401963424682617,
        "maxRet": 0.9722810387611389,
        "minRet": 0.8960539102554321
    }
}