{
    "model": "DO_11_05_RHEA_PARA_ENV_1\\epoch_8_curric1_gen3",
    "MiniGrid-DoorKey-5x5-custom-diff2": {
        "meanRet": 0.7038265211241586,
        "maxRet": 0.7428571581840515,
        "minRet": 0.6785714030265808
    },
    "MiniGrid-DoorKey-6x6-custom-diff2": {
        "meanRet": 0.7484090815890919,
        "maxRet": 0.8199999928474426,
        "minRet": 0.7074999809265137
    },
    "MiniGrid-DoorKey-8x8-custom-diff2": {
        "meanRet": 0.7653571516275406,
        "maxRet": 0.8585714101791382,
        "minRet": 0.7171428799629211
    },
    "MiniGrid-DoorKey-16x16-custom-diff2": {
        "meanRet": 0.7325531899929046,
        "maxRet": 0.8882978558540344,
        "minRet": 0.5691489577293396
    }
}