{
    "model": "test12x12_50k_3step_3gen_3curric/epoch_23_curric1_gen3",
    "MiniGrid-DoorKey-6x6-custom-diff0.6760602224432589": {
        "meanRet": 0.9823884963989258,
        "maxRet": 0.9870503544807434,
        "minRet": 0.9768756628036499
    },
    "MiniGrid-DoorKey-8x8-custom-diff0.6760602224432589": {
        "meanRet": 0.9731757526214306,
        "maxRet": 0.9833504557609558,
        "minRet": 0.9648509621620178
    },
    "MiniGrid-DoorKey-10x10-custom-diff0.6760602224432589": {
        "meanRet": 0.9596711158752441,
        "maxRet": 0.9750257134437561,
        "minRet": 0.9454265236854553
    },
    "MiniGrid-DoorKey-12x12-custom-diff0.6760602224432589": {
        "meanRet": 0.9272472124833328,
        "maxRet": 0.9713258147239685,
        "minRet": 0.8825282454490662
    }
}