{
    "model": "test12x12_75k_3step_3gen_3curric/epoch_37_curric2_gen1",
    "MiniGrid-DoorKey-6x6-custom-diff0.15": {
        "meanRet": 0.9106481494726958,
        "maxRet": 0.9458333253860474,
        "minRet": 0.875
    },
    "MiniGrid-DoorKey-8x8-custom-diff0.15": {
        "meanRet": 0.8589506193443581,
        "maxRet": 0.9333333373069763,
        "minRet": 0.8083333373069763
    },
    "MiniGrid-DoorKey-10x10-custom-diff0.15": {
        "meanRet": 0.7905448698080503,
        "maxRet": 0.9041666388511658,
        "minRet": 0.675000011920929
    },
    "MiniGrid-DoorKey-12x12-custom-diff0.15": {
        "meanRet": 0.6736666679382324,
        "maxRet": 0.887499988079071,
        "minRet": 0.44999998807907104
    }
}