{
    "model": "test12x12_100k_4step_3gen_3curric/epoch_3_curric0_gen1",
    "MiniGrid-DoorKey-6x6-custom-diff1": {
        "meanRet": 0.9861000013351441,
        "maxRet": 0.9906250238418579,
        "minRet": 0.9787499904632568
    },
    "MiniGrid-DoorKey-8x8-custom-diff1": {
        "meanRet": 0.9757249999046326,
        "maxRet": 0.987500011920929,
        "minRet": 0.96875
    },
    "MiniGrid-DoorKey-10x10-custom-diff1": {
        "meanRet": 0.9647250032424927,
        "maxRet": 0.9831249713897705,
        "minRet": 0.9437500238418579
    },
    "MiniGrid-DoorKey-12x12-custom-diff1": {
        "meanRet": 0.9437249994277954,
        "maxRet": 0.9787499904632568,
        "minRet": 0.90625
    }
}