{
    "model": "MI_RHEA_PARA_ENV_2_first\\epoch_7_curric2_gen2",
    "MiniGrid-DoorKey-5x5-custom-diff1": {
        "meanRet": 0.8911585211753845,
        "maxRet": 0.9012194871902466,
        "minRet": 0.8792682886123657
    },
    "MiniGrid-DoorKey-6x6-custom-diff1": {
        "meanRet": 0.884285706281662,
        "maxRet": 0.924369752407074,
        "minRet": 0.8563024997711182
    },
    "MiniGrid-DoorKey-8x8-custom-diff1": {
        "meanRet": 0.907867294549942,
        "maxRet": 0.9360189437866211,
        "minRet": 0.8890995383262634
    },
    "MiniGrid-DoorKey-16x16-custom-diff1": {
        "meanRet": 0.8307573854923248,
        "maxRet": 0.9073372483253479,
        "minRet": 0.7720710039138794
    }
}