{
    "model": "SO_RHEA_2PARA_5GEN_14May\\epoch_3_curric2_gen3",
    "MiniGrid-DoorKey-5x5-custom-diff2": {
        "meanRet": 0.6844155788421631,
        "maxRet": 0.7107142806053162,
        "minRet": 0.6464285850524902
    },
    "MiniGrid-DoorKey-6x6-custom-diff2": {
        "meanRet": 0.6829545497894287,
        "maxRet": 0.7749999761581421,
        "minRet": 0.6175000071525574
    },
    "MiniGrid-DoorKey-8x8-custom-diff2": {
        "meanRet": 0.7158571481704712,
        "maxRet": 0.8071428537368774,
        "minRet": 0.6528571248054504
    },
    "MiniGrid-DoorKey-16x16-custom-diff2": {
        "meanRet": 0.6976789073510603,
        "maxRet": 0.8308510780334473,
        "minRet": 0.5755318999290466
    }
}