{
    "model": "test12x12_50k_3step_3gen_3curric/epoch_6_curric2_gen2",
    "MiniGrid-DoorKey-6x6-custom-diff1": {
        "meanRet": 0.9875240394702325,
        "maxRet": 0.9925000071525574,
        "minRet": 0.9831249713897705
    },
    "MiniGrid-DoorKey-8x8-custom-diff1": {
        "meanRet": 0.9789182704228622,
        "maxRet": 0.9881250262260437,
        "minRet": 0.9693750143051147
    },
    "MiniGrid-DoorKey-10x10-custom-diff1": {
        "meanRet": 0.967350001335144,
        "maxRet": 0.9837499856948853,
        "minRet": 0.9462500214576721
    },
    "MiniGrid-DoorKey-12x12-custom-diff1": {
        "meanRet": 0.9468999934196473,
        "maxRet": 0.9750000238418579,
        "minRet": 0.9125000238418579
    }
}