{
    "model": "Di_Rhea1\\epoch_7_curric0_gen2",
    "MiniGrid-DoorKey-5x5-custom-diff2": {
        "meanRet": 0.659821425875028,
        "maxRet": 0.7107142806053162,
        "minRet": 0.6142857074737549
    },
    "MiniGrid-DoorKey-6x6-custom-diff2": {
        "meanRet": 0.709545455195687,
        "maxRet": 0.7749999761581421,
        "minRet": 0.6625000238418579
    },
    "MiniGrid-DoorKey-8x8-custom-diff2": {
        "meanRet": 0.7518571555614472,
        "maxRet": 0.8071428537368774,
        "minRet": 0.7171428799629211
    },
    "MiniGrid-DoorKey-16x16-custom-diff2": {
        "meanRet": 0.7168278639966791,
        "maxRet": 0.8212766051292419,
        "minRet": 0.6361702084541321
    }
}