{
    "model": "test12x12_100k_3step_3gen_3curric/epoch_18_curric1_gen3",
    "MiniGrid-DoorKey-6x6-custom-diff0.6970715046045372": {
        "meanRet": 0.9807976031303406,
        "maxRet": 0.9901295900344849,
        "minRet": 0.9703888297080994
    },
    "MiniGrid-DoorKey-8x8-custom-diff0.6970715046045372": {
        "meanRet": 0.9684506440162659,
        "maxRet": 0.9838484525680542,
        "minRet": 0.9569292068481445
    },
    "MiniGrid-DoorKey-10x10-custom-diff0.6970715046045372": {
        "meanRet": 0.9548833465576172,
        "maxRet": 0.9874376654624939,
        "minRet": 0.9344965219497681
    },
    "MiniGrid-DoorKey-12x12-custom-diff0.6970715046045372": {
        "meanRet": 0.9315892338752747,
        "maxRet": 0.9632103443145752,
        "minRet": 0.8833499550819397
    }
}