{
    "model": "test12x12_150k_3step_3gen_3curric/epoch_20_curric1_gen1",
    "MiniGrid-DoorKey-6x6-custom-diff0.15": {
        "meanRet": 0.9200320496008947,
        "maxRet": 0.949999988079071,
        "minRet": 0.8999999761581421
    },
    "MiniGrid-DoorKey-8x8-custom-diff0.15": {
        "meanRet": 0.8798333358764648,
        "maxRet": 0.9291666746139526,
        "minRet": 0.8500000238418579
    },
    "MiniGrid-DoorKey-10x10-custom-diff0.15": {
        "meanRet": 0.8413333344459534,
        "maxRet": 0.949999988079071,
        "minRet": 0.7749999761581421
    },
    "MiniGrid-DoorKey-12x12-custom-diff0.15": {
        "meanRet": 0.7342948661400721,
        "maxRet": 0.8666666746139526,
        "minRet": 0.6458333134651184
    }
}