{
    "model": "test12x12_50k_3step_3gen_3curric/epoch_2_curric0_gen2",
    "MiniGrid-DoorKey-6x6-custom-diff1": {
        "meanRet": 0.9735250043869018,
        "maxRet": 0.9893749952316284,
        "minRet": 0.9518749713897705
    },
    "MiniGrid-DoorKey-8x8-custom-diff1": {
        "meanRet": 0.8828250050544739,
        "maxRet": 0.9862499833106995,
        "minRet": 0.8256250023841858
    },
    "MiniGrid-DoorKey-10x10-custom-diff1": {
        "meanRet": 0.7443499970436096,
        "maxRet": 0.9312499761581421,
        "minRet": 0.5856249928474426
    },
    "MiniGrid-DoorKey-12x12-custom-diff1": {
        "meanRet": 0.620099995136261,
        "maxRet": 0.8743749856948853,
        "minRet": 0.3174999952316284
    }
}