{
    "model": "test12x12_100k_3step_3gen_3curric/epoch_45_curric0_gen2",
    "MiniGrid-DoorKey-6x6-custom-diff0.15": {
        "meanRet": 0.9213333344459533,
        "maxRet": 0.9583333134651184,
        "minRet": 0.8916666507720947
    },
    "MiniGrid-DoorKey-8x8-custom-diff0.15": {
        "meanRet": 0.8671474388012519,
        "maxRet": 0.9291666746139526,
        "minRet": 0.8166666626930237
    },
    "MiniGrid-DoorKey-10x10-custom-diff0.15": {
        "meanRet": 0.8223333358764648,
        "maxRet": 0.9083333611488342,
        "minRet": 0.7041666507720947
    },
    "MiniGrid-DoorKey-12x12-custom-diff0.15": {
        "meanRet": 0.7118333315849305,
        "maxRet": 0.875,
        "minRet": 0.375
    }
}