{
    "model": "Mo_Rhea1\\epoch_9_curric1_gen3",
    "MiniGrid-DoorKey-5x5-custom-diff2": {
        "meanRet": 0.701948041265661,
        "maxRet": 0.7428571581840515,
        "minRet": 0.6785714030265808
    },
    "MiniGrid-DoorKey-6x6-custom-diff2": {
        "meanRet": 0.6954999963442484,
        "maxRet": 0.8199999928474426,
        "minRet": 0.6399999856948853
    },
    "MiniGrid-DoorKey-8x8-custom-diff2": {
        "meanRet": 0.7544285833835602,
        "maxRet": 0.8328571319580078,
        "minRet": 0.704285740852356
    },
    "MiniGrid-DoorKey-16x16-custom-diff2": {
        "meanRet": 0.7775531947612763,
        "maxRet": 0.8563829660415649,
        "minRet": 0.6489361524581909
    }
}