{
    "model": "test12x12_25k_3step_3gen_3curric/epoch_44_curric2_gen2",
    "MiniGrid-DoorKey-6x6-custom-diff0.3319142875744653": {
        "meanRet": 0.9649811387062073,
        "maxRet": 0.9773585200309753,
        "minRet": 0.9490566253662109
    },
    "MiniGrid-DoorKey-8x8-custom-diff0.3319142875744653": {
        "meanRet": 0.9416603803634643,
        "maxRet": 0.9698113203048706,
        "minRet": 0.9150943160057068
    },
    "MiniGrid-DoorKey-10x10-custom-diff0.3319142875744653": {
        "meanRet": 0.9128301882743836,
        "maxRet": 0.9566037654876709,
        "minRet": 0.8773584961891174
    },
    "MiniGrid-DoorKey-12x12-custom-diff0.3319142875744653": {
        "meanRet": 0.8519593660648053,
        "maxRet": 0.9226415157318115,
        "minRet": 0.7735849022865295
    }
}