{
    "model": "test12x12_150k_3step_3gen_3curric/epoch_30_curric2_gen2",
    "MiniGrid-DoorKey-6x6-custom-diff0.15": {
        "meanRet": 0.9192901231624462,
        "maxRet": 0.9458333253860474,
        "minRet": 0.8958333134651184
    },
    "MiniGrid-DoorKey-8x8-custom-diff0.15": {
        "meanRet": 0.8841666674613953,
        "maxRet": 0.9333333373069763,
        "minRet": 0.8500000238418579
    },
    "MiniGrid-DoorKey-10x10-custom-diff0.15": {
        "meanRet": 0.841666669845581,
        "maxRet": 0.9291666746139526,
        "minRet": 0.7708333134651184
    },
    "MiniGrid-DoorKey-12x12-custom-diff0.15": {
        "meanRet": 0.7381410231957068,
        "maxRet": 0.862500011920929,
        "minRet": 0.612500011920929
    }
}