{
    "model": "test12x12_100k_3step_4gen_3curric/epoch_13_curric0_gen1",
    "MiniGrid-DoorKey-6x6-custom-diff0.81967792277423": {
        "meanRet": 0.9839525413513184,
        "maxRet": 0.9908474683761597,
        "minRet": 0.9794067740440369
    },
    "MiniGrid-DoorKey-8x8-custom-diff0.81967792277423": {
        "meanRet": 0.9780949187278748,
        "maxRet": 0.9862712025642395,
        "minRet": 0.9717796444892883
    },
    "MiniGrid-DoorKey-10x10-custom-diff0.81967792277423": {
        "meanRet": 0.9693741821325742,
        "maxRet": 0.983983039855957,
        "minRet": 0.9580508470535278
    },
    "MiniGrid-DoorKey-12x12-custom-diff0.81967792277423": {
        "meanRet": 0.9480769221599286,
        "maxRet": 0.9725423455238342,
        "minRet": 0.9298304915428162
    }
}