{
    "model": "test12x12_150k_3step_3gen_3curric/epoch_25_curric1_gen3",
    "MiniGrid-DoorKey-6x6-custom-diff0.15": {
        "meanRet": 0.923065477183887,
        "maxRet": 0.949999988079071,
        "minRet": 0.8999999761581421
    },
    "MiniGrid-DoorKey-8x8-custom-diff0.15": {
        "meanRet": 0.8841346204280853,
        "maxRet": 0.9208333492279053,
        "minRet": 0.862500011920929
    },
    "MiniGrid-DoorKey-10x10-custom-diff0.15": {
        "meanRet": 0.8153333353996277,
        "maxRet": 0.9375,
        "minRet": 0.7458333373069763
    },
    "MiniGrid-DoorKey-12x12-custom-diff0.15": {
        "meanRet": 0.7153333330154419,
        "maxRet": 0.8833333253860474,
        "minRet": 0.6166666746139526
    }
}