{
    "model": "SO_RHEA_2PARA_5GEN_14May\\epoch_4_curric0_gen3",
    "MiniGrid-DoorKey-5x5-custom-diff2": {
        "meanRet": 0.7042857050895691,
        "maxRet": 0.7428571581840515,
        "minRet": 0.6785714030265808
    },
    "MiniGrid-DoorKey-6x6-custom-diff2": {
        "meanRet": 0.7254999935626983,
        "maxRet": 0.8199999928474426,
        "minRet": 0.6399999856948853
    },
    "MiniGrid-DoorKey-8x8-custom-diff2": {
        "meanRet": 0.7197142899036407,
        "maxRet": 0.7685714364051819,
        "minRet": 0.6785714030265808
    },
    "MiniGrid-DoorKey-16x16-custom-diff2": {
        "meanRet": 0.5318085104227066,
        "maxRet": 0.7797872424125671,
        "minRet": 0.3329787254333496
    }
}