{
    "model": "test12x12_75k_3step_3gen_3curric/epoch_42_curric2_gen2",
    "MiniGrid-DoorKey-6x6-custom-diff0.15": {
        "meanRet": 0.9273333406448364,
        "maxRet": 0.949999988079071,
        "minRet": 0.9041666388511658
    },
    "MiniGrid-DoorKey-8x8-custom-diff0.15": {
        "meanRet": 0.8892628183731666,
        "maxRet": 0.9333333373069763,
        "minRet": 0.862500011920929
    },
    "MiniGrid-DoorKey-10x10-custom-diff0.15": {
        "meanRet": 0.8429012320659779,
        "maxRet": 0.9333333373069763,
        "minRet": 0.7749999761581421
    },
    "MiniGrid-DoorKey-12x12-custom-diff0.15": {
        "meanRet": 0.7486666655540466,
        "maxRet": 0.8791666626930237,
        "minRet": 0.6291666626930237
    }
}