{
    "model": "test12x12_150k_3step_3gen_3curric/epoch_7_curric2_gen2",
    "MiniGrid-DoorKey-6x6-custom-diff0.9313807381558473": {
        "meanRet": 0.9878162076840034,
        "maxRet": 0.9932885766029358,
        "minRet": 0.9838926196098328
    },
    "MiniGrid-DoorKey-8x8-custom-diff0.9313807381558473": {
        "meanRet": 0.9789261746406556,
        "maxRet": 0.9865771532058716,
        "minRet": 0.972483217716217
    },
    "MiniGrid-DoorKey-10x10-custom-diff0.9313807381558473": {
        "meanRet": 0.9719860840726782,
        "maxRet": 0.9872483015060425,
        "minRet": 0.9624161124229431
    },
    "MiniGrid-DoorKey-12x12-custom-diff0.9313807381558473": {
        "meanRet": 0.9550604009628296,
        "maxRet": 0.980536937713623,
        "minRet": 0.9382550120353699
    }
}