{
    "model": "test12x12_75k_3step_3gen_3curric/epoch_34_curric1_gen2",
    "MiniGrid-DoorKey-6x6-custom-diff0.15": {
        "meanRet": 0.9160000038146973,
        "maxRet": 0.9416666626930237,
        "minRet": 0.8958333134651184
    },
    "MiniGrid-DoorKey-8x8-custom-diff0.15": {
        "meanRet": 0.8409999966621399,
        "maxRet": 0.925000011920929,
        "minRet": 0.7749999761581421
    },
    "MiniGrid-DoorKey-10x10-custom-diff0.15": {
        "meanRet": 0.772756413771556,
        "maxRet": 0.925000011920929,
        "minRet": 0.6833333373069763
    },
    "MiniGrid-DoorKey-12x12-custom-diff0.15": {
        "meanRet": 0.6269230773815742,
        "maxRet": 0.8583333492279053,
        "minRet": 0.44999998807907104
    }
}