{
    "model": "test12x12_150k_3step_3gen_3curric/epoch_13_curric1_gen2",
    "MiniGrid-DoorKey-6x6-custom-diff0.7813807381558474": {
        "meanRet": 0.9849481428111041,
        "maxRet": 0.9904000163078308,
        "minRet": 0.9807999730110168
    },
    "MiniGrid-DoorKey-8x8-custom-diff0.7813807381558474": {
        "meanRet": 0.9752307763466468,
        "maxRet": 0.9864000082015991,
        "minRet": 0.9679999947547913
    },
    "MiniGrid-DoorKey-10x10-custom-diff0.7813807381558474": {
        "meanRet": 0.9638814815768489,
        "maxRet": 0.9832000136375427,
        "minRet": 0.9520000219345093
    },
    "MiniGrid-DoorKey-12x12-custom-diff0.7813807381558474": {
        "meanRet": 0.9477760004997253,
        "maxRet": 0.9807999730110168,
        "minRet": 0.9240000247955322
    }
}