{
    "model": "test12x12_25k_3step_3gen_3curric/epoch_39_curric1_gen2",
    "MiniGrid-DoorKey-6x6-custom-diff0.4569142875744653": {
        "meanRet": 0.9754520559310913,
        "maxRet": 0.9863013625144958,
        "minRet": 0.9698629975318909
    },
    "MiniGrid-DoorKey-8x8-custom-diff0.4569142875744653": {
        "meanRet": 0.9605276496322067,
        "maxRet": 0.9767123460769653,
        "minRet": 0.949315071105957
    },
    "MiniGrid-DoorKey-10x10-custom-diff0.4569142875744653": {
        "meanRet": 0.9455890369415283,
        "maxRet": 0.982191801071167,
        "minRet": 0.9273972511291504
    },
    "MiniGrid-DoorKey-12x12-custom-diff0.4569142875744653": {
        "meanRet": 0.8892602729797363,
        "maxRet": 0.9547945261001587,
        "minRet": 0.8342465758323669
    }
}