{
    "model": "test12x12_25k_3step_3gen_3curric/epoch_18_curric0_gen1",
    "MiniGrid-DoorKey-6x6-custom-diff0.9819142875744653": {
        "meanRet": 0.9881273937225342,
        "maxRet": 0.9923567175865173,
        "minRet": 0.9847133755683899
    },
    "MiniGrid-DoorKey-8x8-custom-diff0.9819142875744653": {
        "meanRet": 0.9824458646774292,
        "maxRet": 0.9891719818115234,
        "minRet": 0.9783439636230469
    },
    "MiniGrid-DoorKey-10x10-custom-diff0.9819142875744653": {
        "meanRet": 0.970573251247406,
        "maxRet": 0.9847133755683899,
        "minRet": 0.9573248624801636
    },
    "MiniGrid-DoorKey-12x12-custom-diff0.9819142875744653": {
        "meanRet": 0.9435923576354981,
        "maxRet": 0.9764330983161926,
        "minRet": 0.9197452068328857
    }
}