{
    "model": "test12x12_100k_3step_3gen_3curric/epoch_5_curric1_gen1",
    "MiniGrid-DoorKey-6x6-custom-diff1": {
        "meanRet": 0.7198250007629394,
        "maxRet": 0.9775000214576721,
        "minRet": 0.4468750059604645
    },
    "MiniGrid-DoorKey-8x8-custom-diff1": {
        "meanRet": 0.12928030165759,
        "maxRet": 0.815625011920929,
        "minRet": 0.0
    },
    "MiniGrid-DoorKey-10x10-custom-diff1": {
        "meanRet": 0.06466796807944775,
        "maxRet": 0.7400000095367432,
        "minRet": 0.0
    },
    "MiniGrid-DoorKey-12x12-custom-diff1": {
        "meanRet": 0.023378905840218067,
        "maxRet": 0.43187499046325684,
        "minRet": 0.0
    }
}