{
    "model": "Rhea_SaRun2\\epoch_2_curric1_gen3",
    "MiniGrid-DoorKey-5x5-custom-diff2": {
        "meanRet": 0.7010714292526246,
        "maxRet": 0.7428571581840515,
        "minRet": 0.6464285850524902
    },
    "MiniGrid-DoorKey-6x6-custom-diff2": {
        "meanRet": 0.6887499988079071,
        "maxRet": 0.7749999761581421,
        "minRet": 0.6175000071525574
    },
    "MiniGrid-DoorKey-8x8-custom-diff2": {
        "meanRet": 0.6785714228947958,
        "maxRet": 0.7685714364051819,
        "minRet": 0.6142857074737549
    },
    "MiniGrid-DoorKey-16x16-custom-diff2": {
        "meanRet": 0.625,
        "maxRet": 0.827659547328949,
        "minRet": 0.46382978558540344
    }
}