{
    "model": "test12x12_75k_3step_3gen_3curric/epoch_49_curric2_gen2",
    "MiniGrid-DoorKey-6x6-custom-diff0.15": {
        "meanRet": 0.9073717938019679,
        "maxRet": 0.949999988079071,
        "minRet": 0.875
    },
    "MiniGrid-DoorKey-8x8-custom-diff0.15": {
        "meanRet": 0.8640432114954348,
        "maxRet": 0.9333333373069763,
        "minRet": 0.8083333373069763
    },
    "MiniGrid-DoorKey-10x10-custom-diff0.15": {
        "meanRet": 0.8103333306312561,
        "maxRet": 0.9125000238418579,
        "minRet": 0.7541666626930237
    },
    "MiniGrid-DoorKey-12x12-custom-diff0.15": {
        "meanRet": 0.6976666688919068,
        "maxRet": 0.8291666507720947,
        "minRet": 0.6000000238418579
    }
}