{
    "model": "test12x12_50k_3step_3gen_3curric/epoch_27_curric2_gen1",
    "MiniGrid-DoorKey-6x6-custom-diff0.5760602224432588": {
        "meanRet": 0.9791314910959314,
        "maxRet": 0.9869722723960876,
        "minRet": 0.9739444851875305
    },
    "MiniGrid-DoorKey-8x8-custom-diff0.5760602224432588": {
        "meanRet": 0.9707744288444519,
        "maxRet": 0.9793727397918701,
        "minRet": 0.9630880355834961
    },
    "MiniGrid-DoorKey-10x10-custom-diff0.5760602224432588": {
        "meanRet": 0.9580072355270386,
        "maxRet": 0.9848009943962097,
        "minRet": 0.9489746689796448
    },
    "MiniGrid-DoorKey-12x12-custom-diff0.5760602224432588": {
        "meanRet": 0.9276960182189942,
        "maxRet": 0.9652593731880188,
        "minRet": 0.9033775925636292
    }
}