{
    "model": "test12x12_50k_3step_3gen_3curric/epoch_27_curric1_gen2",
    "MiniGrid-DoorKey-6x6-custom-diff0.5760602224432588": {
        "meanRet": 0.9802913596996894,
        "maxRet": 0.9869722723960876,
        "minRet": 0.9739444851875305
    },
    "MiniGrid-DoorKey-8x8-custom-diff0.5760602224432588": {
        "meanRet": 0.9683860087394714,
        "maxRet": 0.9793727397918701,
        "minRet": 0.9565742015838623
    },
    "MiniGrid-DoorKey-10x10-custom-diff0.5760602224432588": {
        "meanRet": 0.951753921508789,
        "maxRet": 0.981544017791748,
        "minRet": 0.9359469413757324
    },
    "MiniGrid-DoorKey-12x12-custom-diff0.5760602224432588": {
        "meanRet": 0.9186634492874145,
        "maxRet": 0.9641736745834351,
        "minRet": 0.89252108335495
    }
}