{
    "model": "test12x12_25k_3step_3gen_3curric/epoch_5_curric2_gen1",
    "MiniGrid-DoorKey-6x6-custom-diff1": {
        "meanRet": 0.6206250011920929,
        "maxRet": 0.971875011920929,
        "minRet": 0.22624999284744263
    },
    "MiniGrid-DoorKey-8x8-custom-diff1": {
        "meanRet": 0.055598958705862365,
        "maxRet": 0.5199999809265137,
        "minRet": 0.0
    },
    "MiniGrid-DoorKey-10x10-custom-diff1": {
        "meanRet": 0.027252604253590107,
        "maxRet": 0.4699999988079071,
        "minRet": 0.0
    },
    "MiniGrid-DoorKey-12x12-custom-diff1": {
        "meanRet": 0.023880208221574623,
        "maxRet": 0.49312499165534973,
        "minRet": 0.0
    }
}