{
    "model": "test12x12_50k_3step_3gen_3curric/epoch_47_curric1_gen2",
    "MiniGrid-DoorKey-6x6-custom-diff0.15": {
        "meanRet": 0.927623466209129,
        "maxRet": 0.949999988079071,
        "minRet": 0.9083333611488342
    },
    "MiniGrid-DoorKey-8x8-custom-diff0.15": {
        "meanRet": 0.8875000023841858,
        "maxRet": 0.9416666626930237,
        "minRet": 0.8500000238418579
    },
    "MiniGrid-DoorKey-10x10-custom-diff0.15": {
        "meanRet": 0.8185897400745978,
        "maxRet": 0.9458333253860474,
        "minRet": 0.7416666746139526
    },
    "MiniGrid-DoorKey-12x12-custom-diff0.15": {
        "meanRet": 0.7368333315849305,
        "maxRet": 0.8958333134651184,
        "minRet": 0.6291666626930237
    }
}