{
    "model": "test12x12_100k_4step_3gen_3curric/epoch_16_curric1_gen2",
    "MiniGrid-DoorKey-6x6-custom-diff0.4308080000000001": {
        "meanRet": 0.973000009059906,
        "maxRet": 0.9825806617736816,
        "minRet": 0.9651612639427185
    },
    "MiniGrid-DoorKey-8x8-custom-diff0.4308080000000001": {
        "meanRet": 0.9515161228179931,
        "maxRet": 0.978225827217102,
        "minRet": 0.9317741990089417
    },
    "MiniGrid-DoorKey-10x10-custom-diff0.4308080000000001": {
        "meanRet": 0.9225620329380035,
        "maxRet": 0.9753226041793823,
        "minRet": 0.8679032325744629
    },
    "MiniGrid-DoorKey-12x12-custom-diff0.4308080000000001": {
        "meanRet": 0.8543741893768311,
        "maxRet": 0.9448387026786804,
        "minRet": 0.744516134262085
    }
}