{
    "model": "test12x12_100k_3step_3gen_3curric/epoch_29_curric0_gen1",
    "MiniGrid-DoorKey-6x6-custom-diff0.15": {
        "meanRet": 0.9058333301544189,
        "maxRet": 0.9458333253860474,
        "minRet": 0.8666666746139526
    },
    "MiniGrid-DoorKey-8x8-custom-diff0.15": {
        "meanRet": 0.8441666650772095,
        "maxRet": 0.9375,
        "minRet": 0.7666666507720947
    },
    "MiniGrid-DoorKey-10x10-custom-diff0.15": {
        "meanRet": 0.7398333382606507,
        "maxRet": 0.9125000238418579,
        "minRet": 0.612500011920929
    },
    "MiniGrid-DoorKey-12x12-custom-diff0.15": {
        "meanRet": 0.6086666691303253,
        "maxRet": 0.8458333611488342,
        "minRet": 0.32083332538604736
    }
}