{
    "model": "test12x12_25k_3step_3gen_3curric/epoch_29_curric2_gen1",
    "MiniGrid-DoorKey-6x6-custom-diff0.7069142875744653": {
        "meanRet": 0.9817699122428895,
        "maxRet": 0.9884955883026123,
        "minRet": 0.9752212166786194
    },
    "MiniGrid-DoorKey-8x8-custom-diff0.7069142875744653": {
        "meanRet": 0.9728386700153351,
        "maxRet": 0.9867256879806519,
        "minRet": 0.9646017551422119
    },
    "MiniGrid-DoorKey-10x10-custom-diff0.7069142875744653": {
        "meanRet": 0.9611327362060547,
        "maxRet": 0.9796460270881653,
        "minRet": 0.9442477822303772
    },
    "MiniGrid-DoorKey-12x12-custom-diff0.7069142875744653": {
        "meanRet": 0.9424070739746093,
        "maxRet": 0.9637168049812317,
        "minRet": 0.9088495373725891
    }
}