{
    "model": "test12x12_75k_3step_3gen_3curric/epoch_6_curric2_gen3",
    "MiniGrid-DoorKey-6x6-custom-diff1": {
        "meanRet": 0.988356488722342,
        "maxRet": 0.9918749928474426,
        "minRet": 0.9856250286102295
    },
    "MiniGrid-DoorKey-8x8-custom-diff1": {
        "meanRet": 0.9815249943733215,
        "maxRet": 0.9893749952316284,
        "minRet": 0.9750000238418579
    },
    "MiniGrid-DoorKey-10x10-custom-diff1": {
        "meanRet": 0.9724749970436096,
        "maxRet": 0.9868749976158142,
        "minRet": 0.9593750238418579
    },
    "MiniGrid-DoorKey-12x12-custom-diff1": {
        "meanRet": 0.9498750042915344,
        "maxRet": 0.9750000238418579,
        "minRet": 0.9243749976158142
    }
}