{
    "model": "test12x12_150k_3step_3gen_3curric/epoch_12_curric1_gen3",
    "MiniGrid-DoorKey-6x6-custom-diff0.8063807381558474": {
        "meanRet": 0.984209018724936,
        "maxRet": 0.9906976819038391,
        "minRet": 0.9798449873924255
    },
    "MiniGrid-DoorKey-8x8-custom-diff0.8063807381558474": {
        "meanRet": 0.9764673284121922,
        "maxRet": 0.986821711063385,
        "minRet": 0.9705426096916199
    },
    "MiniGrid-DoorKey-10x10-custom-diff0.8063807381558474": {
        "meanRet": 0.9674418544769288,
        "maxRet": 0.986821711063385,
        "minRet": 0.9550387859344482
    },
    "MiniGrid-DoorKey-12x12-custom-diff0.8063807381558474": {
        "meanRet": 0.951658911705017,
        "maxRet": 0.97364342212677,
        "minRet": 0.934108555316925
    }
}