{
    "model": "test12x12_50k_3step_3gen_3curric/epoch_36_curric0_gen1",
    "MiniGrid-DoorKey-6x6-custom-diff0.35106022244325885": {
        "meanRet": 0.9671366214752197,
        "maxRet": 0.9786138534545898,
        "minRet": 0.9572277069091797
    },
    "MiniGrid-DoorKey-8x8-custom-diff0.35106022244325885": {
        "meanRet": 0.9470829963684082,
        "maxRet": 0.969702959060669,
        "minRet": 0.9322772026062012
    },
    "MiniGrid-DoorKey-10x10-custom-diff0.35106022244325885": {
        "meanRet": 0.9276435613632202,
        "maxRet": 0.9661386013031006,
        "minRet": 0.8895049691200256
    },
    "MiniGrid-DoorKey-12x12-custom-diff0.35106022244325885": {
        "meanRet": 0.8641267347335816,
        "maxRet": 0.9411880970001221,
        "minRet": 0.8075247406959534
    }
}