{
    "model": "test12x12_100k_3step_4gen_3curric/epoch_28_curric0_gen3",
    "MiniGrid-DoorKey-6x6-custom-diff0.15": {
        "meanRet": 0.9306666731834412,
        "maxRet": 0.9583333134651184,
        "minRet": 0.9083333611488342
    },
    "MiniGrid-DoorKey-8x8-custom-diff0.15": {
        "meanRet": 0.8778333377838134,
        "maxRet": 0.9375,
        "minRet": 0.8458333611488342
    },
    "MiniGrid-DoorKey-10x10-custom-diff0.15": {
        "meanRet": 0.8578333282470703,
        "maxRet": 0.9458333253860474,
        "minRet": 0.8125
    },
    "MiniGrid-DoorKey-12x12-custom-diff0.15": {
        "meanRet": 0.7591666650772094,
        "maxRet": 0.887499988079071,
        "minRet": 0.6708333492279053
    }
}