{
    "model": "test12x12_50k_3step_3gen_3curric/epoch_22_curric0_gen1",
    "MiniGrid-DoorKey-6x6-custom-diff0.7010602224432589": {
        "meanRet": 0.9833955925244552,
        "maxRet": 0.9884043335914612,
        "minRet": 0.9803766012191772
    },
    "MiniGrid-DoorKey-8x8-custom-diff0.7010602224432589": {
        "meanRet": 0.9743111968040467,
        "maxRet": 0.9848364591598511,
        "minRet": 0.966105043888092
    },
    "MiniGrid-DoorKey-10x10-custom-diff0.7010602224432589": {
        "meanRet": 0.9564360785484314,
        "maxRet": 0.981268584728241,
        "minRet": 0.9429137706756592
    },
    "MiniGrid-DoorKey-12x12-custom-diff0.7010602224432589": {
        "meanRet": 0.930212094783783,
        "maxRet": 0.9705649018287659,
        "minRet": 0.8929633498191833
    }
}