{
    "model": "test12x12_75k_3step_3gen_3curric/epoch_10_curric0_gen1",
    "MiniGrid-DoorKey-6x6-custom-diff0.9315023600555896": {
        "meanRet": 0.9856823263344942,
        "maxRet": 0.991946280002594,
        "minRet": 0.980536937713623
    },
    "MiniGrid-DoorKey-8x8-custom-diff0.9315023600555896": {
        "meanRet": 0.9803489899635315,
        "maxRet": 0.990604043006897,
        "minRet": 0.9738255143165588
    },
    "MiniGrid-DoorKey-10x10-custom-diff0.9315023600555896": {
        "meanRet": 0.9733154344558715,
        "maxRet": 0.9892617464065552,
        "minRet": 0.9624161124229431
    },
    "MiniGrid-DoorKey-12x12-custom-diff0.9315023600555896": {
        "meanRet": 0.954543106831037,
        "maxRet": 0.9791946411132812,
        "minRet": 0.9348993301391602
    }
}