{
    "model": "test12x12_25k_3step_3gen_3curric/epoch_38_curric0_gen3",
    "MiniGrid-DoorKey-6x6-custom-diff0.4819142875744653": {
        "meanRet": 0.9746253742621496,
        "maxRet": 0.984415590763092,
        "minRet": 0.9675324559211731
    },
    "MiniGrid-DoorKey-8x8-custom-diff0.4819142875744653": {
        "meanRet": 0.9609390565982232,
        "maxRet": 0.9766233563423157,
        "minRet": 0.9493506550788879
    },
    "MiniGrid-DoorKey-10x10-custom-diff0.4819142875744653": {
        "meanRet": 0.9461538447783544,
        "maxRet": 0.9662337899208069,
        "minRet": 0.932467520236969
    },
    "MiniGrid-DoorKey-12x12-custom-diff0.4819142875744653": {
        "meanRet": 0.9056103873252869,
        "maxRet": 0.9597402811050415,
        "minRet": 0.8545454740524292
    }
}