{
    "model": "test12x12_25k_3step_3gen_3curric/epoch_29_curric1_gen3",
    "MiniGrid-DoorKey-6x6-custom-diff0.7069142875744653": {
        "meanRet": 0.9772035312652588,
        "maxRet": 0.9876106381416321,
        "minRet": 0.9716814160346985
    },
    "MiniGrid-DoorKey-8x8-custom-diff0.7069142875744653": {
        "meanRet": 0.9675844024728846,
        "maxRet": 0.982300877571106,
        "minRet": 0.9592920541763306
    },
    "MiniGrid-DoorKey-10x10-custom-diff0.7069142875744653": {
        "meanRet": 0.9532035398483276,
        "maxRet": 0.9778761267662048,
        "minRet": 0.9336283206939697
    },
    "MiniGrid-DoorKey-12x12-custom-diff0.7069142875744653": {
        "meanRet": 0.930371687412262,
        "maxRet": 0.9654867053031921,
        "minRet": 0.8902654647827148
    }
}