{
    "model": "test12x12_50k_3step_3gen_3curric/epoch_49_curric0_gen1",
    "MiniGrid-DoorKey-6x6-custom-diff0.15": {
        "meanRet": 0.9254807806932009,
        "maxRet": 0.949999988079071,
        "minRet": 0.9083333611488342
    },
    "MiniGrid-DoorKey-8x8-custom-diff0.15": {
        "meanRet": 0.8751666688919068,
        "maxRet": 0.9375,
        "minRet": 0.8416666388511658
    },
    "MiniGrid-DoorKey-10x10-custom-diff0.15": {
        "meanRet": 0.8289999985694885,
        "maxRet": 0.9541666507720947,
        "minRet": 0.7583333253860474
    },
    "MiniGrid-DoorKey-12x12-custom-diff0.15": {
        "meanRet": 0.7309999990463257,
        "maxRet": 0.8791666626930237,
        "minRet": 0.5708333253860474
    }
}