{
    "model": "test12x12_50k_3step_3gen_3curric/epoch_15_curric0_gen2",
    "MiniGrid-DoorKey-6x6-custom-diff0.8760602224432589": {
        "meanRet": 0.98481205701828,
        "maxRet": 0.9914353489875793,
        "minRet": 0.979302167892456
    },
    "MiniGrid-DoorKey-8x8-custom-diff0.8760602224432589": {
        "meanRet": 0.9778746962547302,
        "maxRet": 0.9900079369544983,
        "minRet": 0.9714512228965759
    },
    "MiniGrid-DoorKey-10x10-custom-diff0.8760602224432589": {
        "meanRet": 0.9703092837333679,
        "maxRet": 0.9892942309379578,
        "minRet": 0.9536082744598389
    },
    "MiniGrid-DoorKey-12x12-custom-diff0.8760602224432589": {
        "meanRet": 0.9586042904853821,
        "maxRet": 0.9807295799255371,
        "minRet": 0.934337854385376
    }
}