{
    "model": "test12x12_75k_3step_3gen_3curric/epoch_39_curric1_gen3",
    "MiniGrid-DoorKey-6x6-custom-diff0.15": {
        "meanRet": 0.9223333406448364,
        "maxRet": 0.949999988079071,
        "minRet": 0.8916666507720947
    },
    "MiniGrid-DoorKey-8x8-custom-diff0.15": {
        "meanRet": 0.8818910282391769,
        "maxRet": 0.925000011920929,
        "minRet": 0.8500000238418579
    },
    "MiniGrid-DoorKey-10x10-custom-diff0.15": {
        "meanRet": 0.8368333387374878,
        "maxRet": 0.9208333492279053,
        "minRet": 0.7749999761581421
    },
    "MiniGrid-DoorKey-12x12-custom-diff0.15": {
        "meanRet": 0.7256666684150695,
        "maxRet": 0.8458333611488342,
        "minRet": 0.637499988079071
    }
}