{
    "model": "test12x12_50k_3step_3gen_3curric/epoch_31_curric1_gen1",
    "MiniGrid-DoorKey-6x6-custom-diff0.47606022244325885": {
        "meanRet": 0.9727240967750549,
        "maxRet": 0.9829196929931641,
        "minRet": 0.9645255208015442
    },
    "MiniGrid-DoorKey-8x8-custom-diff0.47606022244325885": {
        "meanRet": 0.9634218907356262,
        "maxRet": 0.9789780974388123,
        "minRet": 0.9513868689537048
    },
    "MiniGrid-DoorKey-10x10-custom-diff0.47606022244325885": {
        "meanRet": 0.9458787212005029,
        "maxRet": 0.9724087715148926,
        "minRet": 0.9224817752838135
    },
    "MiniGrid-DoorKey-12x12-custom-diff0.47606022244325885": {
        "meanRet": 0.9085021901130677,
        "maxRet": 0.9592700600624084,
        "minRet": 0.8659853935241699
    }
}