{
    "model": "test12x12_100k_3step_4gen_3curric/epoch_5_curric2_gen3",
    "MiniGrid-DoorKey-6x6-custom-diff1": {
        "meanRet": 0.9886750078201294,
        "maxRet": 0.9925000071525574,
        "minRet": 0.9856250286102295
    },
    "MiniGrid-DoorKey-8x8-custom-diff1": {
        "meanRet": 0.9813461555884435,
        "maxRet": 0.9900000095367432,
        "minRet": 0.9756249785423279
    },
    "MiniGrid-DoorKey-10x10-custom-diff1": {
        "meanRet": 0.9749768486729374,
        "maxRet": 0.9831249713897705,
        "minRet": 0.9674999713897705
    },
    "MiniGrid-DoorKey-12x12-custom-diff1": {
        "meanRet": 0.9570749974250794,
        "maxRet": 0.9818750023841858,
        "minRet": 0.9375
    }
}