{
    "model": "test12x12_100k_3step_3gen_3curric/epoch_34_curric0_gen2",
    "MiniGrid-DoorKey-6x6-custom-diff0.15": {
        "meanRet": 0.9179999995231628,
        "maxRet": 0.949999988079071,
        "minRet": 0.8916666507720947
    },
    "MiniGrid-DoorKey-8x8-custom-diff0.15": {
        "meanRet": 0.8573333287239074,
        "maxRet": 0.9083333611488342,
        "minRet": 0.8166666626930237
    },
    "MiniGrid-DoorKey-10x10-custom-diff0.15": {
        "meanRet": 0.8399038452368516,
        "maxRet": 0.9083333611488342,
        "minRet": 0.7791666388511658
    },
    "MiniGrid-DoorKey-12x12-custom-diff0.15": {
        "meanRet": 0.7083333340974954,
        "maxRet": 0.8833333253860474,
        "minRet": 0.5625
    }
}