{
    "model": "test12x12_75k_3step_3gen_3curric/epoch_18_curric1_gen2",
    "MiniGrid-DoorKey-6x6-custom-diff0.7065023600555896": {
        "meanRet": 0.9829026508331299,
        "maxRet": 0.9893805384635925,
        "minRet": 0.9787610769271851
    },
    "MiniGrid-DoorKey-8x8-custom-diff0.7065023600555896": {
        "meanRet": 0.9690619444847107,
        "maxRet": 0.9831858277320862,
        "minRet": 0.9575220942497253
    },
    "MiniGrid-DoorKey-10x10-custom-diff0.7065023600555896": {
        "meanRet": 0.9557181734305161,
        "maxRet": 0.9858406782150269,
        "minRet": 0.9389380812644958
    },
    "MiniGrid-DoorKey-12x12-custom-diff0.7065023600555896": {
        "meanRet": 0.9210265564918518,
        "maxRet": 0.9584071040153503,
        "minRet": 0.8823009133338928
    }
}