{
    "model": "test12x12_75k_3step_3gen_3curric/epoch_25_curric2_gen3",
    "MiniGrid-DoorKey-6x6-custom-diff0.5315023600555897": {
        "meanRet": 0.9794823503494263,
        "maxRet": 0.9858823418617249,
        "minRet": 0.9729411602020264
    },
    "MiniGrid-DoorKey-8x8-custom-diff0.5315023600555897": {
        "meanRet": 0.9680090523683108,
        "maxRet": 0.981176495552063,
        "minRet": 0.9599999785423279
    },
    "MiniGrid-DoorKey-10x10-custom-diff0.5315023600555897": {
        "meanRet": 0.955811755657196,
        "maxRet": 0.9823529124259949,
        "minRet": 0.9423529505729675
    },
    "MiniGrid-DoorKey-12x12-custom-diff0.5315023600555897": {
        "meanRet": 0.937364706993103,
        "maxRet": 0.9670588374137878,
        "minRet": 0.9082353115081787
    }
}