{
    "model": "test12x12_100k_3step_4gen_3curric/epoch_18_curric0_gen1",
    "MiniGrid-DoorKey-6x6-custom-diff0.69467792277423": {
        "meanRet": 0.9836920094490051,
        "maxRet": 0.9891999959945679,
        "minRet": 0.9775000214576721
    },
    "MiniGrid-DoorKey-8x8-custom-diff0.69467792277423": {
        "meanRet": 0.9749080061912536,
        "maxRet": 0.9837999939918518,
        "minRet": 0.9693999886512756
    },
    "MiniGrid-DoorKey-10x10-custom-diff0.69467792277423": {
        "meanRet": 0.9652599978446961,
        "maxRet": 0.9883000254631042,
        "minRet": 0.9523000121116638
    },
    "MiniGrid-DoorKey-12x12-custom-diff0.69467792277423": {
        "meanRet": 0.9472599959373474,
        "maxRet": 0.9729999899864197,
        "minRet": 0.9261999726295471
    }
}