{
    "model": "SO_RHEA_2PARA_5GEN_14May\\epoch_6_curric2_gen3",
    "MiniGrid-DoorKey-5x5-custom-diff0": {
        "meanRet": 0.9554908925836737,
        "maxRet": 0.9675999879837036,
        "minRet": 0.9495999813079834
    },
    "MiniGrid-DoorKey-6x6-custom-diff0": {
        "meanRet": 0.9573076734176049,
        "maxRet": 0.9649999737739563,
        "minRet": 0.9524999856948853
    },
    "MiniGrid-DoorKey-8x8-custom-diff0": {
        "meanRet": 0.9639999985694885,
        "maxRet": 0.9732812643051147,
        "minRet": 0.9592187404632568
    },
    "MiniGrid-DoorKey-16x16-custom-diff0": {
        "meanRet": 0.9558789074420929,
        "maxRet": 0.9789062738418579,
        "minRet": 0.927929699420929
    }
}