{
    "model": "test12x12_100k_3step_3gen_3curric/epoch_4_curric1_gen2",
    "MiniGrid-DoorKey-6x6-custom-diff1": {
        "meanRet": 0.8781999969482421,
        "maxRet": 0.9825000166893005,
        "minRet": 0.7362499833106995
    },
    "MiniGrid-DoorKey-8x8-custom-diff1": {
        "meanRet": 0.2826480253746635,
        "maxRet": 0.8974999785423279,
        "minRet": 0.0
    },
    "MiniGrid-DoorKey-10x10-custom-diff1": {
        "meanRet": 0.11899621039628983,
        "maxRet": 0.9175000190734863,
        "minRet": 0.0
    },
    "MiniGrid-DoorKey-12x12-custom-diff1": {
        "meanRet": 0.04820312559604645,
        "maxRet": 0.7518749833106995,
        "minRet": 0.0
    }
}