{
    "model": "test12x12_100k_4step_3gen_3curric/epoch_10_curric0_gen1",
    "MiniGrid-DoorKey-6x6-custom-diff0.8720715046045371": {
        "meanRet": 0.9860986746274508,
        "maxRet": 0.9913944005966187,
        "minRet": 0.9806374311447144
    },
    "MiniGrid-DoorKey-8x8-custom-diff0.8720715046045371": {
        "meanRet": 0.9785147428512573,
        "maxRet": 0.9885258674621582,
        "minRet": 0.9698804616928101
    },
    "MiniGrid-DoorKey-10x10-custom-diff0.8720715046045371": {
        "meanRet": 0.9712871519418863,
        "maxRet": 0.9835059642791748,
        "minRet": 0.9576892256736755
    },
    "MiniGrid-DoorKey-12x12-custom-diff0.8720715046045371": {
        "meanRet": 0.9426581621170044,
        "maxRet": 0.973466157913208,
        "minRet": 0.9132270812988281
    }
}