{
    "model": "test12x12_100k_3step_4gen_3curric/epoch_27_curric0_gen1",
    "MiniGrid-DoorKey-6x6-custom-diff0.15": {
        "meanRet": 0.9166666688742461,
        "maxRet": 0.949999988079071,
        "minRet": 0.8958333134651184
    },
    "MiniGrid-DoorKey-8x8-custom-diff0.15": {
        "meanRet": 0.8737654398988794,
        "maxRet": 0.925000011920929,
        "minRet": 0.8500000238418579
    },
    "MiniGrid-DoorKey-10x10-custom-diff0.15": {
        "meanRet": 0.8360000038146973,
        "maxRet": 0.9083333611488342,
        "minRet": 0.7791666388511658
    },
    "MiniGrid-DoorKey-12x12-custom-diff0.15": {
        "meanRet": 0.7146666646003723,
        "maxRet": 0.8708333373069763,
        "minRet": 0.5916666388511658
    }
}