{
    "model": "test12x12_100k_3step_4gen_3curric/epoch_5_curric2_gen1",
    "MiniGrid-DoorKey-6x6-custom-diff1": {
        "meanRet": 0.9870249986648559,
        "maxRet": 0.9925000071525574,
        "minRet": 0.9825000166893005
    },
    "MiniGrid-DoorKey-8x8-custom-diff1": {
        "meanRet": 0.9817788463372451,
        "maxRet": 0.9906250238418579,
        "minRet": 0.9768750071525574
    },
    "MiniGrid-DoorKey-10x10-custom-diff1": {
        "meanRet": 0.9723611164976049,
        "maxRet": 0.984375,
        "minRet": 0.9631249904632568
    },
    "MiniGrid-DoorKey-12x12-custom-diff1": {
        "meanRet": 0.9603249979019165,
        "maxRet": 0.9787499904632568,
        "minRet": 0.9431250095367432
    }
}