{
    "model": "test12x12_100k_3step_3gen_3curric/epoch_10_curric1_gen3",
    "MiniGrid-DoorKey-6x6-custom-diff0.8970715046045371": {
        "meanRet": 0.9856948184967042,
        "maxRet": 0.9923315048217773,
        "minRet": 0.9804802536964417
    },
    "MiniGrid-DoorKey-8x8-custom-diff0.8970715046045371": {
        "meanRet": 0.9770503497123718,
        "maxRet": 0.9874516129493713,
        "minRet": 0.9651433229446411
    },
    "MiniGrid-DoorKey-10x10-custom-diff0.8970715046045371": {
        "meanRet": 0.9640836548805237,
        "maxRet": 0.9811773896217346,
        "minRet": 0.9442293047904968
    },
    "MiniGrid-DoorKey-12x12-custom-diff0.8970715046045371": {
        "meanRet": 0.9508659887313843,
        "maxRet": 0.9762974381446838,
        "minRet": 0.914252519607544
    }
}