{
    "model": "test12x12_100k_3step_3gen_3curric/epoch_25_curric2_gen3",
    "MiniGrid-DoorKey-6x6-custom-diff0.15": {
        "meanRet": 0.9134999942779541,
        "maxRet": 0.9583333134651184,
        "minRet": 0.887499988079071
    },
    "MiniGrid-DoorKey-8x8-custom-diff0.15": {
        "meanRet": 0.815166666507721,
        "maxRet": 0.9333333373069763,
        "minRet": 0.699999988079071
    },
    "MiniGrid-DoorKey-10x10-custom-diff0.15": {
        "meanRet": 0.7261666667461395,
        "maxRet": 0.9291666746139526,
        "minRet": 0.4541666805744171
    },
    "MiniGrid-DoorKey-12x12-custom-diff0.15": {
        "meanRet": 0.35202381036111285,
        "maxRet": 0.925000011920929,
        "minRet": 0.0
    }
}