{
    "model": "test12x12_25k_3step_3gen_3curric/epoch_49_curric0_gen1",
    "MiniGrid-DoorKey-6x6-custom-diff0.512744": {
        "meanRet": 0.9780957056925847,
        "maxRet": 0.9878048896789551,
        "minRet": 0.9719512462615967
    },
    "MiniGrid-DoorKey-8x8-custom-diff0.512744": {
        "meanRet": 0.965196987757316,
        "maxRet": 0.9804878234863281,
        "minRet": 0.9560975432395935
    },
    "MiniGrid-DoorKey-10x10-custom-diff0.512744": {
        "meanRet": 0.9459999966621399,
        "maxRet": 0.9865853786468506,
        "minRet": 0.9207317233085632
    },
    "MiniGrid-DoorKey-12x12-custom-diff0.512744": {
        "meanRet": 0.9217560982704163,
        "maxRet": 0.962195098400116,
        "minRet": 0.8841463327407837
    }
}