{
    "model": "Rhea_mi1\\epoch_2_curric2_gen1",
    "MiniGrid-DoorKey-5x5-custom": {
        "meanRet": 0.8866000175476074,
        "maxRet": 0.9100000262260437,
        "minRet": 0.8650000095367432
    },
    "MiniGrid-DoorKey-6x6-custom": {
        "meanRet": 0.8681846215174749,
        "maxRet": 0.920799970626831,
        "minRet": 0.8416000008583069
    },
    "MiniGrid-DoorKey-8x8-custom": {
        "meanRet": 0.8686818155375394,
        "maxRet": 0.9054999947547913,
        "minRet": 0.847000002861023
    },
    "MiniGrid-DoorKey-16x16-custom": {
        "meanRet": 0.055312500800937414,
        "maxRet": 0.4390000104904175,
        "minRet": 0.0
    }
}