{
    "model": "test12x12_100k_3step_3gen_3curric/epoch_26_curric1_gen1",
    "MiniGrid-DoorKey-6x6-custom-diff0.15": {
        "meanRet": 0.9106666660308838,
        "maxRet": 0.9458333253860474,
        "minRet": 0.8666666746139526
    },
    "MiniGrid-DoorKey-8x8-custom-diff0.15": {
        "meanRet": 0.8570000004768371,
        "maxRet": 0.9291666746139526,
        "minRet": 0.800000011920929
    },
    "MiniGrid-DoorKey-10x10-custom-diff0.15": {
        "meanRet": 0.8094999933242798,
        "maxRet": 0.9291666746139526,
        "minRet": 0.675000011920929
    },
    "MiniGrid-DoorKey-12x12-custom-diff0.15": {
        "meanRet": 0.6201666665077209,
        "maxRet": 0.8458333611488342,
        "minRet": 0.4166666567325592
    }
}