{
    "model": "MI_RHEA_PARA_ENV_2_first\\epoch_9_curric2_gen1",
    "MiniGrid-DoorKey-5x5-custom-diff1": {
        "meanRet": 0.8692073225975037,
        "maxRet": 0.9012194871902466,
        "minRet": 0.8463414907455444
    },
    "MiniGrid-DoorKey-6x6-custom-diff1": {
        "meanRet": 0.8865546107292175,
        "maxRet": 0.9092437028884888,
        "minRet": 0.8714285492897034
    },
    "MiniGrid-DoorKey-8x8-custom-diff1": {
        "meanRet": 0.8545497536659241,
        "maxRet": 0.8890995383262634,
        "minRet": 0.8123222589492798
    },
    "MiniGrid-DoorKey-16x16-custom-diff1": {
        "meanRet": 0.008916419930756092,
        "maxRet": 0.28532543778419495,
        "minRet": 0.0
    }
}