{
    "model": "test12x12_100k_3step_3gen_3curric/epoch_41_curric1_gen1",
    "MiniGrid-DoorKey-6x6-custom-diff0.15": {
        "meanRet": 0.9120192275597498,
        "maxRet": 0.9375,
        "minRet": 0.887499988079071
    },
    "MiniGrid-DoorKey-8x8-custom-diff0.15": {
        "meanRet": 0.8716666626930237,
        "maxRet": 0.9416666626930237,
        "minRet": 0.824999988079071
    },
    "MiniGrid-DoorKey-10x10-custom-diff0.15": {
        "meanRet": 0.8251666688919067,
        "maxRet": 0.9083333611488342,
        "minRet": 0.7458333373069763
    },
    "MiniGrid-DoorKey-12x12-custom-diff0.15": {
        "meanRet": 0.7240000009536743,
        "maxRet": 0.887499988079071,
        "minRet": 0.5541666746139526
    }
}