{
    "model": "test12x12_100k_3step_4gen_3curric/epoch_21_curric1_gen1",
    "MiniGrid-DoorKey-6x6-custom-diff0.20553": {
        "meanRet": 0.9371525406837463,
        "maxRet": 0.9633898138999939,
        "minRet": 0.9084745645523071
    },
    "MiniGrid-DoorKey-8x8-custom-diff0.20553": {
        "meanRet": 0.8956610155105591,
        "maxRet": 0.9542372822761536,
        "minRet": 0.8596610426902771
    },
    "MiniGrid-DoorKey-10x10-custom-diff0.20553": {
        "meanRet": 0.8649084758758545,
        "maxRet": 0.9359322190284729,
        "minRet": 0.7955932021141052
    },
    "MiniGrid-DoorKey-12x12-custom-diff0.20553": {
        "meanRet": 0.7599593186378479,
        "maxRet": 0.871864378452301,
        "minRet": 0.6369491815567017
    }
}