{
    "model": "test12x12_50k_3step_3gen_3curric/epoch_45_curric1_gen1",
    "MiniGrid-DoorKey-6x6-custom-diff0.15": {
        "meanRet": 0.9219551269824688,
        "maxRet": 0.9583333134651184,
        "minRet": 0.8999999761581421
    },
    "MiniGrid-DoorKey-8x8-custom-diff0.15": {
        "meanRet": 0.8886666679382325,
        "maxRet": 0.9416666626930237,
        "minRet": 0.8583333492279053
    },
    "MiniGrid-DoorKey-10x10-custom-diff0.15": {
        "meanRet": 0.8425925925925926,
        "maxRet": 0.9458333253860474,
        "minRet": 0.762499988079071
    },
    "MiniGrid-DoorKey-12x12-custom-diff0.15": {
        "meanRet": 0.7671666693687439,
        "maxRet": 0.8583333492279053,
        "minRet": 0.6625000238418579
    }
}