{
    "model": "Mo_Rhea1\\epoch_5_curric1_gen2",
    "MiniGrid-DoorKey-5x5-custom-diff2": {
        "meanRet": 0.5500000010837208,
        "maxRet": 0.6464285850524902,
        "minRet": 0.4535714387893677
    },
    "MiniGrid-DoorKey-6x6-custom-diff2": {
        "meanRet": 0.5927500039339065,
        "maxRet": 0.6850000023841858,
        "minRet": 0.48249998688697815
    },
    "MiniGrid-DoorKey-8x8-custom-diff2": {
        "meanRet": 0.5988571494817734,
        "maxRet": 0.7814285755157471,
        "minRet": 0.4471428692340851
    },
    "MiniGrid-DoorKey-16x16-custom-diff2": {
        "meanRet": 0.006615691352635622,
        "maxRet": 0.2117021232843399,
        "minRet": 0.0
    }
}