{
    "model": "test12x12_25k_3step_3gen_3curric/epoch_9_curric0_gen1",
    "MiniGrid-DoorKey-6x6-custom-diff1": {
        "meanRet": 0.988221159348121,
        "maxRet": 0.9925000071525574,
        "minRet": 0.984375
    },
    "MiniGrid-DoorKey-8x8-custom-diff1": {
        "meanRet": 0.9796000003814698,
        "maxRet": 0.9881250262260437,
        "minRet": 0.9706249833106995
    },
    "MiniGrid-DoorKey-10x10-custom-diff1": {
        "meanRet": 0.9645500016212464,
        "maxRet": 0.9806249737739563,
        "minRet": 0.9431250095367432
    },
    "MiniGrid-DoorKey-12x12-custom-diff1": {
        "meanRet": 0.9369000005722046,
        "maxRet": 0.9781249761581421,
        "minRet": 0.8981249928474426
    }
}