{
    "model": "test12x12_150k_3step_3gen_3curric/epoch_9_curric0_gen2",
    "MiniGrid-DoorKey-6x6-custom-diff0.8813807381558474": {
        "meanRet": 0.9859247093017285,
        "maxRet": 0.9914893507957458,
        "minRet": 0.9808510541915894
    },
    "MiniGrid-DoorKey-8x8-custom-diff0.8813807381558474": {
        "meanRet": 0.9802236740405743,
        "maxRet": 0.9886524677276611,
        "minRet": 0.9730496406555176
    },
    "MiniGrid-DoorKey-10x10-custom-diff0.8813807381558474": {
        "meanRet": 0.972510633468628,
        "maxRet": 0.9822695255279541,
        "minRet": 0.9638298153877258
    },
    "MiniGrid-DoorKey-12x12-custom-diff0.8813807381558474": {
        "meanRet": 0.9593191456794739,
        "maxRet": 0.9758865237236023,
        "minRet": 0.9418439865112305
    }
}