{
    "model": "test12x12_150k_3step_3gen_3curric/epoch_31_curric1_gen3",
    "MiniGrid-DoorKey-6x6-custom-diff0.15": {
        "meanRet": 0.9019230833420386,
        "maxRet": 0.9333333373069763,
        "minRet": 0.8666666746139526
    },
    "MiniGrid-DoorKey-8x8-custom-diff0.15": {
        "meanRet": 0.8690000033378601,
        "maxRet": 0.9208333492279053,
        "minRet": 0.8125
    },
    "MiniGrid-DoorKey-10x10-custom-diff0.15": {
        "meanRet": 0.8148333311080933,
        "maxRet": 0.8958333134651184,
        "minRet": 0.7333333492279053
    },
    "MiniGrid-DoorKey-12x12-custom-diff0.15": {
        "meanRet": 0.6963333368301392,
        "maxRet": 0.8333333134651184,
        "minRet": 0.5541666746139526
    }
}