{
    "model": "SO_RHEA_2PARA_5GEN_14May\\epoch_6_curric0_gen3",
    "MiniGrid-DoorKey-5x5-custom-diff0": {
        "meanRet": 0.956439983844757,
        "maxRet": 0.9675999879837036,
        "minRet": 0.9495999813079834
    },
    "MiniGrid-DoorKey-6x6-custom-diff0": {
        "meanRet": 0.9588636159896851,
        "maxRet": 0.9649999737739563,
        "minRet": 0.9549999833106995
    },
    "MiniGrid-DoorKey-8x8-custom-diff0": {
        "meanRet": 0.9608806750991128,
        "maxRet": 0.9760937690734863,
        "minRet": 0.9535937309265137
    },
    "MiniGrid-DoorKey-16x16-custom-diff0": {
        "meanRet": 0.932359367609024,
        "maxRet": 0.9609765410423279,
        "minRet": 0.9008593559265137
    }
}