{
    "model": "test12x12_25k_3step_3gen_3curric/epoch_48_curric1_gen3",
    "MiniGrid-DoorKey-6x6-custom-diff0.2319142875744653": {
        "meanRet": 0.9497497501196684,
        "maxRet": 0.9675675630569458,
        "minRet": 0.9351351261138916
    },
    "MiniGrid-DoorKey-8x8-custom-diff0.2319142875744653": {
        "meanRet": 0.9138138205916794,
        "maxRet": 0.954054057598114,
        "minRet": 0.8918918967247009
    },
    "MiniGrid-DoorKey-10x10-custom-diff0.2319142875744653": {
        "meanRet": 0.8692972946166992,
        "maxRet": 0.9405405521392822,
        "minRet": 0.8081080913543701
    },
    "MiniGrid-DoorKey-12x12-custom-diff0.2319142875744653": {
        "meanRet": 0.7872432446479798,
        "maxRet": 0.9108108282089233,
        "minRet": 0.6540540456771851
    }
}