{
    "model": "SO_RHEA_2PARA_5GEN_14May\\epoch_9_curric1_gen4",
    "MiniGrid-DoorKey-5x5-custom-diff2": {
        "meanRet": 0.6914285540580749,
        "maxRet": 0.7107142806053162,
        "minRet": 0.6785714030265808
    },
    "MiniGrid-DoorKey-6x6-custom-diff2": {
        "meanRet": 0.6850000023841858,
        "maxRet": 0.8199999928474426,
        "minRet": 0.6175000071525574
    },
    "MiniGrid-DoorKey-8x8-custom-diff2": {
        "meanRet": 0.7158571422100067,
        "maxRet": 0.8328571319580078,
        "minRet": 0.6399999856948853
    },
    "MiniGrid-DoorKey-16x16-custom-diff2": {
        "meanRet": 0.5011702120304108,
        "maxRet": 0.8755319118499756,
        "minRet": 0.3361702263355255
    }
}