{
    "model": "test12x12_25k_3step_3gen_3curric/epoch_45_curric0_gen2",
    "MiniGrid-DoorKey-6x6-custom-diff0.30691428757446526": {
        "meanRet": 0.9528257480034461,
        "maxRet": 0.9795918464660645,
        "minRet": 0.9428571462631226
    },
    "MiniGrid-DoorKey-8x8-custom-diff0.30691428757446526": {
        "meanRet": 0.9399183702468872,
        "maxRet": 0.9693877696990967,
        "minRet": 0.9102040529251099
    },
    "MiniGrid-DoorKey-10x10-custom-diff0.30691428757446526": {
        "meanRet": 0.9170612239837647,
        "maxRet": 0.9571428298950195,
        "minRet": 0.8857142925262451
    },
    "MiniGrid-DoorKey-12x12-custom-diff0.30691428757446526": {
        "meanRet": 0.8635918331146241,
        "maxRet": 0.936734676361084,
        "minRet": 0.795918345451355
    }
}