{
    "model": "test12x12_25k_3step_3gen_3curric/epoch_45_curric2_gen1",
    "MiniGrid-DoorKey-6x6-custom-diff0.30691428757446526": {
        "meanRet": 0.9498110347323947,
        "maxRet": 0.9755101799964905,
        "minRet": 0.9326530694961548
    },
    "MiniGrid-DoorKey-8x8-custom-diff0.30691428757446526": {
        "meanRet": 0.9333061218261719,
        "maxRet": 0.9673469662666321,
        "minRet": 0.9061224460601807
    },
    "MiniGrid-DoorKey-10x10-custom-diff0.30691428757446526": {
        "meanRet": 0.8841269877221849,
        "maxRet": 0.9244897961616516,
        "minRet": 0.8469387888908386
    },
    "MiniGrid-DoorKey-12x12-custom-diff0.30691428757446526": {
        "meanRet": 0.8177142858505249,
        "maxRet": 0.9489796161651611,
        "minRet": 0.7367346882820129
    }
}