{
    "model": "test12x12_100k_3step_3gen_3curric/epoch_22_curric2_gen3",
    "MiniGrid-DoorKey-6x6-custom-diff0.1748105000000001": {
        "meanRet": 0.9303555030089158,
        "maxRet": 0.9569721221923828,
        "minRet": 0.9031872749328613
    },
    "MiniGrid-DoorKey-8x8-custom-diff0.1748105000000001": {
        "meanRet": 0.88382470369339,
        "maxRet": 0.9426294565200806,
        "minRet": 0.8278884291648865
    },
    "MiniGrid-DoorKey-10x10-custom-diff0.1748105000000001": {
        "meanRet": 0.8425068946985098,
        "maxRet": 0.9354581832885742,
        "minRet": 0.7633466124534607
    },
    "MiniGrid-DoorKey-12x12-custom-diff0.1748105000000001": {
        "meanRet": 0.7518725085258484,
        "maxRet": 0.8816733360290527,
        "minRet": 0.6019920110702515
    }
}