{
    "model": "test12x12_100k_3step_4gen_3curric/epoch_9_curric1_gen1",
    "MiniGrid-DoorKey-6x6-custom-diff0.91967792277423": {
        "meanRet": 0.9855991911005091,
        "maxRet": 0.9911631345748901,
        "minRet": 0.9809667468070984
    },
    "MiniGrid-DoorKey-8x8-custom-diff0.91967792277423": {
        "meanRet": 0.9804380690609967,
        "maxRet": 0.9898036122322083,
        "minRet": 0.9741691946983337
    },
    "MiniGrid-DoorKey-10x10-custom-diff0.91967792277423": {
        "meanRet": 0.972999997138977,
        "maxRet": 0.9836857914924622,
        "minRet": 0.9612537622451782
    },
    "MiniGrid-DoorKey-12x12-custom-diff0.91967792277423": {
        "meanRet": 0.955788516998291,
        "maxRet": 0.9728096723556519,
        "minRet": 0.9395015239715576
    }
}