{
    "model": "test12x12_150k_3step_3gen_3curric/epoch_6_curric0_gen1",
    "MiniGrid-DoorKey-6x6-custom-diff0.9563807381558473": {
        "meanRet": 0.9883398532867431,
        "maxRet": 0.9921568632125854,
        "minRet": 0.9849672913551331
    },
    "MiniGrid-DoorKey-8x8-custom-diff0.9563807381558473": {
        "meanRet": 0.9784836483001709,
        "maxRet": 0.9888888597488403,
        "minRet": 0.9679738283157349
    },
    "MiniGrid-DoorKey-10x10-custom-diff0.9563807381558473": {
        "meanRet": 0.9590065240859985,
        "maxRet": 0.9745097756385803,
        "minRet": 0.941830039024353
    },
    "MiniGrid-DoorKey-12x12-custom-diff0.9563807381558473": {
        "meanRet": 0.9359999895095825,
        "maxRet": 0.9790849685668945,
        "minRet": 0.9026143550872803
    }
}