{
    "model": "SO_RHEA_2PARA_5GEN_14May\\epoch_1_curric0_gen1",
    "MiniGrid-DoorKey-5x5-custom-diff0": {
        "meanRet": 0.9549999833106995,
        "maxRet": 0.9675999879837036,
        "minRet": 0.9459999799728394
    },
    "MiniGrid-DoorKey-6x6-custom-diff0": {
        "meanRet": 0.9508333206176758,
        "maxRet": 0.9674999713897705,
        "minRet": 0.9399999976158142
    },
    "MiniGrid-DoorKey-8x8-custom-diff0": {
        "meanRet": 0.9282812476158142,
        "maxRet": 0.9690625071525574,
        "minRet": 0.8917187452316284
    },
    "MiniGrid-DoorKey-16x16-custom-diff0": {
        "meanRet": 0.5381874948740005,
        "maxRet": 0.8621875047683716,
        "minRet": 0.3278124928474426
    }
}