{
    "model": "test12x12_75k_3step_3gen_3curric/epoch_41_curric1_gen2",
    "MiniGrid-DoorKey-6x6-custom-diff0.15": {
        "meanRet": 0.9266025699101962,
        "maxRet": 0.949999988079071,
        "minRet": 0.9041666388511658
    },
    "MiniGrid-DoorKey-8x8-custom-diff0.15": {
        "meanRet": 0.8815000033378602,
        "maxRet": 0.9291666746139526,
        "minRet": 0.8333333134651184
    },
    "MiniGrid-DoorKey-10x10-custom-diff0.15": {
        "meanRet": 0.8023333358764648,
        "maxRet": 0.925000011920929,
        "minRet": 0.675000011920929
    },
    "MiniGrid-DoorKey-12x12-custom-diff0.15": {
        "meanRet": 0.6881410273221823,
        "maxRet": 0.8208333253860474,
        "minRet": 0.5
    }
}