{
    "model": "SoRRH_3\\epoch_4_curric0",
    "MiniGrid-DoorKey-5x5-custom-diff1": {
        "meanRet": 0.8632270281131451,
        "maxRet": 0.9012194871902466,
        "minRet": 0.8463414907455444
    },
    "MiniGrid-DoorKey-6x6-custom-diff1": {
        "meanRet": 0.8396638631820679,
        "maxRet": 0.8941176533699036,
        "minRet": 0.7806722521781921
    },
    "MiniGrid-DoorKey-8x8-custom-diff1": {
        "meanRet": 0.08757898894449075,
        "maxRet": 0.6672985553741455,
        "minRet": 0.0
    },
    "MiniGrid-DoorKey-16x16-custom-diff1": {
        "meanRet": 0.014684417595465979,
        "maxRet": 0.35242602229118347,
        "minRet": 0.0
    }
}