{
    "model": "test12x12_100k_3step_4gen_3curric/epoch_25_curric2_gen4",
    "MiniGrid-DoorKey-6x6-custom-diff0.15": {
        "meanRet": 0.9290123537734702,
        "maxRet": 0.9583333134651184,
        "minRet": 0.9083333611488342
    },
    "MiniGrid-DoorKey-8x8-custom-diff0.15": {
        "meanRet": 0.8706896613384115,
        "maxRet": 0.9291666746139526,
        "minRet": 0.8458333611488342
    },
    "MiniGrid-DoorKey-10x10-custom-diff0.15": {
        "meanRet": 0.8298333287239075,
        "maxRet": 0.9541666507720947,
        "minRet": 0.7666666507720947
    },
    "MiniGrid-DoorKey-12x12-custom-diff0.15": {
        "meanRet": 0.7038333320617676,
        "maxRet": 0.8833333253860474,
        "minRet": 0.5333333611488342
    }
}