{
    "model": "Rhea_Fr2\\epoch_4_curric0_gen4",
    "MiniGrid-DoorKey-5x5-custom-diff1": {
        "meanRet": 0.8770731687545776,
        "maxRet": 0.9012194871902466,
        "minRet": 0.8573170900344849
    },
    "MiniGrid-DoorKey-6x6-custom-diff1": {
        "meanRet": 0.8789915919303894,
        "maxRet": 0.9092437028884888,
        "minRet": 0.8563024997711182
    },
    "MiniGrid-DoorKey-8x8-custom-diff1": {
        "meanRet": 0.8916587710380555,
        "maxRet": 0.9274881482124329,
        "minRet": 0.863507091999054
    },
    "MiniGrid-DoorKey-16x16-custom-diff1": {
        "meanRet": 0.7688757359981537,
        "maxRet": 0.8551479578018188,
        "minRet": 0.5792899131774902
    }
}