{
    "model": "test12x12_75k_3step_3gen_3curric/epoch_29_curric0_gen3",
    "MiniGrid-DoorKey-6x6-custom-diff0.15": {
        "meanRet": 0.9035493819801895,
        "maxRet": 0.949999988079071,
        "minRet": 0.8666666746139526
    },
    "MiniGrid-DoorKey-8x8-custom-diff0.15": {
        "meanRet": 0.845216053503531,
        "maxRet": 0.925000011920929,
        "minRet": 0.7833333611488342
    },
    "MiniGrid-DoorKey-10x10-custom-diff0.15": {
        "meanRet": 0.7813333368301392,
        "maxRet": 0.9125000238418579,
        "minRet": 0.6666666865348816
    },
    "MiniGrid-DoorKey-12x12-custom-diff0.15": {
        "meanRet": 0.6344999992847442,
        "maxRet": 0.8791666626930237,
        "minRet": 0.46666666865348816
    }
}