{
    "model": "Rhea_Fr2\\epoch_2_curric0_gen3",
    "MiniGrid-DoorKey-5x5-custom-diff1": {
        "meanRet": 0.8756097555160522,
        "maxRet": 0.9012194871902466,
        "minRet": 0.8573170900344849
    },
    "MiniGrid-DoorKey-6x6-custom-diff1": {
        "meanRet": 0.8714285671710968,
        "maxRet": 0.9016806483268738,
        "minRet": 0.841176450252533
    },
    "MiniGrid-DoorKey-8x8-custom-diff1": {
        "meanRet": 0.8689358017661355,
        "maxRet": 0.9317535758018494,
        "minRet": 0.8336492776870728
    },
    "MiniGrid-DoorKey-16x16-custom-diff1": {
        "meanRet": 0.5907928973436356,
        "maxRet": 0.7965680360794067,
        "minRet": 0.4110059142112732
    }
}