{
    "model": "test12x12_50k_3step_3gen_3curric/epoch_7_curric1_gen2",
    "MiniGrid-DoorKey-6x6-custom-diff1": {
        "meanRet": 0.9884490746038931,
        "maxRet": 0.9925000071525574,
        "minRet": 0.9850000143051147
    },
    "MiniGrid-DoorKey-8x8-custom-diff1": {
        "meanRet": 0.9801750016212464,
        "maxRet": 0.9900000095367432,
        "minRet": 0.9725000262260437
    },
    "MiniGrid-DoorKey-10x10-custom-diff1": {
        "meanRet": 0.9664000058174134,
        "maxRet": 0.9850000143051147,
        "minRet": 0.9462500214576721
    },
    "MiniGrid-DoorKey-12x12-custom-diff1": {
        "meanRet": 0.9454749989509582,
        "maxRet": 0.9781249761581421,
        "minRet": 0.9125000238418579
    }
}