{
    "model": "test12x12_100k_3step_4gen_3curric/epoch_3_curric2_gen1",
    "MiniGrid-DoorKey-6x6-custom-diff1": {
        "meanRet": 0.8287499976158142,
        "maxRet": 0.9831249713897705,
        "minRet": 0.5431249737739563
    },
    "MiniGrid-DoorKey-8x8-custom-diff1": {
        "meanRet": 0.12129999965429306,
        "maxRet": 0.9293749928474426,
        "minRet": 0.0
    },
    "MiniGrid-DoorKey-10x10-custom-diff1": {
        "meanRet": 0.08802083320915699,
        "maxRet": 0.9424999952316284,
        "minRet": 0.0
    },
    "MiniGrid-DoorKey-12x12-custom-diff1": {
        "meanRet": 0.0103645835382243,
        "maxRet": 0.38062500953674316,
        "minRet": 0.0
    }
}