{
    "model": "Di_Rhea1\\epoch_4_curric1_gen1",
    "MiniGrid-DoorKey-5x5-custom-diff2": {
        "meanRet": 0.6753571391105652,
        "maxRet": 0.7107142806053162,
        "minRet": 0.6464285850524902
    },
    "MiniGrid-DoorKey-6x6-custom-diff2": {
        "meanRet": 0.6737500071525574,
        "maxRet": 0.7524999976158142,
        "minRet": 0.6175000071525574
    },
    "MiniGrid-DoorKey-8x8-custom-diff2": {
        "meanRet": 0.7094285726547241,
        "maxRet": 0.7814285755157471,
        "minRet": 0.6271428465843201
    },
    "MiniGrid-DoorKey-16x16-custom-diff2": {
        "meanRet": 0.10738031915389001,
        "maxRet": 0.7510638236999512,
        "minRet": 0.0
    }
}