{
    "model": "test12x12_25k_3step_3gen_3curric/epoch_26_curric2_gen2",
    "MiniGrid-DoorKey-6x6-custom-diff0.7819142875744653": {
        "meanRet": 0.9846079921722413,
        "maxRet": 0.9919999837875366,
        "minRet": 0.9800000190734863
    },
    "MiniGrid-DoorKey-8x8-custom-diff0.7819142875744653": {
        "meanRet": 0.9750461601294004,
        "maxRet": 0.9879999756813049,
        "minRet": 0.9688000082969666
    },
    "MiniGrid-DoorKey-10x10-custom-diff0.7819142875744653": {
        "meanRet": 0.9613119983673095,
        "maxRet": 0.9768000245094299,
        "minRet": 0.951200008392334
    },
    "MiniGrid-DoorKey-12x12-custom-diff0.7819142875744653": {
        "meanRet": 0.9461846145299765,
        "maxRet": 0.9751999974250793,
        "minRet": 0.9200000166893005
    }
}