{
    "model": "MI_RHEA_PARA_ENV_2_first\\epoch_8_curric1_gen2",
    "MiniGrid-DoorKey-5x5-custom-diff1": {
        "meanRet": 0.8762749433517456,
        "maxRet": 0.9012194871902466,
        "minRet": 0.8573170900344849
    },
    "MiniGrid-DoorKey-6x6-custom-diff1": {
        "meanRet": 0.888823515176773,
        "maxRet": 0.916806697845459,
        "minRet": 0.8714285492897034
    },
    "MiniGrid-DoorKey-8x8-custom-diff1": {
        "meanRet": 0.8912322163581848,
        "maxRet": 0.9360189437866211,
        "minRet": 0.8677725195884705
    },
    "MiniGrid-DoorKey-16x16-custom-diff1": {
        "meanRet": 0.8727218806743622,
        "maxRet": 0.9510059356689453,
        "minRet": 0.8263905048370361
    }
}