{
    "model": "test12x12_25k_3step_3gen_3curric/epoch_25_curric0_gen1",
    "MiniGrid-DoorKey-6x6-custom-diff0.8069142875744653": {
        "meanRet": 0.9852116887386029,
        "maxRet": 0.9906976819038391,
        "minRet": 0.9813953638076782
    },
    "MiniGrid-DoorKey-8x8-custom-diff0.8069142875744653": {
        "meanRet": 0.9765652968333318,
        "maxRet": 0.987596869468689,
        "minRet": 0.9689922332763672
    },
    "MiniGrid-DoorKey-10x10-custom-diff0.8069142875744653": {
        "meanRet": 0.9631317782402039,
        "maxRet": 0.9844961166381836,
        "minRet": 0.94728684425354
    },
    "MiniGrid-DoorKey-12x12-custom-diff0.8069142875744653": {
        "meanRet": 0.9363410830497741,
        "maxRet": 0.9666666388511658,
        "minRet": 0.9108527302742004
    }
}