{
    "model": "test12x12_100k_3step_3gen_3curric/epoch_18_curric0_gen3",
    "MiniGrid-DoorKey-6x6-custom-diff0.6970715046045372": {
        "meanRet": 0.9806733544056232,
        "maxRet": 0.9874376654624939,
        "minRet": 0.9739780426025391
    },
    "MiniGrid-DoorKey-8x8-custom-diff0.6970715046045372": {
        "meanRet": 0.9698570944644787,
        "maxRet": 0.9856430888175964,
        "minRet": 0.9542372822761536
    },
    "MiniGrid-DoorKey-10x10-custom-diff0.6970715046045372": {
        "meanRet": 0.9571445631980896,
        "maxRet": 0.9865403771400452,
        "minRet": 0.9300099611282349
    },
    "MiniGrid-DoorKey-12x12-custom-diff0.6970715046045372": {
        "meanRet": 0.9346000460477976,
        "maxRet": 0.9694915413856506,
        "minRet": 0.8977068662643433
    }
}