{
    "model": "test12x12_25k_3step_3gen_3curric/epoch_1_curric1_gen2",
    "MiniGrid-DoorKey-6x6-custom-diff1.0": {
        "meanRet": 0.01328125037252903,
        "maxRet": 0.39250001311302185,
        "minRet": 0.0
    },
    "MiniGrid-DoorKey-8x8-custom-diff1.0": {
        "meanRet": 0.0,
        "maxRet": 0.0,
        "minRet": 0.0
    },
    "MiniGrid-DoorKey-10x10-custom-diff1.0": {
        "meanRet": 0.017122916256388027,
        "maxRet": 0.4968999922275543,
        "minRet": 0.0
    },
    "MiniGrid-DoorKey-12x12-custom-diff1.0": {
        "meanRet": 0.007135416691501935,
        "maxRet": 0.3425000011920929,
        "minRet": 0.0
    }
}