{
    "model": "test12x12_25k_3step_3gen_3curric/epoch_42_curric0_gen2",
    "MiniGrid-DoorKey-6x6-custom-diff0.3819142875744653": {
        "meanRet": 0.968735362802233,
        "maxRet": 0.980327844619751,
        "minRet": 0.9606557488441467
    },
    "MiniGrid-DoorKey-8x8-custom-diff0.3819142875744653": {
        "meanRet": 0.9523329161680661,
        "maxRet": 0.9688524603843689,
        "minRet": 0.9377049207687378
    },
    "MiniGrid-DoorKey-10x10-custom-diff0.3819142875744653": {
        "meanRet": 0.9306229519844055,
        "maxRet": 0.9688524603843689,
        "minRet": 0.9049180150032043
    },
    "MiniGrid-DoorKey-12x12-custom-diff0.3819142875744653": {
        "meanRet": 0.8887213063240051,
        "maxRet": 0.9409835934638977,
        "minRet": 0.8245901465415955
    }
}