{
    "model": "test12x12_100k_3step_3gen_3curric/epoch_3_curric1_gen1",
    "MiniGrid-DoorKey-6x6-custom-diff1": {
        "meanRet": 0.7311750054359436,
        "maxRet": 0.9793750047683716,
        "minRet": 0.37187498807907104
    },
    "MiniGrid-DoorKey-8x8-custom-diff1": {
        "meanRet": 0.11994318077058504,
        "maxRet": 0.7068750262260437,
        "minRet": 0.0
    },
    "MiniGrid-DoorKey-10x10-custom-diff1": {
        "meanRet": 0.009199218824505806,
        "maxRet": 0.2943750023841858,
        "minRet": 0.0
    },
    "MiniGrid-DoorKey-12x12-custom-diff1": {
        "meanRet": 0.011035156436264515,
        "maxRet": 0.19812500476837158,
        "minRet": 0.0
    }
}