{
    "model": "test12x12_25k_3step_3gen_3curric/epoch_37_curric1_gen3",
    "MiniGrid-DoorKey-6x6-custom-diff0.5069142875744653": {
        "meanRet": 0.9711476961771647,
        "maxRet": 0.9839506149291992,
        "minRet": 0.9617283940315247
    },
    "MiniGrid-DoorKey-8x8-custom-diff0.5069142875744653": {
        "meanRet": 0.9603109337665416,
        "maxRet": 0.9777777791023254,
        "minRet": 0.9506173133850098
    },
    "MiniGrid-DoorKey-10x10-custom-diff0.5069142875744653": {
        "meanRet": 0.9473409308837011,
        "maxRet": 0.970370352268219,
        "minRet": 0.9283950328826904
    },
    "MiniGrid-DoorKey-12x12-custom-diff0.5069142875744653": {
        "meanRet": 0.9074074125289917,
        "maxRet": 0.9567901492118835,
        "minRet": 0.8691357970237732
    }
}