{
    "model": "Rhea_Fr2\\epoch_2_curric2_gen2",
    "MiniGrid-DoorKey-5x5-custom-diff1": {
        "meanRet": 0.8704878091812134,
        "maxRet": 0.9012194871902466,
        "minRet": 0.8463414907455444
    },
    "MiniGrid-DoorKey-6x6-custom-diff1": {
        "meanRet": 0.8646218419075012,
        "maxRet": 0.8865545988082886,
        "minRet": 0.841176450252533
    },
    "MiniGrid-DoorKey-8x8-custom-diff1": {
        "meanRet": 0.8737440764904022,
        "maxRet": 0.9061611294746399,
        "minRet": 0.850710928440094
    },
    "MiniGrid-DoorKey-16x16-custom-diff1": {
        "meanRet": 0.8399171531200409,
        "maxRet": 0.9371597766876221,
        "minRet": 0.749704122543335
    }
}