{
    "model": "test12x12_50k_3step_3gen_3curric/epoch_48_curric1_gen2",
    "MiniGrid-DoorKey-6x6-custom-diff0.15": {
        "meanRet": 0.9358333349227905,
        "maxRet": 0.9583333134651184,
        "minRet": 0.9208333492279053
    },
    "MiniGrid-DoorKey-8x8-custom-diff0.15": {
        "meanRet": 0.88660714668887,
        "maxRet": 0.9333333373069763,
        "minRet": 0.8500000238418579
    },
    "MiniGrid-DoorKey-10x10-custom-diff0.15": {
        "meanRet": 0.8466346218035772,
        "maxRet": 0.9333333373069763,
        "minRet": 0.800000011920929
    },
    "MiniGrid-DoorKey-12x12-custom-diff0.15": {
        "meanRet": 0.7618333315849304,
        "maxRet": 0.875,
        "minRet": 0.6291666626930237
    }
}