{
    "model": "Rhea_SaRun2\\epoch_6_curric0_gen1",
    "MiniGrid-DoorKey-5x5-custom-diff2": {
        "meanRet": 0.7010714173316955,
        "maxRet": 0.7428571581840515,
        "minRet": 0.6785714030265808
    },
    "MiniGrid-DoorKey-6x6-custom-diff2": {
        "meanRet": 0.7412499904632568,
        "maxRet": 0.8199999928474426,
        "minRet": 0.7074999809265137
    },
    "MiniGrid-DoorKey-8x8-custom-diff2": {
        "meanRet": 0.7647142946720124,
        "maxRet": 0.8585714101791382,
        "minRet": 0.7171428799629211
    },
    "MiniGrid-DoorKey-16x16-custom-diff2": {
        "meanRet": 0.016755319433286786,
        "maxRet": 0.21808511018753052,
        "minRet": 0.0
    }
}