{
    "model": "test12x12_50k_3step_3gen_3curric/epoch_32_curric1_gen1",
    "MiniGrid-DoorKey-6x6-custom-diff0.45106022244325883": {
        "meanRet": 0.9732250846349276,
        "maxRet": 0.9833590388298035,
        "minRet": 0.9639445543289185
    },
    "MiniGrid-DoorKey-8x8-custom-diff0.45106022244325883": {
        "meanRet": 0.9605309963226318,
        "maxRet": 0.976425290107727,
        "minRet": 0.9486902952194214
    },
    "MiniGrid-DoorKey-10x10-custom-diff0.45106022244325883": {
        "meanRet": 0.9426099337064303,
        "maxRet": 0.9750385284423828,
        "minRet": 0.9195685386657715
    },
    "MiniGrid-DoorKey-12x12-custom-diff0.45106022244325883": {
        "meanRet": 0.9075145217088553,
        "maxRet": 0.957010805606842,
        "minRet": 0.8696455955505371
    }
}