{
    "model": "test12x12_25k_3step_3gen_3curric/epoch_2_curric2_gen3",
    "MiniGrid-DoorKey-6x6-custom-diff1": {
        "meanRet": 0.7842500066757202,
        "maxRet": 0.9831249713897705,
        "minRet": 0.5743749737739563
    },
    "MiniGrid-DoorKey-8x8-custom-diff1": {
        "meanRet": 0.07701822804907958,
        "maxRet": 0.8843749761581421,
        "minRet": 0.0
    },
    "MiniGrid-DoorKey-10x10-custom-diff1": {
        "meanRet": 0.04114583289871613,
        "maxRet": 0.8112499713897705,
        "minRet": 0.0
    },
    "MiniGrid-DoorKey-12x12-custom-diff1": {
        "meanRet": 0.0,
        "maxRet": 0.0,
        "minRet": 0.0
    }
}