{
    "model": "Rhea_mi1\\epoch_3_curric2_gen3",
    "MiniGrid-DoorKey-5x5-custom": {
        "meanRet": 0.8950000206629435,
        "maxRet": 0.9190000295639038,
        "minRet": 0.8740000128746033
    },
    "MiniGrid-DoorKey-6x6-custom": {
        "meanRet": 0.8912800192832947,
        "maxRet": 0.9136000275611877,
        "minRet": 0.8704000115394592
    },
    "MiniGrid-DoorKey-8x8-custom": {
        "meanRet": 0.8717499911785126,
        "maxRet": 0.8964999914169312,
        "minRet": 0.8514999747276306
    },
    "MiniGrid-DoorKey-16x16-custom": {
        "meanRet": 0.5842000037431717,
        "maxRet": 0.7360000014305115,
        "minRet": 0.3490000069141388
    }
}