{
    "model": "test12x12_100k_4step_3gen_3curric/epoch_20_curric0_gen3",
    "MiniGrid-DoorKey-6x6-custom-diff0.22601000000000004": {
        "meanRet": 0.14118589647114277,
        "maxRet": 0.9363076686859131,
        "minRet": 0.0
    },
    "MiniGrid-DoorKey-8x8-custom-diff0.22601000000000004": {
        "meanRet": 0.0062948719908793764,
        "maxRet": 0.3021538555622101,
        "minRet": 0.0
    },
    "MiniGrid-DoorKey-10x10-custom-diff0.22601000000000004": {
        "meanRet": 0.02320512756705284,
        "maxRet": 0.7895384430885315,
        "minRet": 0.0
    },
    "MiniGrid-DoorKey-12x12-custom-diff0.22601000000000004": {
        "meanRet": 0.007794871926307678,
        "maxRet": 0.37415385246276855,
        "minRet": 0.0
    }
}