{
    "model": "test12x12_100k_3step_4gen_3curric/epoch_13_curric1_gen1",
    "MiniGrid-DoorKey-6x6-custom-diff0.81967792277423": {
        "meanRet": 0.9852644109725952,
        "maxRet": 0.9908474683761597,
        "minRet": 0.9794067740440369
    },
    "MiniGrid-DoorKey-8x8-custom-diff0.81967792277423": {
        "meanRet": 0.9770576286315918,
        "maxRet": 0.9877966046333313,
        "minRet": 0.9694915413856506
    },
    "MiniGrid-DoorKey-10x10-custom-diff0.81967792277423": {
        "meanRet": 0.9661966133117675,
        "maxRet": 0.9855085015296936,
        "minRet": 0.9549999833106995
    },
    "MiniGrid-DoorKey-12x12-custom-diff0.81967792277423": {
        "meanRet": 0.9487152528762818,
        "maxRet": 0.9710169434547424,
        "minRet": 0.9267796874046326
    }
}