{
    "model": "test12x12_25k_3step_3gen_3curric/epoch_26_curric0_gen1",
    "MiniGrid-DoorKey-6x6-custom-diff0.7819142875744653": {
        "meanRet": 0.9851999942745481,
        "maxRet": 0.9919999837875366,
        "minRet": 0.9807999730110168
    },
    "MiniGrid-DoorKey-8x8-custom-diff0.7819142875744653": {
        "meanRet": 0.9767359972000123,
        "maxRet": 0.9864000082015991,
        "minRet": 0.9679999947547913
    },
    "MiniGrid-DoorKey-10x10-custom-diff0.7819142875744653": {
        "meanRet": 0.9667519974708557,
        "maxRet": 0.9807999730110168,
        "minRet": 0.951200008392334
    },
    "MiniGrid-DoorKey-12x12-custom-diff0.7819142875744653": {
        "meanRet": 0.9435839986801148,
        "maxRet": 0.9688000082969666,
        "minRet": 0.9232000112533569
    }
}