{
    "model": "test12x12_100k_3step_3gen_3curric/epoch_18_curric2_gen3",
    "MiniGrid-DoorKey-6x6-custom-diff0.6970715046045372": {
        "meanRet": 0.9825922203063965,
        "maxRet": 0.9901295900344849,
        "minRet": 0.9775673151016235
    },
    "MiniGrid-DoorKey-8x8-custom-diff0.6970715046045372": {
        "meanRet": 0.9716517064306471,
        "maxRet": 0.9874376654624939,
        "minRet": 0.9605184197425842
    },
    "MiniGrid-DoorKey-10x10-custom-diff0.6970715046045372": {
        "meanRet": 0.9643589186668396,
        "maxRet": 0.979361891746521,
        "minRet": 0.9362910985946655
    },
    "MiniGrid-DoorKey-12x12-custom-diff0.6970715046045372": {
        "meanRet": 0.927497501373291,
        "maxRet": 0.9712861180305481,
        "minRet": 0.8815553188323975
    }
}