{
    "model": "test12x12_50k_3step_3gen_3curric/epoch_9_curric1_gen2",
    "MiniGrid-DoorKey-6x6-custom-diff1": {
        "meanRet": 0.9879250049591064,
        "maxRet": 0.9925000071525574,
        "minRet": 0.9850000143051147
    },
    "MiniGrid-DoorKey-8x8-custom-diff1": {
        "meanRet": 0.9825750017166137,
        "maxRet": 0.9906250238418579,
        "minRet": 0.9768750071525574
    },
    "MiniGrid-DoorKey-10x10-custom-diff1": {
        "meanRet": 0.969925000667572,
        "maxRet": 0.987500011920929,
        "minRet": 0.9574999809265137
    },
    "MiniGrid-DoorKey-12x12-custom-diff1": {
        "meanRet": 0.9530749988555908,
        "maxRet": 0.9750000238418579,
        "minRet": 0.9256250262260437
    }
}