{
    "model": "DO_11_05_RHEA_PARA_ENV_1\\epoch_6_curric1_gen3",
    "MiniGrid-DoorKey-5x5-custom-diff0": {
        "meanRet": 0.9557199835777282,
        "maxRet": 0.9675999879837036,
        "minRet": 0.9495999813079834
    },
    "MiniGrid-DoorKey-6x6-custom-diff0": {
        "meanRet": 0.9599999845027923,
        "maxRet": 0.9700000286102295,
        "minRet": 0.9549999833106995
    },
    "MiniGrid-DoorKey-8x8-custom-diff0": {
        "meanRet": 0.9586562395095826,
        "maxRet": 0.9760937690734863,
        "minRet": 0.9507812261581421
    },
    "MiniGrid-DoorKey-16x16-custom-diff0": {
        "meanRet": 0.9523281216621399,
        "maxRet": 0.9782031178474426,
        "minRet": 0.919140636920929
    }
}