{
    "model": "test12x12_100k_4step_3gen_3curric/epoch_19_curric0_gen3",
    "MiniGrid-DoorKey-6x6-custom-diff0.2772095": {
        "meanRet": 0.700902259349823,
        "maxRet": 0.9706767201423645,
        "minRet": 0.49473685026168823
    },
    "MiniGrid-DoorKey-8x8-custom-diff0.2772095": {
        "meanRet": 0.0927420580873684,
        "maxRet": 0.7270676493644714,
        "minRet": 0.0
    },
    "MiniGrid-DoorKey-10x10-custom-diff0.2772095": {
        "meanRet": 0.0,
        "maxRet": 0.0,
        "minRet": 0.0
    },
    "MiniGrid-DoorKey-12x12-custom-diff0.2772095": {
        "meanRet": 0.0,
        "maxRet": 0.0,
        "minRet": 0.0
    }
}