{
    "model": "test12x12_25k_3step_3gen_3curric/epoch_15_curric1_gen2",
    "MiniGrid-DoorKey-6x6-custom-diff1": {
        "meanRet": 0.9877750062942505,
        "maxRet": 0.9918749928474426,
        "minRet": 0.9850000143051147
    },
    "MiniGrid-DoorKey-8x8-custom-diff1": {
        "meanRet": 0.9802403862659748,
        "maxRet": 0.9906250238418579,
        "minRet": 0.9712499976158142
    },
    "MiniGrid-DoorKey-10x10-custom-diff1": {
        "meanRet": 0.9700999975204467,
        "maxRet": 0.984375,
        "minRet": 0.953125
    },
    "MiniGrid-DoorKey-12x12-custom-diff1": {
        "meanRet": 0.9543500089645386,
        "maxRet": 0.9743750095367432,
        "minRet": 0.9375
    }
}