{
    "model": "test12x12_50k_3step_3gen_3curric/epoch_41_curric2_gen1",
    "MiniGrid-DoorKey-6x6-custom-diff0.15": {
        "meanRet": 0.8843333339691162,
        "maxRet": 0.949999988079071,
        "minRet": 0.8416666388511658
    },
    "MiniGrid-DoorKey-8x8-custom-diff0.15": {
        "meanRet": 0.7988333296775818,
        "maxRet": 0.9041666388511658,
        "minRet": 0.7333333492279053
    },
    "MiniGrid-DoorKey-10x10-custom-diff0.15": {
        "meanRet": 0.696833336353302,
        "maxRet": 0.8458333611488342,
        "minRet": 0.512499988079071
    },
    "MiniGrid-DoorKey-12x12-custom-diff0.15": {
        "meanRet": 0.21354166759798923,
        "maxRet": 0.8125,
        "minRet": 0.0
    }
}