{
    "model": "test12x12_100k_4step_3gen_3curric/epoch_10_curric0_gen3",
    "MiniGrid-DoorKey-6x6-custom-diff0.8720715046045371": {
        "meanRet": 0.9855470359325409,
        "maxRet": 0.9928286671638489,
        "minRet": 0.9799203276634216
    },
    "MiniGrid-DoorKey-8x8-custom-diff0.8720715046045371": {
        "meanRet": 0.9780557823181152,
        "maxRet": 0.9856573939323425,
        "minRet": 0.9705976247787476
    },
    "MiniGrid-DoorKey-10x10-custom-diff0.8720715046045371": {
        "meanRet": 0.9676143383979797,
        "maxRet": 0.9827888607978821,
        "minRet": 0.9526693224906921
    },
    "MiniGrid-DoorKey-12x12-custom-diff0.8720715046045371": {
        "meanRet": 0.9475059747695923,
        "maxRet": 0.975617527961731,
        "minRet": 0.9196812510490417
    }
}