{
    "model": "test12x12_100k_3step_3gen_3curric/epoch_43_curric2_gen1",
    "MiniGrid-DoorKey-6x6-custom-diff0.15": {
        "meanRet": 0.9033333349227906,
        "maxRet": 0.9541666507720947,
        "minRet": 0.8583333492279053
    },
    "MiniGrid-DoorKey-8x8-custom-diff0.15": {
        "meanRet": 0.8431666684150696,
        "maxRet": 0.9333333373069763,
        "minRet": 0.7958333492279053
    },
    "MiniGrid-DoorKey-10x10-custom-diff0.15": {
        "meanRet": 0.7525000023841858,
        "maxRet": 0.9083333611488342,
        "minRet": 0.550000011920929
    },
    "MiniGrid-DoorKey-12x12-custom-diff0.15": {
        "meanRet": 0.5253333330154419,
        "maxRet": 0.824999988079071,
        "minRet": 0.18333333730697632
    }
}