{
    "model": "SO_RHEA_2PARA_5GEN_14May\\epoch_6_curric1_gen5",
    "MiniGrid-DoorKey-5x5-custom-diff0": {
        "meanRet": 0.9549999833106995,
        "maxRet": 0.9675999879837036,
        "minRet": 0.9495999813079834
    },
    "MiniGrid-DoorKey-6x6-custom-diff0": {
        "meanRet": 0.95333331823349,
        "maxRet": 0.9649999737739563,
        "minRet": 0.9474999904632568
    },
    "MiniGrid-DoorKey-8x8-custom-diff0": {
        "meanRet": 0.9538494131781838,
        "maxRet": 0.9634374976158142,
        "minRet": 0.9479687213897705
    },
    "MiniGrid-DoorKey-16x16-custom-diff0": {
        "meanRet": 0.9505351543426513,
        "maxRet": 0.9701172113418579,
        "minRet": 0.9339062571525574
    }
}