{
    "model": "test12x12_50k_3step_3gen_3curric/epoch_18_curric0_gen3",
    "MiniGrid-DoorKey-6x6-custom-diff0.8010602224432588": {
        "meanRet": 0.9848568987846374,
        "maxRet": 0.9898525476455688,
        "minRet": 0.9804856777191162
    },
    "MiniGrid-DoorKey-8x8-custom-diff0.8010602224432588": {
        "meanRet": 0.9769262790679931,
        "maxRet": 0.985949695110321,
        "minRet": 0.9718993902206421
    },
    "MiniGrid-DoorKey-10x10-custom-diff0.8010602224432588": {
        "meanRet": 0.9692766690254211,
        "maxRet": 0.9828274250030518,
        "minRet": 0.9609713554382324
    },
    "MiniGrid-DoorKey-12x12-custom-diff0.8010602224432588": {
        "meanRet": 0.9492003464698792,
        "maxRet": 0.9765828251838684,
        "minRet": 0.9297484755516052
    }
}