{
    "model": "Rhea_mi1\\epoch_5_curric0_gen1",
    "MiniGrid-DoorKey-5x5-custom": {
        "meanRet": 0.8866000175476074,
        "maxRet": 0.9010000228881836,
        "minRet": 0.8740000128746033
    },
    "MiniGrid-DoorKey-6x6-custom": {
        "meanRet": 0.8734000126520792,
        "maxRet": 0.9136000275611877,
        "minRet": 0.8560000061988831
    },
    "MiniGrid-DoorKey-8x8-custom": {
        "meanRet": 0.8712999999523163,
        "maxRet": 0.9190000295639038,
        "minRet": 0.8289999961853027
    },
    "MiniGrid-DoorKey-16x16-custom": {
        "meanRet": 0.6136000007390976,
        "maxRet": 0.7870000004768372,
        "minRet": 0.36399999260902405
    }
}