{
    "model": "test12x12_50k_3step_3gen_3curric/epoch_44_curric1_gen2",
    "MiniGrid-DoorKey-6x6-custom-diff0.15": {
        "meanRet": 0.9176282126169938,
        "maxRet": 0.949999988079071,
        "minRet": 0.8999999761581421
    },
    "MiniGrid-DoorKey-8x8-custom-diff0.15": {
        "meanRet": 0.8719551356939169,
        "maxRet": 0.925000011920929,
        "minRet": 0.8333333134651184
    },
    "MiniGrid-DoorKey-10x10-custom-diff0.15": {
        "meanRet": 0.8145000004768371,
        "maxRet": 0.9291666746139526,
        "minRet": 0.7124999761581421
    },
    "MiniGrid-DoorKey-12x12-custom-diff0.15": {
        "meanRet": 0.6916666650772094,
        "maxRet": 0.8541666865348816,
        "minRet": 0.5458333492279053
    }
}