{
    "model": "test12x12_75k_3step_3gen_3curric/epoch_4_curric0_gen3",
    "MiniGrid-DoorKey-6x6-custom-diff1": {
        "meanRet": 0.9876157464804473,
        "maxRet": 0.9925000071525574,
        "minRet": 0.9837499856948853
    },
    "MiniGrid-DoorKey-8x8-custom-diff1": {
        "meanRet": 0.9799500036239625,
        "maxRet": 0.9925000071525574,
        "minRet": 0.9737499952316284
    },
    "MiniGrid-DoorKey-10x10-custom-diff1": {
        "meanRet": 0.9667499995231629,
        "maxRet": 0.984375,
        "minRet": 0.9487500190734863
    },
    "MiniGrid-DoorKey-12x12-custom-diff1": {
        "meanRet": 0.9453500032424926,
        "maxRet": 0.9800000190734863,
        "minRet": 0.9100000262260437
    }
}