{
    "model": "DO_11_05_RHEA_PARA_ENV_1\\epoch_2_curric1_gen3",
    "MiniGrid-DoorKey-5x5-custom-diff2": {
        "meanRet": 0.6314285556475322,
        "maxRet": 0.7107142806053162,
        "minRet": 0.5821428298950195
    },
    "MiniGrid-DoorKey-6x6-custom-diff2": {
        "meanRet": 0.6422500133514404,
        "maxRet": 0.7300000190734863,
        "minRet": 0.5724999904632568
    },
    "MiniGrid-DoorKey-8x8-custom-diff2": {
        "meanRet": 0.6142857074737549,
        "maxRet": 0.691428542137146,
        "minRet": 0.5371428728103638
    },
    "MiniGrid-DoorKey-16x16-custom-diff2": {
        "meanRet": 0.06246675457805395,
        "maxRet": 0.7606382966041565,
        "minRet": 0.0
    }
}