{
    "model": "test12x12_100k_3step_4gen_3curric/epoch_10_curric1_gen1",
    "MiniGrid-DoorKey-6x6-custom-diff0.89467792277423": {
        "meanRet": 0.9861087012290954,
        "maxRet": 0.9909161329269409,
        "minRet": 0.9818323254585266
    },
    "MiniGrid-DoorKey-8x8-custom-diff0.89467792277423": {
        "meanRet": 0.9787577652931213,
        "maxRet": 0.9881210923194885,
        "minRet": 0.9720497131347656
    },
    "MiniGrid-DoorKey-10x10-custom-diff0.89467792277423": {
        "meanRet": 0.9707080769538879,
        "maxRet": 0.9867236018180847,
        "minRet": 0.955978274345398
    },
    "MiniGrid-DoorKey-12x12-custom-diff0.89467792277423": {
        "meanRet": 0.9522049736976623,
        "maxRet": 0.9762422442436218,
        "minRet": 0.9245341420173645
    }
}