{
    "model": "test12x12_100k_3step_4gen_3curric/epoch_5_curric0_gen1",
    "MiniGrid-DoorKey-6x6-custom-diff1": {
        "meanRet": 0.9874038489965292,
        "maxRet": 0.9925000071525574,
        "minRet": 0.9837499856948853
    },
    "MiniGrid-DoorKey-8x8-custom-diff1": {
        "meanRet": 0.981124997138977,
        "maxRet": 0.9887499809265137,
        "minRet": 0.9750000238418579
    },
    "MiniGrid-DoorKey-10x10-custom-diff1": {
        "meanRet": 0.9696499967575073,
        "maxRet": 0.9881250262260437,
        "minRet": 0.9549999833106995
    },
    "MiniGrid-DoorKey-12x12-custom-diff1": {
        "meanRet": 0.9472249984741211,
        "maxRet": 0.981249988079071,
        "minRet": 0.9237499833106995
    }
}