{
    "model": "test12x12_100k_3step_4gen_3curric/epoch_8_curric1_gen2",
    "MiniGrid-DoorKey-6x6-custom-diff0.94467792277423": {
        "meanRet": 0.9868156084647546,
        "maxRet": 0.9920588135719299,
        "minRet": 0.9827941060066223
    },
    "MiniGrid-DoorKey-8x8-custom-diff0.94467792277423": {
        "meanRet": 0.9791544122355325,
        "maxRet": 0.9880882501602173,
        "minRet": 0.9722058773040771
    },
    "MiniGrid-DoorKey-10x10-custom-diff0.94467792277423": {
        "meanRet": 0.9710941219329834,
        "maxRet": 0.9814705848693848,
        "minRet": 0.956323504447937
    },
    "MiniGrid-DoorKey-12x12-custom-diff0.94467792277423": {
        "meanRet": 0.9572235321998597,
        "maxRet": 0.9788235425949097,
        "minRet": 0.9358088374137878
    }
}