{
    "model": "test12x12_100k_3step_3gen_3curric/epoch_4_curric2_gen1",
    "MiniGrid-DoorKey-6x6-custom-diff1": {
        "meanRet": 0.9872596172186044,
        "maxRet": 0.9931250214576721,
        "minRet": 0.9818750023841858
    },
    "MiniGrid-DoorKey-8x8-custom-diff1": {
        "meanRet": 0.9810750031471253,
        "maxRet": 0.9893749952316284,
        "minRet": 0.9700000286102295
    },
    "MiniGrid-DoorKey-10x10-custom-diff1": {
        "meanRet": 0.9699499988555909,
        "maxRet": 0.9912499785423279,
        "minRet": 0.9456250071525574
    },
    "MiniGrid-DoorKey-12x12-custom-diff1": {
        "meanRet": 0.9367750000953674,
        "maxRet": 0.9706249833106995,
        "minRet": 0.8931249976158142
    }
}