{
    "model": "SO_RHEA_2PARA_5GEN_14May\\epoch_4_curric1_gen3",
    "MiniGrid-DoorKey-5x5-custom-diff2": {
        "meanRet": 0.7061224409512111,
        "maxRet": 0.7428571581840515,
        "minRet": 0.6785714030265808
    },
    "MiniGrid-DoorKey-6x6-custom-diff2": {
        "meanRet": 0.7209999918937683,
        "maxRet": 0.8199999928474426,
        "minRet": 0.6399999856948853
    },
    "MiniGrid-DoorKey-8x8-custom-diff2": {
        "meanRet": 0.7248571455478668,
        "maxRet": 0.7942857146263123,
        "minRet": 0.6785714030265808
    },
    "MiniGrid-DoorKey-16x16-custom-diff2": {
        "meanRet": 0.6249999970197677,
        "maxRet": 0.8085106611251831,
        "minRet": 0.4446808397769928
    }
}