{
    "model": "SO_RHEA_2PARA_5GEN_14May\\epoch_9_curric2_gen4",
    "MiniGrid-DoorKey-5x5-custom-diff2": {
        "meanRet": 0.699025961485776,
        "maxRet": 0.7428571581840515,
        "minRet": 0.6785714030265808
    },
    "MiniGrid-DoorKey-6x6-custom-diff2": {
        "meanRet": 0.7209999978542327,
        "maxRet": 0.7975000143051147,
        "minRet": 0.6850000023841858
    },
    "MiniGrid-DoorKey-8x8-custom-diff2": {
        "meanRet": 0.73642857670784,
        "maxRet": 0.8071428537368774,
        "minRet": 0.6785714030265808
    },
    "MiniGrid-DoorKey-16x16-custom-diff2": {
        "meanRet": 0.4647872358560562,
        "maxRet": 0.5978723168373108,
        "minRet": 0.34574466943740845
    }
}