{
    "model": "test12x12_100k_4step_3gen_3curric/epoch_19_curric0_gen2",
    "MiniGrid-DoorKey-6x6-custom-diff0.2772095": {
        "meanRet": 0.9295338273048401,
        "maxRet": 0.9729323387145996,
        "minRet": 0.8917292952537537
    },
    "MiniGrid-DoorKey-8x8-custom-diff0.2772095": {
        "meanRet": 0.8711578989028931,
        "maxRet": 0.9526315927505493,
        "minRet": 0.7654135227203369
    },
    "MiniGrid-DoorKey-10x10-custom-diff0.2772095": {
        "meanRet": 0.7571127772331238,
        "maxRet": 0.8624060153961182,
        "minRet": 0.5939849615097046
    },
    "MiniGrid-DoorKey-12x12-custom-diff0.2772095": {
        "meanRet": 0.1945112779736519,
        "maxRet": 0.8263157606124878,
        "minRet": 0.0
    }
}