{
    "model": "test12x12_25k_3step_3gen_3curric/epoch_17_curric1_gen1",
    "MiniGrid-DoorKey-6x6-custom-diff1": {
        "meanRet": 0.9878000068664551,
        "maxRet": 0.9925000071525574,
        "minRet": 0.984375
    },
    "MiniGrid-DoorKey-8x8-custom-diff1": {
        "meanRet": 0.9803499960899353,
        "maxRet": 0.9887499809265137,
        "minRet": 0.9750000238418579
    },
    "MiniGrid-DoorKey-10x10-custom-diff1": {
        "meanRet": 0.9719711542129517,
        "maxRet": 0.9837499856948853,
        "minRet": 0.9643750190734863
    },
    "MiniGrid-DoorKey-12x12-custom-diff1": {
        "meanRet": 0.9577749991416931,
        "maxRet": 0.9793750047683716,
        "minRet": 0.9412500262260437
    }
}