{
    "model": "test12x12_150k_3step_3gen_3curric/epoch_9_curric0_gen1",
    "MiniGrid-DoorKey-6x6-custom-diff0.8813807381558474": {
        "meanRet": 0.985788324704537,
        "maxRet": 0.9929078221321106,
        "minRet": 0.9822695255279541
    },
    "MiniGrid-DoorKey-8x8-custom-diff0.8813807381558474": {
        "meanRet": 0.9787779610890609,
        "maxRet": 0.9872340559959412,
        "minRet": 0.9737588763237
    },
    "MiniGrid-DoorKey-10x10-custom-diff0.8813807381558474": {
        "meanRet": 0.9713758850097656,
        "maxRet": 0.9829787015914917,
        "minRet": 0.9624113440513611
    },
    "MiniGrid-DoorKey-12x12-custom-diff0.8813807381558474": {
        "meanRet": 0.9455035471916199,
        "maxRet": 0.9822695255279541,
        "minRet": 0.9212765693664551
    }
}