{
    "model": "Rhea_Fr2\\epoch_5_curric1_gen4",
    "MiniGrid-DoorKey-5x5-custom-diff2": {
        "meanRet": 0.6410714139540991,
        "maxRet": 0.7107142806053162,
        "minRet": 0.5821428298950195
    },
    "MiniGrid-DoorKey-6x6-custom-diff2": {
        "meanRet": 0.6512500047683716,
        "maxRet": 0.7524999976158142,
        "minRet": 0.5724999904632568
    },
    "MiniGrid-DoorKey-8x8-custom-diff2": {
        "meanRet": 0.6657142758369445,
        "maxRet": 0.7814285755157471,
        "minRet": 0.5885714292526245
    },
    "MiniGrid-DoorKey-16x16-custom-diff2": {
        "meanRet": 0.4338297858834267,
        "maxRet": 0.6872340440750122,
        "minRet": 0.1702127605676651
    }
}