{
    "model": "test12x12_100k_3step_4gen_3curric/epoch_21_curric2_gen1",
    "MiniGrid-DoorKey-6x6-custom-diff0.20553": {
        "meanRet": 0.9482576203346252,
        "maxRet": 0.9633898138999939,
        "minRet": 0.9328813552856445
    },
    "MiniGrid-DoorKey-8x8-custom-diff0.20553": {
        "meanRet": 0.9145762691131005,
        "maxRet": 0.9542372822761536,
        "minRet": 0.8810169696807861
    },
    "MiniGrid-DoorKey-10x10-custom-diff0.20553": {
        "meanRet": 0.8714983034133911,
        "maxRet": 0.9389830231666565,
        "minRet": 0.7955932021141052
    },
    "MiniGrid-DoorKey-12x12-custom-diff0.20553": {
        "meanRet": 0.7617898321151734,
        "maxRet": 0.9023728966712952,
        "minRet": 0.6308474540710449
    }
}