{
    "model": "test12x12_75k_3step_3gen_3curric/epoch_20_curric2_gen2",
    "MiniGrid-DoorKey-6x6-custom-diff0.6565023600555896": {
        "meanRet": 0.9826285648345947,
        "maxRet": 0.9885714054107666,
        "minRet": 0.9780952334403992
    },
    "MiniGrid-DoorKey-8x8-custom-diff0.6565023600555896": {
        "meanRet": 0.9710256457328796,
        "maxRet": 0.9809523820877075,
        "minRet": 0.9638095498085022
    },
    "MiniGrid-DoorKey-10x10-custom-diff0.6565023600555896": {
        "meanRet": 0.9564373868483084,
        "maxRet": 0.9742857217788696,
        "minRet": 0.9409523606300354
    },
    "MiniGrid-DoorKey-12x12-custom-diff0.6565023600555896": {
        "meanRet": 0.9357319253462332,
        "maxRet": 0.9695237874984741,
        "minRet": 0.9085714221000671
    }
}