{
    "model": "test12x12_100k_3step_4gen_3curric/epoch_35_curric2_gen1",
    "MiniGrid-DoorKey-6x6-custom-diff0.15": {
        "meanRet": 0.9241666722297669,
        "maxRet": 0.949999988079071,
        "minRet": 0.8999999761581421
    },
    "MiniGrid-DoorKey-8x8-custom-diff0.15": {
        "meanRet": 0.8811666655540467,
        "maxRet": 0.925000011920929,
        "minRet": 0.8541666865348816
    },
    "MiniGrid-DoorKey-10x10-custom-diff0.15": {
        "meanRet": 0.8261666679382325,
        "maxRet": 0.9458333253860474,
        "minRet": 0.7708333134651184
    },
    "MiniGrid-DoorKey-12x12-custom-diff0.15": {
        "meanRet": 0.7278333353996277,
        "maxRet": 0.8708333373069763,
        "minRet": 0.6499999761581421
    }
}