{
    "model": "test12x12_25k_3step_3gen_3curric/epoch_15_curric2_gen1",
    "MiniGrid-DoorKey-6x6-custom-diff1": {
        "meanRet": 0.9873317296688373,
        "maxRet": 0.9925000071525574,
        "minRet": 0.9818750023841858
    },
    "MiniGrid-DoorKey-8x8-custom-diff1": {
        "meanRet": 0.9802749919891357,
        "maxRet": 0.987500011920929,
        "minRet": 0.9731249809265137
    },
    "MiniGrid-DoorKey-10x10-custom-diff1": {
        "meanRet": 0.9687019196840433,
        "maxRet": 0.9818750023841858,
        "minRet": 0.956250011920929
    },
    "MiniGrid-DoorKey-12x12-custom-diff1": {
        "meanRet": 0.9500749969482422,
        "maxRet": 0.9768750071525574,
        "minRet": 0.9262499809265137
    }
}