{
    "model": "test12x12_25k_3step_3gen_3curric/epoch_33_curric2_gen1",
    "MiniGrid-DoorKey-6x6-custom-diff0.6069142875744653": {
        "meanRet": 0.9811546421051025,
        "maxRet": 0.9876288771629333,
        "minRet": 0.9752577543258667
    },
    "MiniGrid-DoorKey-8x8-custom-diff0.6069142875744653": {
        "meanRet": 0.9687010264396667,
        "maxRet": 0.983505129814148,
        "minRet": 0.9577319622039795
    },
    "MiniGrid-DoorKey-10x10-custom-diff0.6069142875744653": {
        "meanRet": 0.953567008972168,
        "maxRet": 0.9804123640060425,
        "minRet": 0.9329897165298462
    },
    "MiniGrid-DoorKey-12x12-custom-diff0.6069142875744653": {
        "meanRet": 0.9273402070999146,
        "maxRet": 0.9618556499481201,
        "minRet": 0.892783522605896
    }
}