{
    "model": "test12x12_50k_3step_3gen_3curric/epoch_16_curric1_gen1",
    "MiniGrid-DoorKey-6x6-custom-diff0.8510602224432589": {
        "meanRet": 0.9852767372131348,
        "maxRet": 0.9911836981773376,
        "minRet": 0.9808979630470276
    },
    "MiniGrid-DoorKey-8x8-custom-diff0.8510602224432589": {
        "meanRet": 0.9781355142593384,
        "maxRet": 0.9875102043151855,
        "minRet": 0.9720816612243652
    },
    "MiniGrid-DoorKey-10x10-custom-diff0.8510602224432589": {
        "meanRet": 0.9649404120445252,
        "maxRet": 0.9853061437606812,
        "minRet": 0.9507755041122437
    },
    "MiniGrid-DoorKey-12x12-custom-diff0.8510602224432589": {
        "meanRet": 0.9416359233856201,
        "maxRet": 0.9786939024925232,
        "minRet": 0.9169796109199524
    }
}