{
    "model": "SO_RHEA_2PARA_5GEN_14May\\epoch_7_curric0_gen1",
    "MiniGrid-DoorKey-5x5-custom-diff2": {
        "meanRet": 0.7133928537368774,
        "maxRet": 0.7428571581840515,
        "minRet": 0.6785714030265808
    },
    "MiniGrid-DoorKey-6x6-custom-diff2": {
        "meanRet": 0.7119999945163726,
        "maxRet": 0.7749999761581421,
        "minRet": 0.6399999856948853
    },
    "MiniGrid-DoorKey-8x8-custom-diff2": {
        "meanRet": 0.6855844205076044,
        "maxRet": 0.8071428537368774,
        "minRet": 0.6271428465843201
    },
    "MiniGrid-DoorKey-16x16-custom-diff2": {
        "meanRet": 0.5452127605676651,
        "maxRet": 0.7446808218955994,
        "minRet": 0.31382977962493896
    }
}