{
    "model": "test12x12_75k_3step_3gen_3curric/epoch_35_curric1_gen3",
    "MiniGrid-DoorKey-6x6-custom-diff0.15": {
        "meanRet": 0.923717948106619,
        "maxRet": 0.9583333134651184,
        "minRet": 0.8999999761581421
    },
    "MiniGrid-DoorKey-8x8-custom-diff0.15": {
        "meanRet": 0.8834935908134167,
        "maxRet": 0.9208333492279053,
        "minRet": 0.8500000238418579
    },
    "MiniGrid-DoorKey-10x10-custom-diff0.15": {
        "meanRet": 0.8341666722297668,
        "maxRet": 0.949999988079071,
        "minRet": 0.7791666388511658
    },
    "MiniGrid-DoorKey-12x12-custom-diff0.15": {
        "meanRet": 0.723076921242934,
        "maxRet": 0.8416666388511658,
        "minRet": 0.5874999761581421
    }
}