{
    "model": "DO_11_05_RHEA_PARA_ENV_1\\epoch_9_curric3_gen3",
    "MiniGrid-DoorKey-5x5-custom-diff2": {
        "meanRet": 0.7053571343421936,
        "maxRet": 0.7428571581840515,
        "minRet": 0.6785714030265808
    },
    "MiniGrid-DoorKey-6x6-custom-diff2": {
        "meanRet": 0.7119999945163726,
        "maxRet": 0.8199999928474426,
        "minRet": 0.6399999856948853
    },
    "MiniGrid-DoorKey-8x8-custom-diff2": {
        "meanRet": 0.6978571355342865,
        "maxRet": 0.8328571319580078,
        "minRet": 0.6014285683631897
    },
    "MiniGrid-DoorKey-16x16-custom-diff2": {
        "meanRet": 0.4619148924946785,
        "maxRet": 0.7861701846122742,
        "minRet": 0.2148936241865158
    }
}