{
    "model": "new_25k_7step_4gen_3curric/epoch_5_curric0_gen1",
    "MiniGrid-DoorKey-6x6-custom-diff1": {
        "meanRet": 0.9862731474417227,
        "maxRet": 0.9925000071525574,
        "minRet": 0.9806249737739563
    },
    "MiniGrid-DoorKey-8x8-custom-diff1": {
        "meanRet": 0.9788750028610229,
        "maxRet": 0.9887499809265137,
        "minRet": 0.9712499976158142
    },
    "MiniGrid-DoorKey-10x10-custom-diff1": {
        "meanRet": 0.9686250042915344,
        "maxRet": 0.987500011920929,
        "minRet": 0.9456250071525574
    },
    "MiniGrid-DoorKey-12x12-custom-diff1": {
        "meanRet": 0.9494000005722046,
        "maxRet": 0.9825000166893005,
        "minRet": 0.9168750047683716
    }
}