{
    "model": "test12x12_25k_3step_3gen_3curric/epoch_29_curric2_gen2",
    "MiniGrid-DoorKey-6x6-custom-diff0.7069142875744653": {
        "meanRet": 0.9830088472366333,
        "maxRet": 0.9893805384635925,
        "minRet": 0.9787610769271851
    },
    "MiniGrid-DoorKey-8x8-custom-diff0.7069142875744653": {
        "meanRet": 0.9722831797599792,
        "maxRet": 0.9831858277320862,
        "minRet": 0.9646017551422119
    },
    "MiniGrid-DoorKey-10x10-custom-diff0.7069142875744653": {
        "meanRet": 0.9586548638343811,
        "maxRet": 0.9769911766052246,
        "minRet": 0.943362832069397
    },
    "MiniGrid-DoorKey-12x12-custom-diff0.7069142875744653": {
        "meanRet": 0.9336283230781555,
        "maxRet": 0.9654867053031921,
        "minRet": 0.8840708136558533
    }
}