{
    "model": "DO_11_05_RHEA_PARA_ENV_1\\epoch_11_curric2_gen2",
    "MiniGrid-DoorKey-5x5-custom-diff2": {
        "meanRet": 0.7032966934717618,
        "maxRet": 0.7428571581840515,
        "minRet": 0.6785714030265808
    },
    "MiniGrid-DoorKey-6x6-custom-diff2": {
        "meanRet": 0.7254999935626983,
        "maxRet": 0.7749999761581421,
        "minRet": 0.6850000023841858
    },
    "MiniGrid-DoorKey-8x8-custom-diff2": {
        "meanRet": 0.6502857148647309,
        "maxRet": 0.8199999928474426,
        "minRet": 0.5628571510314941
    },
    "MiniGrid-DoorKey-16x16-custom-diff2": {
        "meanRet": 0.0893617028539831,
        "maxRet": 0.6776595711708069,
        "minRet": 0.0
    }
}