{
    "model": "test12x12_75k_3step_3gen_3curric/epoch_23_curric0_gen2",
    "MiniGrid-DoorKey-6x6-custom-diff0.5815023600555896": {
        "meanRet": 0.9805591583251954,
        "maxRet": 0.9870967864990234,
        "minRet": 0.976344108581543
    },
    "MiniGrid-DoorKey-8x8-custom-diff0.5815023600555896": {
        "meanRet": 0.9693333387374878,
        "maxRet": 0.9838709831237793,
        "minRet": 0.9612902998924255
    },
    "MiniGrid-DoorKey-10x10-custom-diff0.5815023600555896": {
        "meanRet": 0.9575053644180298,
        "maxRet": 0.9849462509155273,
        "minRet": 0.9354838728904724
    },
    "MiniGrid-DoorKey-12x12-custom-diff0.5815023600555896": {
        "meanRet": 0.9260645151138306,
        "maxRet": 0.9698925018310547,
        "minRet": 0.8903225660324097
    }
}