{
    "model": "test12x12_100k_3step_3gen_3curric/epoch_7_curric2_gen2",
    "MiniGrid-DoorKey-6x6-custom-diff0.9720715046045372": {
        "meanRet": 0.8907390999794006,
        "maxRet": 0.9916368722915649,
        "minRet": 0.8076483011245728
    },
    "MiniGrid-DoorKey-8x8-custom-diff0.9720715046045372": {
        "meanRet": 0.6973323810100556,
        "maxRet": 0.976840615272522,
        "minRet": 0.33545389771461487
    },
    "MiniGrid-DoorKey-10x10-custom-diff0.9720715046045372": {
        "meanRet": 0.23731446879751542,
        "maxRet": 0.936311662197113,
        "minRet": 0.0
    },
    "MiniGrid-DoorKey-12x12-custom-diff0.9720715046045372": {
        "meanRet": 0.1220112587325275,
        "maxRet": 0.9575411081314087,
        "minRet": 0.0
    }
}