{
    "model": "SO_RHEA_2PARA_5GEN_14May\\epoch_9_curric2_gen5",
    "MiniGrid-DoorKey-5x5-custom-diff2": {
        "meanRet": 0.6758928497632345,
        "maxRet": 0.7107142806053162,
        "minRet": 0.6464285850524902
    },
    "MiniGrid-DoorKey-6x6-custom-diff2": {
        "meanRet": 0.6872500061988831,
        "maxRet": 0.7300000190734863,
        "minRet": 0.6399999856948853
    },
    "MiniGrid-DoorKey-8x8-custom-diff2": {
        "meanRet": 0.7184285700321198,
        "maxRet": 0.7814285755157471,
        "minRet": 0.6657142639160156
    },
    "MiniGrid-DoorKey-16x16-custom-diff2": {
        "meanRet": 0.5525531858205796,
        "maxRet": 0.8212766051292419,
        "minRet": 0.30744680762290955
    }
}