{
    "model": "test12x12_50k_3step_3gen_3curric/epoch_4_curric1_gen1",
    "MiniGrid-DoorKey-6x6-custom-diff1": {
        "meanRet": 0.7971000003814698,
        "maxRet": 0.9831249713897705,
        "minRet": 0.5068749785423279
    },
    "MiniGrid-DoorKey-8x8-custom-diff1": {
        "meanRet": 0.12298469397486472,
        "maxRet": 0.8999999761581421,
        "minRet": 0.0
    },
    "MiniGrid-DoorKey-10x10-custom-diff1": {
        "meanRet": 0.03330729125688473,
        "maxRet": 0.7337499856948853,
        "minRet": 0.0
    },
    "MiniGrid-DoorKey-12x12-custom-diff1": {
        "meanRet": 0.016731771330038708,
        "maxRet": 0.8031250238418579,
        "minRet": 0.0
    }
}