{
    "model": "test12x12_100k_3step_4gen_3curric/epoch_19_curric2_gen4",
    "MiniGrid-DoorKey-6x6-custom-diff0.66967792277423": {
        "meanRet": 0.9768838119506836,
        "maxRet": 0.9841286540031433,
        "minRet": 0.9719917178153992
    },
    "MiniGrid-DoorKey-8x8-custom-diff0.66967792277423": {
        "meanRet": 0.9697136974334717,
        "maxRet": 0.9850622415542603,
        "minRet": 0.960788369178772
    },
    "MiniGrid-DoorKey-10x10-custom-diff0.66967792277423": {
        "meanRet": 0.9589958500862121,
        "maxRet": 0.9850622415542603,
        "minRet": 0.9393153786659241
    },
    "MiniGrid-DoorKey-12x12-custom-diff0.66967792277423": {
        "meanRet": 0.9261701273918151,
        "maxRet": 0.9701244831085205,
        "minRet": 0.8842323422431946
    }
}