{
    "model": "SO_RHEA_2PARA_5GEN_14May\\epoch_7_curric2_gen2",
    "MiniGrid-DoorKey-5x5-custom-diff2": {
        "meanRet": 0.6732142766316732,
        "maxRet": 0.7107142806053162,
        "minRet": 0.6464285850524902
    },
    "MiniGrid-DoorKey-6x6-custom-diff2": {
        "meanRet": 0.6872499942779541,
        "maxRet": 0.7749999761581421,
        "minRet": 0.6399999856948853
    },
    "MiniGrid-DoorKey-8x8-custom-diff2": {
        "meanRet": 0.7393506494435397,
        "maxRet": 0.8071428537368774,
        "minRet": 0.691428542137146
    },
    "MiniGrid-DoorKey-16x16-custom-diff2": {
        "meanRet": 0.47723403945565224,
        "maxRet": 0.7063829898834229,
        "minRet": 0.11276596039533615
    }
}