{
    "model": "test12x12_100k_3step_3gen_3curric/epoch_6_curric0_gen2",
    "MiniGrid-DoorKey-6x6-custom-diff0.9970715046045372": {
        "meanRet": 0.851609754562378,
        "maxRet": 0.9836933612823486,
        "minRet": 0.6619512438774109
    },
    "MiniGrid-DoorKey-8x8-custom-diff0.9970715046045372": {
        "meanRet": 0.104161586612463,
        "maxRet": 0.8218815326690674,
        "minRet": 0.0
    },
    "MiniGrid-DoorKey-10x10-custom-diff0.9970715046045372": {
        "meanRet": 0.04932926781475544,
        "maxRet": 0.8871080279350281,
        "minRet": 0.0
    },
    "MiniGrid-DoorKey-12x12-custom-diff0.9970715046045372": {
        "meanRet": 0.0,
        "maxRet": 0.0,
        "minRet": 0.0
    }
}