{
    "model": "DO_11_05_RHEA_PARA_ENV_1\\epoch_1_curric3_gen2",
    "MiniGrid-DoorKey-5x5-custom-diff0": {
        "meanRet": 0.9534571255956378,
        "maxRet": 0.9675999879837036,
        "minRet": 0.9459999799728394
    },
    "MiniGrid-DoorKey-6x6-custom-diff0": {
        "meanRet": 0.9584999799728393,
        "maxRet": 0.9674999713897705,
        "minRet": 0.9524999856948853
    },
    "MiniGrid-DoorKey-8x8-custom-diff0": {
        "meanRet": 0.9623124957084656,
        "maxRet": 0.9746875166893005,
        "minRet": 0.9535937309265137
    },
    "MiniGrid-DoorKey-16x16-custom-diff0": {
        "meanRet": 0.9589023411273956,
        "maxRet": 0.9743359088897705,
        "minRet": 0.9360156059265137
    }
}