{
    "model": "test12x12_50k_3step_3gen_3curric/epoch_39_curric2_gen2",
    "MiniGrid-DoorKey-6x6-custom-diff0.2760602224432589": {
        "meanRet": 0.9501259326934814,
        "maxRet": 0.9705289602279663,
        "minRet": 0.9297229051589966
    },
    "MiniGrid-DoorKey-8x8-custom-diff0.2760602224432589": {
        "meanRet": 0.9186494671381437,
        "maxRet": 0.9614609479904175,
        "minRet": 0.8934508562088013
    },
    "MiniGrid-DoorKey-10x10-custom-diff0.2760602224432589": {
        "meanRet": 0.8897329902648926,
        "maxRet": 0.9569269418716431,
        "minRet": 0.8186398148536682
    },
    "MiniGrid-DoorKey-12x12-custom-diff0.2760602224432589": {
        "meanRet": 0.8166448426246643,
        "maxRet": 0.945591926574707,
        "minRet": 0.7007556557655334
    }
}