{
    "model": "test12x12_50k_3step_3gen_3curric/epoch_2_curric1_gen2",
    "MiniGrid-DoorKey-6x6-custom-diff1": {
        "meanRet": 0.9835000038146973,
        "maxRet": 0.9900000095367432,
        "minRet": 0.9750000238418579
    },
    "MiniGrid-DoorKey-8x8-custom-diff1": {
        "meanRet": 0.9567499995231629,
        "maxRet": 0.9837499856948853,
        "minRet": 0.9231250286102295
    },
    "MiniGrid-DoorKey-10x10-custom-diff1": {
        "meanRet": 0.8895249962806702,
        "maxRet": 0.9800000190734863,
        "minRet": 0.8168749809265137
    },
    "MiniGrid-DoorKey-12x12-custom-diff1": {
        "meanRet": 0.8139999985694886,
        "maxRet": 0.9537500143051147,
        "minRet": 0.6137499809265137
    }
}