{
    "model": "test12x12_25k_3step_3gen_3curric/epoch_21_curric2_gen1",
    "MiniGrid-DoorKey-6x6-custom-diff0.9069142875744653": {
        "meanRet": 0.9871448349952697,
        "maxRet": 0.9924138188362122,
        "minRet": 0.982758641242981
    },
    "MiniGrid-DoorKey-8x8-custom-diff0.9069142875744653": {
        "meanRet": 0.9772689652442932,
        "maxRet": 0.9875862002372742,
        "minRet": 0.9696551561355591
    },
    "MiniGrid-DoorKey-10x10-custom-diff0.9069142875744653": {
        "meanRet": 0.970703444480896,
        "maxRet": 0.982758641242981,
        "minRet": 0.9593103528022766
    },
    "MiniGrid-DoorKey-12x12-custom-diff0.9069142875744653": {
        "meanRet": 0.9424000000953674,
        "maxRet": 0.9758620858192444,
        "minRet": 0.9124137759208679
    }
}