{
    "model": "new_25k_7step_4gen_3curric/epoch_5_curric1_gen3",
    "MiniGrid-DoorKey-6x6-custom-diff1": {
        "meanRet": 0.9870749998092652,
        "maxRet": 0.9925000071525574,
        "minRet": 0.9806249737739563
    },
    "MiniGrid-DoorKey-8x8-custom-diff1": {
        "meanRet": 0.9757249975204467,
        "maxRet": 0.987500011920929,
        "minRet": 0.9643750190734863
    },
    "MiniGrid-DoorKey-10x10-custom-diff1": {
        "meanRet": 0.9604749989509582,
        "maxRet": 0.9793750047683716,
        "minRet": 0.9381250143051147
    },
    "MiniGrid-DoorKey-12x12-custom-diff1": {
        "meanRet": 0.9374250006675721,
        "maxRet": 0.9800000190734863,
        "minRet": 0.9056249856948853
    }
}