{
    "model": "test12x12_150k_3step_3gen_3curric/epoch_9_curric2_gen2",
    "MiniGrid-DoorKey-6x6-custom-diff0.8813807381558474": {
        "meanRet": 0.9865248250961304,
        "maxRet": 0.9907801151275635,
        "minRet": 0.9822695255279541
    },
    "MiniGrid-DoorKey-8x8-custom-diff0.8813807381558474": {
        "meanRet": 0.9789335440706324,
        "maxRet": 0.9886524677276611,
        "minRet": 0.9737588763237
    },
    "MiniGrid-DoorKey-10x10-custom-diff0.8813807381558474": {
        "meanRet": 0.9690780115127563,
        "maxRet": 0.9829787015914917,
        "minRet": 0.958865225315094
    },
    "MiniGrid-DoorKey-12x12-custom-diff0.8813807381558474": {
        "meanRet": 0.9562269520759582,
        "maxRet": 0.9751772880554199,
        "minRet": 0.9411347508430481
    }
}