{
    "model": "test12x12_100k_3step_4gen_3curric/epoch_22_curric2_gen1",
    "MiniGrid-DoorKey-6x6-custom-diff0.1533065": {
        "meanRet": 0.9169230759143829,
        "maxRet": 0.9549999833106995,
        "minRet": 0.8936363458633423
    },
    "MiniGrid-DoorKey-8x8-custom-diff0.1533065": {
        "meanRet": 0.8852909064292908,
        "maxRet": 0.9345454573631287,
        "minRet": 0.8404545187950134
    },
    "MiniGrid-DoorKey-10x10-custom-diff0.1533065": {
        "meanRet": 0.816890914440155,
        "maxRet": 0.9140909314155579,
        "minRet": 0.7259091138839722
    },
    "MiniGrid-DoorKey-12x12-custom-diff0.1533065": {
        "meanRet": 0.6887636375427246,
        "maxRet": 0.8650000095367432,
        "minRet": 0.5459091067314148
    }
}