{
    "model": "test12x12_100k_3step_3gen_3curric/epoch_44_curric0_gen2",
    "MiniGrid-DoorKey-6x6-custom-diff0.15": {
        "meanRet": 0.9104999995231629,
        "maxRet": 0.9458333253860474,
        "minRet": 0.8791666626930237
    },
    "MiniGrid-DoorKey-8x8-custom-diff0.15": {
        "meanRet": 0.8650641097472265,
        "maxRet": 0.9333333373069763,
        "minRet": 0.7916666865348816
    },
    "MiniGrid-DoorKey-10x10-custom-diff0.15": {
        "meanRet": 0.8096666693687439,
        "maxRet": 0.9416666626930237,
        "minRet": 0.7083333134651184
    },
    "MiniGrid-DoorKey-12x12-custom-diff0.15": {
        "meanRet": 0.7060000014305114,
        "maxRet": 0.875,
        "minRet": 0.5208333134651184
    }
}