{
    "model": "Di_Rhea1\\epoch_1_curric1_gen1",
    "MiniGrid-DoorKey-5x5-custom-diff0": {
        "meanRet": 0.9531999826431274,
        "maxRet": 0.9675999879837036,
        "minRet": 0.9459999799728394
    },
    "MiniGrid-DoorKey-6x6-custom-diff0": {
        "meanRet": 0.9572727138345892,
        "maxRet": 0.9700000286102295,
        "minRet": 0.9524999856948853
    },
    "MiniGrid-DoorKey-8x8-custom-diff0": {
        "meanRet": 0.9407968640327453,
        "maxRet": 0.96484375,
        "minRet": 0.9057812690734863
    },
    "MiniGrid-DoorKey-16x16-custom-diff0": {
        "meanRet": 0.9269101619720459,
        "maxRet": 0.9715234637260437,
        "minRet": 0.8119140863418579
    }
}