{
    "model": "test12x12_50k_3step_3gen_3curric/epoch_17_curric2_gen2",
    "MiniGrid-DoorKey-6x6-custom-diff0.8260602224432589": {
        "meanRet": 0.9856787133216858,
        "maxRet": 0.9909167289733887,
        "minRet": 0.9810765385627747
    },
    "MiniGrid-DoorKey-8x8-custom-diff0.8260602224432589": {
        "meanRet": 0.9790176630020142,
        "maxRet": 0.9878889918327332,
        "minRet": 0.9742640852928162
    },
    "MiniGrid-DoorKey-10x10-custom-diff0.8260602224432589": {
        "meanRet": 0.9683599662780762,
        "maxRet": 0.9909167289733887,
        "minRet": 0.9583683609962463
    },
    "MiniGrid-DoorKey-12x12-custom-diff0.8260602224432589": {
        "meanRet": 0.9489217829704285,
        "maxRet": 0.972750186920166,
        "minRet": 0.9280908107757568
    }
}