{
    "model": "test12x12_50k_3step_3gen_3curric/epoch_34_curric2_gen1",
    "MiniGrid-DoorKey-6x6-custom-diff0.4010602224432589": {
        "meanRet": 0.9709416561656528,
        "maxRet": 0.984402060508728,
        "minRet": 0.9594454169273376
    },
    "MiniGrid-DoorKey-8x8-custom-diff0.4010602224432589": {
        "meanRet": 0.956076261997223,
        "maxRet": 0.9734835624694824,
        "minRet": 0.9438474774360657
    },
    "MiniGrid-DoorKey-10x10-custom-diff0.4010602224432589": {
        "meanRet": 0.9402911615371704,
        "maxRet": 0.9594454169273376,
        "minRet": 0.9157712459564209
    },
    "MiniGrid-DoorKey-12x12-custom-diff0.4010602224432589": {
        "meanRet": 0.90784747838974,
        "maxRet": 0.9469670653343201,
        "minRet": 0.884575366973877
    }
}