{
    "model": "test12x12_100k_3step_4gen_3curric/epoch_24_curric0_gen3",
    "MiniGrid-DoorKey-6x6-custom-diff0.15": {
        "meanRet": 0.9270000100135803,
        "maxRet": 0.9583333134651184,
        "minRet": 0.9083333611488342
    },
    "MiniGrid-DoorKey-8x8-custom-diff0.15": {
        "meanRet": 0.8584876502001727,
        "maxRet": 0.9375,
        "minRet": 0.8208333253860474
    },
    "MiniGrid-DoorKey-10x10-custom-diff0.15": {
        "meanRet": 0.815166666507721,
        "maxRet": 0.9125000238418579,
        "minRet": 0.7458333373069763
    },
    "MiniGrid-DoorKey-12x12-custom-diff0.15": {
        "meanRet": 0.7276666617393494,
        "maxRet": 0.8583333492279053,
        "minRet": 0.6000000238418579
    }
}