{
    "model": "SoRRH_3\\epoch_9_curric0",
    "MiniGrid-DoorKey-5x5-custom-diff1": {
        "meanRet": 0.8759756088256836,
        "maxRet": 0.9012194871902466,
        "minRet": 0.8573170900344849
    },
    "MiniGrid-DoorKey-6x6-custom-diff1": {
        "meanRet": 0.8824293288317594,
        "maxRet": 0.916806697845459,
        "minRet": 0.848739504814148
    },
    "MiniGrid-DoorKey-8x8-custom-diff1": {
        "meanRet": 0.8809952557086944,
        "maxRet": 0.9146919250488281,
        "minRet": 0.8379147052764893
    },
    "MiniGrid-DoorKey-16x16-custom-diff1": {
        "meanRet": 0.795289933681488,
        "maxRet": 0.8871005773544312,
        "minRet": 0.6442603468894958
    }
}