{
    "model": "test12x12_150k_3step_3gen_3curric/epoch_5_curric0_gen2",
    "MiniGrid-DoorKey-6x6-custom-diff0.9813807381558474": {
        "meanRet": 0.9854522371292114,
        "maxRet": 0.9917197227478027,
        "minRet": 0.9808917045593262
    },
    "MiniGrid-DoorKey-8x8-custom-diff0.9813807381558474": {
        "meanRet": 0.976898580789566,
        "maxRet": 0.9866241812705994,
        "minRet": 0.96878981590271
    },
    "MiniGrid-DoorKey-10x10-custom-diff0.9813807381558474": {
        "meanRet": 0.9722802567481995,
        "maxRet": 0.9885350465774536,
        "minRet": 0.9598726034164429
    },
    "MiniGrid-DoorKey-12x12-custom-diff0.9813807381558474": {
        "meanRet": 0.9621656107902526,
        "maxRet": 0.9783439636230469,
        "minRet": 0.9433121085166931
    }
}