{
    "model": "test12x12_75k_3step_3gen_3curric/epoch_2_curric2_gen2",
    "MiniGrid-DoorKey-6x6-custom-diff1": {
        "meanRet": 0.6861250019073486,
        "maxRet": 0.9831249713897705,
        "minRet": 0.3449999988079071
    },
    "MiniGrid-DoorKey-8x8-custom-diff1": {
        "meanRet": 0.1329125016927719,
        "maxRet": 0.8993750214576721,
        "minRet": 0.0
    },
    "MiniGrid-DoorKey-10x10-custom-diff1": {
        "meanRet": 0.028880208730697632,
        "maxRet": 0.6612499952316284,
        "minRet": 0.0
    },
    "MiniGrid-DoorKey-12x12-custom-diff1": {
        "meanRet": 0.014882812897364298,
        "maxRet": 0.7143750190734863,
        "minRet": 0.0
    }
}