{
    "model": "test12x12_100k_4step_3gen_3curric/epoch_6_curric1_gen2",
    "MiniGrid-DoorKey-6x6-custom-diff0.9720715046045372": {
        "meanRet": 0.9875931824956622,
        "maxRet": 0.9922801852226257,
        "minRet": 0.9839170575141907
    },
    "MiniGrid-DoorKey-8x8-custom-diff0.9720715046045372": {
        "meanRet": 0.9807499922238864,
        "maxRet": 0.9877769947052002,
        "minRet": 0.9749106764793396
    },
    "MiniGrid-DoorKey-10x10-custom-diff0.9720715046045372": {
        "meanRet": 0.968245894908905,
        "maxRet": 0.9807004928588867,
        "minRet": 0.9568977952003479
    },
    "MiniGrid-DoorKey-12x12-custom-diff0.9720715046045372": {
        "meanRet": 0.9460643362998963,
        "maxRet": 0.9749106764793396,
        "minRet": 0.9182987809181213
    }
}