{
    "model": "test12x12_50k_3step_3gen_3curric/epoch_37_curric0_gen1",
    "MiniGrid-DoorKey-6x6-custom-diff0.32606022244325883": {
        "meanRet": 0.9647476938035753,
        "maxRet": 0.9769722819328308,
        "minRet": 0.9539445638656616
    },
    "MiniGrid-DoorKey-8x8-custom-diff0.32606022244325883": {
        "meanRet": 0.9481876277923584,
        "maxRet": 0.9673774242401123,
        "minRet": 0.9347547888755798
    },
    "MiniGrid-DoorKey-10x10-custom-diff0.32606022244325883": {
        "meanRet": 0.9289978671073914,
        "maxRet": 0.9731343388557434,
        "minRet": 0.9059701561927795
    },
    "MiniGrid-DoorKey-12x12-custom-diff0.32606022244325883": {
        "meanRet": 0.8645645425869868,
        "maxRet": 0.9347547888755798,
        "minRet": 0.8004264235496521
    }
}