{
    "model": "SO_RHEA_2PARA_5GEN_14May\\epoch_4_curric2_gen5",
    "MiniGrid-DoorKey-5x5-custom-diff2": {
        "meanRet": 0.6983516353827256,
        "maxRet": 0.7428571581840515,
        "minRet": 0.6785714030265808
    },
    "MiniGrid-DoorKey-6x6-custom-diff2": {
        "meanRet": 0.7115909023718401,
        "maxRet": 0.7975000143051147,
        "minRet": 0.6399999856948853
    },
    "MiniGrid-DoorKey-8x8-custom-diff2": {
        "meanRet": 0.6850000023841858,
        "maxRet": 0.845714271068573,
        "minRet": 0.6142857074737549
    },
    "MiniGrid-DoorKey-16x16-custom-diff2": {
        "meanRet": 0.1199468094855547,
        "maxRet": 0.8053191304206848,
        "minRet": 0.0
    }
}