{
    "model": "test12x12_100k_3step_4gen_3curric/epoch_31_curric0_gen1",
    "MiniGrid-DoorKey-6x6-custom-diff0.15": {
        "meanRet": 0.9111666655540467,
        "maxRet": 0.949999988079071,
        "minRet": 0.8791666626930237
    },
    "MiniGrid-DoorKey-8x8-custom-diff0.15": {
        "meanRet": 0.8715000033378602,
        "maxRet": 0.9416666626930237,
        "minRet": 0.8333333134651184
    },
    "MiniGrid-DoorKey-10x10-custom-diff0.15": {
        "meanRet": 0.8229999995231628,
        "maxRet": 0.9291666746139526,
        "minRet": 0.7083333134651184
    },
    "MiniGrid-DoorKey-12x12-custom-diff0.15": {
        "meanRet": 0.6873333406448364,
        "maxRet": 0.7875000238418579,
        "minRet": 0.48750001192092896
    }
}