{
    "model": "test12x12_100k_3step_4gen_3curric/epoch_14_curric0_gen2",
    "MiniGrid-DoorKey-6x6-custom-diff0.79467792277423": {
        "meanRet": 0.9859335684776306,
        "maxRet": 0.992132842540741,
        "minRet": 0.9819055795669556
    },
    "MiniGrid-DoorKey-8x8-custom-diff0.79467792277423": {
        "meanRet": 0.9763985991477966,
        "maxRet": 0.9866258502006531,
        "minRet": 0.9669580459594727
    },
    "MiniGrid-DoorKey-10x10-custom-diff0.79467792277423": {
        "meanRet": 0.9626468563079834,
        "maxRet": 0.9834790229797363,
        "minRet": 0.940996527671814
    },
    "MiniGrid-DoorKey-12x12-custom-diff0.79467792277423": {
        "meanRet": 0.9298881101608276,
        "maxRet": 0.9787587523460388,
        "minRet": 0.8867132663726807
    }
}