{
    "model": "test12x12_75k_3step_3gen_3curric/epoch_8_curric1_gen3",
    "MiniGrid-DoorKey-6x6-custom-diff0.9815023600555897": {
        "meanRet": 0.9876023679971695,
        "maxRet": 0.9923567175865173,
        "minRet": 0.9840764403343201
    },
    "MiniGrid-DoorKey-8x8-custom-diff0.9815023600555897": {
        "meanRet": 0.97992356300354,
        "maxRet": 0.9885350465774536,
        "minRet": 0.9738853573799133
    },
    "MiniGrid-DoorKey-10x10-custom-diff0.9815023600555897": {
        "meanRet": 0.9688662433624268,
        "maxRet": 0.9885350465774536,
        "minRet": 0.9541401267051697
    },
    "MiniGrid-DoorKey-12x12-custom-diff0.9815023600555897": {
        "meanRet": 0.9420382165908814,
        "maxRet": 0.981528639793396,
        "minRet": 0.9171974658966064
    }
}