{
    "model": "test12x12_100k_3step_3gen_3curric/epoch_36_curric1_gen1",
    "MiniGrid-DoorKey-6x6-custom-diff0.15": {
        "meanRet": 0.901833336353302,
        "maxRet": 0.9416666626930237,
        "minRet": 0.8583333492279053
    },
    "MiniGrid-DoorKey-8x8-custom-diff0.15": {
        "meanRet": 0.8543333339691163,
        "maxRet": 0.9291666746139526,
        "minRet": 0.7958333492279053
    },
    "MiniGrid-DoorKey-10x10-custom-diff0.15": {
        "meanRet": 0.8123333358764648,
        "maxRet": 0.9166666865348816,
        "minRet": 0.7041666507720947
    },
    "MiniGrid-DoorKey-12x12-custom-diff0.15": {
        "meanRet": 0.7113333332538605,
        "maxRet": 0.875,
        "minRet": 0.46666666865348816
    }
}