{
    "model": "test12x12_100k_3step_3gen_3curric/epoch_9_curric2_gen1",
    "MiniGrid-DoorKey-6x6-custom-diff0.9220715046045371": {
        "meanRet": 0.9829902076721191,
        "maxRet": 0.9911831021308899,
        "minRet": 0.9728711247444153
    },
    "MiniGrid-DoorKey-8x8-custom-diff0.9220715046045371": {
        "meanRet": 0.9721115350723266,
        "maxRet": 0.9850791096687317,
        "minRet": 0.9620196223258972
    },
    "MiniGrid-DoorKey-10x10-custom-diff0.9220715046045371": {
        "meanRet": 0.9641356492042541,
        "maxRet": 0.9782969355583191,
        "minRet": 0.9409947395324707
    },
    "MiniGrid-DoorKey-12x12-custom-diff0.9220715046045371": {
        "meanRet": 0.9376307439804077,
        "maxRet": 0.9762622714042664,
        "minRet": 0.9036925435066223
    }
}