{
    "model": "SO_RHEA_2PARA_5GEN_14May\\epoch_7_curric0_gen2",
    "MiniGrid-DoorKey-5x5-custom-diff2": {
        "meanRet": 0.681249996026357,
        "maxRet": 0.7107142806053162,
        "minRet": 0.6464285850524902
    },
    "MiniGrid-DoorKey-6x6-custom-diff2": {
        "meanRet": 0.66437499721845,
        "maxRet": 0.7524999976158142,
        "minRet": 0.6175000071525574
    },
    "MiniGrid-DoorKey-8x8-custom-diff2": {
        "meanRet": 0.7428571581840515,
        "maxRet": 0.8071428537368774,
        "minRet": 0.704285740852356
    },
    "MiniGrid-DoorKey-16x16-custom-diff2": {
        "meanRet": 0.5956382930278779,
        "maxRet": 0.8691489100456238,
        "minRet": 0.2595744729042053
    }
}