{
    "model": "test12x12_100k_3step_3gen_3curric/epoch_8_curric0_gen2",
    "MiniGrid-DoorKey-6x6-custom-diff0.9470715046045372": {
        "meanRet": 0.9844695520401001,
        "maxRet": 0.9900953769683838,
        "minRet": 0.9775494933128357
    },
    "MiniGrid-DoorKey-8x8-custom-diff0.9470715046045372": {
        "meanRet": 0.9749875235557556,
        "maxRet": 0.9887747764587402,
        "minRet": 0.9656639695167542
    },
    "MiniGrid-DoorKey-10x10-custom-diff0.9470715046045372": {
        "meanRet": 0.9613059401512146,
        "maxRet": 0.9795304536819458,
        "minRet": 0.9372707009315491
    },
    "MiniGrid-DoorKey-12x12-custom-diff0.9470715046045372": {
        "meanRet": 0.9457226729393006,
        "maxRet": 0.9795304536819458,
        "minRet": 0.8983125686645508
    }
}