{
    "model": "Rhea_Fr2\\epoch_2_curric1_gen1",
    "MiniGrid-DoorKey-5x5-custom-diff1": {
        "meanRet": 0.8893292546272278,
        "maxRet": 0.9012194871902466,
        "minRet": 0.8792682886123657
    },
    "MiniGrid-DoorKey-6x6-custom-diff1": {
        "meanRet": 0.8850420117378235,
        "maxRet": 0.924369752407074,
        "minRet": 0.8638655543327332
    },
    "MiniGrid-DoorKey-8x8-custom-diff1": {
        "meanRet": 0.8528436124324799,
        "maxRet": 0.9317535758018494,
        "minRet": 0.7654028534889221
    },
    "MiniGrid-DoorKey-16x16-custom-diff1": {
        "meanRet": 0.5237988069653511,
        "maxRet": 0.8359763026237488,
        "minRet": 0.18520709872245789
    }
}