{
    "model": "Rhea_mi1\\epoch_2_curric0_gen3",
    "MiniGrid-DoorKey-5x5-custom": {
        "meanRet": 0.8717500120401382,
        "maxRet": 0.9100000262260437,
        "minRet": 0.847000002861023
    },
    "MiniGrid-DoorKey-6x6-custom": {
        "meanRet": 0.8295999964078268,
        "maxRet": 0.8920000195503235,
        "minRet": 0.7911999821662903
    },
    "MiniGrid-DoorKey-8x8-custom": {
        "meanRet": 0.7056999921798706,
        "maxRet": 0.8784999847412109,
        "minRet": 0.5950000286102295
    },
    "MiniGrid-DoorKey-16x16-custom": {
        "meanRet": 0.0,
        "maxRet": 0.0,
        "minRet": 0.0
    }
}