{
    "model": "test12x12_75k_3step_3gen_3curric/epoch_10_curric1_gen2",
    "MiniGrid-DoorKey-6x6-custom-diff0.9315023600555896": {
        "meanRet": 0.987655799303736,
        "maxRet": 0.991946280002594,
        "minRet": 0.9838926196098328
    },
    "MiniGrid-DoorKey-8x8-custom-diff0.9315023600555896": {
        "meanRet": 0.9796510052680969,
        "maxRet": 0.9872483015060425,
        "minRet": 0.9731543660163879
    },
    "MiniGrid-DoorKey-10x10-custom-diff0.9315023600555896": {
        "meanRet": 0.9725369119644165,
        "maxRet": 0.9865771532058716,
        "minRet": 0.9617449641227722
    },
    "MiniGrid-DoorKey-12x12-custom-diff0.9315023600555896": {
        "meanRet": 0.952322142124176,
        "maxRet": 0.9818791747093201,
        "minRet": 0.9328858852386475
    }
}