{
    "model": "test12x12_100k_3step_3gen_3curric/epoch_46_curric1_gen1",
    "MiniGrid-DoorKey-6x6-custom-diff0.15": {
        "meanRet": 0.9123333287239075,
        "maxRet": 0.949999988079071,
        "minRet": 0.8833333253860474
    },
    "MiniGrid-DoorKey-8x8-custom-diff0.15": {
        "meanRet": 0.8410493797726102,
        "maxRet": 0.9208333492279053,
        "minRet": 0.7749999761581421
    },
    "MiniGrid-DoorKey-10x10-custom-diff0.15": {
        "meanRet": 0.8150000023841858,
        "maxRet": 0.9083333611488342,
        "minRet": 0.6791666746139526
    },
    "MiniGrid-DoorKey-12x12-custom-diff0.15": {
        "meanRet": 0.7188333368301392,
        "maxRet": 0.8374999761581421,
        "minRet": 0.5291666388511658
    }
}