{
    "model": "test12x12_25k_3step_3gen_3curric/epoch_23_curric0_gen2",
    "MiniGrid-DoorKey-6x6-custom-diff0.8569142875744653": {
        "meanRet": 0.9862717596384195,
        "maxRet": 0.9927007555961609,
        "minRet": 0.9824817776679993
    },
    "MiniGrid-DoorKey-8x8-custom-diff0.8569142875744653": {
        "meanRet": 0.9782189774513245,
        "maxRet": 0.9883211851119995,
        "minRet": 0.9715328216552734
    },
    "MiniGrid-DoorKey-10x10-custom-diff0.8569142875744653": {
        "meanRet": 0.9696934294700622,
        "maxRet": 0.9824817776679993,
        "minRet": 0.9496350288391113
    },
    "MiniGrid-DoorKey-12x12-custom-diff0.8569142875744653": {
        "meanRet": 0.9428613138198852,
        "maxRet": 0.974452555179596,
        "minRet": 0.9145985245704651
    }
}