{
    "model": "test12x12_100k_3step_4gen_3curric/epoch_8_curric0_gen3",
    "MiniGrid-DoorKey-6x6-custom-diff0.94467792277423": {
        "meanRet": 0.9862882328033448,
        "maxRet": 0.9920588135719299,
        "minRet": 0.9814705848693848
    },
    "MiniGrid-DoorKey-8x8-custom-diff0.94467792277423": {
        "meanRet": 0.9807107801790591,
        "maxRet": 0.9880882501602173,
        "minRet": 0.9741911888122559
    },
    "MiniGrid-DoorKey-10x10-custom-diff0.94467792277423": {
        "meanRet": 0.9709841631926023,
        "maxRet": 0.9874264597892761,
        "minRet": 0.9602941274642944
    },
    "MiniGrid-DoorKey-12x12-custom-diff0.94467792277423": {
        "meanRet": 0.95530543419031,
        "maxRet": 0.9775000214576721,
        "minRet": 0.9351470470428467
    }
}