{
    "model": "test12x12_75k_3step_3gen_3curric/epoch_11_curric1_gen2",
    "MiniGrid-DoorKey-6x6-custom-diff0.9065023600555896": {
        "meanRet": 0.9871087624476507,
        "maxRet": 0.9917241334915161,
        "minRet": 0.9820689558982849
    },
    "MiniGrid-DoorKey-8x8-custom-diff0.9065023600555896": {
        "meanRet": 0.9782120077698319,
        "maxRet": 0.9882758855819702,
        "minRet": 0.9703448414802551
    },
    "MiniGrid-DoorKey-10x10-custom-diff0.9065023600555896": {
        "meanRet": 0.9711724090576171,
        "maxRet": 0.9848275780677795,
        "minRet": 0.9558620452880859
    },
    "MiniGrid-DoorKey-12x12-custom-diff0.9065023600555896": {
        "meanRet": 0.9445793056488037,
        "maxRet": 0.9765517115592957,
        "minRet": 0.9206896424293518
    }
}