{
    "model": "test12x12_50k_3step_3gen_3curric/epoch_12_curric0_gen1",
    "MiniGrid-DoorKey-6x6-custom-diff0.9510602224432589": {
        "meanRet": 0.9851687335968018,
        "maxRet": 0.9914535880088806,
        "minRet": 0.9809349775314331
    },
    "MiniGrid-DoorKey-8x8-custom-diff0.9510602224432589": {
        "meanRet": 0.9802249813079834,
        "maxRet": 0.9907962083816528,
        "minRet": 0.9743608236312866
    },
    "MiniGrid-DoorKey-10x10-custom-diff0.9510602224432589": {
        "meanRet": 0.9681659845205454,
        "maxRet": 0.9835646748542786,
        "minRet": 0.9520087838172913
    },
    "MiniGrid-DoorKey-12x12-custom-diff0.9510602224432589": {
        "meanRet": 0.9535076713562012,
        "maxRet": 0.9848794937133789,
        "minRet": 0.9270270466804504
    }
}