{
    "model": "test12x12_100k_3step_3gen_3curric/epoch_7_curric2_gen3",
    "MiniGrid-DoorKey-6x6-custom-diff0.9720715046045372": {
        "meanRet": 0.9860528945922852,
        "maxRet": 0.9916368722915649,
        "minRet": 0.9819871187210083
    },
    "MiniGrid-DoorKey-8x8-custom-diff0.9720715046045372": {
        "meanRet": 0.9665722778210273,
        "maxRet": 0.9858470559120178,
        "minRet": 0.942744791507721
    },
    "MiniGrid-DoorKey-10x10-custom-diff0.9720715046045372": {
        "meanRet": 0.9319885706901551,
        "maxRet": 0.9787705540657043,
        "minRet": 0.8430307507514954
    },
    "MiniGrid-DoorKey-12x12-custom-diff0.9720715046045372": {
        "meanRet": 0.8845632648468018,
        "maxRet": 0.9704074263572693,
        "minRet": 0.7195139527320862
    }
}