{
    "model": "test12x12_75k_3step_3gen_3curric/epoch_2_curric2_gen3",
    "MiniGrid-DoorKey-6x6-custom-diff1": {
        "meanRet": 0.9803999972343445,
        "maxRet": 0.9893749952316284,
        "minRet": 0.9668750166893005
    },
    "MiniGrid-DoorKey-8x8-custom-diff1": {
        "meanRet": 0.9603750014305115,
        "maxRet": 0.9825000166893005,
        "minRet": 0.9350000023841858
    },
    "MiniGrid-DoorKey-10x10-custom-diff1": {
        "meanRet": 0.9180249953269959,
        "maxRet": 0.9768750071525574,
        "minRet": 0.8349999785423279
    },
    "MiniGrid-DoorKey-12x12-custom-diff1": {
        "meanRet": 0.7853249955177307,
        "maxRet": 0.9312499761581421,
        "minRet": 0.6193749904632568
    }
}