{
    "model": "test12x12_150k_3step_3gen_3curric/epoch_26_curric1_gen2",
    "MiniGrid-DoorKey-6x6-custom-diff0.15": {
        "meanRet": 0.9287037120925056,
        "maxRet": 0.9583333134651184,
        "minRet": 0.9125000238418579
    },
    "MiniGrid-DoorKey-8x8-custom-diff0.15": {
        "meanRet": 0.8785000038146973,
        "maxRet": 0.9416666626930237,
        "minRet": 0.8458333611488342
    },
    "MiniGrid-DoorKey-10x10-custom-diff0.15": {
        "meanRet": 0.7984999990463257,
        "maxRet": 0.9416666626930237,
        "minRet": 0.6833333373069763
    },
    "MiniGrid-DoorKey-12x12-custom-diff0.15": {
        "meanRet": 0.6261666655540467,
        "maxRet": 0.8291666507720947,
        "minRet": 0.4791666567325592
    }
}