{
    "model": "test12x12_100k_3step_3gen_3curric/epoch_41_curric2_gen1",
    "MiniGrid-DoorKey-6x6-custom-diff0.15": {
        "meanRet": 0.9033333373069763,
        "maxRet": 0.9375,
        "minRet": 0.8583333492279053
    },
    "MiniGrid-DoorKey-8x8-custom-diff0.15": {
        "meanRet": 0.844290124045478,
        "maxRet": 0.9083333611488342,
        "minRet": 0.7958333492279053
    },
    "MiniGrid-DoorKey-10x10-custom-diff0.15": {
        "meanRet": 0.8146666693687439,
        "maxRet": 0.9083333611488342,
        "minRet": 0.6958333253860474
    },
    "MiniGrid-DoorKey-12x12-custom-diff0.15": {
        "meanRet": 0.6875000023841857,
        "maxRet": 0.8500000238418579,
        "minRet": 0.5083333253860474
    }
}