{
    "model": "test12x12_100k_3step_3gen_3curric/epoch_46_curric2_gen3",
    "MiniGrid-DoorKey-6x6-custom-diff0.15": {
        "meanRet": 0.9140000033378601,
        "maxRet": 0.9375,
        "minRet": 0.887499988079071
    },
    "MiniGrid-DoorKey-8x8-custom-diff0.15": {
        "meanRet": 0.86,
        "maxRet": 0.9083333611488342,
        "minRet": 0.8083333373069763
    },
    "MiniGrid-DoorKey-10x10-custom-diff0.15": {
        "meanRet": 0.825499997138977,
        "maxRet": 0.9125000238418579,
        "minRet": 0.7041666507720947
    },
    "MiniGrid-DoorKey-12x12-custom-diff0.15": {
        "meanRet": 0.715499997138977,
        "maxRet": 0.8791666626930237,
        "minRet": 0.5083333253860474
    }
}