{
    "model": "test12x12_100k_3step_4gen_3curric/epoch_23_curric1_gen2",
    "MiniGrid-DoorKey-6x6-custom-diff0.15": {
        "meanRet": 0.9278333425521851,
        "maxRet": 0.949999988079071,
        "minRet": 0.9125000238418579
    },
    "MiniGrid-DoorKey-8x8-custom-diff0.15": {
        "meanRet": 0.8801666688919068,
        "maxRet": 0.9541666507720947,
        "minRet": 0.8500000238418579
    },
    "MiniGrid-DoorKey-10x10-custom-diff0.15": {
        "meanRet": 0.8304999923706055,
        "maxRet": 0.9375,
        "minRet": 0.7666666507720947
    },
    "MiniGrid-DoorKey-12x12-custom-diff0.15": {
        "meanRet": 0.6908333349227905,
        "maxRet": 0.8791666626930237,
        "minRet": 0.5333333611488342
    }
}