{
    "model": "test12x12_25k_3step_3gen_3curric/epoch_27_curric1_gen3",
    "MiniGrid-DoorKey-6x6-custom-diff0.7569142875744653": {
        "meanRet": 0.9852231502532959,
        "maxRet": 0.9900826215744019,
        "minRet": 0.9801653027534485
    },
    "MiniGrid-DoorKey-8x8-custom-diff0.7569142875744653": {
        "meanRet": 0.9760636621051364,
        "maxRet": 0.9876033067703247,
        "minRet": 0.968595027923584
    },
    "MiniGrid-DoorKey-10x10-custom-diff0.7569142875744653": {
        "meanRet": 0.9642720956068772,
        "maxRet": 0.9826446175575256,
        "minRet": 0.9479339122772217
    },
    "MiniGrid-DoorKey-12x12-custom-diff0.7569142875744653": {
        "meanRet": 0.9463471031188965,
        "maxRet": 0.9735537171363831,
        "minRet": 0.9280991554260254
    }
}