{
    "model": "test12x12_150k_3step_3gen_3curric/epoch_14_curric0_gen2",
    "MiniGrid-DoorKey-6x6-custom-diff0.7563807381558474": {
        "meanRet": 0.9845518148862399,
        "maxRet": 0.9900826215744019,
        "minRet": 0.9801653027534485
    },
    "MiniGrid-DoorKey-8x8-custom-diff0.7563807381558474": {
        "meanRet": 0.9736172877825223,
        "maxRet": 0.9859504103660583,
        "minRet": 0.9644628167152405
    },
    "MiniGrid-DoorKey-10x10-custom-diff0.7563807381558474": {
        "meanRet": 0.9601322293281556,
        "maxRet": 0.9859504103660583,
        "minRet": 0.9404958486557007
    },
    "MiniGrid-DoorKey-12x12-custom-diff0.7563807381558474": {
        "meanRet": 0.9219834685325623,
        "maxRet": 0.957851231098175,
        "minRet": 0.8851239681243896
    }
}