{
    "model": "test12x12_75k_3step_3gen_3curric/epoch_10_curric2_gen3",
    "MiniGrid-DoorKey-6x6-custom-diff0.9315023600555896": {
        "meanRet": 0.9870067071914673,
        "maxRet": 0.9926174283027649,
        "minRet": 0.9818791747093201
    },
    "MiniGrid-DoorKey-8x8-custom-diff0.9315023600555896": {
        "meanRet": 0.980724835395813,
        "maxRet": 0.9926174283027649,
        "minRet": 0.9744966626167297
    },
    "MiniGrid-DoorKey-10x10-custom-diff0.9315023600555896": {
        "meanRet": 0.9686174464225769,
        "maxRet": 0.9872483015060425,
        "minRet": 0.9463087320327759
    },
    "MiniGrid-DoorKey-12x12-custom-diff0.9315023600555896": {
        "meanRet": 0.9491543674468994,
        "maxRet": 0.9758388996124268,
        "minRet": 0.9167785048484802
    }
}