{
    "model": "test12x12_100k_3step_3gen_3curric/epoch_5_curric0_gen3",
    "MiniGrid-DoorKey-6x6-custom-diff1": {
        "meanRet": 0.9870250034332275,
        "maxRet": 0.9931250214576721,
        "minRet": 0.9831249713897705
    },
    "MiniGrid-DoorKey-8x8-custom-diff1": {
        "meanRet": 0.9757750034332275,
        "maxRet": 0.987500011920929,
        "minRet": 0.9599999785423279
    },
    "MiniGrid-DoorKey-10x10-custom-diff1": {
        "meanRet": 0.9581971099743476,
        "maxRet": 0.9831249713897705,
        "minRet": 0.9293749928474426
    },
    "MiniGrid-DoorKey-12x12-custom-diff1": {
        "meanRet": 0.9369000005722046,
        "maxRet": 0.9762499928474426,
        "minRet": 0.8887500166893005
    }
}