{
    "model": "test12x12_25k_3step_3gen_3curric/epoch_45_curric0_gen2",
    "MiniGrid-DoorKey-6x6-custom-diff0.30691428757446526": {
        "meanRet": 0.9643642054154322,
        "maxRet": 0.9755101799964905,
        "minRet": 0.9551020264625549
    },
    "MiniGrid-DoorKey-8x8-custom-diff0.30691428757446526": {
        "meanRet": 0.9432653069496155,
        "maxRet": 0.9653061032295227,
        "minRet": 0.9306122660636902
    },
    "MiniGrid-DoorKey-10x10-custom-diff0.30691428757446526": {
        "meanRet": 0.9149387741088867,
        "maxRet": 0.9693877696990967,
        "minRet": 0.8673469424247742
    },
    "MiniGrid-DoorKey-12x12-custom-diff0.30691428757446526": {
        "meanRet": 0.8497959184646606,
        "maxRet": 0.9265305995941162,
        "minRet": 0.7755101919174194
    }
}