{
    "model": "test12x12_100k_3step_4gen_3curric/epoch_28_curric2_gen4",
    "MiniGrid-DoorKey-6x6-custom-diff0.15": {
        "meanRet": 0.9246666669845581,
        "maxRet": 0.949999988079071,
        "minRet": 0.8999999761581421
    },
    "MiniGrid-DoorKey-8x8-custom-diff0.15": {
        "meanRet": 0.8543269244524149,
        "maxRet": 0.9208333492279053,
        "minRet": 0.8083333373069763
    },
    "MiniGrid-DoorKey-10x10-custom-diff0.15": {
        "meanRet": 0.819500002861023,
        "maxRet": 0.9333333373069763,
        "minRet": 0.737500011920929
    },
    "MiniGrid-DoorKey-12x12-custom-diff0.15": {
        "meanRet": 0.6716049368734713,
        "maxRet": 0.8833333253860474,
        "minRet": 0.4833333194255829
    }
}