{
    "model": "test12x12_50k_3step_3gen_3curric/epoch_17_curric0_gen3",
    "MiniGrid-DoorKey-6x6-custom-diff0.8260602224432589": {
        "meanRet": 0.9850941392091604,
        "maxRet": 0.9909167289733887,
        "minRet": 0.9810765385627747
    },
    "MiniGrid-DoorKey-8x8-custom-diff0.8260602224432589": {
        "meanRet": 0.9778065586090088,
        "maxRet": 0.986375093460083,
        "minRet": 0.9719932675361633
    },
    "MiniGrid-DoorKey-10x10-custom-diff0.8260602224432589": {
        "meanRet": 0.9697527313232421,
        "maxRet": 0.980319619178772,
        "minRet": 0.9598822593688965
    },
    "MiniGrid-DoorKey-12x12-custom-diff0.8260602224432589": {
        "meanRet": 0.9476501250267029,
        "maxRet": 0.9719932675361633,
        "minRet": 0.9349032640457153
    }
}