{
    "model": "test12x12_25k_3step_3gen_3curric/epoch_46_curric1_gen1",
    "MiniGrid-DoorKey-6x6-custom-diff0.28191428757446535": {
        "meanRet": 0.9594871837359208,
        "maxRet": 0.9777777791023254,
        "minRet": 0.948888897895813
    },
    "MiniGrid-DoorKey-8x8-custom-diff0.28191428757446535": {
        "meanRet": 0.9393777751922607,
        "maxRet": 0.9644444584846497,
        "minRet": 0.9266666769981384
    },
    "MiniGrid-DoorKey-10x10-custom-diff0.28191428757446535": {
        "meanRet": 0.9129059796149914,
        "maxRet": 0.9466666579246521,
        "minRet": 0.8799999952316284
    },
    "MiniGrid-DoorKey-12x12-custom-diff0.28191428757446535": {
        "meanRet": 0.8759999966621399,
        "maxRet": 0.9355555772781372,
        "minRet": 0.804444432258606
    }
}