{
    "model": "new_25k_7step_4gen_3curric/epoch_6_curric0_gen1",
    "MiniGrid-DoorKey-6x6-custom-diff1": {
        "meanRet": 0.9887249970436096,
        "maxRet": 0.9937499761581421,
        "minRet": 0.984375
    },
    "MiniGrid-DoorKey-8x8-custom-diff1": {
        "meanRet": 0.9783249998092651,
        "maxRet": 0.9887499809265137,
        "minRet": 0.9693750143051147
    },
    "MiniGrid-DoorKey-10x10-custom-diff1": {
        "meanRet": 0.9687000036239624,
        "maxRet": 0.9862499833106995,
        "minRet": 0.9524999856948853
    },
    "MiniGrid-DoorKey-12x12-custom-diff1": {
        "meanRet": 0.9537750029563904,
        "maxRet": 0.9762499928474426,
        "minRet": 0.9337499737739563
    }
}