{
    "model": "test12x12_25k_3step_3gen_3curric/epoch_43_curric2_gen2",
    "MiniGrid-DoorKey-6x6-custom-diff0.3569142875744653": {
        "meanRet": 0.9656015059777668,
        "maxRet": 0.9771929979324341,
        "minRet": 0.9561403393745422
    },
    "MiniGrid-DoorKey-8x8-custom-diff0.3569142875744653": {
        "meanRet": 0.9507422378429999,
        "maxRet": 0.9736841917037964,
        "minRet": 0.9350877404212952
    },
    "MiniGrid-DoorKey-10x10-custom-diff0.3569142875744653": {
        "meanRet": 0.9275789403915405,
        "maxRet": 0.9666666388511658,
        "minRet": 0.8929824829101562
    },
    "MiniGrid-DoorKey-12x12-custom-diff0.3569142875744653": {
        "meanRet": 0.8832280659675598,
        "maxRet": 0.9473684430122375,
        "minRet": 0.8298245668411255
    }
}