{
    "model": "test12x12_100k_3step_4gen_3curric/epoch_1_curric1_gen3",
    "MiniGrid-DoorKey-6x6-custom-diff1.0": {
        "meanRet": 0.9536111001615171,
        "maxRet": 0.9700000286102295,
        "minRet": 0.9399999976158142
    },
    "MiniGrid-DoorKey-8x8-custom-diff1.0": {
        "meanRet": 0.9464500045776367,
        "maxRet": 0.9789062738418579,
        "minRet": 0.9156249761581421
    },
    "MiniGrid-DoorKey-10x10-custom-diff1.0": {
        "meanRet": 0.9187479972839355,
        "maxRet": 0.9873999953269958,
        "minRet": 0.8640999794006348
    },
    "MiniGrid-DoorKey-12x12-custom-diff1.0": {
        "meanRet": 0.8731749963760376,
        "maxRet": 0.9649999737739563,
        "minRet": 0.7674999833106995
    }
}