{
    "model": "test12x12_100k_4step_3gen_3curric/epoch_3_curric2_gen3",
    "MiniGrid-DoorKey-6x6-custom-diff1": {
        "meanRet": 0.9858750009536743,
        "maxRet": 0.9918749928474426,
        "minRet": 0.9787499904632568
    },
    "MiniGrid-DoorKey-8x8-custom-diff1": {
        "meanRet": 0.9762259652981391,
        "maxRet": 0.9893749952316284,
        "minRet": 0.9631249904632568
    },
    "MiniGrid-DoorKey-10x10-custom-diff1": {
        "meanRet": 0.9615509200979162,
        "maxRet": 0.9887499809265137,
        "minRet": 0.9368749856948853
    },
    "MiniGrid-DoorKey-12x12-custom-diff1": {
        "meanRet": 0.9366999983787536,
        "maxRet": 0.9674999713897705,
        "minRet": 0.8943750262260437
    }
}