{
    "model": "DO_11_05_RHEA_PARA_ENV_1\\epoch_4_curric3_gen3",
    "MiniGrid-DoorKey-5x5-custom-diff2": {
        "meanRet": 0.661038951440291,
        "maxRet": 0.7107142806053162,
        "minRet": 0.6142857074737549
    },
    "MiniGrid-DoorKey-6x6-custom-diff2": {
        "meanRet": 0.6952272761951793,
        "maxRet": 0.7524999976158142,
        "minRet": 0.6175000071525574
    },
    "MiniGrid-DoorKey-8x8-custom-diff2": {
        "meanRet": 0.7197142839431763,
        "maxRet": 0.8071428537368774,
        "minRet": 0.6271428465843201
    },
    "MiniGrid-DoorKey-16x16-custom-diff2": {
        "meanRet": 0.14311835309490561,
        "maxRet": 0.7670212984085083,
        "minRet": 0.0
    }
}