{
    "model": "SO_RHEA_2PARA_5GEN_14May\\epoch_10_curric1_gen1",
    "MiniGrid-DoorKey-5x5-custom-diff1": {
        "meanRet": 0.8792682886123657,
        "maxRet": 0.9012194871902466,
        "minRet": 0.8573170900344849
    },
    "MiniGrid-DoorKey-6x6-custom-diff1": {
        "meanRet": 0.8895798206329346,
        "maxRet": 0.916806697845459,
        "minRet": 0.8714285492897034
    },
    "MiniGrid-DoorKey-8x8-custom-diff1": {
        "meanRet": 0.8995691592043097,
        "maxRet": 0.9402843713760376,
        "minRet": 0.8805687427520752
    },
    "MiniGrid-DoorKey-16x16-custom-diff1": {
        "meanRet": 0.8431124269962311,
        "maxRet": 0.9169231057167053,
        "minRet": 0.7859171628952026
    }
}