{
    "model": "SO_RHEA_2PARA_5GEN_14May\\epoch_8_curric0_gen4",
    "MiniGrid-DoorKey-5x5-custom-diff1": {
        "meanRet": 0.8880487680435181,
        "maxRet": 0.9012194871902466,
        "minRet": 0.8682926893234253
    },
    "MiniGrid-DoorKey-6x6-custom-diff1": {
        "meanRet": 0.8899923508817499,
        "maxRet": 0.9092437028884888,
        "minRet": 0.8714285492897034
    },
    "MiniGrid-DoorKey-8x8-custom-diff1": {
        "meanRet": 0.9077121994712136,
        "maxRet": 0.9360189437866211,
        "minRet": 0.8890995383262634
    },
    "MiniGrid-DoorKey-16x16-custom-diff1": {
        "meanRet": 0.7473609447479248,
        "maxRet": 0.8849704265594482,
        "minRet": 0.5547928810119629
    }
}