{
    "model": "test12x12_150k_3step_3gen_3curric/epoch_18_curric1_gen2",
    "MiniGrid-DoorKey-6x6-custom-diff0.6563807381558474": {
        "meanRet": 0.9827891119888851,
        "maxRet": 0.9885714054107666,
        "minRet": 0.977142870426178
    },
    "MiniGrid-DoorKey-8x8-custom-diff0.6563807381558474": {
        "meanRet": 0.9728761863708496,
        "maxRet": 0.9838095307350159,
        "minRet": 0.9647619128227234
    },
    "MiniGrid-DoorKey-10x10-custom-diff0.6563807381558474": {
        "meanRet": 0.9626007332251623,
        "maxRet": 0.9780952334403992,
        "minRet": 0.9495238065719604
    },
    "MiniGrid-DoorKey-12x12-custom-diff0.6563807381558474": {
        "meanRet": 0.9376380944252014,
        "maxRet": 0.9695237874984741,
        "minRet": 0.9219047427177429
    }
}