{
    "model": "test12x12_150k_3step_3gen_3curric/epoch_11_curric2_gen3",
    "MiniGrid-DoorKey-6x6-custom-diff0.8313807381558473": {
        "meanRet": 0.9852408766746521,
        "maxRet": 0.9909774661064148,
        "minRet": 0.9781954884529114
    },
    "MiniGrid-DoorKey-8x8-custom-diff0.8313807381558473": {
        "meanRet": 0.9790977382659912,
        "maxRet": 0.9894737005233765,
        "minRet": 0.9721804261207581
    },
    "MiniGrid-DoorKey-10x10-custom-diff0.8313807381558473": {
        "meanRet": 0.9669451514879862,
        "maxRet": 0.9864661693572998,
        "minRet": 0.955639123916626
    },
    "MiniGrid-DoorKey-12x12-custom-diff0.8313807381558473": {
        "meanRet": 0.9466443922784593,
        "maxRet": 0.9736841917037964,
        "minRet": 0.9255639314651489
    }
}