{
    "model": "test12x12_50k_3step_3gen_3curric/epoch_10_curric0_gen1",
    "MiniGrid-DoorKey-6x6-custom-diff1": {
        "meanRet": 0.9887250018119812,
        "maxRet": 0.9925000071525574,
        "minRet": 0.9856250286102295
    },
    "MiniGrid-DoorKey-8x8-custom-diff1": {
        "meanRet": 0.9793518494676661,
        "maxRet": 0.9887499809265137,
        "minRet": 0.971875011920929
    },
    "MiniGrid-DoorKey-10x10-custom-diff1": {
        "meanRet": 0.9689499998092651,
        "maxRet": 0.9868749976158142,
        "minRet": 0.9549999833106995
    },
    "MiniGrid-DoorKey-12x12-custom-diff1": {
        "meanRet": 0.9526250052452088,
        "maxRet": 0.9856250286102295,
        "minRet": 0.9331250190734863
    }
}