{
    "model": "test12x12_150k_3step_3gen_3curric/epoch_17_curric0_gen2",
    "MiniGrid-DoorKey-6x6-custom-diff0.6813807381558474": {
        "meanRet": 0.9822385239601136,
        "maxRet": 0.9908257126808167,
        "minRet": 0.9779816269874573
    },
    "MiniGrid-DoorKey-8x8-custom-diff0.6813807381558474": {
        "meanRet": 0.9712878002060784,
        "maxRet": 0.9871559739112854,
        "minRet": 0.9605504870414734
    },
    "MiniGrid-DoorKey-10x10-custom-diff0.6813807381558474": {
        "meanRet": 0.9620183491706848,
        "maxRet": 0.984403669834137,
        "minRet": 0.9422018527984619
    },
    "MiniGrid-DoorKey-12x12-custom-diff0.6813807381558474": {
        "meanRet": 0.9437064266204834,
        "maxRet": 0.973394513130188,
        "minRet": 0.9183486104011536
    }
}