{
    "model": "test12x12_100k_3step_3gen_3curric/epoch_38_curric1_gen3",
    "MiniGrid-DoorKey-6x6-custom-diff0.15": {
        "meanRet": 0.9083333325386047,
        "maxRet": 0.9375,
        "minRet": 0.875
    },
    "MiniGrid-DoorKey-8x8-custom-diff0.15": {
        "meanRet": 0.8503333330154419,
        "maxRet": 0.9208333492279053,
        "minRet": 0.7749999761581421
    },
    "MiniGrid-DoorKey-10x10-custom-diff0.15": {
        "meanRet": 0.8270000028610229,
        "maxRet": 0.9125000238418579,
        "minRet": 0.699999988079071
    },
    "MiniGrid-DoorKey-12x12-custom-diff0.15": {
        "meanRet": 0.659833334684372,
        "maxRet": 0.8458333611488342,
        "minRet": 0.4333333373069763
    }
}