{
    "model": "SO_RHEA_2PARA_5GEN_14May\\epoch_6_curric2_gen3",
    "MiniGrid-DoorKey-5x5-custom-diff0": {
        "meanRet": 0.9571272568269209,
        "maxRet": 0.9675999879837036,
        "minRet": 0.9495999813079834
    },
    "MiniGrid-DoorKey-6x6-custom-diff0": {
        "meanRet": 0.9602272564714606,
        "maxRet": 0.9700000286102295,
        "minRet": 0.9574999809265137
    },
    "MiniGrid-DoorKey-8x8-custom-diff0": {
        "meanRet": 0.9607656180858613,
        "maxRet": 0.9690625071525574,
        "minRet": 0.9549999833106995
    },
    "MiniGrid-DoorKey-16x16-custom-diff0": {
        "meanRet": 0.9321132957935333,
        "maxRet": 0.9592187404632568,
        "minRet": 0.9012109637260437
    }
}