{
    "model": "test12x12_150k_3step_3gen_3curric/epoch_22_curric2_gen3",
    "MiniGrid-DoorKey-6x6-custom-diff0.15": {
        "meanRet": 0.9208333403975876,
        "maxRet": 0.949999988079071,
        "minRet": 0.9041666388511658
    },
    "MiniGrid-DoorKey-8x8-custom-diff0.15": {
        "meanRet": 0.8806089827647576,
        "maxRet": 0.9291666746139526,
        "minRet": 0.8458333611488342
    },
    "MiniGrid-DoorKey-10x10-custom-diff0.15": {
        "meanRet": 0.830833330154419,
        "maxRet": 0.9541666507720947,
        "minRet": 0.762499988079071
    },
    "MiniGrid-DoorKey-12x12-custom-diff0.15": {
        "meanRet": 0.713301284955098,
        "maxRet": 0.8791666626930237,
        "minRet": 0.5375000238418579
    }
}