{
    "model": "test12x12_50k_3step_3gen_3curric/epoch_14_curric1_gen2",
    "MiniGrid-DoorKey-6x6-custom-diff0.9010602224432589": {
        "meanRet": 0.9869699279467264,
        "maxRet": 0.9916731119155884,
        "minRet": 0.9826522469520569
    },
    "MiniGrid-DoorKey-8x8-custom-diff0.9010602224432589": {
        "meanRet": 0.9793428641099197,
        "maxRet": 0.9895913600921631,
        "minRet": 0.9722436666488647
    },
    "MiniGrid-DoorKey-10x10-custom-diff0.9010602224432589": {
        "meanRet": 0.9700786399841309,
        "maxRet": 0.9868157505989075,
        "minRet": 0.9555898308753967
    },
    "MiniGrid-DoorKey-12x12-custom-diff0.9010602224432589": {
        "meanRet": 0.952481107711792,
        "maxRet": 0.9791827201843262,
        "minRet": 0.9257517457008362
    }
}