{
    "model": "test12x12_150k_3step_3gen_3curric/epoch_25_curric0_gen1",
    "MiniGrid-DoorKey-6x6-custom-diff0.15": {
        "meanRet": 0.919711539378533,
        "maxRet": 0.949999988079071,
        "minRet": 0.8999999761581421
    },
    "MiniGrid-DoorKey-8x8-custom-diff0.15": {
        "meanRet": 0.8751543208404824,
        "maxRet": 0.925000011920929,
        "minRet": 0.8416666388511658
    },
    "MiniGrid-DoorKey-10x10-custom-diff0.15": {
        "meanRet": 0.8308641954704568,
        "maxRet": 0.9208333492279053,
        "minRet": 0.75
    },
    "MiniGrid-DoorKey-12x12-custom-diff0.15": {
        "meanRet": 0.7131410241127014,
        "maxRet": 0.862500011920929,
        "minRet": 0.5916666388511658
    }
}