{
    "model": "test12x12_25k_3step_3gen_3curric/epoch_5_curric1_gen3",
    "MiniGrid-DoorKey-6x6-custom-diff1": {
        "meanRet": 0.7802499938011169,
        "maxRet": 0.971875011920929,
        "minRet": 0.574999988079071
    },
    "MiniGrid-DoorKey-8x8-custom-diff1": {
        "meanRet": 0.15176020471417173,
        "maxRet": 0.8993750214576721,
        "minRet": 0.0
    },
    "MiniGrid-DoorKey-10x10-custom-diff1": {
        "meanRet": 0.01059895878036817,
        "maxRet": 0.5087500214576721,
        "minRet": 0.0
    },
    "MiniGrid-DoorKey-12x12-custom-diff1": {
        "meanRet": 0.018138021230697632,
        "maxRet": 0.4481250047683716,
        "minRet": 0.0
    }
}