{
    "model": "test12x12_50k_3step_3gen_3curric/epoch_43_curric1_gen3",
    "MiniGrid-DoorKey-6x6-custom-diff0.15": {
        "meanRet": 0.8577160482053403,
        "maxRet": 0.9416666626930237,
        "minRet": 0.7875000238418579
    },
    "MiniGrid-DoorKey-8x8-custom-diff0.15": {
        "meanRet": 0.7950000047683716,
        "maxRet": 0.9166666865348816,
        "minRet": 0.6875
    },
    "MiniGrid-DoorKey-10x10-custom-diff0.15": {
        "meanRet": 0.5841049452622732,
        "maxRet": 0.9458333253860474,
        "minRet": 0.3333333432674408
    },
    "MiniGrid-DoorKey-12x12-custom-diff0.15": {
        "meanRet": 0.09331597139437993,
        "maxRet": 0.762499988079071,
        "minRet": 0.0
    }
}