{
    "model": "test12x12_50k_3step_3gen_3curric/epoch_6_curric1_gen2",
    "MiniGrid-DoorKey-6x6-custom-diff1": {
        "meanRet": 0.9866826946918781,
        "maxRet": 0.9925000071525574,
        "minRet": 0.981249988079071
    },
    "MiniGrid-DoorKey-8x8-custom-diff1": {
        "meanRet": 0.9733749985694885,
        "maxRet": 0.9900000095367432,
        "minRet": 0.9593750238418579
    },
    "MiniGrid-DoorKey-10x10-custom-diff1": {
        "meanRet": 0.9562500023841858,
        "maxRet": 0.984375,
        "minRet": 0.9237499833106995
    },
    "MiniGrid-DoorKey-12x12-custom-diff1": {
        "meanRet": 0.8927749967575074,
        "maxRet": 0.9800000190734863,
        "minRet": 0.8181250095367432
    }
}