{
    "model": "SO_RHEA_2PARA_5GEN_14May\\epoch_4_curric1_gen5",
    "MiniGrid-DoorKey-5x5-custom-diff2": {
        "meanRet": 0.7171428561210632,
        "maxRet": 0.7428571581840515,
        "minRet": 0.6785714030265808
    },
    "MiniGrid-DoorKey-6x6-custom-diff2": {
        "meanRet": 0.7034090865742076,
        "maxRet": 0.7975000143051147,
        "minRet": 0.6175000071525574
    },
    "MiniGrid-DoorKey-8x8-custom-diff2": {
        "meanRet": 0.5512857168912888,
        "maxRet": 0.7300000190734863,
        "minRet": 0.4471428692340851
    },
    "MiniGrid-DoorKey-16x16-custom-diff2": {
        "meanRet": 0.05352393677458167,
        "maxRet": 0.4542553126811981,
        "minRet": 0.0
    }
}