{
    "model": "test12x12_150k_3step_3gen_3curric/epoch_28_curric2_gen1",
    "MiniGrid-DoorKey-6x6-custom-diff0.15": {
        "meanRet": 0.9273333406448364,
        "maxRet": 0.9541666507720947,
        "minRet": 0.9041666388511658
    },
    "MiniGrid-DoorKey-8x8-custom-diff0.15": {
        "meanRet": 0.8806666707992554,
        "maxRet": 0.9291666746139526,
        "minRet": 0.8500000238418579
    },
    "MiniGrid-DoorKey-10x10-custom-diff0.15": {
        "meanRet": 0.8346666693687439,
        "maxRet": 0.9083333611488342,
        "minRet": 0.7708333134651184
    },
    "MiniGrid-DoorKey-12x12-custom-diff0.15": {
        "meanRet": 0.7141666626930236,
        "maxRet": 0.8333333134651184,
        "minRet": 0.612500011920929
    }
}