{
    "model": "SoRRH_3\\epoch_3_curric2",
    "MiniGrid-DoorKey-5x5-custom-diff1": {
        "meanRet": 0.013770325730244318,
        "maxRet": 0.33048781752586365,
        "minRet": 0.0
    },
    "MiniGrid-DoorKey-6x6-custom-diff1": {
        "meanRet": 0.005112044823666413,
        "maxRet": 0.12268907576799393,
        "minRet": 0.0
    },
    "MiniGrid-DoorKey-8x8-custom-diff1": {
        "meanRet": 0.0,
        "maxRet": 0.0,
        "minRet": 0.0
    },
    "MiniGrid-DoorKey-16x16-custom-diff1": {
        "meanRet": 0.004921104448537032,
        "maxRet": 0.11810650676488876,
        "minRet": 0.0
    }
}