{
    "model": "test12x12_100k_3step_4gen_3curric/epoch_24_curric1_gen4",
    "MiniGrid-DoorKey-6x6-custom-diff0.15": {
        "meanRet": 0.9242284010957789,
        "maxRet": 0.9583333134651184,
        "minRet": 0.9041666388511658
    },
    "MiniGrid-DoorKey-8x8-custom-diff0.15": {
        "meanRet": 0.8896666646003724,
        "maxRet": 0.9333333373069763,
        "minRet": 0.862500011920929
    },
    "MiniGrid-DoorKey-10x10-custom-diff0.15": {
        "meanRet": 0.8529999995231629,
        "maxRet": 0.9333333373069763,
        "minRet": 0.7833333611488342
    },
    "MiniGrid-DoorKey-12x12-custom-diff0.15": {
        "meanRet": 0.7480000066757202,
        "maxRet": 0.8791666626930237,
        "minRet": 0.6583333611488342
    }
}