{
    "model": "SO_RHEA_2PARA_5GEN_14May\\epoch_1_curric1_gen3",
    "MiniGrid-DoorKey-5x5-custom-diff0": {
        "meanRet": 0.9522999823093414,
        "maxRet": 0.9639999866485596,
        "minRet": 0.9423999786376953
    },
    "MiniGrid-DoorKey-6x6-custom-diff0": {
        "meanRet": 0.9534090757369995,
        "maxRet": 0.9674999713897705,
        "minRet": 0.9424999952316284
    },
    "MiniGrid-DoorKey-8x8-custom-diff0": {
        "meanRet": 0.9596406161785126,
        "maxRet": 0.971875011920929,
        "minRet": 0.9479687213897705
    },
    "MiniGrid-DoorKey-16x16-custom-diff0": {
        "meanRet": 0.9344687402248383,
        "maxRet": 0.9729297161102295,
        "minRet": 0.9040234088897705
    }
}