{
    "model": "DO_11_05_RHEA_PARA_ENV_1\\epoch_2_curric3_gen1",
    "MiniGrid-DoorKey-5x5-custom-diff2": {
        "meanRet": 0.7010714173316955,
        "maxRet": 0.7428571581840515,
        "minRet": 0.6785714030265808
    },
    "MiniGrid-DoorKey-6x6-custom-diff2": {
        "meanRet": 0.6925000001986822,
        "maxRet": 0.7749999761581421,
        "minRet": 0.6175000071525574
    },
    "MiniGrid-DoorKey-8x8-custom-diff2": {
        "meanRet": 0.7300000071525574,
        "maxRet": 0.8199999928474426,
        "minRet": 0.6528571248054504
    },
    "MiniGrid-DoorKey-16x16-custom-diff2": {
        "meanRet": 0.6920212864875793,
        "maxRet": 0.8627659678459167,
        "minRet": 0.5595744848251343
    }
}