{
    "model": "test12x12_100k_4step_3gen_3curric/epoch_18_curric2_gen3",
    "MiniGrid-DoorKey-6x6-custom-diff0.32840899999999995": {
        "meanRet": 0.9354745769500732,
        "maxRet": 0.9713982939720154,
        "minRet": 0.8989406824111938
    },
    "MiniGrid-DoorKey-8x8-custom-diff0.32840899999999995": {
        "meanRet": 0.8736949157714844,
        "maxRet": 0.9389830231666565,
        "minRet": 0.8055084943771362
    },
    "MiniGrid-DoorKey-10x10-custom-diff0.32840899999999995": {
        "meanRet": 0.7621864414215088,
        "maxRet": 0.9218220114707947,
        "minRet": 0.5824152827262878
    },
    "MiniGrid-DoorKey-12x12-custom-diff0.32840899999999995": {
        "meanRet": 0.5043898278474808,
        "maxRet": 0.9122881293296814,
        "minRet": 0.1419491469860077
    }
}