{
    "model": "Mo_Rhea1\\epoch_4_curric0_gen3",
    "MiniGrid-DoorKey-5x5-custom-diff2": {
        "meanRet": 0.6785714285714286,
        "maxRet": 0.7107142806053162,
        "minRet": 0.6464285850524902
    },
    "MiniGrid-DoorKey-6x6-custom-diff2": {
        "meanRet": 0.6670000076293945,
        "maxRet": 0.7300000190734863,
        "minRet": 0.6175000071525574
    },
    "MiniGrid-DoorKey-8x8-custom-diff2": {
        "meanRet": 0.7042857083407316,
        "maxRet": 0.8071428537368774,
        "minRet": 0.6528571248054504
    },
    "MiniGrid-DoorKey-16x16-custom-diff2": {
        "meanRet": 0.09954867895805475,
        "maxRet": 0.8148936033248901,
        "minRet": 0.0
    }
}