{
    "model": "test12x12_100k_4step_3gen_3curric/epoch_9_curric0_gen2",
    "MiniGrid-DoorKey-6x6-custom-diff0.8970715046045371": {
        "meanRet": 0.8620232415199279,
        "maxRet": 0.9804802536964417,
        "minRet": 0.6848954558372498
    },
    "MiniGrid-DoorKey-8x8-custom-diff0.8970715046045371": {
        "meanRet": 0.2016139988388334,
        "maxRet": 0.8898528218269348,
        "minRet": 0.0
    },
    "MiniGrid-DoorKey-10x10-custom-diff0.8970715046045371": {
        "meanRet": 0.05002904621263345,
        "maxRet": 0.5845081210136414,
        "minRet": 0.0
    },
    "MiniGrid-DoorKey-12x12-custom-diff0.8970715046045371": {
        "meanRet": 0.02417215301344792,
        "maxRet": 0.6869868040084839,
        "minRet": 0.0
    }
}