{
    "model": "test12x12_50k_3step_3gen_3curric/epoch_28_curric1_gen1",
    "MiniGrid-DoorKey-6x6-custom-diff0.5510602224432588": {
        "meanRet": 0.976733922958374,
        "maxRet": 0.9852458834648132,
        "minRet": 0.9727616906166077
    },
    "MiniGrid-DoorKey-8x8-custom-diff0.5510602224432588": {
        "meanRet": 0.9663606667518616,
        "maxRet": 0.9807061553001404,
        "minRet": 0.9546027779579163
    },
    "MiniGrid-DoorKey-10x10-custom-diff0.5510602224432588": {
        "meanRet": 0.9504262280464172,
        "maxRet": 0.9716267585754395,
        "minRet": 0.9353089332580566
    },
    "MiniGrid-DoorKey-12x12-custom-diff0.5510602224432588": {
        "meanRet": 0.9244590210914612,
        "maxRet": 0.9614123702049255,
        "minRet": 0.8921815752983093
    }
}