{
    "model": "test12x12_100k_3step_3gen_3curric/epoch_39_curric2_gen2",
    "MiniGrid-DoorKey-6x6-custom-diff0.15": {
        "meanRet": 0.9044999980926514,
        "maxRet": 0.9375,
        "minRet": 0.862500011920929
    },
    "MiniGrid-DoorKey-8x8-custom-diff0.15": {
        "meanRet": 0.838942309984794,
        "maxRet": 0.9208333492279053,
        "minRet": 0.7666666507720947
    },
    "MiniGrid-DoorKey-10x10-custom-diff0.15": {
        "meanRet": 0.7906666660308838,
        "maxRet": 0.9291666746139526,
        "minRet": 0.6499999761581421
    },
    "MiniGrid-DoorKey-12x12-custom-diff0.15": {
        "meanRet": 0.595166666507721,
        "maxRet": 0.8208333253860474,
        "minRet": 0.3125
    }
}