{
    "model": "test12x12_100k_3step_4gen_3curric/epoch_32_curric1_gen1",
    "MiniGrid-DoorKey-6x6-custom-diff0.15": {
        "meanRet": 0.9218333339691163,
        "maxRet": 0.949999988079071,
        "minRet": 0.8916666507720947
    },
    "MiniGrid-DoorKey-8x8-custom-diff0.15": {
        "meanRet": 0.8925,
        "maxRet": 0.949999988079071,
        "minRet": 0.8541666865348816
    },
    "MiniGrid-DoorKey-10x10-custom-diff0.15": {
        "meanRet": 0.8395000004768371,
        "maxRet": 0.9125000238418579,
        "minRet": 0.7583333253860474
    },
    "MiniGrid-DoorKey-12x12-custom-diff0.15": {
        "meanRet": 0.7189999985694885,
        "maxRet": 0.8833333253860474,
        "minRet": 0.5291666388511658
    }
}