{
    "model": "test12x12_100k_3step_4gen_3curric/epoch_26_curric2_gen4",
    "MiniGrid-DoorKey-6x6-custom-diff0.15": {
        "meanRet": 0.9261218057228968,
        "maxRet": 0.9583333134651184,
        "minRet": 0.9083333611488342
    },
    "MiniGrid-DoorKey-8x8-custom-diff0.15": {
        "meanRet": 0.8768518567085266,
        "maxRet": 0.9375,
        "minRet": 0.8500000238418579
    },
    "MiniGrid-DoorKey-10x10-custom-diff0.15": {
        "meanRet": 0.8243333315849304,
        "maxRet": 0.9416666626930237,
        "minRet": 0.75
    },
    "MiniGrid-DoorKey-12x12-custom-diff0.15": {
        "meanRet": 0.717999997138977,
        "maxRet": 0.887499988079071,
        "minRet": 0.5541666746139526
    }
}