{
    "model": "test12x12_100k_3step_3gen_3curric/epoch_38_curric0_gen1",
    "MiniGrid-DoorKey-6x6-custom-diff0.15": {
        "meanRet": 0.9210000014305115,
        "maxRet": 0.949999988079071,
        "minRet": 0.8958333134651184
    },
    "MiniGrid-DoorKey-8x8-custom-diff0.15": {
        "meanRet": 0.8669999980926514,
        "maxRet": 0.925000011920929,
        "minRet": 0.8125
    },
    "MiniGrid-DoorKey-10x10-custom-diff0.15": {
        "meanRet": 0.8069999933242797,
        "maxRet": 0.9083333611488342,
        "minRet": 0.7083333134651184
    },
    "MiniGrid-DoorKey-12x12-custom-diff0.15": {
        "meanRet": 0.6441666662693024,
        "maxRet": 0.8374999761581421,
        "minRet": 0.34166666865348816
    }
}