{
    "model": "test12x12_150k_3step_3gen_3curric/epoch_16_curric1_gen3",
    "MiniGrid-DoorKey-6x6-custom-diff0.7063807381558473": {
        "meanRet": 0.9830837341455313,
        "maxRet": 0.9893805384635925,
        "minRet": 0.9787610769271851
    },
    "MiniGrid-DoorKey-8x8-custom-diff0.7063807381558473": {
        "meanRet": 0.9755044245719909,
        "maxRet": 0.9876106381416321,
        "minRet": 0.9672566652297974
    },
    "MiniGrid-DoorKey-10x10-custom-diff0.7063807381558473": {
        "meanRet": 0.9666994412740072,
        "maxRet": 0.9787610769271851,
        "minRet": 0.9548672437667847
    },
    "MiniGrid-DoorKey-12x12-custom-diff0.7063807381558473": {
        "meanRet": 0.9456637120246887,
        "maxRet": 0.9734513163566589,
        "minRet": 0.9194689989089966
    }
}