{
    "model": "test12x12_25k_3step_3gen_3curric/epoch_30_curric2_gen3",
    "MiniGrid-DoorKey-6x6-custom-diff0.6819142875744653": {
        "meanRet": 0.9833394455909729,
        "maxRet": 0.988990843296051,
        "minRet": 0.9779816269874573
    },
    "MiniGrid-DoorKey-8x8-custom-diff0.6819142875744653": {
        "meanRet": 0.974165141582489,
        "maxRet": 0.9853211045265198,
        "minRet": 0.9678899049758911
    },
    "MiniGrid-DoorKey-10x10-custom-diff0.6819142875744653": {
        "meanRet": 0.9533944964408875,
        "maxRet": 0.9770641922950745,
        "minRet": 0.9357798099517822
    },
    "MiniGrid-DoorKey-12x12-custom-diff0.6819142875744653": {
        "meanRet": 0.9379449558258056,
        "maxRet": 0.9706422090530396,
        "minRet": 0.9137614965438843
    }
}