{
    "model": "test12x12_100k_3step_4gen_3curric/epoch_14_curric2_gen2",
    "MiniGrid-DoorKey-6x6-custom-diff0.79467792277423": {
        "meanRet": 0.9851981379367687,
        "maxRet": 0.990559458732605,
        "minRet": 0.9811188578605652
    },
    "MiniGrid-DoorKey-8x8-custom-diff0.79467792277423": {
        "meanRet": 0.9775000023841858,
        "maxRet": 0.9874125719070435,
        "minRet": 0.9724650382995605
    },
    "MiniGrid-DoorKey-10x10-custom-diff0.79467792277423": {
        "meanRet": 0.9687202787399292,
        "maxRet": 0.9913461804389954,
        "minRet": 0.9575175046920776
    },
    "MiniGrid-DoorKey-12x12-custom-diff0.79467792277423": {
        "meanRet": 0.9544650340080261,
        "maxRet": 0.9748252034187317,
        "minRet": 0.9315559267997742
    }
}