{
    "model": "test12x12_75k_3step_3gen_3curric/epoch_12_curric2_gen1",
    "MiniGrid-DoorKey-6x6-custom-diff0.8565023600555897": {
        "meanRet": 0.985547444820404,
        "maxRet": 0.9912408590316772,
        "minRet": 0.9817517995834351
    },
    "MiniGrid-DoorKey-8x8-custom-diff0.8565023600555897": {
        "meanRet": 0.9799708080291748,
        "maxRet": 0.985401451587677,
        "minRet": 0.9766423106193542
    },
    "MiniGrid-DoorKey-10x10-custom-diff0.8565023600555897": {
        "meanRet": 0.9720291948318481,
        "maxRet": 0.989051103591919,
        "minRet": 0.9642335772514343
    },
    "MiniGrid-DoorKey-12x12-custom-diff0.8565023600555897": {
        "meanRet": 0.9531723742301648,
        "maxRet": 0.9759123921394348,
        "minRet": 0.9313868880271912
    }
}