{
    "model": "test12x12_100k_4step_3gen_3curric/epoch_9_curric1_gen1",
    "MiniGrid-DoorKey-6x6-custom-diff0.8970715046045371": {
        "meanRet": 0.7845019340515137,
        "maxRet": 0.9818745255470276,
        "minRet": 0.5029434561729431
    },
    "MiniGrid-DoorKey-8x8-custom-diff0.8970715046045371": {
        "meanRet": 0.020518654491752386,
        "maxRet": 0.32796281576156616,
        "minRet": 0.0
    },
    "MiniGrid-DoorKey-10x10-custom-diff0.8970715046045371": {
        "meanRet": 0.0027659436066945395,
        "maxRet": 0.1327652931213379,
        "minRet": 0.0
    },
    "MiniGrid-DoorKey-12x12-custom-diff0.8970715046045371": {
        "meanRet": 0.0,
        "maxRet": 0.0,
        "minRet": 0.0
    }
}