{
    "model": "test12x12_150k_3step_3gen_3curric/epoch_17_curric1_gen2",
    "MiniGrid-DoorKey-6x6-custom-diff0.6813807381558474": {
        "meanRet": 0.9829357743263245,
        "maxRet": 0.988990843296051,
        "minRet": 0.9779816269874573
    },
    "MiniGrid-DoorKey-8x8-custom-diff0.6813807381558474": {
        "meanRet": 0.9740183591842652,
        "maxRet": 0.984403669834137,
        "minRet": 0.9660550355911255
    },
    "MiniGrid-DoorKey-10x10-custom-diff0.6813807381558474": {
        "meanRet": 0.9648807382583618,
        "maxRet": 0.9899082779884338,
        "minRet": 0.9504587054252625
    },
    "MiniGrid-DoorKey-12x12-custom-diff0.6813807381558474": {
        "meanRet": 0.9441100883483887,
        "maxRet": 0.9779816269874573,
        "minRet": 0.9201834797859192
    }
}