{
    "model": "test12x12_75k_3step_3gen_3curric/epoch_15_curric0_gen2",
    "MiniGrid-DoorKey-6x6-custom-diff0.7815023600555896": {
        "meanRet": 0.9856307621185596,
        "maxRet": 0.9904000163078308,
        "minRet": 0.9807999730110168
    },
    "MiniGrid-DoorKey-8x8-custom-diff0.7815023600555896": {
        "meanRet": 0.977311999797821,
        "maxRet": 0.9879999756813049,
        "minRet": 0.9696000218391418
    },
    "MiniGrid-DoorKey-10x10-custom-diff0.7815023600555896": {
        "meanRet": 0.9690879988670349,
        "maxRet": 0.9824000000953674,
        "minRet": 0.9584000110626221
    },
    "MiniGrid-DoorKey-12x12-custom-diff0.7815023600555896": {
        "meanRet": 0.950553841315783,
        "maxRet": 0.9783999919891357,
        "minRet": 0.9351999759674072
    }
}