{
    "model": "test12x12_75k_3step_3gen_3curric/epoch_29_curric1_gen2",
    "MiniGrid-DoorKey-6x6-custom-diff0.15": {
        "meanRet": 0.9264423113602859,
        "maxRet": 0.9583333134651184,
        "minRet": 0.8999999761581421
    },
    "MiniGrid-DoorKey-8x8-custom-diff0.15": {
        "meanRet": 0.8586666679382324,
        "maxRet": 0.9333333373069763,
        "minRet": 0.7958333492279053
    },
    "MiniGrid-DoorKey-10x10-custom-diff0.15": {
        "meanRet": 0.7391025561552781,
        "maxRet": 0.8999999761581421,
        "minRet": 0.550000011920929
    },
    "MiniGrid-DoorKey-12x12-custom-diff0.15": {
        "meanRet": 0.5516666650772095,
        "maxRet": 0.8125,
        "minRet": 0.2874999940395355
    }
}