{
    "model": "test12x12_75k_3step_3gen_3curric/epoch_22_curric1_gen2",
    "MiniGrid-DoorKey-6x6-custom-diff0.6065023600555897": {
        "meanRet": 0.9801649570465087,
        "maxRet": 0.9865979552268982,
        "minRet": 0.9742268323898315
    },
    "MiniGrid-DoorKey-8x8-custom-diff0.6065023600555897": {
        "meanRet": 0.9691134023666382,
        "maxRet": 0.9793814420700073,
        "minRet": 0.9577319622039795
    },
    "MiniGrid-DoorKey-10x10-custom-diff0.6065023600555897": {
        "meanRet": 0.9548865985870362,
        "maxRet": 0.9804123640060425,
        "minRet": 0.9319587349891663
    },
    "MiniGrid-DoorKey-12x12-custom-diff0.6065023600555897": {
        "meanRet": 0.9335670089721679,
        "maxRet": 0.9639175534248352,
        "minRet": 0.8938144445419312
    }
}