{
    "model": "test12x12_25k_3step_3gen_3curric/epoch_35_curric0_gen3",
    "MiniGrid-DoorKey-6x6-custom-diff0.5569142875744653": {
        "meanRet": 0.9785652527442346,
        "maxRet": 0.9865168333053589,
        "minRet": 0.9719101190567017
    },
    "MiniGrid-DoorKey-8x8-custom-diff0.5569142875744653": {
        "meanRet": 0.9681797742843627,
        "maxRet": 0.9797753095626831,
        "minRet": 0.9584269523620605
    },
    "MiniGrid-DoorKey-10x10-custom-diff0.5569142875744653": {
        "meanRet": 0.9500224733352661,
        "maxRet": 0.9707865118980408,
        "minRet": 0.9314606785774231
    },
    "MiniGrid-DoorKey-12x12-custom-diff0.5569142875744653": {
        "meanRet": 0.924629213809967,
        "maxRet": 0.9640449285507202,
        "minRet": 0.8876404762268066
    }
}