{
    "model": "test12x12_25k_3step_3gen_3curric/epoch_23_curric0_gen1",
    "MiniGrid-DoorKey-6x6-custom-diff0.8569142875744653": {
        "meanRet": 0.984963505268097,
        "maxRet": 0.9912408590316772,
        "minRet": 0.9795620441436768
    },
    "MiniGrid-DoorKey-8x8-custom-diff0.8569142875744653": {
        "meanRet": 0.9785985445976257,
        "maxRet": 0.989051103591919,
        "minRet": 0.970802903175354
    },
    "MiniGrid-DoorKey-10x10-custom-diff0.8569142875744653": {
        "meanRet": 0.9631824803352356,
        "maxRet": 0.9795620441436768,
        "minRet": 0.9430657029151917
    },
    "MiniGrid-DoorKey-12x12-custom-diff0.8569142875744653": {
        "meanRet": 0.9476788282394409,
        "maxRet": 0.9802919626235962,
        "minRet": 0.9204379320144653
    }
}