{
    "model": "test12x12_50k_3step_3gen_3curric/epoch_7_curric1_gen1",
    "MiniGrid-DoorKey-6x6-custom-diff1": {
        "meanRet": 0.9875250053405762,
        "maxRet": 0.9918749928474426,
        "minRet": 0.9837499856948853
    },
    "MiniGrid-DoorKey-8x8-custom-diff1": {
        "meanRet": 0.9808749961853027,
        "maxRet": 0.987500011920929,
        "minRet": 0.9743750095367432
    },
    "MiniGrid-DoorKey-10x10-custom-diff1": {
        "meanRet": 0.9666500020027161,
        "maxRet": 0.981249988079071,
        "minRet": 0.9543750286102295
    },
    "MiniGrid-DoorKey-12x12-custom-diff1": {
        "meanRet": 0.9546250081062317,
        "maxRet": 0.9850000143051147,
        "minRet": 0.9331250190734863
    }
}