{
    "model": "SoRRH_2\\epoch_5_curric2",
    "MiniGrid-DoorKey-5x5-custom-diff0": {
        "meanRet": 0.9481599807739258,
        "maxRet": 0.9639999866485596,
        "minRet": 0.9387999773025513
    },
    "MiniGrid-DoorKey-6x6-custom-diff0": {
        "meanRet": 0.956249988079071,
        "maxRet": 0.9700000286102295,
        "minRet": 0.9449999928474426
    },
    "MiniGrid-DoorKey-8x8-custom-diff0": {
        "meanRet": 0.9599218666553497,
        "maxRet": 0.9704687595367432,
        "minRet": 0.9493749737739563
    },
    "MiniGrid-DoorKey-16x16-custom-diff0": {
        "meanRet": 0.9510976552963257,
        "maxRet": 0.9757421612739563,
        "minRet": 0.9275781512260437
    }
}