{
    "model": "test12x12_50k_3step_3gen_3curric/epoch_21_curric1_gen2",
    "MiniGrid-DoorKey-6x6-custom-diff0.7260602224432589": {
        "meanRet": 0.9828413701974429,
        "maxRet": 0.9888038039207458,
        "minRet": 0.9776076674461365
    },
    "MiniGrid-DoorKey-8x8-custom-diff0.7260602224432589": {
        "meanRet": 0.9725677812540973,
        "maxRet": 0.9853588342666626,
        "minRet": 0.9629665017127991
    },
    "MiniGrid-DoorKey-10x10-custom-diff0.7260602224432589": {
        "meanRet": 0.9609684228897095,
        "maxRet": 0.9870813488960266,
        "minRet": 0.947464108467102
    },
    "MiniGrid-DoorKey-12x12-custom-diff0.7260602224432589": {
        "meanRet": 0.9405052638053895,
        "maxRet": 0.9733014106750488,
        "minRet": 0.9130143523216248
    }
}