{
    "model": "test12x12_100k_3step_4gen_3curric/epoch_11_curric0_gen2",
    "MiniGrid-DoorKey-6x6-custom-diff0.86967792277423": {
        "meanRet": 0.9852492070198059,
        "maxRet": 0.9906549453735352,
        "minRet": 0.9805910587310791
    },
    "MiniGrid-DoorKey-8x8-custom-diff0.86967792277423": {
        "meanRet": 0.9802592832308549,
        "maxRet": 0.9892172813415527,
        "minRet": 0.9741213917732239
    },
    "MiniGrid-DoorKey-10x10-custom-diff0.86967792277423": {
        "meanRet": 0.9732875370979309,
        "maxRet": 0.9870607256889343,
        "minRet": 0.9626197814941406
    },
    "MiniGrid-DoorKey-12x12-custom-diff0.86967792277423": {
        "meanRet": 0.9549137377738952,
        "maxRet": 0.9798722267150879,
        "minRet": 0.9396166205406189
    }
}