{
    "model": "test12x12_75k_3step_3gen_3curric/epoch_30_curric0_gen1",
    "MiniGrid-DoorKey-6x6-custom-diff0.15": {
        "meanRet": 0.9303333401679993,
        "maxRet": 0.949999988079071,
        "minRet": 0.9083333611488342
    },
    "MiniGrid-DoorKey-8x8-custom-diff0.15": {
        "meanRet": 0.8842948721005366,
        "maxRet": 0.9375,
        "minRet": 0.8583333492279053
    },
    "MiniGrid-DoorKey-10x10-custom-diff0.15": {
        "meanRet": 0.8416666674613953,
        "maxRet": 0.9333333373069763,
        "minRet": 0.762499988079071
    },
    "MiniGrid-DoorKey-12x12-custom-diff0.15": {
        "meanRet": 0.6695000040531158,
        "maxRet": 0.862500011920929,
        "minRet": 0.4416666626930237
    }
}