{
    "model": "test12x12_75k_3step_3gen_3curric/epoch_39_curric1_gen3",
    "MiniGrid-DoorKey-6x6-custom-diff0.15": {
        "meanRet": 0.9248397464935596,
        "maxRet": 0.949999988079071,
        "minRet": 0.8999999761581421
    },
    "MiniGrid-DoorKey-8x8-custom-diff0.15": {
        "meanRet": 0.8835000014305114,
        "maxRet": 0.9291666746139526,
        "minRet": 0.8541666865348816
    },
    "MiniGrid-DoorKey-10x10-custom-diff0.15": {
        "meanRet": 0.829999988079071,
        "maxRet": 0.9458333253860474,
        "minRet": 0.762499988079071
    },
    "MiniGrid-DoorKey-12x12-custom-diff0.15": {
        "meanRet": 0.6819999957084656,
        "maxRet": 0.862500011920929,
        "minRet": 0.5208333134651184
    }
}