{
    "model": "test12x12_100k_3step_4gen_3curric/epoch_16_curric2_gen4",
    "MiniGrid-DoorKey-6x6-custom-diff0.74467792277423": {
        "meanRet": 0.9845186591148376,
        "maxRet": 0.9899253845214844,
        "minRet": 0.9798507690429688
    },
    "MiniGrid-DoorKey-8x8-custom-diff0.74467792277423": {
        "meanRet": 0.9747798490524292,
        "maxRet": 0.9840484857559204,
        "minRet": 0.9680970311164856
    },
    "MiniGrid-DoorKey-10x10-custom-diff0.74467792277423": {
        "meanRet": 0.9585596990585327,
        "maxRet": 0.9798507690429688,
        "minRet": 0.9420709013938904
    },
    "MiniGrid-DoorKey-12x12-custom-diff0.74467792277423": {
        "meanRet": 0.9460000014305114,
        "maxRet": 0.9764925241470337,
        "minRet": 0.9168843030929565
    }
}