{
    "model": "Di_Rhea1\\epoch_3_curric1_gen3",
    "MiniGrid-DoorKey-5x5-custom-diff2": {
        "meanRet": 0.6812500009934107,
        "maxRet": 0.7428571581840515,
        "minRet": 0.6464285850524902
    },
    "MiniGrid-DoorKey-6x6-custom-diff2": {
        "meanRet": 0.6850000023841858,
        "maxRet": 0.7749999761581421,
        "minRet": 0.6175000071525574
    },
    "MiniGrid-DoorKey-8x8-custom-diff2": {
        "meanRet": 0.7346753423864191,
        "maxRet": 0.7685714364051819,
        "minRet": 0.704285740852356
    },
    "MiniGrid-DoorKey-16x16-custom-diff2": {
        "meanRet": 0.12021276727318764,
        "maxRet": 0.8531914949417114,
        "minRet": 0.0
    }
}