{
    "model": "test12x12_150k_3step_3gen_3curric/epoch_11_curric1_gen3",
    "MiniGrid-DoorKey-6x6-custom-diff0.8313807381558473": {
        "meanRet": 0.9855986054127033,
        "maxRet": 0.9909774661064148,
        "minRet": 0.9819548726081848
    },
    "MiniGrid-DoorKey-8x8-custom-diff0.8313807381558473": {
        "meanRet": 0.9777744364738464,
        "maxRet": 0.9857142567634583,
        "minRet": 0.9721804261207581
    },
    "MiniGrid-DoorKey-10x10-custom-diff0.8313807381558473": {
        "meanRet": 0.9668872213363647,
        "maxRet": 0.9849624037742615,
        "minRet": 0.9541353583335876
    },
    "MiniGrid-DoorKey-12x12-custom-diff0.8313807381558473": {
        "meanRet": 0.9552481126785278,
        "maxRet": 0.9714285731315613,
        "minRet": 0.9368420839309692
    }
}