{
    "model": "test12x12_75k_3step_3gen_3curric/epoch_16_curric0_gen1",
    "MiniGrid-DoorKey-6x6-custom-diff0.7565023600555896": {
        "meanRet": 0.9842669147032278,
        "maxRet": 0.9900826215744019,
        "minRet": 0.9801653027534485
    },
    "MiniGrid-DoorKey-8x8-custom-diff0.7565023600555896": {
        "meanRet": 0.9752727222442626,
        "maxRet": 0.984297513961792,
        "minRet": 0.9669421315193176
    },
    "MiniGrid-DoorKey-10x10-custom-diff0.7565023600555896": {
        "meanRet": 0.9608264422416687,
        "maxRet": 0.9768595099449158,
        "minRet": 0.944628119468689
    },
    "MiniGrid-DoorKey-12x12-custom-diff0.7565023600555896": {
        "meanRet": 0.9375867724418641,
        "maxRet": 0.9727272987365723,
        "minRet": 0.9074380397796631
    }
}