{
    "model": "Rhea_mi1\\epoch_3_curric0_gen2",
    "MiniGrid-DoorKey-5x5-custom": {
        "meanRet": 0.9046000242233276,
        "maxRet": 0.9190000295639038,
        "minRet": 0.8920000195503235
    },
    "MiniGrid-DoorKey-6x6-custom": {
        "meanRet": 0.892000013589859,
        "maxRet": 0.920799970626831,
        "minRet": 0.8776000142097473
    },
    "MiniGrid-DoorKey-8x8-custom": {
        "meanRet": 0.8633636290376837,
        "maxRet": 0.9369999766349792,
        "minRet": 0.8109999895095825
    },
    "MiniGrid-DoorKey-16x16-custom": {
        "meanRet": 0.3933999970555305,
        "maxRet": 0.8050000071525574,
        "minRet": 0.1120000034570694
    }
}