{
    "model": "test12x12_100k_3step_4gen_3curric/epoch_1_curric0_gen2",
    "MiniGrid-DoorKey-6x6-custom-diff1.0": {
        "meanRet": 0.9524999904632568,
        "maxRet": 0.9700000286102295,
        "minRet": 0.9399999976158142
    },
    "MiniGrid-DoorKey-8x8-custom-diff1.0": {
        "meanRet": 0.937449996471405,
        "maxRet": 0.9690625071525574,
        "minRet": 0.9071875214576721
    },
    "MiniGrid-DoorKey-10x10-custom-diff1.0": {
        "meanRet": 0.9337600016593933,
        "maxRet": 0.9819999933242798,
        "minRet": 0.8866000175476074
    },
    "MiniGrid-DoorKey-12x12-custom-diff1.0": {
        "meanRet": 0.9128000020980835,
        "maxRet": 0.9712499976158142,
        "minRet": 0.859375
    }
}