{
    "model": "Rhea_Fr2\\epoch_4_curric3_gen4",
    "MiniGrid-DoorKey-5x5-custom-diff1": {
        "meanRet": 0.8639024376869202,
        "maxRet": 0.8902438879013062,
        "minRet": 0.8353658318519592
    },
    "MiniGrid-DoorKey-6x6-custom-diff1": {
        "meanRet": 0.8661344468593597,
        "maxRet": 0.8789916038513184,
        "minRet": 0.848739504814148
    },
    "MiniGrid-DoorKey-8x8-custom-diff1": {
        "meanRet": 0.8809241702159246,
        "maxRet": 0.9061611294746399,
        "minRet": 0.8549762964248657
    },
    "MiniGrid-DoorKey-16x16-custom-diff1": {
        "meanRet": 0.8397041380405426,
        "maxRet": 0.9286390542984009,
        "minRet": 0.7859171628952026
    }
}