{
    "model": "test12x12_50k_3step_3gen_3curric/epoch_3_curric0_gen2",
    "MiniGrid-DoorKey-6x6-custom-diff1": {
        "meanRet": 0.9859000015258789,
        "maxRet": 0.9937499761581421,
        "minRet": 0.9768750071525574
    },
    "MiniGrid-DoorKey-8x8-custom-diff1": {
        "meanRet": 0.9474250030517578,
        "maxRet": 0.9900000095367432,
        "minRet": 0.9162499904632568
    },
    "MiniGrid-DoorKey-10x10-custom-diff1": {
        "meanRet": 0.8792249941825867,
        "maxRet": 0.9750000238418579,
        "minRet": 0.7337499856948853
    },
    "MiniGrid-DoorKey-12x12-custom-diff1": {
        "meanRet": 0.7106250011920929,
        "maxRet": 0.9581249952316284,
        "minRet": 0.4937500059604645
    }
}