{
    "model": "Rhea_mi1\\epoch_2_curric1_gen3",
    "MiniGrid-DoorKey-5x5-custom": {
        "meanRet": 0.9002500226100286,
        "maxRet": 0.9190000295639038,
        "minRet": 0.8830000162124634
    },
    "MiniGrid-DoorKey-6x6-custom": {
        "meanRet": 0.8970400154590606,
        "maxRet": 0.920799970626831,
        "minRet": 0.8704000115394592
    },
    "MiniGrid-DoorKey-8x8-custom": {
        "meanRet": 0.892818196253343,
        "maxRet": 0.9325000047683716,
        "minRet": 0.8650000095367432
    },
    "MiniGrid-DoorKey-16x16-custom": {
        "meanRet": 0.4287999987602234,
        "maxRet": 0.7120000123977661,
        "minRet": 0.20800000429153442
    }
}