{
    "model": "test12x12_50k_3step_3gen_3curric/epoch_23_curric2_gen1",
    "MiniGrid-DoorKey-6x6-custom-diff0.6760602224432589": {
        "meanRet": 0.9791402426259271,
        "maxRet": 0.9889003038406372,
        "minRet": 0.972250759601593
    },
    "MiniGrid-DoorKey-8x8-custom-diff0.6760602224432589": {
        "meanRet": 0.971288800239563,
        "maxRet": 0.9805755615234375,
        "minRet": 0.9565262198448181
    },
    "MiniGrid-DoorKey-10x10-custom-diff0.6760602224432589": {
        "meanRet": 0.9536772847175599,
        "maxRet": 0.9731757640838623,
        "minRet": 0.9297019243240356
    },
    "MiniGrid-DoorKey-12x12-custom-diff0.6760602224432589": {
        "meanRet": 0.925041505923638,
        "maxRet": 0.9713258147239685,
        "minRet": 0.88437819480896
    }
}