{
    "model": "test12x12_50k_3step_3gen_3curric/epoch_8_curric1_gen3",
    "MiniGrid-DoorKey-6x6-custom-diff1": {
        "meanRet": 0.9876500058174134,
        "maxRet": 0.9925000071525574,
        "minRet": 0.9825000166893005
    },
    "MiniGrid-DoorKey-8x8-custom-diff1": {
        "meanRet": 0.9808500027656555,
        "maxRet": 0.9887499809265137,
        "minRet": 0.9725000262260437
    },
    "MiniGrid-DoorKey-10x10-custom-diff1": {
        "meanRet": 0.9686000037193299,
        "maxRet": 0.984375,
        "minRet": 0.9568750262260437
    },
    "MiniGrid-DoorKey-12x12-custom-diff1": {
        "meanRet": 0.9517749977111817,
        "maxRet": 0.987500011920929,
        "minRet": 0.925000011920929
    }
}