{
    "model": "test12x12_100k_3step_3gen_3curric/epoch_10_curric1_gen1",
    "MiniGrid-DoorKey-6x6-custom-diff0.8970715046045371": {
        "meanRet": 0.9862525296211243,
        "maxRet": 0.9909372329711914,
        "minRet": 0.9804802536964417
    },
    "MiniGrid-DoorKey-8x8-custom-diff0.8970715046045371": {
        "meanRet": 0.9774965119361877,
        "maxRet": 0.9874516129493713,
        "minRet": 0.9679318070411682
    },
    "MiniGrid-DoorKey-10x10-custom-diff0.8970715046045371": {
        "meanRet": 0.9620759129524231,
        "maxRet": 0.9895429611206055,
        "minRet": 0.9337722659111023
    },
    "MiniGrid-DoorKey-12x12-custom-diff0.8970715046045371": {
        "meanRet": 0.946069712638855,
        "maxRet": 0.9797831177711487,
        "minRet": 0.9010069966316223
    }
}