{
    "model": "test12x12_25k_3step_3gen_3curric/epoch_23_curric0_gen3",
    "MiniGrid-DoorKey-6x6-custom-diff0.8569142875744653": {
        "meanRet": 0.9850364992251763,
        "maxRet": 0.9912408590316772,
        "minRet": 0.9788321256637573
    },
    "MiniGrid-DoorKey-8x8-custom-diff0.8569142875744653": {
        "meanRet": 0.9774890518188477,
        "maxRet": 0.9875912666320801,
        "minRet": 0.9649634957313538
    },
    "MiniGrid-DoorKey-10x10-custom-diff0.8569142875744653": {
        "meanRet": 0.9667153286933899,
        "maxRet": 0.9846715331077576,
        "minRet": 0.9510948657989502
    },
    "MiniGrid-DoorKey-12x12-custom-diff0.8569142875744653": {
        "meanRet": 0.9294306612014771,
        "maxRet": 0.9751824736595154,
        "minRet": 0.8919708132743835
    }
}