{
    "model": "Di_Rhea1\\epoch_1_curric2_gen1",
    "MiniGrid-DoorKey-5x5-custom-diff0": {
        "meanRet": 0.9060727303678339,
        "maxRet": 0.9639999866485596,
        "minRet": 0.8704000115394592
    },
    "MiniGrid-DoorKey-6x6-custom-diff0": {
        "meanRet": 0.9072500050067902,
        "maxRet": 0.9725000262260437,
        "minRet": 0.8424999713897705
    },
    "MiniGrid-DoorKey-8x8-custom-diff0": {
        "meanRet": 0.8291406273841858,
        "maxRet": 0.9760937690734863,
        "minRet": 0.6385937333106995
    },
    "MiniGrid-DoorKey-16x16-custom-diff0": {
        "meanRet": 0.6291015714406967,
        "maxRet": 0.822460949420929,
        "minRet": 0.34644532203674316
    }
}