{
    "model": "test12x12_100k_3step_4gen_3curric/epoch_30_curric1_gen1",
    "MiniGrid-DoorKey-6x6-custom-diff0.15": {
        "meanRet": 0.9259615448805002,
        "maxRet": 0.9583333134651184,
        "minRet": 0.9041666388511658
    },
    "MiniGrid-DoorKey-8x8-custom-diff0.15": {
        "meanRet": 0.8838333344459534,
        "maxRet": 0.9291666746139526,
        "minRet": 0.8500000238418579
    },
    "MiniGrid-DoorKey-10x10-custom-diff0.15": {
        "meanRet": 0.845,
        "maxRet": 0.9458333253860474,
        "minRet": 0.7875000238418579
    },
    "MiniGrid-DoorKey-12x12-custom-diff0.15": {
        "meanRet": 0.7448717928849734,
        "maxRet": 0.8833333253860474,
        "minRet": 0.6499999761581421
    }
}