{
    "model": "test12x12_100k_4step_3gen_3curric/epoch_1_curric0_gen3",
    "MiniGrid-DoorKey-6x6-custom-diff1.0": {
        "meanRet": 0.9443999934196472,
        "maxRet": 0.9674999713897705,
        "minRet": 0.9150000214576721
    },
    "MiniGrid-DoorKey-8x8-custom-diff1.0": {
        "meanRet": 0.9455499958992004,
        "maxRet": 0.9676562547683716,
        "minRet": 0.9240624904632568
    },
    "MiniGrid-DoorKey-10x10-custom-diff1.0": {
        "meanRet": 0.9479730748213254,
        "maxRet": 0.9675999879837036,
        "minRet": 0.9190000295639038
    },
    "MiniGrid-DoorKey-12x12-custom-diff1.0": {
        "meanRet": 0.9380000019073487,
        "maxRet": 0.9700000286102295,
        "minRet": 0.9100000262260437
    }
}