{
    "model": "test12x12_25k_3step_3gen_3curric/epoch_29_curric0_gen3",
    "MiniGrid-DoorKey-6x6-custom-diff0.7069142875744653": {
        "meanRet": 0.9839292001724244,
        "maxRet": 0.991150438785553,
        "minRet": 0.9787610769271851
    },
    "MiniGrid-DoorKey-8x8-custom-diff0.7069142875744653": {
        "meanRet": 0.9741723978960956,
        "maxRet": 0.9858406782150269,
        "minRet": 0.9628318548202515
    },
    "MiniGrid-DoorKey-10x10-custom-diff0.7069142875744653": {
        "meanRet": 0.9579469037055969,
        "maxRet": 0.9752212166786194,
        "minRet": 0.9415929317474365
    },
    "MiniGrid-DoorKey-12x12-custom-diff0.7069142875744653": {
        "meanRet": 0.9424098019416516,
        "maxRet": 0.9716814160346985,
        "minRet": 0.904424786567688
    }
}