{
    "model": "test12x12_100k_3step_3gen_3curric/epoch_33_curric1_gen2",
    "MiniGrid-DoorKey-6x6-custom-diff0.15": {
        "meanRet": 0.911833336353302,
        "maxRet": 0.9458333253860474,
        "minRet": 0.8791666626930237
    },
    "MiniGrid-DoorKey-8x8-custom-diff0.15": {
        "meanRet": 0.8570987692585698,
        "maxRet": 0.925000011920929,
        "minRet": 0.7833333611488342
    },
    "MiniGrid-DoorKey-10x10-custom-diff0.15": {
        "meanRet": 0.7919871852948115,
        "maxRet": 0.9458333253860474,
        "minRet": 0.6458333134651184
    },
    "MiniGrid-DoorKey-12x12-custom-diff0.15": {
        "meanRet": 0.6510000014305115,
        "maxRet": 0.862500011920929,
        "minRet": 0.375
    }
}