{
    "model": "DO_11_05_RHEA_PARA_ENV_1\\epoch_1_curric2_gen2",
    "MiniGrid-DoorKey-5x5-custom-diff0": {
        "meanRet": 0.9593199849128723,
        "maxRet": 0.9675999879837036,
        "minRet": 0.9531999826431274
    },
    "MiniGrid-DoorKey-6x6-custom-diff0": {
        "meanRet": 0.9622727253220298,
        "maxRet": 0.9750000238418579,
        "minRet": 0.9524999856948853
    },
    "MiniGrid-DoorKey-8x8-custom-diff0": {
        "meanRet": 0.9502187550067902,
        "maxRet": 0.9690625071525574,
        "minRet": 0.9381250143051147
    },
    "MiniGrid-DoorKey-16x16-custom-diff0": {
        "meanRet": 0.8406718730926513,
        "maxRet": 0.9300390481948853,
        "minRet": 0.7240234613418579
    }
}