{
    "model": "test12x12_25k_3step_3gen_3curric/epoch_47_curric2_gen3",
    "MiniGrid-DoorKey-6x6-custom-diff0.2569142875744653": {
        "meanRet": 0.9546904174181131,
        "maxRet": 0.9707317352294922,
        "minRet": 0.9414634108543396
    },
    "MiniGrid-DoorKey-8x8-custom-diff0.2569142875744653": {
        "meanRet": 0.9277073264122009,
        "maxRet": 0.9609755873680115,
        "minRet": 0.9073171019554138
    },
    "MiniGrid-DoorKey-10x10-custom-diff0.2569142875744653": {
        "meanRet": 0.8914634241507604,
        "maxRet": 0.9463414549827576,
        "minRet": 0.8439024686813354
    },
    "MiniGrid-DoorKey-12x12-custom-diff0.2569142875744653": {
        "meanRet": 0.7904390239715576,
        "maxRet": 0.9195122122764587,
        "minRet": 0.6951219439506531
    }
}