{
    "model": "Rhea_mi1\\epoch_5_curric0_gen1",
    "MiniGrid-DoorKey-5x5-custom": {
        "meanRet": 0.9018182050098072,
        "maxRet": 0.9190000295639038,
        "minRet": 0.8830000162124634
    },
    "MiniGrid-DoorKey-6x6-custom": {
        "meanRet": 0.8946181860837069,
        "maxRet": 0.920799970626831,
        "minRet": 0.8704000115394592
    },
    "MiniGrid-DoorKey-8x8-custom": {
        "meanRet": 0.8870500028133392,
        "maxRet": 0.9190000295639038,
        "minRet": 0.8740000128746033
    },
    "MiniGrid-DoorKey-16x16-custom": {
        "meanRet": 0.4909000024199486,
        "maxRet": 0.7450000047683716,
        "minRet": 0.1420000046491623
    }
}