{
    "model": "test12x12_100k_4step_3gen_3curric/epoch_13_curric1_gen3",
    "MiniGrid-DoorKey-6x6-custom-diff0.5844064999999999": {
        "meanRet": 0.9790328961831553,
        "maxRet": 0.9882283210754395,
        "minRet": 0.9711058139801025
    },
    "MiniGrid-DoorKey-8x8-custom-diff0.5844064999999999": {
        "meanRet": 0.9671248531341553,
        "maxRet": 0.9882283210754395,
        "minRet": 0.9507728815078735
    },
    "MiniGrid-DoorKey-10x10-custom-diff0.5844064999999999": {
        "meanRet": 0.9428109455108643,
        "maxRet": 0.9668251872062683,
        "minRet": 0.9133175015449524
    },
    "MiniGrid-DoorKey-12x12-custom-diff0.5844064999999999": {
        "meanRet": 0.9047562384605408,
        "maxRet": 0.9636147618293762,
        "minRet": 0.8576694130897522
    }
}