{
    "model": "test12x12_25k_3step_3gen_3curric/epoch_7_curric2_gen3",
    "MiniGrid-DoorKey-6x6-custom-diff1": {
        "meanRet": 0.9797250032424927,
        "maxRet": 0.9893749952316284,
        "minRet": 0.965624988079071
    },
    "MiniGrid-DoorKey-8x8-custom-diff1": {
        "meanRet": 0.940349998474121,
        "maxRet": 0.9800000190734863,
        "minRet": 0.893750011920929
    },
    "MiniGrid-DoorKey-10x10-custom-diff1": {
        "meanRet": 0.879075002670288,
        "maxRet": 0.9806249737739563,
        "minRet": 0.7068750262260437
    },
    "MiniGrid-DoorKey-12x12-custom-diff1": {
        "meanRet": 0.6185999989509583,
        "maxRet": 0.9081249833106995,
        "minRet": 0.22812500596046448
    }
}