{
    "model": "test12x12_100k_4step_3gen_3curric/epoch_15_curric2_gen3",
    "MiniGrid-DoorKey-6x6-custom-diff0.48200750000000003": {
        "meanRet": 0.2513162252994684,
        "maxRet": 0.9649856090545654,
        "minRet": 0.0
    },
    "MiniGrid-DoorKey-8x8-custom-diff0.48200750000000003": {
        "meanRet": 0.047319285571575165,
        "maxRet": 0.6368876099586487,
        "minRet": 0.0
    },
    "MiniGrid-DoorKey-10x10-custom-diff0.48200750000000003": {
        "meanRet": 0.0,
        "maxRet": 0.0,
        "minRet": 0.0
    },
    "MiniGrid-DoorKey-12x12-custom-diff0.48200750000000003": {
        "meanRet": 0.0,
        "maxRet": 0.0,
        "minRet": 0.0
    }
}