{
    "model": "test12x12_75k_3step_3gen_3curric/epoch_10_curric1_gen1",
    "MiniGrid-DoorKey-6x6-custom-diff0.9315023600555896": {
        "meanRet": 0.9866029849419227,
        "maxRet": 0.9932885766029358,
        "minRet": 0.982550323009491
    },
    "MiniGrid-DoorKey-8x8-custom-diff0.9315023600555896": {
        "meanRet": 0.9808053708076477,
        "maxRet": 0.9872483015060425,
        "minRet": 0.9751678109169006
    },
    "MiniGrid-DoorKey-10x10-custom-diff0.9315023600555896": {
        "meanRet": 0.9725637602806091,
        "maxRet": 0.9859060645103455,
        "minRet": 0.9610738158226013
    },
    "MiniGrid-DoorKey-12x12-custom-diff0.9315023600555896": {
        "meanRet": 0.9542281913757324,
        "maxRet": 0.9812080264091492,
        "minRet": 0.937583863735199
    }
}