{
    "model": "Di_Rhea1\\epoch_1_curric2_gen2",
    "MiniGrid-DoorKey-5x5-custom-diff0": {
        "meanRet": 0.952872709794478,
        "maxRet": 0.9639999866485596,
        "minRet": 0.9387999773025513
    },
    "MiniGrid-DoorKey-6x6-custom-diff0": {
        "meanRet": 0.9540908932685852,
        "maxRet": 0.9674999713897705,
        "minRet": 0.9449999928474426
    },
    "MiniGrid-DoorKey-8x8-custom-diff0": {
        "meanRet": 0.9554218649864197,
        "maxRet": 0.9690625071525574,
        "minRet": 0.9437500238418579
    },
    "MiniGrid-DoorKey-16x16-custom-diff0": {
        "meanRet": 0.927789056301117,
        "maxRet": 0.9778515696525574,
        "minRet": 0.9026172161102295
    }
}