{
    "model": "test12x12_100k_3step_3gen_3curric/epoch_2_curric0_gen3",
    "MiniGrid-DoorKey-6x6-custom-diff1": {
        "meanRet": 0.9869999957084655,
        "maxRet": 0.9918749928474426,
        "minRet": 0.9818750023841858
    },
    "MiniGrid-DoorKey-8x8-custom-diff1": {
        "meanRet": 0.9793249988555908,
        "maxRet": 0.987500011920929,
        "minRet": 0.9637500047683716
    },
    "MiniGrid-DoorKey-10x10-custom-diff1": {
        "meanRet": 0.9617999982833862,
        "maxRet": 0.9818750023841858,
        "minRet": 0.940625011920929
    },
    "MiniGrid-DoorKey-12x12-custom-diff1": {
        "meanRet": 0.9316750001907349,
        "maxRet": 0.9762499928474426,
        "minRet": 0.8912500143051147
    }
}