{
    "model": "new_25k_7step_4gen_3curric/epoch_2_curric0_gen4",
    "MiniGrid-DoorKey-6x6-custom-diff1": {
        "meanRet": 0.8581490447888007,
        "maxRet": 0.984375,
        "minRet": 0.65625
    },
    "MiniGrid-DoorKey-8x8-custom-diff1": {
        "meanRet": 0.13884999960660935,
        "maxRet": 0.7774999737739563,
        "minRet": 0.0
    },
    "MiniGrid-DoorKey-10x10-custom-diff1": {
        "meanRet": 0.03843749966472387,
        "maxRet": 0.6949999928474426,
        "minRet": 0.0
    },
    "MiniGrid-DoorKey-12x12-custom-diff1": {
        "meanRet": 0.021536458283662796,
        "maxRet": 0.6399999856948853,
        "minRet": 0.0
    }
}