{
    "model": "test12x12_100k_3step_4gen_3curric/epoch_30_curric1_gen2",
    "MiniGrid-DoorKey-6x6-custom-diff0.15": {
        "meanRet": 0.9270000100135803,
        "maxRet": 0.949999988079071,
        "minRet": 0.9083333611488342
    },
    "MiniGrid-DoorKey-8x8-custom-diff0.15": {
        "meanRet": 0.8823333382606506,
        "maxRet": 0.9375,
        "minRet": 0.8500000238418579
    },
    "MiniGrid-DoorKey-10x10-custom-diff0.15": {
        "meanRet": 0.8274999952316284,
        "maxRet": 0.9416666626930237,
        "minRet": 0.7583333253860474
    },
    "MiniGrid-DoorKey-12x12-custom-diff0.15": {
        "meanRet": 0.7206666684150695,
        "maxRet": 0.8791666626930237,
        "minRet": 0.6083333492279053
    }
}