{
    "model": "test12x12_100k_4step_3gen_3curric/epoch_23_curric1_gen1",
    "MiniGrid-DoorKey-6x6-custom-diff0.15": {
        "meanRet": 0.16225490222374597,
        "maxRet": 0.8166666626930237,
        "minRet": 0.0
    },
    "MiniGrid-DoorKey-8x8-custom-diff0.15": {
        "meanRet": 0.03333333377935448,
        "maxRet": 0.7250000238418579,
        "minRet": 0.0
    },
    "MiniGrid-DoorKey-10x10-custom-diff0.15": {
        "meanRet": 0.0,
        "maxRet": 0.0,
        "minRet": 0.0
    },
    "MiniGrid-DoorKey-12x12-custom-diff0.15": {
        "meanRet": 0.0,
        "maxRet": 0.0,
        "minRet": 0.0
    }
}