{
    "model": "test12x12_100k_3step_3gen_3curric/epoch_47_curric2_gen1",
    "MiniGrid-DoorKey-6x6-custom-diff0.15": {
        "meanRet": 0.8956666684150696,
        "maxRet": 0.9416666626930237,
        "minRet": 0.8458333611488342
    },
    "MiniGrid-DoorKey-8x8-custom-diff0.15": {
        "meanRet": 0.8474358985057244,
        "maxRet": 0.9208333492279053,
        "minRet": 0.7791666388511658
    },
    "MiniGrid-DoorKey-10x10-custom-diff0.15": {
        "meanRet": 0.7901666641235352,
        "maxRet": 0.9291666746139526,
        "minRet": 0.6541666388511658
    },
    "MiniGrid-DoorKey-12x12-custom-diff0.15": {
        "meanRet": 0.6728333353996276,
        "maxRet": 0.8458333611488342,
        "minRet": 0.44583332538604736
    }
}