{
    "model": "test12x12_100k_3step_3gen_3curric/epoch_40_curric0_gen2",
    "MiniGrid-DoorKey-6x6-custom-diff0.15": {
        "meanRet": 0.9094999957084656,
        "maxRet": 0.9541666507720947,
        "minRet": 0.8666666746139526
    },
    "MiniGrid-DoorKey-8x8-custom-diff0.15": {
        "meanRet": 0.8625,
        "maxRet": 0.9375,
        "minRet": 0.8166666626930237
    },
    "MiniGrid-DoorKey-10x10-custom-diff0.15": {
        "meanRet": 0.825,
        "maxRet": 0.9458333253860474,
        "minRet": 0.699999988079071
    },
    "MiniGrid-DoorKey-12x12-custom-diff0.15": {
        "meanRet": 0.6913333368301392,
        "maxRet": 0.8791666626930237,
        "minRet": 0.5333333611488342
    }
}