{
    "model": "test12x12_150k_3step_3gen_3curric/epoch_32_curric1_gen1",
    "MiniGrid-DoorKey-6x6-custom-diff0.15": {
        "meanRet": 0.9163580271932814,
        "maxRet": 0.949999988079071,
        "minRet": 0.887499988079071
    },
    "MiniGrid-DoorKey-8x8-custom-diff0.15": {
        "meanRet": 0.8711309518132891,
        "maxRet": 0.9375,
        "minRet": 0.8208333253860474
    },
    "MiniGrid-DoorKey-10x10-custom-diff0.15": {
        "meanRet": 0.8141666674613952,
        "maxRet": 0.9125000238418579,
        "minRet": 0.7458333373069763
    },
    "MiniGrid-DoorKey-12x12-custom-diff0.15": {
        "meanRet": 0.6880000019073487,
        "maxRet": 0.8541666865348816,
        "minRet": 0.5458333492279053
    }
}