{
    "model": "test12x12_100k_3step_3gen_3curric/epoch_31_curric0_gen1",
    "MiniGrid-DoorKey-6x6-custom-diff0.15": {
        "meanRet": 0.9153333306312561,
        "maxRet": 0.949999988079071,
        "minRet": 0.8916666507720947
    },
    "MiniGrid-DoorKey-8x8-custom-diff0.15": {
        "meanRet": 0.865705125606977,
        "maxRet": 0.925000011920929,
        "minRet": 0.8041666746139526
    },
    "MiniGrid-DoorKey-10x10-custom-diff0.15": {
        "meanRet": 0.8216666650772094,
        "maxRet": 0.9041666388511658,
        "minRet": 0.7208333611488342
    },
    "MiniGrid-DoorKey-12x12-custom-diff0.15": {
        "meanRet": 0.7411666655540466,
        "maxRet": 0.8666666746139526,
        "minRet": 0.5916666388511658
    }
}