{
    "model": "Mo_Rhea1\\epoch_2_curric0_gen3",
    "MiniGrid-DoorKey-5x5-custom-diff2": {
        "meanRet": 0.6686813143583444,
        "maxRet": 0.7107142806053162,
        "minRet": 0.6464285850524902
    },
    "MiniGrid-DoorKey-6x6-custom-diff2": {
        "meanRet": 0.6931818127632141,
        "maxRet": 0.7749999761581421,
        "minRet": 0.6399999856948853
    },
    "MiniGrid-DoorKey-8x8-custom-diff2": {
        "meanRet": 0.6477142930030823,
        "maxRet": 0.7171428799629211,
        "minRet": 0.5628571510314941
    },
    "MiniGrid-DoorKey-16x16-custom-diff2": {
        "meanRet": 0.03364361776039004,
        "maxRet": 0.3776595890522003,
        "minRet": 0.0
    }
}