{
    "model": "test12x12_25k_3step_3gen_3curric/epoch_36_curric1_gen2",
    "MiniGrid-DoorKey-6x6-custom-diff0.5319142875744653": {
        "meanRet": 0.9770168023450034,
        "maxRet": 0.9858823418617249,
        "minRet": 0.970588207244873
    },
    "MiniGrid-DoorKey-8x8-custom-diff0.5319142875744653": {
        "meanRet": 0.9650678772192735,
        "maxRet": 0.9788235425949097,
        "minRet": 0.9541176557540894
    },
    "MiniGrid-DoorKey-10x10-custom-diff0.5319142875744653": {
        "meanRet": 0.9473411798477173,
        "maxRet": 0.9694117903709412,
        "minRet": 0.9270588159561157
    },
    "MiniGrid-DoorKey-12x12-custom-diff0.5319142875744653": {
        "meanRet": 0.923199999332428,
        "maxRet": 0.9564706087112427,
        "minRet": 0.8764705657958984
    }
}