{
    "model": "test12x12_100k_4step_3gen_3curric/epoch_11_curric0_gen1",
    "MiniGrid-DoorKey-6x6-custom-diff0.6868055": {
        "meanRet": 0.9812078233118411,
        "maxRet": 0.9890688061714172,
        "minRet": 0.9744939208030701
    },
    "MiniGrid-DoorKey-8x8-custom-diff0.6868055": {
        "meanRet": 0.9730364394187927,
        "maxRet": 0.9863360524177551,
        "minRet": 0.9626518487930298
    },
    "MiniGrid-DoorKey-10x10-custom-diff0.6868055": {
        "meanRet": 0.952886643409729,
        "maxRet": 0.977226734161377,
        "minRet": 0.9325910806655884
    },
    "MiniGrid-DoorKey-12x12-custom-diff0.6868055": {
        "meanRet": 0.9318623447418213,
        "maxRet": 0.9717611074447632,
        "minRet": 0.8943319916725159
    }
}