{
    "model": "test12x12_50k_3step_3gen_3curric/epoch_22_curric2_gen3",
    "MiniGrid-DoorKey-6x6-custom-diff0.7010602224432589": {
        "meanRet": 0.9840515375137329,
        "maxRet": 0.9892963171005249,
        "minRet": 0.9803766012191772
    },
    "MiniGrid-DoorKey-8x8-custom-diff0.7010602224432589": {
        "meanRet": 0.9759167501559625,
        "maxRet": 0.9866204261779785,
        "minRet": 0.9669970273971558
    },
    "MiniGrid-DoorKey-10x10-custom-diff0.7010602224432589": {
        "meanRet": 0.968995041847229,
        "maxRet": 0.9830525517463684,
        "minRet": 0.9580773115158081
    },
    "MiniGrid-DoorKey-12x12-custom-diff0.7010602224432589": {
        "meanRet": 0.9439772848899548,
        "maxRet": 0.9652130603790283,
        "minRet": 0.928642213344574
    }
}