{
    "model": "test12x12_25k_3step_3gen_3curric/epoch_47_curric1_gen1",
    "MiniGrid-DoorKey-6x6-custom-diff0.2569142875744653": {
        "meanRet": 0.9532682800292969,
        "maxRet": 0.9707317352294922,
        "minRet": 0.9390243887901306
    },
    "MiniGrid-DoorKey-8x8-custom-diff0.2569142875744653": {
        "meanRet": 0.9286829328536987,
        "maxRet": 0.9560975432395935,
        "minRet": 0.9048780202865601
    },
    "MiniGrid-DoorKey-10x10-custom-diff0.2569142875744653": {
        "meanRet": 0.9034709196824294,
        "maxRet": 0.9487804770469666,
        "minRet": 0.8731707334518433
    },
    "MiniGrid-DoorKey-12x12-custom-diff0.2569142875744653": {
        "meanRet": 0.8509380863263056,
        "maxRet": 0.9097561240196228,
        "minRet": 0.792682945728302
    }
}