{
    "model": "test12x12_100k_3step_4gen_3curric/epoch_14_curric0_gen3",
    "MiniGrid-DoorKey-6x6-custom-diff0.79467792277423": {
        "meanRet": 0.9858694214087266,
        "maxRet": 0.990559458732605,
        "minRet": 0.9819055795669556
    },
    "MiniGrid-DoorKey-8x8-custom-diff0.79467792277423": {
        "meanRet": 0.9766818189620972,
        "maxRet": 0.9881992936134338,
        "minRet": 0.9693182110786438
    },
    "MiniGrid-DoorKey-10x10-custom-diff0.79467792277423": {
        "meanRet": 0.9670488146635202,
        "maxRet": 0.992132842540741,
        "minRet": 0.9551573395729065
    },
    "MiniGrid-DoorKey-12x12-custom-diff0.79467792277423": {
        "meanRet": 0.9460944080352783,
        "maxRet": 0.9779720306396484,
        "minRet": 0.9213286638259888
    }
}