{
    "model": "Rhea_Fr2\\epoch_3_curric2_gen3",
    "MiniGrid-DoorKey-5x5-custom-diff2": {
        "meanRet": 0.6727272705598311,
        "maxRet": 0.7428571581840515,
        "minRet": 0.6142857074737549
    },
    "MiniGrid-DoorKey-6x6-custom-diff2": {
        "meanRet": 0.66700000166893,
        "maxRet": 0.7300000190734863,
        "minRet": 0.6175000071525574
    },
    "MiniGrid-DoorKey-8x8-custom-diff2": {
        "meanRet": 0.5266233791004528,
        "maxRet": 0.704285740852356,
        "minRet": 0.40857142210006714
    },
    "MiniGrid-DoorKey-16x16-custom-diff2": {
        "meanRet": 0.07247340399771929,
        "maxRet": 0.757446825504303,
        "minRet": 0.0
    }
}