{
    "model": "test12x12_25k_3step_3gen_3curric/epoch_14_curric2_gen1",
    "MiniGrid-DoorKey-6x6-custom-diff1": {
        "meanRet": 0.9863500022888183,
        "maxRet": 0.9912499785423279,
        "minRet": 0.9825000166893005
    },
    "MiniGrid-DoorKey-8x8-custom-diff1": {
        "meanRet": 0.9790144218848302,
        "maxRet": 0.9868749976158142,
        "minRet": 0.9725000262260437
    },
    "MiniGrid-DoorKey-10x10-custom-diff1": {
        "meanRet": 0.9702249979972839,
        "maxRet": 0.9831249713897705,
        "minRet": 0.9518749713897705
    },
    "MiniGrid-DoorKey-12x12-custom-diff1": {
        "meanRet": 0.9388000035285949,
        "maxRet": 0.9775000214576721,
        "minRet": 0.9068750143051147
    }
}