{
    "model": "test12x12_25k_3step_3gen_3curric/epoch_16_curric0_gen2",
    "MiniGrid-DoorKey-6x6-custom-diff1": {
        "meanRet": 0.9873000025749207,
        "maxRet": 0.9925000071525574,
        "minRet": 0.9837499856948853
    },
    "MiniGrid-DoorKey-8x8-custom-diff1": {
        "meanRet": 0.981225004196167,
        "maxRet": 0.987500011920929,
        "minRet": 0.9762499928474426
    },
    "MiniGrid-DoorKey-10x10-custom-diff1": {
        "meanRet": 0.9714750027656556,
        "maxRet": 0.9850000143051147,
        "minRet": 0.9606249928474426
    },
    "MiniGrid-DoorKey-12x12-custom-diff1": {
        "meanRet": 0.953125,
        "maxRet": 0.9787499904632568,
        "minRet": 0.9287499785423279
    }
}