{
    "model": "test12x12_50k_3step_3gen_3curric/epoch_28_curric1_gen2",
    "MiniGrid-DoorKey-6x6-custom-diff0.5510602224432588": {
        "meanRet": 0.9773467803001403,
        "maxRet": 0.9863808155059814,
        "minRet": 0.9716267585754395
    },
    "MiniGrid-DoorKey-8x8-custom-diff0.5510602224432588": {
        "meanRet": 0.968630530834198,
        "maxRet": 0.9795712232589722,
        "minRet": 0.9591425061225891
    },
    "MiniGrid-DoorKey-10x10-custom-diff0.5510602224432588": {
        "meanRet": 0.9496544742584229,
        "maxRet": 0.978436291217804,
        "minRet": 0.9273644685745239
    },
    "MiniGrid-DoorKey-12x12-custom-diff0.5510602224432588": {
        "meanRet": 0.9229155111312867,
        "maxRet": 0.9580075740814209,
        "minRet": 0.8808322548866272
    }
}