{
    "model": "test12x12_50k_3step_3gen_3curric/epoch_45_curric2_gen3",
    "MiniGrid-DoorKey-6x6-custom-diff0.15": {
        "meanRet": 0.9225000095367432,
        "maxRet": 0.949999988079071,
        "minRet": 0.9041666388511658
    },
    "MiniGrid-DoorKey-8x8-custom-diff0.15": {
        "meanRet": 0.8741987255903391,
        "maxRet": 0.9333333373069763,
        "minRet": 0.8291666507720947
    },
    "MiniGrid-DoorKey-10x10-custom-diff0.15": {
        "meanRet": 0.8318333387374878,
        "maxRet": 0.9291666746139526,
        "minRet": 0.7541666626930237
    },
    "MiniGrid-DoorKey-12x12-custom-diff0.15": {
        "meanRet": 0.7356666612625122,
        "maxRet": 0.862500011920929,
        "minRet": 0.5916666388511658
    }
}