{
    "model": "SO_RHEA_2PARA_5GEN_14May\\epoch_9_curric0_gen4",
    "MiniGrid-DoorKey-5x5-custom-diff2": {
        "meanRet": 0.7026785612106323,
        "maxRet": 0.7428571581840515,
        "minRet": 0.6785714030265808
    },
    "MiniGrid-DoorKey-6x6-custom-diff2": {
        "meanRet": 0.6833928525447845,
        "maxRet": 0.8199999928474426,
        "minRet": 0.6175000071525574
    },
    "MiniGrid-DoorKey-8x8-custom-diff2": {
        "meanRet": 0.6785714301196012,
        "maxRet": 0.7557142972946167,
        "minRet": 0.6142857074737549
    },
    "MiniGrid-DoorKey-16x16-custom-diff2": {
        "meanRet": 0.4861702173948288,
        "maxRet": 0.7893617153167725,
        "minRet": 0.19893616437911987
    }
}