{
    "model": "test12x12_25k_3step_3gen_3curric/epoch_30_curric1_gen1",
    "MiniGrid-DoorKey-6x6-custom-diff0.6819142875744653": {
        "meanRet": 0.9820748017384455,
        "maxRet": 0.988990843296051,
        "minRet": 0.9761468172073364
    },
    "MiniGrid-DoorKey-8x8-custom-diff0.6819142875744653": {
        "meanRet": 0.9753761410713195,
        "maxRet": 0.984403669834137,
        "minRet": 0.9660550355911255
    },
    "MiniGrid-DoorKey-10x10-custom-diff0.6819142875744653": {
        "meanRet": 0.9619449543952941,
        "maxRet": 0.973394513130188,
        "minRet": 0.9504587054252625
    },
    "MiniGrid-DoorKey-12x12-custom-diff0.6819142875744653": {
        "meanRet": 0.9362201857566833,
        "maxRet": 0.9715596437454224,
        "minRet": 0.9110091924667358
    }
}