{
    "model": "test12x12_100k_3step_4gen_3curric/epoch_20_curric0_gen1",
    "MiniGrid-DoorKey-6x6-custom-diff0.64467792277423": {
        "meanRet": 0.9818157404661179,
        "maxRet": 0.9883620738983154,
        "minRet": 0.9767241477966309
    },
    "MiniGrid-DoorKey-8x8-custom-diff0.64467792277423": {
        "meanRet": 0.9714647004237542,
        "maxRet": 0.9854525923728943,
        "minRet": 0.9631465673446655
    },
    "MiniGrid-DoorKey-10x10-custom-diff0.64467792277423": {
        "meanRet": 0.9605474305152893,
        "maxRet": 0.9786638021469116,
        "minRet": 0.9408405423164368
    },
    "MiniGrid-DoorKey-12x12-custom-diff0.64467792277423": {
        "meanRet": 0.9349051737785339,
        "maxRet": 0.9689655303955078,
        "minRet": 0.9068965315818787
    }
}