{
    "model": "test12x12_75k_3step_3gen_3curric/epoch_32_curric1_gen2",
    "MiniGrid-DoorKey-6x6-custom-diff0.15": {
        "meanRet": 0.911378202530054,
        "maxRet": 0.949999988079071,
        "minRet": 0.887499988079071
    },
    "MiniGrid-DoorKey-8x8-custom-diff0.15": {
        "meanRet": 0.8663333296775818,
        "maxRet": 0.9375,
        "minRet": 0.8166666626930237
    },
    "MiniGrid-DoorKey-10x10-custom-diff0.15": {
        "meanRet": 0.7611666679382324,
        "maxRet": 0.9375,
        "minRet": 0.6499999761581421
    },
    "MiniGrid-DoorKey-12x12-custom-diff0.15": {
        "meanRet": 0.6218333268165588,
        "maxRet": 0.8374999761581421,
        "minRet": 0.4124999940395355
    }
}