{
    "model": "test12x12_50k_3step_3gen_3curric/epoch_39_curric2_gen3",
    "MiniGrid-DoorKey-6x6-custom-diff0.2760602224432589": {
        "meanRet": 0.9505457480748495,
        "maxRet": 0.9705289602279663,
        "minRet": 0.9319899082183838
    },
    "MiniGrid-DoorKey-8x8-custom-diff0.2760602224432589": {
        "meanRet": 0.9328967094421386,
        "maxRet": 0.9637279510498047,
        "minRet": 0.9070528745651245
    },
    "MiniGrid-DoorKey-10x10-custom-diff0.2760602224432589": {
        "meanRet": 0.9008866286277771,
        "maxRet": 0.945591926574707,
        "minRet": 0.8730478882789612
    },
    "MiniGrid-DoorKey-12x12-custom-diff0.2760602224432589": {
        "meanRet": 0.859445858001709,
        "maxRet": 0.9115868806838989,
        "minRet": 0.8186398148536682
    }
}