{
    "model": "test12x12_75k_3step_3gen_3curric/epoch_17_curric0_gen3",
    "MiniGrid-DoorKey-6x6-custom-diff0.7315023600555897": {
        "meanRet": 0.9839250307816726,
        "maxRet": 0.9897435903549194,
        "minRet": 0.9794871807098389
    },
    "MiniGrid-DoorKey-8x8-custom-diff0.7315023600555897": {
        "meanRet": 0.9751479144279773,
        "maxRet": 0.9854700565338135,
        "minRet": 0.9675213694572449
    },
    "MiniGrid-DoorKey-10x10-custom-diff0.7315023600555897": {
        "meanRet": 0.9629401564598083,
        "maxRet": 0.9811965823173523,
        "minRet": 0.952136754989624
    },
    "MiniGrid-DoorKey-12x12-custom-diff0.7315023600555897": {
        "meanRet": 0.9464615297317505,
        "maxRet": 0.9769230484962463,
        "minRet": 0.9230769276618958
    }
}