{
    "model": "test12x12_25k_3step_3gen_3curric/epoch_36_curric1_gen2",
    "MiniGrid-DoorKey-6x6-custom-diff0.5319142875744653": {
        "meanRet": 0.9785882306098937,
        "maxRet": 0.9858823418617249,
        "minRet": 0.9729411602020264
    },
    "MiniGrid-DoorKey-8x8-custom-diff0.5319142875744653": {
        "meanRet": 0.9672941112518311,
        "maxRet": 0.9835293889045715,
        "minRet": 0.9599999785423279
    },
    "MiniGrid-DoorKey-10x10-custom-diff0.5319142875744653": {
        "meanRet": 0.948564703464508,
        "maxRet": 0.9752941131591797,
        "minRet": 0.9341176748275757
    },
    "MiniGrid-DoorKey-12x12-custom-diff0.5319142875744653": {
        "meanRet": 0.9160470581054687,
        "maxRet": 0.9541176557540894,
        "minRet": 0.8858823776245117
    }
}