{
    "model": "test12x12_100k_4step_3gen_3curric/epoch_21_curric1_gen3",
    "MiniGrid-DoorKey-6x6-custom-diff0.1748105000000001": {
        "meanRet": 0.9160956168174743,
        "maxRet": 0.9569721221923828,
        "minRet": 0.8816733360290527
    },
    "MiniGrid-DoorKey-8x8-custom-diff0.1748105000000001": {
        "meanRet": 0.8667569732666016,
        "maxRet": 0.9426294565200806,
        "minRet": 0.7669322490692139
    },
    "MiniGrid-DoorKey-10x10-custom-diff0.1748105000000001": {
        "meanRet": 0.5479203224182129,
        "maxRet": 0.8888446092605591,
        "minRet": 0.3187251091003418
    },
    "MiniGrid-DoorKey-12x12-custom-diff0.1748105000000001": {
        "meanRet": 0.12837815408905348,
        "maxRet": 0.7956175208091736,
        "minRet": 0.0
    }
}