{
    "model": "DO_11_05_RHEA_PARA_ENV_1\\epoch_3_curric2_gen1",
    "MiniGrid-DoorKey-5x5-custom-diff2": {
        "meanRet": 0.6142857074737549,
        "maxRet": 0.7107142806053162,
        "minRet": 0.550000011920929
    },
    "MiniGrid-DoorKey-6x6-custom-diff2": {
        "meanRet": 0.6420454599640586,
        "maxRet": 0.6850000023841858,
        "minRet": 0.5950000286102295
    },
    "MiniGrid-DoorKey-8x8-custom-diff2": {
        "meanRet": 0.6318181861530651,
        "maxRet": 0.7814285755157471,
        "minRet": 0.4985714256763458
    },
    "MiniGrid-DoorKey-16x16-custom-diff2": {
        "meanRet": 0.021609042771160603,
        "maxRet": 0.3776595890522003,
        "minRet": 0.0
    }
}