{
    "model": "test12x12_25k_3step_3gen_3curric/epoch_25_curric1_gen3",
    "MiniGrid-DoorKey-6x6-custom-diff0.8069142875744653": {
        "meanRet": 0.9849433509203104,
        "maxRet": 0.9906976819038391,
        "minRet": 0.9806201457977295
    },
    "MiniGrid-DoorKey-8x8-custom-diff0.8069142875744653": {
        "meanRet": 0.9768682193756103,
        "maxRet": 0.987596869468689,
        "minRet": 0.9697674512863159
    },
    "MiniGrid-DoorKey-10x10-custom-diff0.8069142875744653": {
        "meanRet": 0.9630697679519653,
        "maxRet": 0.9790697693824768,
        "minRet": 0.9519379734992981
    },
    "MiniGrid-DoorKey-12x12-custom-diff0.8069142875744653": {
        "meanRet": 0.9469147276878357,
        "maxRet": 0.974418580532074,
        "minRet": 0.9232558012008667
    }
}