{
    "model": "test12x12_150k_3step_3gen_3curric/epoch_1_curric0_gen1",
    "MiniGrid-DoorKey-6x6-custom-diff1.0": {
        "meanRet": 0.9520370320037559,
        "maxRet": 0.9750000238418579,
        "minRet": 0.9350000023841858
    },
    "MiniGrid-DoorKey-8x8-custom-diff1.0": {
        "meanRet": 0.9282250022888183,
        "maxRet": 0.9789062738418579,
        "minRet": 0.887499988079071
    },
    "MiniGrid-DoorKey-10x10-custom-diff1.0": {
        "meanRet": 0.8864559960365296,
        "maxRet": 0.9639999866485596,
        "minRet": 0.8073999881744385
    },
    "MiniGrid-DoorKey-12x12-custom-diff1.0": {
        "meanRet": 0.7575,
        "maxRet": 0.9024999737739563,
        "minRet": 0.5381249785423279
    }
}