{
    "model": "test12x12_100k_3step_4gen_3curric/epoch_27_curric1_gen3",
    "MiniGrid-DoorKey-6x6-custom-diff0.15": {
        "meanRet": 0.9197530900990522,
        "maxRet": 0.9583333134651184,
        "minRet": 0.8999999761581421
    },
    "MiniGrid-DoorKey-8x8-custom-diff0.15": {
        "meanRet": 0.879333336353302,
        "maxRet": 0.9333333373069763,
        "minRet": 0.8541666865348816
    },
    "MiniGrid-DoorKey-10x10-custom-diff0.15": {
        "meanRet": 0.82,
        "maxRet": 0.9458333253860474,
        "minRet": 0.75
    },
    "MiniGrid-DoorKey-12x12-custom-diff0.15": {
        "meanRet": 0.6716346167601072,
        "maxRet": 0.875,
        "minRet": 0.5
    }
}