{
    "model": "test12x12_100k_3step_3gen_3curric/epoch_23_curric1_gen3",
    "MiniGrid-DoorKey-6x6-custom-diff0.15": {
        "meanRet": 0.909833333492279,
        "maxRet": 0.9458333253860474,
        "minRet": 0.8708333373069763
    },
    "MiniGrid-DoorKey-8x8-custom-diff0.15": {
        "meanRet": 0.8574999976158142,
        "maxRet": 0.9208333492279053,
        "minRet": 0.800000011920929
    },
    "MiniGrid-DoorKey-10x10-custom-diff0.15": {
        "meanRet": 0.8034999942779542,
        "maxRet": 0.9375,
        "minRet": 0.6916666626930237
    },
    "MiniGrid-DoorKey-12x12-custom-diff0.15": {
        "meanRet": 0.7188333320617676,
        "maxRet": 0.875,
        "minRet": 0.5249999761581421
    }
}