{
    "model": "test12x12_50k_3step_3gen_3curric/epoch_34_curric1_gen2",
    "MiniGrid-DoorKey-6x6-custom-diff0.4010602224432589": {
        "meanRet": 0.9708630895614624,
        "maxRet": 0.9797226786613464,
        "minRet": 0.9610052108764648
    },
    "MiniGrid-DoorKey-8x8-custom-diff0.4010602224432589": {
        "meanRet": 0.950086658000946,
        "maxRet": 0.9719237685203552,
        "minRet": 0.9266898036003113
    },
    "MiniGrid-DoorKey-10x10-custom-diff0.4010602224432589": {
        "meanRet": 0.9277696311473846,
        "maxRet": 0.962565004825592,
        "minRet": 0.8954939246177673
    },
    "MiniGrid-DoorKey-12x12-custom-diff0.4010602224432589": {
        "meanRet": 0.8804359413110293,
        "maxRet": 0.9563258290290833,
        "minRet": 0.8143847584724426
    }
}