{
    "model": "test12x12_75k_3step_3gen_3curric/epoch_16_curric0_gen3",
    "MiniGrid-DoorKey-6x6-custom-diff0.7565023600555896": {
        "meanRet": 0.9831214272058927,
        "maxRet": 0.9892562031745911,
        "minRet": 0.9776859283447266
    },
    "MiniGrid-DoorKey-8x8-custom-diff0.7565023600555896": {
        "meanRet": 0.9754710698127746,
        "maxRet": 0.9867768883705139,
        "minRet": 0.968595027923584
    },
    "MiniGrid-DoorKey-10x10-custom-diff0.7565023600555896": {
        "meanRet": 0.9670743727684021,
        "maxRet": 0.984297513961792,
        "minRet": 0.9504132270812988
    },
    "MiniGrid-DoorKey-12x12-custom-diff0.7565023600555896": {
        "meanRet": 0.9450247979164124,
        "maxRet": 0.9702479243278503,
        "minRet": 0.9223140478134155
    }
}