{
    "model": "test12x12_100k_4step_3gen_3curric/epoch_10_curric2_gen3",
    "MiniGrid-DoorKey-6x6-custom-diff0.8720715046045371": {
        "meanRet": 0.9877227091789246,
        "maxRet": 0.9913944005966187,
        "minRet": 0.9842231273651123
    },
    "MiniGrid-DoorKey-8x8-custom-diff0.8720715046045371": {
        "meanRet": 0.9786868548393249,
        "maxRet": 0.9870916604995728,
        "minRet": 0.973466157913208
    },
    "MiniGrid-DoorKey-10x10-custom-diff0.8720715046045371": {
        "meanRet": 0.9639426255226136,
        "maxRet": 0.9835059642791748,
        "minRet": 0.9526693224906921
    },
    "MiniGrid-DoorKey-12x12-custom-diff0.8720715046045371": {
        "meanRet": 0.9473625469207764,
        "maxRet": 0.9777688980102539,
        "minRet": 0.9125099778175354
    }
}