{
    "model": "test12x12_25k_3step_3gen_3curric/epoch_28_curric1_gen1",
    "MiniGrid-DoorKey-6x6-custom-diff0.7319142875744653": {
        "meanRet": 0.984923062324524,
        "maxRet": 0.9897435903549194,
        "minRet": 0.9803418517112732
    },
    "MiniGrid-DoorKey-8x8-custom-diff0.7319142875744653": {
        "meanRet": 0.9762656023869147,
        "maxRet": 0.9863247871398926,
        "minRet": 0.9709401726722717
    },
    "MiniGrid-DoorKey-10x10-custom-diff0.7319142875744653": {
        "meanRet": 0.9648888754844666,
        "maxRet": 0.9786324501037598,
        "minRet": 0.9529914259910583
    },
    "MiniGrid-DoorKey-12x12-custom-diff0.7319142875744653": {
        "meanRet": 0.9529914402961731,
        "maxRet": 0.9735042452812195,
        "minRet": 0.9307692050933838
    }
}