{
    "model": "test12x12_25k_3step_3gen_3curric/epoch_12_curric2_gen1",
    "MiniGrid-DoorKey-6x6-custom-diff1": {
        "meanRet": 0.9861250019073486,
        "maxRet": 0.9925000071525574,
        "minRet": 0.981249988079071
    },
    "MiniGrid-DoorKey-8x8-custom-diff1": {
        "meanRet": 0.9775892964431218,
        "maxRet": 0.9900000095367432,
        "minRet": 0.9700000286102295
    },
    "MiniGrid-DoorKey-10x10-custom-diff1": {
        "meanRet": 0.9664750003814697,
        "maxRet": 0.9837499856948853,
        "minRet": 0.9524999856948853
    },
    "MiniGrid-DoorKey-12x12-custom-diff1": {
        "meanRet": 0.947740389750554,
        "maxRet": 0.9825000166893005,
        "minRet": 0.9200000166893005
    }
}