{
    "model": "test12x12_100k_3step_3gen_3curric/epoch_45_curric2_gen2",
    "MiniGrid-DoorKey-6x6-custom-diff0.15": {
        "meanRet": 0.9121794861096603,
        "maxRet": 0.9458333253860474,
        "minRet": 0.887499988079071
    },
    "MiniGrid-DoorKey-8x8-custom-diff0.15": {
        "meanRet": 0.8563333320617675,
        "maxRet": 0.9166666865348816,
        "minRet": 0.8041666746139526
    },
    "MiniGrid-DoorKey-10x10-custom-diff0.15": {
        "meanRet": 0.8358333325386047,
        "maxRet": 0.9125000238418579,
        "minRet": 0.7416666746139526
    },
    "MiniGrid-DoorKey-12x12-custom-diff0.15": {
        "meanRet": 0.6834999990463256,
        "maxRet": 0.824999988079071,
        "minRet": 0.5041666626930237
    }
}