{
    "model": "test12x12_100k_4step_3gen_3curric/epoch_10_curric0_gen2",
    "MiniGrid-DoorKey-6x6-custom-diff0.8720715046045371": {
        "meanRet": 0.9536159372329712,
        "maxRet": 0.9899601340293884,
        "minRet": 0.8852589726448059
    },
    "MiniGrid-DoorKey-8x8-custom-diff0.8720715046045371": {
        "meanRet": 0.8312733101844788,
        "maxRet": 0.9519522190093994,
        "minRet": 0.6213545799255371
    },
    "MiniGrid-DoorKey-10x10-custom-diff0.8720715046045371": {
        "meanRet": 0.5856701248884201,
        "maxRet": 0.8558565974235535,
        "minRet": 0.16310757398605347
    },
    "MiniGrid-DoorKey-12x12-custom-diff0.8720715046045371": {
        "meanRet": 0.2056297900585028,
        "maxRet": 0.9218326807022095,
        "minRet": 0.0
    }
}