{
    "model": "test12x12_150k_3step_3gen_3curric/epoch_17_curric0_gen1",
    "MiniGrid-DoorKey-6x6-custom-diff0.6813807381558474": {
        "meanRet": 0.9822629888852438,
        "maxRet": 0.988990843296051,
        "minRet": 0.9779816269874573
    },
    "MiniGrid-DoorKey-8x8-custom-diff0.6813807381558474": {
        "meanRet": 0.9675963282585144,
        "maxRet": 0.984403669834137,
        "minRet": 0.9559633135795593
    },
    "MiniGrid-DoorKey-10x10-custom-diff0.6813807381558474": {
        "meanRet": 0.9430091714859009,
        "maxRet": 0.9788990616798401,
        "minRet": 0.8990825414657593
    },
    "MiniGrid-DoorKey-12x12-custom-diff0.6813807381558474": {
        "meanRet": 0.8958532118797302,
        "maxRet": 0.9788990616798401,
        "minRet": 0.8284403681755066
    }
}