{
    "model": "SO_RHEA_2PARA_5GEN_14May\\epoch_6_curric1_gen5",
    "MiniGrid-DoorKey-5x5-custom-diff0": {
        "meanRet": 0.9549999833106995,
        "maxRet": 0.9639999866485596,
        "minRet": 0.9495999813079834
    },
    "MiniGrid-DoorKey-6x6-custom-diff0": {
        "meanRet": 0.9577272534370422,
        "maxRet": 0.9649999737739563,
        "minRet": 0.9524999856948853
    },
    "MiniGrid-DoorKey-8x8-custom-diff0": {
        "meanRet": 0.96385937333107,
        "maxRet": 0.9775000214576721,
        "minRet": 0.9549999833106995
    },
    "MiniGrid-DoorKey-16x16-custom-diff0": {
        "meanRet": 0.963226568698883,
        "maxRet": 0.9792578220367432,
        "minRet": 0.9423437714576721
    }
}