{
    "model": "test12x12_25k_3step_3gen_3curric/epoch_14_curric1_gen2",
    "MiniGrid-DoorKey-6x6-custom-diff1": {
        "meanRet": 0.9880048128274771,
        "maxRet": 0.9925000071525574,
        "minRet": 0.984375
    },
    "MiniGrid-DoorKey-8x8-custom-diff1": {
        "meanRet": 0.9805133917501995,
        "maxRet": 0.9887499809265137,
        "minRet": 0.9737499952316284
    },
    "MiniGrid-DoorKey-10x10-custom-diff1": {
        "meanRet": 0.9686805539660983,
        "maxRet": 0.9837499856948853,
        "minRet": 0.9543750286102295
    },
    "MiniGrid-DoorKey-12x12-custom-diff1": {
        "meanRet": 0.9488250041007995,
        "maxRet": 0.9768750071525574,
        "minRet": 0.9256250262260437
    }
}