{
    "model": "test12x12_100k_3step_3gen_3curric/epoch_13_curric1_gen2",
    "MiniGrid-DoorKey-6x6-custom-diff0.8220715046045372": {
        "meanRet": 0.9839628028869629,
        "maxRet": 0.9901098608970642,
        "minRet": 0.9779374599456787
    },
    "MiniGrid-DoorKey-8x8-custom-diff0.8220715046045372": {
        "meanRet": 0.9732814836502075,
        "maxRet": 0.9832628965377808,
        "minRet": 0.9619610905647278
    },
    "MiniGrid-DoorKey-10x10-custom-diff0.8220715046045372": {
        "meanRet": 0.9670735335350037,
        "maxRet": 0.9908706545829773,
        "minRet": 0.9505494236946106
    },
    "MiniGrid-DoorKey-12x12-custom-diff0.8220715046045372": {
        "meanRet": 0.9290650868415833,
        "maxRet": 0.973372757434845,
        "minRet": 0.8759932518005371
    }
}