{
    "model": "DO_11_05_RHEA_PARA_ENV_1\\epoch_5_curric1_gen3",
    "MiniGrid-DoorKey-5x5-custom-diff2": {
        "meanRet": 0.6721428573131562,
        "maxRet": 0.7428571581840515,
        "minRet": 0.6142857074737549
    },
    "MiniGrid-DoorKey-6x6-custom-diff2": {
        "meanRet": 0.6737500071525574,
        "maxRet": 0.7749999761581421,
        "minRet": 0.5950000286102295
    },
    "MiniGrid-DoorKey-8x8-custom-diff2": {
        "meanRet": 0.7311688282273032,
        "maxRet": 0.8071428537368774,
        "minRet": 0.6657142639160156
    },
    "MiniGrid-DoorKey-16x16-custom-diff2": {
        "meanRet": 0.10784574644640088,
        "maxRet": 0.693617045879364,
        "minRet": 0.0
    }
}