{
    "model": "test12x12_100k_3step_3gen_3curric/epoch_15_curric2_gen3",
    "MiniGrid-DoorKey-6x6-custom-diff0.7720715046045372": {
        "meanRet": 0.9832151246070862,
        "maxRet": 0.9894689321517944,
        "minRet": 0.9756975769996643
    },
    "MiniGrid-DoorKey-8x8-custom-diff0.7720715046045372": {
        "meanRet": 0.9705778551101685,
        "maxRet": 0.9854185581207275,
        "minRet": 0.9578757882118225
    },
    "MiniGrid-DoorKey-10x10-custom-diff0.7720715046045372": {
        "meanRet": 0.9565472507476807,
        "maxRet": 0.9910891056060791,
        "minRet": 0.9295229315757751
    },
    "MiniGrid-DoorKey-12x12-custom-diff0.7720715046045372": {
        "meanRet": 0.9403967307164118,
        "maxRet": 0.9789378643035889,
        "minRet": 0.890639066696167
    }
}