{
    "model": "test12x12_50k_3step_3gen_3curric/epoch_20_curric2_gen2",
    "MiniGrid-DoorKey-6x6-custom-diff0.7510602224432589": {
        "meanRet": 0.9831489324569702,
        "maxRet": 0.9891766905784607,
        "minRet": 0.9783533811569214
    },
    "MiniGrid-DoorKey-8x8-custom-diff0.7510602224432589": {
        "meanRet": 0.9750871727099786,
        "maxRet": 0.9866790175437927,
        "minRet": 0.9691951870918274
    },
    "MiniGrid-DoorKey-10x10-custom-diff0.7510602224432589": {
        "meanRet": 0.9643330192565918,
        "maxRet": 0.9825161695480347,
        "minRet": 0.9467160105705261
    },
    "MiniGrid-DoorKey-12x12-custom-diff0.7510602224432589": {
        "meanRet": 0.9439518976211548,
        "maxRet": 0.9650323987007141,
        "minRet": 0.9209065437316895
    }
}