{
    "model": "test12x12_75k_3step_3gen_3curric/epoch_28_curric1_gen1",
    "MiniGrid-DoorKey-6x6-custom-diff0.45650236005558964": {
        "meanRet": 0.9741917824745179,
        "maxRet": 0.9863013625144958,
        "minRet": 0.965753436088562
    },
    "MiniGrid-DoorKey-8x8-custom-diff0.45650236005558964": {
        "meanRet": 0.9594309765558976,
        "maxRet": 0.9767123460769653,
        "minRet": 0.9479451775550842
    },
    "MiniGrid-DoorKey-10x10-custom-diff0.45650236005558964": {
        "meanRet": 0.947726023197174,
        "maxRet": 0.9684931635856628,
        "minRet": 0.9301369786262512
    },
    "MiniGrid-DoorKey-12x12-custom-diff0.45650236005558964": {
        "meanRet": 0.9151232862472534,
        "maxRet": 0.9589040875434875,
        "minRet": 0.8767123222351074
    }
}