{
    "model": "test12x12_150k_3step_3gen_3curric/epoch_3_curric2_gen2",
    "MiniGrid-DoorKey-6x6-custom-diff1": {
        "meanRet": 0.9871153854406797,
        "maxRet": 0.9918749928474426,
        "minRet": 0.9831249713897705
    },
    "MiniGrid-DoorKey-8x8-custom-diff1": {
        "meanRet": 0.9812740362607516,
        "maxRet": 0.9887499809265137,
        "minRet": 0.9768750071525574
    },
    "MiniGrid-DoorKey-10x10-custom-diff1": {
        "meanRet": 0.9701388897719206,
        "maxRet": 0.9862499833106995,
        "minRet": 0.9618750214576721
    },
    "MiniGrid-DoorKey-12x12-custom-diff1": {
        "meanRet": 0.9583000016212463,
        "maxRet": 0.9781249761581421,
        "minRet": 0.9456250071525574
    }
}