{
    "model": "test12x12_25k_3step_3gen_3curric/epoch_6_curric2_gen1",
    "MiniGrid-DoorKey-6x6-custom-diff1": {
        "meanRet": 0.8482500052452088,
        "maxRet": 0.9631249904632568,
        "minRet": 0.703125
    },
    "MiniGrid-DoorKey-8x8-custom-diff1": {
        "meanRet": 0.16148749932646753,
        "maxRet": 0.7437499761581421,
        "minRet": 0.0
    },
    "MiniGrid-DoorKey-10x10-custom-diff1": {
        "meanRet": 0.05704081605891792,
        "maxRet": 0.699999988079071,
        "minRet": 0.0
    },
    "MiniGrid-DoorKey-12x12-custom-diff1": {
        "meanRet": 0.007278646032015483,
        "maxRet": 0.34937500953674316,
        "minRet": 0.0
    }
}