{
    "model": "test12x12_50k_3step_3gen_3curric/epoch_38_curric2_gen1",
    "MiniGrid-DoorKey-6x6-custom-diff0.3010602224432588": {
        "meanRet": 0.9596766781806946,
        "maxRet": 0.9750577211380005,
        "minRet": 0.9480369687080383
    },
    "MiniGrid-DoorKey-8x8-custom-diff0.3010602224432588": {
        "meanRet": 0.9398891448974609,
        "maxRet": 0.9625865817070007,
        "minRet": 0.9168591499328613
    },
    "MiniGrid-DoorKey-10x10-custom-diff0.3010602224432588": {
        "meanRet": 0.9135015079608331,
        "maxRet": 0.9605081081390381,
        "minRet": 0.8648960590362549
    },
    "MiniGrid-DoorKey-12x12-custom-diff0.3010602224432588": {
        "meanRet": 0.8650623559951782,
        "maxRet": 0.9147806167602539,
        "minRet": 0.7859122157096863
    }
}