{
    "model": "test12x12_100k_3step_3gen_3curric/epoch_46_curric1_gen3",
    "MiniGrid-DoorKey-6x6-custom-diff0.15": {
        "meanRet": 0.9209935871454386,
        "maxRet": 0.9541666507720947,
        "minRet": 0.8958333134651184
    },
    "MiniGrid-DoorKey-8x8-custom-diff0.15": {
        "meanRet": 0.8548333263397216,
        "maxRet": 0.9083333611488342,
        "minRet": 0.8083333373069763
    },
    "MiniGrid-DoorKey-10x10-custom-diff0.15": {
        "meanRet": 0.8418333339691162,
        "maxRet": 0.9083333611488342,
        "minRet": 0.737500011920929
    },
    "MiniGrid-DoorKey-12x12-custom-diff0.15": {
        "meanRet": 0.6726666641235352,
        "maxRet": 0.862500011920929,
        "minRet": 0.46666666865348816
    }
}