{
    "model": "test12x12_100k_3step_4gen_3curric/epoch_12_curric2_gen1",
    "MiniGrid-DoorKey-6x6-custom-diff0.84467792277423": {
        "meanRet": 0.9842579685724698,
        "maxRet": 0.9925987124443054,
        "minRet": 0.9800164699554443
    },
    "MiniGrid-DoorKey-8x8-custom-diff0.84467792277423": {
        "meanRet": 0.9773223710060119,
        "maxRet": 0.9881578683853149,
        "minRet": 0.9696546196937561
    },
    "MiniGrid-DoorKey-10x10-custom-diff0.84467792277423": {
        "meanRet": 0.9639612871866959,
        "maxRet": 0.9874177575111389,
        "minRet": 0.9474506378173828
    },
    "MiniGrid-DoorKey-12x12-custom-diff0.84467792277423": {
        "meanRet": 0.9469769740104675,
        "maxRet": 0.9666940569877625,
        "minRet": 0.930427610874176
    }
}