{
    "model": "Di_Rhea1\\epoch_1_curric0_gen1",
    "MiniGrid-DoorKey-5x5-custom-diff0": {
        "meanRet": 0.8149599850177764,
        "maxRet": 0.920799970626831,
        "minRet": 0.6940000057220459
    },
    "MiniGrid-DoorKey-6x6-custom-diff0": {
        "meanRet": 0.8007499992847442,
        "maxRet": 0.9125000238418579,
        "minRet": 0.6875
    },
    "MiniGrid-DoorKey-8x8-custom-diff0": {
        "meanRet": 0.5708125054836273,
        "maxRet": 0.8354687690734863,
        "minRet": 0.2462500035762787
    },
    "MiniGrid-DoorKey-16x16-custom-diff0": {
        "meanRet": 0.0,
        "maxRet": 0.0,
        "minRet": 0.0
    }
}