{
    "model": "test12x12_50k_3step_3gen_3curric/epoch_1_curric1_gen2",
    "MiniGrid-DoorKey-6x6-custom-diff1.0": {
        "meanRet": 0.025677083681027096,
        "maxRet": 0.5350000262260437,
        "minRet": 0.0
    },
    "MiniGrid-DoorKey-8x8-custom-diff1.0": {
        "meanRet": 0.008499349157015482,
        "maxRet": 0.40796875953674316,
        "minRet": 0.0
    },
    "MiniGrid-DoorKey-10x10-custom-diff1.0": {
        "meanRet": 0.014383333424727121,
        "maxRet": 0.6904000043869019,
        "minRet": 0.0
    },
    "MiniGrid-DoorKey-12x12-custom-diff1.0": {
        "meanRet": 0.01138020803531011,
        "maxRet": 0.5462499856948853,
        "minRet": 0.0
    }
}