{
    "model": "test12x12_100k_3step_3gen_3curric/epoch_12_curric0_gen2",
    "MiniGrid-DoorKey-6x6-custom-diff0.8470715046045372": {
        "meanRet": 0.9811878633499146,
        "maxRet": 0.9904019832611084,
        "minRet": 0.9712058901786804
    },
    "MiniGrid-DoorKey-8x8-custom-diff0.8470715046045372": {
        "meanRet": 0.9739228868484497,
        "maxRet": 0.9896636605262756,
        "minRet": 0.9616078734397888
    },
    "MiniGrid-DoorKey-10x10-custom-diff0.8470715046045372": {
        "meanRet": 0.9576891454366537,
        "maxRet": 0.9889253377914429,
        "minRet": 0.9342904090881348
    },
    "MiniGrid-DoorKey-12x12-custom-diff0.8470715046045372": {
        "meanRet": 0.9412305188179017,
        "maxRet": 0.9697293043136597,
        "minRet": 0.9032813906669617
    }
}