{
    "model": "test12x12_100k_3step_4gen_3curric/epoch_24_curric2_gen1",
    "MiniGrid-DoorKey-6x6-custom-diff0.15": {
        "meanRet": 0.9238333368301391,
        "maxRet": 0.949999988079071,
        "minRet": 0.8999999761581421
    },
    "MiniGrid-DoorKey-8x8-custom-diff0.15": {
        "meanRet": 0.8783333277702332,
        "maxRet": 0.9416666626930237,
        "minRet": 0.8291666507720947
    },
    "MiniGrid-DoorKey-10x10-custom-diff0.15": {
        "meanRet": 0.8270000004768372,
        "maxRet": 0.9208333492279053,
        "minRet": 0.7416666746139526
    },
    "MiniGrid-DoorKey-12x12-custom-diff0.15": {
        "meanRet": 0.7083333325386048,
        "maxRet": 0.8416666388511658,
        "minRet": 0.550000011920929
    }
}