{
    "model": "test12x12_100k_4step_3gen_3curric/epoch_23_curric2_gen2",
    "MiniGrid-DoorKey-6x6-custom-diff0.15": {
        "meanRet": 0.06822916585952044,
        "maxRet": 0.8958333134651184,
        "minRet": 0.0
    },
    "MiniGrid-DoorKey-8x8-custom-diff0.15": {
        "meanRet": 0.005121527860562007,
        "maxRet": 0.24583333730697632,
        "minRet": 0.0
    },
    "MiniGrid-DoorKey-10x10-custom-diff0.15": {
        "meanRet": 0.010156250248352686,
        "maxRet": 0.48750001192092896,
        "minRet": 0.0
    },
    "MiniGrid-DoorKey-12x12-custom-diff0.15": {
        "meanRet": 0.00572916679084301,
        "maxRet": 0.2750000059604645,
        "minRet": 0.0
    }
}