{
    "model": "test12x12_75k_3step_3gen_3curric/epoch_46_curric0_gen2",
    "MiniGrid-DoorKey-6x6-custom-diff0.15": {
        "meanRet": 0.9254807806932009,
        "maxRet": 0.949999988079071,
        "minRet": 0.9083333611488342
    },
    "MiniGrid-DoorKey-8x8-custom-diff0.15": {
        "meanRet": 0.8864197554411711,
        "maxRet": 0.9291666746139526,
        "minRet": 0.8541666865348816
    },
    "MiniGrid-DoorKey-10x10-custom-diff0.15": {
        "meanRet": 0.8355769217014313,
        "maxRet": 0.9125000238418579,
        "minRet": 0.762499988079071
    },
    "MiniGrid-DoorKey-12x12-custom-diff0.15": {
        "meanRet": 0.7359999990463257,
        "maxRet": 0.8541666865348816,
        "minRet": 0.6416666507720947
    }
}