{
    "model": "test12x12_150k_3step_3gen_3curric/epoch_10_curric1_gen2",
    "MiniGrid-DoorKey-6x6-custom-diff0.8563807381558474": {
        "meanRet": 0.9865098639770791,
        "maxRet": 0.9927007555961609,
        "minRet": 0.9839416146278381
    },
    "MiniGrid-DoorKey-8x8-custom-diff0.8563807381558474": {
        "meanRet": 0.9777507472921301,
        "maxRet": 0.989051103591919,
        "minRet": 0.9678832292556763
    },
    "MiniGrid-DoorKey-10x10-custom-diff0.8563807381558474": {
        "meanRet": 0.9687007308006287,
        "maxRet": 0.9868612885475159,
        "minRet": 0.9554744362831116
    },
    "MiniGrid-DoorKey-12x12-custom-diff0.8563807381558474": {
        "meanRet": 0.949693431854248,
        "maxRet": 0.9788321256637573,
        "minRet": 0.9233576655387878
    }
}