{
    "model": "test12x12_50k_3step_3gen_3curric/epoch_9_curric1_gen2",
    "MiniGrid-DoorKey-6x6-custom-diff1": {
        "meanRet": 0.9871250081062317,
        "maxRet": 0.9925000071525574,
        "minRet": 0.9825000166893005
    },
    "MiniGrid-DoorKey-8x8-custom-diff1": {
        "meanRet": 0.9775500011444092,
        "maxRet": 0.9868749976158142,
        "minRet": 0.9700000286102295
    },
    "MiniGrid-DoorKey-10x10-custom-diff1": {
        "meanRet": 0.9607499980926514,
        "maxRet": 0.9818750023841858,
        "minRet": 0.940625011920929
    },
    "MiniGrid-DoorKey-12x12-custom-diff1": {
        "meanRet": 0.935024995803833,
        "maxRet": 0.9781249761581421,
        "minRet": 0.8987500071525574
    }
}