{
    "model": "test12x12_25k_3step_3gen_3curric/epoch_46_curric2_gen2",
    "MiniGrid-DoorKey-6x6-custom-diff0.28191428757446535": {
        "meanRet": 0.9534222221374512,
        "maxRet": 0.9777777791023254,
        "minRet": 0.9355555772781372
    },
    "MiniGrid-DoorKey-8x8-custom-diff0.28191428757446535": {
        "meanRet": 0.9296888947486878,
        "maxRet": 0.9688888788223267,
        "minRet": 0.9066666960716248
    },
    "MiniGrid-DoorKey-10x10-custom-diff0.28191428757446535": {
        "meanRet": 0.8969777846336364,
        "maxRet": 0.9511111378669739,
        "minRet": 0.8666666746139526
    },
    "MiniGrid-DoorKey-12x12-custom-diff0.28191428757446535": {
        "meanRet": 0.8376888823509216,
        "maxRet": 0.9333333373069763,
        "minRet": 0.757777750492096
    }
}