{
    "model": "test12x12_100k_3step_4gen_3curric/epoch_2_curric1_gen1",
    "MiniGrid-DoorKey-6x6-custom-diff1": {
        "meanRet": 0.2120833353449901,
        "maxRet": 0.9768750071525574,
        "minRet": 0.0
    },
    "MiniGrid-DoorKey-8x8-custom-diff1": {
        "meanRet": 0.06503906225164731,
        "maxRet": 0.48625001311302185,
        "minRet": 0.0
    },
    "MiniGrid-DoorKey-10x10-custom-diff1": {
        "meanRet": 0.008307291505237421,
        "maxRet": 0.2043749988079071,
        "minRet": 0.0
    },
    "MiniGrid-DoorKey-12x12-custom-diff1": {
        "meanRet": 0.00916666661699613,
        "maxRet": 0.4399999976158142,
        "minRet": 0.0
    }
}