{
    "model": "test12x12_100k_4step_3gen_3curric/epoch_22_curric2_gen2",
    "MiniGrid-DoorKey-6x6-custom-diff0.15": {
        "meanRet": 0.0959201396132509,
        "maxRet": 0.8708333373069763,
        "minRet": 0.0
    },
    "MiniGrid-DoorKey-8x8-custom-diff0.15": {
        "meanRet": 0.02118055522441864,
        "maxRet": 0.6541666388511658,
        "minRet": 0.0
    },
    "MiniGrid-DoorKey-10x10-custom-diff0.15": {
        "meanRet": 0.0,
        "maxRet": 0.0,
        "minRet": 0.0
    },
    "MiniGrid-DoorKey-12x12-custom-diff0.15": {
        "meanRet": 0.0,
        "maxRet": 0.0,
        "minRet": 0.0
    }
}