{
    "model": "DO_11_05_RHEA_PARA_ENV_1\\epoch_6_curric1_gen2",
    "MiniGrid-DoorKey-5x5-custom-diff0": {
        "meanRet": 0.9555999835332235,
        "maxRet": 0.9603999853134155,
        "minRet": 0.9495999813079834
    },
    "MiniGrid-DoorKey-6x6-custom-diff0": {
        "meanRet": 0.9577272588556464,
        "maxRet": 0.9700000286102295,
        "minRet": 0.9524999856948853
    },
    "MiniGrid-DoorKey-8x8-custom-diff0": {
        "meanRet": 0.96484375,
        "maxRet": 0.9775000214576721,
        "minRet": 0.9564062356948853
    },
    "MiniGrid-DoorKey-16x16-custom-diff0": {
        "meanRet": 0.9483203113079071,
        "maxRet": 0.982421875,
        "minRet": 0.9219531416893005
    }
}