{
    "model": "test12x12_25k_3step_3gen_3curric/epoch_19_curric0_gen2",
    "MiniGrid-DoorKey-6x6-custom-diff0.9569142875744653": {
        "meanRet": 0.987163381576538,
        "maxRet": 0.9915032386779785,
        "minRet": 0.9830065369606018
    },
    "MiniGrid-DoorKey-8x8-custom-diff0.9569142875744653": {
        "meanRet": 0.981751618385315,
        "maxRet": 0.9888888597488403,
        "minRet": 0.9764705896377563
    },
    "MiniGrid-DoorKey-10x10-custom-diff0.9569142875744653": {
        "meanRet": 0.9719999837875366,
        "maxRet": 0.9849672913551331,
        "minRet": 0.9601306915283203
    },
    "MiniGrid-DoorKey-12x12-custom-diff0.9569142875744653": {
        "meanRet": 0.9405490040779114,
        "maxRet": 0.9784313440322876,
        "minRet": 0.8901960849761963
    }
}