{
    "model": "test12x12_100k_3step_3gen_3curric/epoch_4_curric0_gen1",
    "MiniGrid-DoorKey-6x6-custom-diff1": {
        "meanRet": 0.7221999979019165,
        "maxRet": 0.9731249809265137,
        "minRet": 0.3125
    },
    "MiniGrid-DoorKey-8x8-custom-diff1": {
        "meanRet": 0.04328125063329935,
        "maxRet": 0.5631250143051147,
        "minRet": 0.0
    },
    "MiniGrid-DoorKey-10x10-custom-diff1": {
        "meanRet": 0.04062500107102096,
        "maxRet": 0.6312500238418579,
        "minRet": 0.0
    },
    "MiniGrid-DoorKey-12x12-custom-diff1": {
        "meanRet": 0.011953124776482582,
        "maxRet": 0.3824999928474426,
        "minRet": 0.0
    }
}