{
    "model": "test12x12_100k_3step_4gen_3curric/epoch_14_curric0_gen4",
    "MiniGrid-DoorKey-6x6-custom-diff0.79467792277423": {
        "meanRet": 0.9852772248642785,
        "maxRet": 0.9897727370262146,
        "minRet": 0.9811188578605652
    },
    "MiniGrid-DoorKey-8x8-custom-diff0.79467792277423": {
        "meanRet": 0.9756748247146606,
        "maxRet": 0.9866258502006531,
        "minRet": 0.9701048731803894
    },
    "MiniGrid-DoorKey-10x10-custom-diff0.79467792277423": {
        "meanRet": 0.9666554583952978,
        "maxRet": 0.9850524663925171,
        "minRet": 0.9496503472328186
    },
    "MiniGrid-DoorKey-12x12-custom-diff0.79467792277423": {
        "meanRet": 0.9379755234718323,
        "maxRet": 0.9724650382995605,
        "minRet": 0.9087412357330322
    }
}