{
    "model": "test12x12_100k_3step_4gen_3curric/epoch_33_curric0_gen4",
    "MiniGrid-DoorKey-6x6-custom-diff0.15": {
        "meanRet": 0.051649305038154125,
        "maxRet": 0.5833333134651184,
        "minRet": 0.0
    },
    "MiniGrid-DoorKey-8x8-custom-diff0.15": {
        "meanRet": 0.04704861125598351,
        "maxRet": 0.8291666507720947,
        "minRet": 0.0
    },
    "MiniGrid-DoorKey-10x10-custom-diff0.15": {
        "meanRet": 0.0,
        "maxRet": 0.0,
        "minRet": 0.0
    },
    "MiniGrid-DoorKey-12x12-custom-diff0.15": {
        "meanRet": 0.0,
        "maxRet": 0.0,
        "minRet": 0.0
    }
}