{
    "model": "test12x12_150k_3step_3gen_3curric/epoch_13_curric0_gen1",
    "MiniGrid-DoorKey-6x6-custom-diff0.7813807381558474": {
        "meanRet": 0.9840857109853199,
        "maxRet": 0.9904000163078308,
        "minRet": 0.979200005531311
    },
    "MiniGrid-DoorKey-8x8-custom-diff0.7813807381558474": {
        "meanRet": 0.9733760070800781,
        "maxRet": 0.9864000082015991,
        "minRet": 0.9648000001907349
    },
    "MiniGrid-DoorKey-10x10-custom-diff0.7813807381558474": {
        "meanRet": 0.9578239965438843,
        "maxRet": 0.9847999811172485,
        "minRet": 0.9399999976158142
    },
    "MiniGrid-DoorKey-12x12-custom-diff0.7813807381558474": {
        "meanRet": 0.936768000125885,
        "maxRet": 0.9696000218391418,
        "minRet": 0.8960000276565552
    }
}