{
    "model": "SO_RHEA_2PARA_5GEN_14May\\epoch_10_curric2_gen2",
    "MiniGrid-DoorKey-5x5-custom-diff1": {
        "meanRet": 0.8765243887901306,
        "maxRet": 0.9012194871902466,
        "minRet": 0.8573170900344849
    },
    "MiniGrid-DoorKey-6x6-custom-diff1": {
        "meanRet": 0.8830639857512254,
        "maxRet": 0.916806697845459,
        "minRet": 0.8638655543327332
    },
    "MiniGrid-DoorKey-8x8-custom-diff1": {
        "meanRet": 0.9006161212921142,
        "maxRet": 0.9317535758018494,
        "minRet": 0.8677725195884705
    },
    "MiniGrid-DoorKey-16x16-custom-diff1": {
        "meanRet": 0.7356449663639069,
        "maxRet": 0.9020118117332458,
        "minRet": 0.5324260592460632
    }
}