{
    "model": "test12x12_50k_3step_3gen_3curric/epoch_41_curric2_gen1",
    "MiniGrid-DoorKey-6x6-custom-diff0.15": {
        "meanRet": 0.9165064119375669,
        "maxRet": 0.9541666507720947,
        "minRet": 0.8958333134651184
    },
    "MiniGrid-DoorKey-8x8-custom-diff0.15": {
        "meanRet": 0.8805000019073487,
        "maxRet": 0.925000011920929,
        "minRet": 0.8416666388511658
    },
    "MiniGrid-DoorKey-10x10-custom-diff0.15": {
        "meanRet": 0.8288333368301392,
        "maxRet": 0.9083333611488342,
        "minRet": 0.7416666746139526
    },
    "MiniGrid-DoorKey-12x12-custom-diff0.15": {
        "meanRet": 0.7266666674613953,
        "maxRet": 0.8958333134651184,
        "minRet": 0.550000011920929
    }
}