{
    "model": "SO_RHEA_2PARA_5GEN_14May\\epoch_5_curric2_gen2",
    "MiniGrid-DoorKey-5x5-custom-diff0": {
        "meanRet": 0.9561454382809725,
        "maxRet": 0.9675999879837036,
        "minRet": 0.9495999813079834
    },
    "MiniGrid-DoorKey-6x6-custom-diff0": {
        "meanRet": 0.958249980211258,
        "maxRet": 0.9649999737739563,
        "minRet": 0.9549999833106995
    },
    "MiniGrid-DoorKey-8x8-custom-diff0": {
        "meanRet": 0.9628749966621399,
        "maxRet": 0.9690625071525574,
        "minRet": 0.957812488079071
    },
    "MiniGrid-DoorKey-16x16-custom-diff0": {
        "meanRet": 0.957847660779953,
        "maxRet": 0.9750390648841858,
        "minRet": 0.9335547089576721
    }
}