{
    "model": "Mo_Rhea1\\epoch_8_curric1_gen2",
    "MiniGrid-DoorKey-5x5-custom-diff2": {
        "meanRet": 0.6756493449211121,
        "maxRet": 0.7107142806053162,
        "minRet": 0.6464285850524902
    },
    "MiniGrid-DoorKey-6x6-custom-diff2": {
        "meanRet": 0.6872500002384185,
        "maxRet": 0.7749999761581421,
        "minRet": 0.5950000286102295
    },
    "MiniGrid-DoorKey-8x8-custom-diff2": {
        "meanRet": 0.7042857110500336,
        "maxRet": 0.8328571319580078,
        "minRet": 0.5757142901420593
    },
    "MiniGrid-DoorKey-16x16-custom-diff2": {
        "meanRet": 0.02982047852128744,
        "maxRet": 0.3968085050582886,
        "minRet": 0.0
    }
}