{
    "model": "test12x12_75k_3step_3gen_3curric/epoch_21_curric1_gen3",
    "MiniGrid-DoorKey-6x6-custom-diff0.6315023600555896": {
        "meanRet": 0.9829482943923386,
        "maxRet": 0.9881188273429871,
        "minRet": 0.9782178401947021
    },
    "MiniGrid-DoorKey-8x8-custom-diff0.6315023600555896": {
        "meanRet": 0.9733069348335266,
        "maxRet": 0.986138641834259,
        "minRet": 0.9673267602920532
    },
    "MiniGrid-DoorKey-10x10-custom-diff0.6315023600555896": {
        "meanRet": 0.958613862991333,
        "maxRet": 0.9831683039665222,
        "minRet": 0.9405940771102905
    },
    "MiniGrid-DoorKey-12x12-custom-diff0.6315023600555896": {
        "meanRet": 0.9342574214935303,
        "maxRet": 0.9663366079330444,
        "minRet": 0.9118812084197998
    }
}