{
    "model": "new_25k_7step_4gen_3curric/epoch_4_curric2_gen2",
    "MiniGrid-DoorKey-6x6-custom-diff1": {
        "meanRet": 0.5274749994277954,
        "maxRet": 0.9587500095367432,
        "minRet": 0.21312500536441803
    },
    "MiniGrid-DoorKey-8x8-custom-diff1": {
        "meanRet": 0.060807292660077415,
        "maxRet": 0.8962500095367432,
        "minRet": 0.0
    },
    "MiniGrid-DoorKey-10x10-custom-diff1": {
        "meanRet": 0.042317708333333336,
        "maxRet": 0.5699999928474426,
        "minRet": 0.0
    },
    "MiniGrid-DoorKey-12x12-custom-diff1": {
        "meanRet": 0.004492187562088172,
        "maxRet": 0.21562500298023224,
        "minRet": 0.0
    }
}