{
    "model": "test12x12_50k_3step_3gen_3curric/epoch_27_curric1_gen2",
    "MiniGrid-DoorKey-6x6-custom-diff0.5760602224432588": {
        "meanRet": 0.9793339776141303,
        "maxRet": 0.9869722723960876,
        "minRet": 0.9750301837921143
    },
    "MiniGrid-DoorKey-8x8-custom-diff0.5760602224432588": {
        "meanRet": 0.9639565682411194,
        "maxRet": 0.9804583787918091,
        "minRet": 0.9522315859794617
    },
    "MiniGrid-DoorKey-10x10-custom-diff0.5760602224432588": {
        "meanRet": 0.947585039138794,
        "maxRet": 0.981544017791748,
        "minRet": 0.9207478761672974
    },
    "MiniGrid-DoorKey-12x12-custom-diff0.5760602224432588": {
        "meanRet": 0.9154933643341064,
        "maxRet": 0.9739444851875305,
        "minRet": 0.8566948175430298
    }
}