{
    "model": "test12x12_100k_3step_3gen_3curric/epoch_35_curric2_gen2",
    "MiniGrid-DoorKey-6x6-custom-diff0.15": {
        "meanRet": 0.8966666698455811,
        "maxRet": 0.9333333373069763,
        "minRet": 0.8500000238418579
    },
    "MiniGrid-DoorKey-8x8-custom-diff0.15": {
        "meanRet": 0.8639999961853028,
        "maxRet": 0.9208333492279053,
        "minRet": 0.8166666626930237
    },
    "MiniGrid-DoorKey-10x10-custom-diff0.15": {
        "meanRet": 0.7905000019073486,
        "maxRet": 0.9041666388511658,
        "minRet": 0.6625000238418579
    },
    "MiniGrid-DoorKey-12x12-custom-diff0.15": {
        "meanRet": 0.7086666607856751,
        "maxRet": 0.8416666388511658,
        "minRet": 0.5458333492279053
    }
}