{
    "model": "test12x12_50k_3step_3gen_3curric/epoch_24_curric2_gen3",
    "MiniGrid-DoorKey-6x6-custom-diff0.6510602224432589": {
        "meanRet": 0.9830565619468689,
        "maxRet": 0.9884738326072693,
        "minRet": 0.9759871959686279
    },
    "MiniGrid-DoorKey-8x8-custom-diff0.6510602224432589": {
        "meanRet": 0.9741430044174194,
        "maxRet": 0.9827107787132263,
        "minRet": 0.9673425555229187
    },
    "MiniGrid-DoorKey-10x10-custom-diff0.6510602224432589": {
        "meanRet": 0.9634236907958984,
        "maxRet": 0.9875133633613586,
        "minRet": 0.9510138630867004
    },
    "MiniGrid-DoorKey-12x12-custom-diff0.6510602224432589": {
        "meanRet": 0.9451739645004272,
        "maxRet": 0.9711846113204956,
        "minRet": 0.9068303108215332
    }
}