{
    "model": "test12x12_100k_3step_3gen_3curric/epoch_29_curric1_gen2",
    "MiniGrid-DoorKey-6x6-custom-diff0.15": {
        "meanRet": 0.9179487228393555,
        "maxRet": 0.9458333253860474,
        "minRet": 0.887499988079071
    },
    "MiniGrid-DoorKey-8x8-custom-diff0.15": {
        "meanRet": 0.850166666507721,
        "maxRet": 0.9083333611488342,
        "minRet": 0.7666666507720947
    },
    "MiniGrid-DoorKey-10x10-custom-diff0.15": {
        "meanRet": 0.7871666717529296,
        "maxRet": 0.9208333492279053,
        "minRet": 0.699999988079071
    },
    "MiniGrid-DoorKey-12x12-custom-diff0.15": {
        "meanRet": 0.6486666655540466,
        "maxRet": 0.8541666865348816,
        "minRet": 0.4208333194255829
    }
}