{
    "model": "SO_RHEA_2PARA_5GEN_14May\\epoch_2_curric2_gen2",
    "MiniGrid-DoorKey-5x5-custom-diff2": {
        "meanRet": 0.5687499965230624,
        "maxRet": 0.7107142806053162,
        "minRet": 0.48571428656578064
    },
    "MiniGrid-DoorKey-6x6-custom-diff2": {
        "meanRet": 0.5095000058412552,
        "maxRet": 0.6625000238418579,
        "minRet": 0.3474999964237213
    },
    "MiniGrid-DoorKey-8x8-custom-diff2": {
        "meanRet": 0.034687500447034836,
        "maxRet": 0.39571428298950195,
        "minRet": 0.0
    },
    "MiniGrid-DoorKey-16x16-custom-diff2": {
        "meanRet": 0.0,
        "maxRet": 0.0,
        "minRet": 0.0
    }
}