{
    "model": "SO_RHEA_2PARA_5GEN_14May\\epoch_1_curric0_gen4",
    "MiniGrid-DoorKey-5x5-custom-diff0": {
        "meanRet": 0.9545090740377252,
        "maxRet": 0.9639999866485596,
        "minRet": 0.9495999813079834
    },
    "MiniGrid-DoorKey-6x6-custom-diff0": {
        "meanRet": 0.9554166495800018,
        "maxRet": 0.9649999737739563,
        "minRet": 0.9474999904632568
    },
    "MiniGrid-DoorKey-8x8-custom-diff0": {
        "meanRet": 0.9602031171321869,
        "maxRet": 0.9676562547683716,
        "minRet": 0.9521874785423279
    },
    "MiniGrid-DoorKey-16x16-custom-diff0": {
        "meanRet": 0.9323945343494415,
        "maxRet": 0.9676562547683716,
        "minRet": 0.8885546922683716
    }
}