{
    "model": "new_25k_7step_4gen_3curric/epoch_5_curric2_gen2",
    "MiniGrid-DoorKey-6x6-custom-diff1": {
        "meanRet": 0.9882451937748835,
        "maxRet": 0.9925000071525574,
        "minRet": 0.984375
    },
    "MiniGrid-DoorKey-8x8-custom-diff1": {
        "meanRet": 0.9794999933242798,
        "maxRet": 0.9893749952316284,
        "minRet": 0.9731249809265137
    },
    "MiniGrid-DoorKey-10x10-custom-diff1": {
        "meanRet": 0.9652250051498413,
        "maxRet": 0.984375,
        "minRet": 0.9387500286102295
    },
    "MiniGrid-DoorKey-12x12-custom-diff1": {
        "meanRet": 0.9446749997138977,
        "maxRet": 0.9781249761581421,
        "minRet": 0.9143750071525574
    }
}