{
    "model": "test12x12_50k_3step_3gen_3curric/epoch_38_curric2_gen2",
    "MiniGrid-DoorKey-6x6-custom-diff0.3010602224432588": {
        "meanRet": 0.9556315495417669,
        "maxRet": 0.9750577211380005,
        "minRet": 0.9418013691902161
    },
    "MiniGrid-DoorKey-8x8-custom-diff0.3010602224432588": {
        "meanRet": 0.93032794713974,
        "maxRet": 0.9625865817070007,
        "minRet": 0.9106235504150391
    },
    "MiniGrid-DoorKey-10x10-custom-diff0.3010602224432588": {
        "meanRet": 0.8920767467755538,
        "maxRet": 0.9480369687080383,
        "minRet": 0.8461893796920776
    },
    "MiniGrid-DoorKey-12x12-custom-diff0.3010602224432588": {
        "meanRet": 0.8433625841140747,
        "maxRet": 0.9293302297592163,
        "minRet": 0.7609699964523315
    }
}