{
    "model": "Rhea_Fr2\\epoch_4_curric1_gen4",
    "MiniGrid-DoorKey-5x5-custom-diff1": {
        "meanRet": 0.8913414478302002,
        "maxRet": 0.9012194871902466,
        "minRet": 0.8792682886123657
    },
    "MiniGrid-DoorKey-6x6-custom-diff1": {
        "meanRet": 0.8926050305366516,
        "maxRet": 0.916806697845459,
        "minRet": 0.8789916038513184
    },
    "MiniGrid-DoorKey-8x8-custom-diff1": {
        "meanRet": 0.8925118565559387,
        "maxRet": 0.9189573526382446,
        "minRet": 0.8592417240142822
    },
    "MiniGrid-DoorKey-16x16-custom-diff1": {
        "meanRet": 0.7951834380626679,
        "maxRet": 0.9233136177062988,
        "minRet": 0.6964496970176697
    }
}