{
    "model": "SO_RHEA_2PARA_5GEN_14May\\epoch_10_curric0_gen5",
    "MiniGrid-DoorKey-5x5-custom-diff1": {
        "meanRet": 0.8832594156265259,
        "maxRet": 0.9012194871902466,
        "minRet": 0.8682926893234253
    },
    "MiniGrid-DoorKey-6x6-custom-diff1": {
        "meanRet": 0.886554616689682,
        "maxRet": 0.916806697845459,
        "minRet": 0.8638655543327332
    },
    "MiniGrid-DoorKey-8x8-custom-diff1": {
        "meanRet": 0.90530806183815,
        "maxRet": 0.9360189437866211,
        "minRet": 0.8805687427520752
    },
    "MiniGrid-DoorKey-16x16-custom-diff1": {
        "meanRet": 0.888911247253418,
        "maxRet": 0.9456804990768433,
        "minRet": 0.8455621004104614
    }
}