{
    "model": "test12x12_100k_3step_4gen_3curric/epoch_14_curric2_gen4",
    "MiniGrid-DoorKey-6x6-custom-diff0.79467792277423": {
        "meanRet": 0.9843822916348776,
        "maxRet": 0.990559458732605,
        "minRet": 0.9787587523460388
    },
    "MiniGrid-DoorKey-8x8-custom-diff0.79467792277423": {
        "meanRet": 0.9799230813980102,
        "maxRet": 0.9874125719070435,
        "minRet": 0.9716783165931702
    },
    "MiniGrid-DoorKey-10x10-custom-diff0.79467792277423": {
        "meanRet": 0.9707028031349182,
        "maxRet": 0.9858391880989075,
        "minRet": 0.9590908885002136
    },
    "MiniGrid-DoorKey-12x12-custom-diff0.79467792277423": {
        "meanRet": 0.9543391561508179,
        "maxRet": 0.9819055795669556,
        "minRet": 0.9386363625526428
    }
}