{
    "model": "test12x12_50k_3step_3gen_3curric/epoch_42_curric0_gen2",
    "MiniGrid-DoorKey-6x6-custom-diff0.15": {
        "meanRet": 0.9251666760444641,
        "maxRet": 0.9583333134651184,
        "minRet": 0.9041666388511658
    },
    "MiniGrid-DoorKey-8x8-custom-diff0.15": {
        "meanRet": 0.8806547671556473,
        "maxRet": 0.9333333373069763,
        "minRet": 0.8500000238418579
    },
    "MiniGrid-DoorKey-10x10-custom-diff0.15": {
        "meanRet": 0.8248333287239075,
        "maxRet": 0.9541666507720947,
        "minRet": 0.7541666626930237
    },
    "MiniGrid-DoorKey-12x12-custom-diff0.15": {
        "meanRet": 0.7556666660308838,
        "maxRet": 0.8791666626930237,
        "minRet": 0.6458333134651184
    }
}