{
    "model": "test12x12_100k_4step_3gen_3curric/epoch_4_curric2_gen2",
    "MiniGrid-DoorKey-6x6-custom-diff1": {
        "meanRet": 0.26342013685239685,
        "maxRet": 0.9681249856948853,
        "minRet": 0.0
    },
    "MiniGrid-DoorKey-8x8-custom-diff1": {
        "meanRet": 0.1182765138871742,
        "maxRet": 0.8612499833106995,
        "minRet": 0.0
    },
    "MiniGrid-DoorKey-10x10-custom-diff1": {
        "meanRet": 0.008164062397554517,
        "maxRet": 0.1431249976158142,
        "minRet": 0.0
    },
    "MiniGrid-DoorKey-12x12-custom-diff1": {
        "meanRet": 0.0,
        "maxRet": 0.0,
        "minRet": 0.0
    }
}