{
    "model": "Di_Rhea1\\epoch_7_curric0_gen3",
    "MiniGrid-DoorKey-5x5-custom-diff2": {
        "meanRet": 0.6318181698972528,
        "maxRet": 0.7107142806053162,
        "minRet": 0.5821428298950195
    },
    "MiniGrid-DoorKey-6x6-custom-diff2": {
        "meanRet": 0.6985000014305115,
        "maxRet": 0.7524999976158142,
        "minRet": 0.6175000071525574
    },
    "MiniGrid-DoorKey-8x8-custom-diff2": {
        "meanRet": 0.6888571500778198,
        "maxRet": 0.845714271068573,
        "minRet": 0.5114285945892334
    },
    "MiniGrid-DoorKey-16x16-custom-diff2": {
        "meanRet": 0.0909242033958435,
        "maxRet": 0.7191489338874817,
        "minRet": 0.0
    }
}