{
    "model": "test12x12_25k_3step_3gen_3curric/epoch_11_curric0_gen1",
    "MiniGrid-DoorKey-6x6-custom-diff1": {
        "meanRet": 0.9880324094383804,
        "maxRet": 0.9925000071525574,
        "minRet": 0.9837499856948853
    },
    "MiniGrid-DoorKey-8x8-custom-diff1": {
        "meanRet": 0.9817750024795532,
        "maxRet": 0.9868749976158142,
        "minRet": 0.9762499928474426
    },
    "MiniGrid-DoorKey-10x10-custom-diff1": {
        "meanRet": 0.9706730750890878,
        "maxRet": 0.9831249713897705,
        "minRet": 0.9599999785423279
    },
    "MiniGrid-DoorKey-12x12-custom-diff1": {
        "meanRet": 0.9614500021934509,
        "maxRet": 0.9743750095367432,
        "minRet": 0.9300000071525574
    }
}