{
    "model": "test12x12_100k_3step_3gen_3curric/epoch_45_curric1_gen2",
    "MiniGrid-DoorKey-6x6-custom-diff0.15": {
        "meanRet": 0.9173333287239075,
        "maxRet": 0.9541666507720947,
        "minRet": 0.8916666507720947
    },
    "MiniGrid-DoorKey-8x8-custom-diff0.15": {
        "meanRet": 0.8616666650772095,
        "maxRet": 0.9125000238418579,
        "minRet": 0.8041666746139526
    },
    "MiniGrid-DoorKey-10x10-custom-diff0.15": {
        "meanRet": 0.8155448643060831,
        "maxRet": 0.9208333492279053,
        "minRet": 0.6916666626930237
    },
    "MiniGrid-DoorKey-12x12-custom-diff0.15": {
        "meanRet": 0.7066666722297669,
        "maxRet": 0.8833333253860474,
        "minRet": 0.49166667461395264
    }
}