{
    "model": "test12x12_50k_3step_3gen_3curric/epoch_19_curric1_gen2",
    "MiniGrid-DoorKey-6x6-custom-diff0.7760602224432589": {
        "meanRet": 0.9850456571578979,
        "maxRet": 0.99033123254776,
        "minRet": 0.9822739362716675
    },
    "MiniGrid-DoorKey-8x8-custom-diff0.7760602224432589": {
        "meanRet": 0.9768594384193421,
        "maxRet": 0.9887197613716125,
        "minRet": 0.9701880216598511
    },
    "MiniGrid-DoorKey-10x10-custom-diff0.7760602224432589": {
        "meanRet": 0.9669006299972535,
        "maxRet": 0.9895254969596863,
        "minRet": 0.954073429107666
    },
    "MiniGrid-DoorKey-12x12-custom-diff0.7760602224432589": {
        "meanRet": 0.9435022377967834,
        "maxRet": 0.974216639995575,
        "minRet": 0.9121754765510559
    }
}