{
    "model": "test12x12_100k_3step_3gen_3curric/epoch_4_curric0_gen3",
    "MiniGrid-DoorKey-6x6-custom-diff1": {
        "meanRet": 0.9072749972343445,
        "maxRet": 0.9800000190734863,
        "minRet": 0.7518749833106995
    },
    "MiniGrid-DoorKey-8x8-custom-diff1": {
        "meanRet": 0.6203249990940094,
        "maxRet": 0.9381250143051147,
        "minRet": 0.13187499344348907
    },
    "MiniGrid-DoorKey-10x10-custom-diff1": {
        "meanRet": 0.09783203201368451,
        "maxRet": 0.862500011920929,
        "minRet": 0.0
    },
    "MiniGrid-DoorKey-12x12-custom-diff1": {
        "meanRet": 0.06259765638969839,
        "maxRet": 0.7537500262260437,
        "minRet": 0.0
    }
}