{
    "model": "test12x12_50k_3step_3gen_3curric/epoch_39_curric0_gen1",
    "MiniGrid-DoorKey-6x6-custom-diff0.2760602224432589": {
        "meanRet": 0.9586901664733887,
        "maxRet": 0.9705289602279663,
        "minRet": 0.9501259326934814
    },
    "MiniGrid-DoorKey-8x8-custom-diff0.2760602224432589": {
        "meanRet": 0.9363425540924072,
        "maxRet": 0.9614609479904175,
        "minRet": 0.922921895980835
    },
    "MiniGrid-DoorKey-10x10-custom-diff0.2760602224432589": {
        "meanRet": 0.9037395692788638,
        "maxRet": 0.9659949541091919,
        "minRet": 0.8639798760414124
    },
    "MiniGrid-DoorKey-12x12-custom-diff0.2760602224432589": {
        "meanRet": 0.8299748186881726,
        "maxRet": 0.922921895980835,
        "minRet": 0.739294707775116
    }
}