{
    "model": "MI_RHEA_PARA_ENV_2_first\\epoch_3_curric2_gen3",
    "MiniGrid-DoorKey-5x5-custom-diff1": {
        "meanRet": 0.8733583505337055,
        "maxRet": 0.9012194871902466,
        "minRet": 0.8573170900344849
    },
    "MiniGrid-DoorKey-6x6-custom-diff1": {
        "meanRet": 0.8805041968822479,
        "maxRet": 0.9092437028884888,
        "minRet": 0.8563024997711182
    },
    "MiniGrid-DoorKey-8x8-custom-diff1": {
        "meanRet": 0.8989099562168121,
        "maxRet": 0.9360189437866211,
        "minRet": 0.8763033151626587
    },
    "MiniGrid-DoorKey-16x16-custom-diff1": {
        "meanRet": 0.7528994083404541,
        "maxRet": 0.8934911489486694,
        "minRet": 0.58674556016922
    }
}