{
    "model": "test12x12_25k_3step_3gen_3curric/epoch_2_curric0_gen3",
    "MiniGrid-DoorKey-6x6-custom-diff1": {
        "meanRet": 0.5278000009059906,
        "maxRet": 0.7893750071525574,
        "minRet": 0.2006250023841858
    },
    "MiniGrid-DoorKey-8x8-custom-diff1": {
        "meanRet": 0.07140624864647786,
        "maxRet": 0.7806249856948853,
        "minRet": 0.0
    },
    "MiniGrid-DoorKey-10x10-custom-diff1": {
        "meanRet": 0.0347395824889342,
        "maxRet": 0.8899999856948853,
        "minRet": 0.0
    },
    "MiniGrid-DoorKey-12x12-custom-diff1": {
        "meanRet": 0.0,
        "maxRet": 0.0,
        "minRet": 0.0
    }
}