{
    "model": "test12x12_25k_3step_3gen_3curric/epoch_18_curric2_gen1",
    "MiniGrid-DoorKey-6x6-custom-diff0.9819142875744653": {
        "meanRet": 0.987334648003945,
        "maxRet": 0.9923567175865173,
        "minRet": 0.9834395051002502
    },
    "MiniGrid-DoorKey-8x8-custom-diff0.9819142875744653": {
        "meanRet": 0.9816560554504394,
        "maxRet": 0.9891719818115234,
        "minRet": 0.9770700931549072
    },
    "MiniGrid-DoorKey-10x10-custom-diff0.9819142875744653": {
        "meanRet": 0.9722547841072082,
        "maxRet": 0.9828025698661804,
        "minRet": 0.9624204039573669
    },
    "MiniGrid-DoorKey-12x12-custom-diff0.9819142875744653": {
        "meanRet": 0.9596433091163635,
        "maxRet": 0.9770700931549072,
        "minRet": 0.9369426965713501
    }
}