{
    "model": "test12x12_25k_3step_3gen_3curric/epoch_28_curric2_gen1",
    "MiniGrid-DoorKey-6x6-custom-diff0.7319142875744653": {
        "meanRet": 0.9830374694787539,
        "maxRet": 0.9888888597488403,
        "minRet": 0.9777777791023254
    },
    "MiniGrid-DoorKey-8x8-custom-diff0.7319142875744653": {
        "meanRet": 0.9776068210601807,
        "maxRet": 0.9854700565338135,
        "minRet": 0.9726495742797852
    },
    "MiniGrid-DoorKey-10x10-custom-diff0.7319142875744653": {
        "meanRet": 0.9675897288322449,
        "maxRet": 0.9846153855323792,
        "minRet": 0.9547008275985718
    },
    "MiniGrid-DoorKey-12x12-custom-diff0.7319142875744653": {
        "meanRet": 0.9471794748306275,
        "maxRet": 0.9726495742797852,
        "minRet": 0.9256410002708435
    }
}