{
    "model": "test12x12_25k_3step_3gen_3curric/epoch_8_curric2_gen1",
    "MiniGrid-DoorKey-6x6-custom-diff1": {
        "meanRet": 0.8565499949455261,
        "maxRet": 0.9818750023841858,
        "minRet": 0.7174999713897705
    },
    "MiniGrid-DoorKey-8x8-custom-diff1": {
        "meanRet": 0.7327750051021575,
        "maxRet": 0.9312499761581421,
        "minRet": 0.47437500953674316
    },
    "MiniGrid-DoorKey-10x10-custom-diff1": {
        "meanRet": 0.13286989744828673,
        "maxRet": 0.9518749713897705,
        "minRet": 0.0
    },
    "MiniGrid-DoorKey-12x12-custom-diff1": {
        "meanRet": 0.09141927088300388,
        "maxRet": 0.9331250190734863,
        "minRet": 0.0
    }
}