{
    "model": "test12x12_75k_3step_3gen_3curric/epoch_44_curric0_gen3",
    "MiniGrid-DoorKey-6x6-custom-diff0.15": {
        "meanRet": 0.9222756440822895,
        "maxRet": 0.9583333134651184,
        "minRet": 0.8999999761581421
    },
    "MiniGrid-DoorKey-8x8-custom-diff0.15": {
        "meanRet": 0.8767628165391775,
        "maxRet": 0.9375,
        "minRet": 0.8291666507720947
    },
    "MiniGrid-DoorKey-10x10-custom-diff0.15": {
        "meanRet": 0.8291666618099919,
        "maxRet": 0.9208333492279053,
        "minRet": 0.7333333492279053
    },
    "MiniGrid-DoorKey-12x12-custom-diff0.15": {
        "meanRet": 0.6956666707992554,
        "maxRet": 0.8666666746139526,
        "minRet": 0.5208333134651184
    }
}