{
    "model": "test12x12_100k_3step_3gen_3curric/epoch_1_curric0_gen1",
    "MiniGrid-DoorKey-6x6-custom-diff1.0": {
        "meanRet": 0.9487499938561366,
        "maxRet": 0.9775000214576721,
        "minRet": 0.9225000143051147
    },
    "MiniGrid-DoorKey-8x8-custom-diff1.0": {
        "meanRet": 0.9389124965667724,
        "maxRet": 0.9775000214576721,
        "minRet": 0.9071875214576721
    },
    "MiniGrid-DoorKey-10x10-custom-diff1.0": {
        "meanRet": 0.9055359983444213,
        "maxRet": 0.9739000201225281,
        "minRet": 0.819100022315979
    },
    "MiniGrid-DoorKey-12x12-custom-diff1.0": {
        "meanRet": 0.906399998664856,
        "maxRet": 0.965624988079071,
        "minRet": 0.8331249952316284
    }
}