{
    "model": "DO_11_05_RHEA_PARA_ENV_1\\epoch_6_curric1_gen2",
    "MiniGrid-DoorKey-5x5-custom-diff0": {
        "meanRet": 0.9571272568269209,
        "maxRet": 0.9675999879837036,
        "minRet": 0.9495999813079834
    },
    "MiniGrid-DoorKey-6x6-custom-diff0": {
        "meanRet": 0.9594999790191651,
        "maxRet": 0.9649999737739563,
        "minRet": 0.9549999833106995
    },
    "MiniGrid-DoorKey-8x8-custom-diff0": {
        "meanRet": 0.9607656180858613,
        "maxRet": 0.9760937690734863,
        "minRet": 0.9507812261581421
    },
    "MiniGrid-DoorKey-16x16-custom-diff0": {
        "meanRet": 0.9406210958957673,
        "maxRet": 0.9641406536102295,
        "minRet": 0.9163281321525574
    }
}