{
    "model": "test12x12_100k_3step_4gen_3curric/epoch_4_curric2_gen2",
    "MiniGrid-DoorKey-6x6-custom-diff1": {
        "meanRet": 0.9859855793989621,
        "maxRet": 0.9937499761581421,
        "minRet": 0.9800000190734863
    },
    "MiniGrid-DoorKey-8x8-custom-diff1": {
        "meanRet": 0.9775500011444092,
        "maxRet": 0.9912499785423279,
        "minRet": 0.9643750190734863
    },
    "MiniGrid-DoorKey-10x10-custom-diff1": {
        "meanRet": 0.962550003528595,
        "maxRet": 0.9881250262260437,
        "minRet": 0.9387500286102295
    },
    "MiniGrid-DoorKey-12x12-custom-diff1": {
        "meanRet": 0.9194250059127808,
        "maxRet": 0.9725000262260437,
        "minRet": 0.8650000095367432
    }
}