{
    "model": "SO_RHEA_2PARA_5GEN_14May\\epoch_3_curric1_gen3",
    "MiniGrid-DoorKey-5x5-custom-diff2": {
        "meanRet": 0.6340659214900091,
        "maxRet": 0.7107142806053162,
        "minRet": 0.5821428298950195
    },
    "MiniGrid-DoorKey-6x6-custom-diff2": {
        "meanRet": 0.678250002861023,
        "maxRet": 0.7524999976158142,
        "minRet": 0.5950000286102295
    },
    "MiniGrid-DoorKey-8x8-custom-diff2": {
        "meanRet": 0.6680519309910861,
        "maxRet": 0.8071428537368774,
        "minRet": 0.6014285683631897
    },
    "MiniGrid-DoorKey-16x16-custom-diff2": {
        "meanRet": 0.10189494723454118,
        "maxRet": 0.6968085169792175,
        "minRet": 0.0
    }
}