{
    "model": "test12x12_100k_3step_4gen_3curric/epoch_8_curric0_gen4",
    "MiniGrid-DoorKey-6x6-custom-diff0.94467792277423": {
        "meanRet": 0.9882735323905945,
        "maxRet": 0.9933823347091675,
        "minRet": 0.9834558963775635
    },
    "MiniGrid-DoorKey-8x8-custom-diff0.94467792277423": {
        "meanRet": 0.9825558733940124,
        "maxRet": 0.9894117712974548,
        "minRet": 0.9788235425949097
    },
    "MiniGrid-DoorKey-10x10-custom-diff0.94467792277423": {
        "meanRet": 0.9743693470954895,
        "maxRet": 0.9834558963775635,
        "minRet": 0.9642646908760071
    },
    "MiniGrid-DoorKey-12x12-custom-diff0.94467792277423": {
        "meanRet": 0.9618823552131652,
        "maxRet": 0.9801470637321472,
        "minRet": 0.9450735449790955
    }
}