{
    "model": "test12x12_100k_3step_4gen_3curric/epoch_5_curric0_gen2",
    "MiniGrid-DoorKey-6x6-custom-diff1": {
        "meanRet": 0.9863221209782821,
        "maxRet": 0.9925000071525574,
        "minRet": 0.9825000166893005
    },
    "MiniGrid-DoorKey-8x8-custom-diff1": {
        "meanRet": 0.9789583373952795,
        "maxRet": 0.9906250238418579,
        "minRet": 0.971875011920929
    },
    "MiniGrid-DoorKey-10x10-custom-diff1": {
        "meanRet": 0.9735999965667724,
        "maxRet": 0.9831249713897705,
        "minRet": 0.9599999785423279
    },
    "MiniGrid-DoorKey-12x12-custom-diff1": {
        "meanRet": 0.9627500009536744,
        "maxRet": 0.9818750023841858,
        "minRet": 0.9487500190734863
    }
}