{
    "model": "test12x12_100k_4step_3gen_3curric/epoch_2_curric0_gen1",
    "MiniGrid-DoorKey-6x6-custom-diff1": {
        "meanRet": 0.986800000667572,
        "maxRet": 0.9918749928474426,
        "minRet": 0.9818750023841858
    },
    "MiniGrid-DoorKey-8x8-custom-diff1": {
        "meanRet": 0.9772749996185303,
        "maxRet": 0.9887499809265137,
        "minRet": 0.9649999737739563
    },
    "MiniGrid-DoorKey-10x10-custom-diff1": {
        "meanRet": 0.9655249977111816,
        "maxRet": 0.987500011920929,
        "minRet": 0.9524999856948853
    },
    "MiniGrid-DoorKey-12x12-custom-diff1": {
        "meanRet": 0.9448557702394632,
        "maxRet": 0.9775000214576721,
        "minRet": 0.9156249761581421
    }
}