{
    "model": "SO_RHEA_2PARA_5GEN_14May\\epoch_8_curric1_gen4",
    "MiniGrid-DoorKey-5x5-custom-diff1": {
        "meanRet": 0.88585364818573,
        "maxRet": 0.9012194871902466,
        "minRet": 0.8682926893234253
    },
    "MiniGrid-DoorKey-6x6-custom-diff1": {
        "meanRet": 0.885042005777359,
        "maxRet": 0.9092437028884888,
        "minRet": 0.8714285492897034
    },
    "MiniGrid-DoorKey-8x8-custom-diff1": {
        "meanRet": 0.9040284335613251,
        "maxRet": 0.9317535758018494,
        "minRet": 0.8763033151626587
    },
    "MiniGrid-DoorKey-16x16-custom-diff1": {
        "meanRet": 0.8904023706912995,
        "maxRet": 0.9147928953170776,
        "minRet": 0.8594082593917847
    }
}