{
    "model": "test12x12_100k_3step_4gen_3curric/epoch_33_curric2_gen2",
    "MiniGrid-DoorKey-6x6-custom-diff0.15": {
        "meanRet": 0.9263333439826965,
        "maxRet": 0.9583333134651184,
        "minRet": 0.9083333611488342
    },
    "MiniGrid-DoorKey-8x8-custom-diff0.15": {
        "meanRet": 0.8756410296146686,
        "maxRet": 0.9291666746139526,
        "minRet": 0.8500000238418579
    },
    "MiniGrid-DoorKey-10x10-custom-diff0.15": {
        "meanRet": 0.8491666650772095,
        "maxRet": 0.9416666626930237,
        "minRet": 0.8041666746139526
    },
    "MiniGrid-DoorKey-12x12-custom-diff0.15": {
        "meanRet": 0.7508012858720926,
        "maxRet": 0.8541666865348816,
        "minRet": 0.6708333492279053
    }
}