{
    "model": "SO_RHEA_2PARA_5GEN_14May\\epoch_5_curric1_gen3",
    "MiniGrid-DoorKey-5x5-custom-diff0": {
        "meanRet": 0.9610545310107145,
        "maxRet": 0.9675999879837036,
        "minRet": 0.9531999826431274
    },
    "MiniGrid-DoorKey-6x6-custom-diff0": {
        "meanRet": 0.9632499873638153,
        "maxRet": 0.9725000262260437,
        "minRet": 0.9549999833106995
    },
    "MiniGrid-DoorKey-8x8-custom-diff0": {
        "meanRet": 0.96484375,
        "maxRet": 0.9746875166893005,
        "minRet": 0.9592187404632568
    },
    "MiniGrid-DoorKey-16x16-custom-diff0": {
        "meanRet": 0.9623828113079071,
        "maxRet": 0.9845312237739563,
        "minRet": 0.9405859112739563
    }
}