{
    "model": "test12x12_100k_3step_4gen_3curric/epoch_9_curric2_gen1",
    "MiniGrid-DoorKey-6x6-custom-diff0.91967792277423": {
        "meanRet": 0.9856522445167814,
        "maxRet": 0.9918429255485535,
        "minRet": 0.9816465377807617
    },
    "MiniGrid-DoorKey-8x8-custom-diff0.91967792277423": {
        "meanRet": 0.9803685927391053,
        "maxRet": 0.9891238808631897,
        "minRet": 0.9741691946983337
    },
    "MiniGrid-DoorKey-10x10-custom-diff0.91967792277423": {
        "meanRet": 0.9743051314353943,
        "maxRet": 0.9864048361778259,
        "minRet": 0.9626132845878601
    },
    "MiniGrid-DoorKey-12x12-custom-diff0.91967792277423": {
        "meanRet": 0.953314197063446,
        "maxRet": 0.978927493095398,
        "minRet": 0.9293051362037659
    }
}