{
    "model": "test12x12_75k_3step_3gen_3curric/epoch_5_curric1_gen2",
    "MiniGrid-DoorKey-6x6-custom-diff1": {
        "meanRet": 0.9880500030517578,
        "maxRet": 0.9925000071525574,
        "minRet": 0.984375
    },
    "MiniGrid-DoorKey-8x8-custom-diff1": {
        "meanRet": 0.9834500074386596,
        "maxRet": 0.9906250238418579,
        "minRet": 0.9787499904632568
    },
    "MiniGrid-DoorKey-10x10-custom-diff1": {
        "meanRet": 0.9713221192359924,
        "maxRet": 0.9925000071525574,
        "minRet": 0.9537500143051147
    },
    "MiniGrid-DoorKey-12x12-custom-diff1": {
        "meanRet": 0.9543750023841858,
        "maxRet": 0.9818750023841858,
        "minRet": 0.9325000047683716
    }
}