{
    "model": "test12x12_150k_3step_3gen_3curric/epoch_12_curric0_gen2",
    "MiniGrid-DoorKey-6x6-custom-diff0.8063807381558474": {
        "meanRet": 0.9842480587959289,
        "maxRet": 0.9922480583190918,
        "minRet": 0.9775193929672241
    },
    "MiniGrid-DoorKey-8x8-custom-diff0.8063807381558474": {
        "meanRet": 0.9782325530052185,
        "maxRet": 0.9891473054885864,
        "minRet": 0.9705426096916199
    },
    "MiniGrid-DoorKey-10x10-custom-diff0.8063807381558474": {
        "meanRet": 0.9691472840309143,
        "maxRet": 0.986821711063385,
        "minRet": 0.9596899151802063
    },
    "MiniGrid-DoorKey-12x12-custom-diff0.8063807381558474": {
        "meanRet": 0.9519069695472717,
        "maxRet": 0.9697674512863159,
        "minRet": 0.934108555316925
    }
}