{
    "model": "test12x12_100k_3step_3gen_3curric/epoch_31_curric0_gen1",
    "MiniGrid-DoorKey-6x6-custom-diff0.15": {
        "meanRet": 0.9174679471896245,
        "maxRet": 0.9583333134651184,
        "minRet": 0.887499988079071
    },
    "MiniGrid-DoorKey-8x8-custom-diff0.15": {
        "meanRet": 0.8674679467311273,
        "maxRet": 0.925000011920929,
        "minRet": 0.8208333253860474
    },
    "MiniGrid-DoorKey-10x10-custom-diff0.15": {
        "meanRet": 0.8211666703224182,
        "maxRet": 0.8999999761581421,
        "minRet": 0.7250000238418579
    },
    "MiniGrid-DoorKey-12x12-custom-diff0.15": {
        "meanRet": 0.7053333353996277,
        "maxRet": 0.8833333253860474,
        "minRet": 0.5416666865348816
    }
}