{
    "model": "test12x12_75k_3step_3gen_3curric/epoch_4_curric1_gen1",
    "MiniGrid-DoorKey-6x6-custom-diff1": {
        "meanRet": 0.9875499987602234,
        "maxRet": 0.9925000071525574,
        "minRet": 0.9837499856948853
    },
    "MiniGrid-DoorKey-8x8-custom-diff1": {
        "meanRet": 0.9822749996185303,
        "maxRet": 0.9881250262260437,
        "minRet": 0.9781249761581421
    },
    "MiniGrid-DoorKey-10x10-custom-diff1": {
        "meanRet": 0.9748500061035156,
        "maxRet": 0.9868749976158142,
        "minRet": 0.965624988079071
    },
    "MiniGrid-DoorKey-12x12-custom-diff1": {
        "meanRet": 0.9477546325436345,
        "maxRet": 0.981249988079071,
        "minRet": 0.9275000095367432
    }
}