{
    "model": "Rhea_Fr2\\epoch_4_curric1_gen1",
    "MiniGrid-DoorKey-5x5-custom-diff1": {
        "meanRet": 0.8893292546272278,
        "maxRet": 0.9012194871902466,
        "minRet": 0.8792682886123657
    },
    "MiniGrid-DoorKey-6x6-custom-diff1": {
        "meanRet": 0.8941176434357961,
        "maxRet": 0.924369752407074,
        "minRet": 0.8789916038513184
    },
    "MiniGrid-DoorKey-8x8-custom-diff1": {
        "meanRet": 0.8878199100494385,
        "maxRet": 0.9061611294746399,
        "minRet": 0.8677725195884705
    },
    "MiniGrid-DoorKey-16x16-custom-diff1": {
        "meanRet": 0.7428875744342804,
        "maxRet": 0.9275739789009094,
        "minRet": 0.6123076677322388
    }
}