{
    "model": "test12x12_100k_3step_3gen_3curric/epoch_46_curric2_gen1",
    "MiniGrid-DoorKey-6x6-custom-diff0.15": {
        "meanRet": 0.9091346149261181,
        "maxRet": 0.9416666626930237,
        "minRet": 0.8708333373069763
    },
    "MiniGrid-DoorKey-8x8-custom-diff0.15": {
        "meanRet": 0.8466666650772094,
        "maxRet": 0.9083333611488342,
        "minRet": 0.7875000238418579
    },
    "MiniGrid-DoorKey-10x10-custom-diff0.15": {
        "meanRet": 0.7928333353996276,
        "maxRet": 0.9125000238418579,
        "minRet": 0.6916666626930237
    },
    "MiniGrid-DoorKey-12x12-custom-diff0.15": {
        "meanRet": 0.5929999995231628,
        "maxRet": 0.8125,
        "minRet": 0.38333332538604736
    }
}