{
    "model": "test12x12_100k_3step_3gen_3curric/epoch_17_curric1_gen1",
    "MiniGrid-DoorKey-6x6-custom-diff0.7220715046045372": {
        "meanRet": 0.9819826722145081,
        "maxRet": 0.9887391924858093,
        "minRet": 0.9766121506690979
    },
    "MiniGrid-DoorKey-8x8-custom-diff0.7220715046045372": {
        "meanRet": 0.9712762260437011,
        "maxRet": 0.9835418462753296,
        "minRet": 0.9601539969444275
    },
    "MiniGrid-DoorKey-10x10-custom-diff0.7220715046045372": {
        "meanRet": 0.9642771887779236,
        "maxRet": 0.9809432029724121,
        "minRet": 0.9436958432197571
    },
    "MiniGrid-DoorKey-12x12-custom-diff0.7220715046045372": {
        "meanRet": 0.9392954730987548,
        "maxRet": 0.9696823954582214,
        "minRet": 0.8925890326499939
    }
}