{
    "model": "test12x12_100k_3step_4gen_3curric/epoch_8_curric0_gen1",
    "MiniGrid-DoorKey-6x6-custom-diff0.94467792277423": {
        "meanRet": 0.9862170404401319,
        "maxRet": 0.9920588135719299,
        "minRet": 0.9821323752403259
    },
    "MiniGrid-DoorKey-8x8-custom-diff0.94467792277423": {
        "meanRet": 0.98192058801651,
        "maxRet": 0.9913970828056335,
        "minRet": 0.9761765003204346
    },
    "MiniGrid-DoorKey-10x10-custom-diff0.94467792277423": {
        "meanRet": 0.97307941198349,
        "maxRet": 0.9841176271438599,
        "minRet": 0.9609558582305908
    },
    "MiniGrid-DoorKey-12x12-custom-diff0.94467792277423": {
        "meanRet": 0.9529352927207947,
        "maxRet": 0.9775000214576721,
        "minRet": 0.9285294413566589
    }
}