{
    "model": "test12x12_75k_3step_3gen_3curric/epoch_1_curric2_gen1",
    "MiniGrid-DoorKey-6x6-custom-diff1.0": {
        "meanRet": 0.06109375072022279,
        "maxRet": 0.9325000047683716,
        "minRet": 0.0
    },
    "MiniGrid-DoorKey-8x8-custom-diff1.0": {
        "meanRet": 0.0,
        "maxRet": 0.0,
        "minRet": 0.0
    },
    "MiniGrid-DoorKey-10x10-custom-diff1.0": {
        "meanRet": 0.011795833706855774,
        "maxRet": 0.5662000179290771,
        "minRet": 0.0
    },
    "MiniGrid-DoorKey-12x12-custom-diff1.0": {
        "meanRet": 0.0034244793156782785,
        "maxRet": 0.16437500715255737,
        "minRet": 0.0
    }
}