{
    "model": "SoRRH_2\\epoch_6_curric1",
    "MiniGrid-DoorKey-5x5-custom-diff0": {
        "meanRet": 0.954639983177185,
        "maxRet": 0.9675999879837036,
        "minRet": 0.9459999799728394
    },
    "MiniGrid-DoorKey-6x6-custom-diff0": {
        "meanRet": 0.9597727060317993,
        "maxRet": 0.9649999737739563,
        "minRet": 0.9549999833106995
    },
    "MiniGrid-DoorKey-8x8-custom-diff0": {
        "meanRet": 0.9603437542915344,
        "maxRet": 0.9775000214576721,
        "minRet": 0.9465625286102295
    },
    "MiniGrid-DoorKey-16x16-custom-diff0": {
        "meanRet": 0.9443476557731628,
        "maxRet": 0.9767968654632568,
        "minRet": 0.9054296612739563
    }
}