{
    "model": "test12x12_150k_3step_3gen_3curric/epoch_5_curric2_gen1",
    "MiniGrid-DoorKey-6x6-custom-diff0.9813807381558474": {
        "meanRet": 0.9878245958915124,
        "maxRet": 0.9923567175865173,
        "minRet": 0.9840764403343201
    },
    "MiniGrid-DoorKey-8x8-custom-diff0.9813807381558474": {
        "meanRet": 0.9817324805259705,
        "maxRet": 0.9891719818115234,
        "minRet": 0.9764330983161926
    },
    "MiniGrid-DoorKey-10x10-custom-diff0.9813807381558474": {
        "meanRet": 0.9710309108098348,
        "maxRet": 0.9898089170455933,
        "minRet": 0.9585987329483032
    },
    "MiniGrid-DoorKey-12x12-custom-diff0.9813807381558474": {
        "meanRet": 0.9572993636131286,
        "maxRet": 0.977707028388977,
        "minRet": 0.9382165670394897
    }
}