{
    "model": "Mo_Rhea1\\epoch_3_curric1_gen4",
    "MiniGrid-DoorKey-5x5-custom-diff2": {
        "meanRet": 0.6835164794555078,
        "maxRet": 0.7428571581840515,
        "minRet": 0.6464285850524902
    },
    "MiniGrid-DoorKey-6x6-custom-diff2": {
        "meanRet": 0.7197727344252847,
        "maxRet": 0.7749999761581421,
        "minRet": 0.6625000238418579
    },
    "MiniGrid-DoorKey-8x8-custom-diff2": {
        "meanRet": 0.6965714216232299,
        "maxRet": 0.8328571319580078,
        "minRet": 0.6271428465843201
    },
    "MiniGrid-DoorKey-16x16-custom-diff2": {
        "meanRet": 0.046808510553091764,
        "maxRet": 0.5659574270248413,
        "minRet": 0.0
    }
}