{
    "model": "test12x12_50k_3step_3gen_3curric/epoch_40_curric2_gen2",
    "MiniGrid-DoorKey-6x6-custom-diff0.17174750000000005": {
        "meanRet": 0.9342672061920166,
        "maxRet": 0.9562752842903137,
        "minRet": 0.9125506281852722
    },
    "MiniGrid-DoorKey-8x8-custom-diff0.17174750000000005": {
        "meanRet": 0.9086153817176819,
        "maxRet": 0.9417003989219666,
        "minRet": 0.8870445489883423
    },
    "MiniGrid-DoorKey-10x10-custom-diff0.17174750000000005": {
        "meanRet": 0.8672226762771607,
        "maxRet": 0.9417003989219666,
        "minRet": 0.8178137540817261
    },
    "MiniGrid-DoorKey-12x12-custom-diff0.17174750000000005": {
        "meanRet": 0.7806477785110474,
        "maxRet": 0.8724696636199951,
        "minRet": 0.6720647811889648
    }
}