{
    "model": "test12x12_75k_3step_3gen_3curric/epoch_6_curric2_gen2",
    "MiniGrid-DoorKey-6x6-custom-diff1": {
        "meanRet": 0.9883500099182129,
        "maxRet": 0.9925000071525574,
        "minRet": 0.984375
    },
    "MiniGrid-DoorKey-8x8-custom-diff1": {
        "meanRet": 0.9824999904632569,
        "maxRet": 0.987500011920929,
        "minRet": 0.9781249761581421
    },
    "MiniGrid-DoorKey-10x10-custom-diff1": {
        "meanRet": 0.9754249978065491,
        "maxRet": 0.9862499833106995,
        "minRet": 0.965624988079071
    },
    "MiniGrid-DoorKey-12x12-custom-diff1": {
        "meanRet": 0.9537980716962081,
        "maxRet": 0.9850000143051147,
        "minRet": 0.9393749833106995
    }
}