{
    "model": "test12x12_100k_3step_4gen_3curric/epoch_3_curric1_gen3",
    "MiniGrid-DoorKey-6x6-custom-diff1": {
        "meanRet": 0.9880769275701963,
        "maxRet": 0.9925000071525574,
        "minRet": 0.9850000143051147
    },
    "MiniGrid-DoorKey-8x8-custom-diff1": {
        "meanRet": 0.9819000005722046,
        "maxRet": 0.987500011920929,
        "minRet": 0.9762499928474426
    },
    "MiniGrid-DoorKey-10x10-custom-diff1": {
        "meanRet": 0.96875,
        "maxRet": 0.9856250286102295,
        "minRet": 0.9556249976158142
    },
    "MiniGrid-DoorKey-12x12-custom-diff1": {
        "meanRet": 0.947574999332428,
        "maxRet": 0.9743750095367432,
        "minRet": 0.921875
    }
}