{
    "model": "test12x12_100k_3step_4gen_3curric/epoch_18_curric2_gen2",
    "MiniGrid-DoorKey-6x6-custom-diff0.69467792277423": {
        "meanRet": 0.9845269299470462,
        "maxRet": 0.9909999966621399,
        "minRet": 0.9801999926567078
    },
    "MiniGrid-DoorKey-8x8-custom-diff0.69467792277423": {
        "meanRet": 0.9748360061645508,
        "maxRet": 0.9865000247955322,
        "minRet": 0.968500018119812
    },
    "MiniGrid-DoorKey-10x10-custom-diff0.69467792277423": {
        "meanRet": 0.9677080011367798,
        "maxRet": 0.9865000247955322,
        "minRet": 0.9541000127792358
    },
    "MiniGrid-DoorKey-12x12-custom-diff0.69467792277423": {
        "meanRet": 0.9511119985580444,
        "maxRet": 0.970300018787384,
        "minRet": 0.9279999732971191
    }
}