{
    "model": "test12x12_100k_3step_4gen_3curric/epoch_29_curric0_gen4",
    "MiniGrid-DoorKey-6x6-custom-diff0.15": {
        "meanRet": 0.9271666741371155,
        "maxRet": 0.949999988079071,
        "minRet": 0.9041666388511658
    },
    "MiniGrid-DoorKey-8x8-custom-diff0.15": {
        "meanRet": 0.8780000066757202,
        "maxRet": 0.9291666746139526,
        "minRet": 0.8541666865348816
    },
    "MiniGrid-DoorKey-10x10-custom-diff0.15": {
        "meanRet": 0.8183908010351246,
        "maxRet": 0.9458333253860474,
        "minRet": 0.7666666507720947
    },
    "MiniGrid-DoorKey-12x12-custom-diff0.15": {
        "meanRet": 0.7159999966621399,
        "maxRet": 0.8541666865348816,
        "minRet": 0.574999988079071
    }
}