{
    "model": "Rhea_SaRun2\\epoch_3_curric2_gen1",
    "MiniGrid-DoorKey-5x5-custom-diff2": {
        "meanRet": 0.5789285689592362,
        "maxRet": 0.7107142806053162,
        "minRet": 0.4535714387893677
    },
    "MiniGrid-DoorKey-6x6-custom-diff2": {
        "meanRet": 0.6152499973773956,
        "maxRet": 0.6850000023841858,
        "minRet": 0.5049999952316284
    },
    "MiniGrid-DoorKey-8x8-custom-diff2": {
        "meanRet": 0.5924285769462585,
        "maxRet": 0.704285740852356,
        "minRet": 0.550000011920929
    },
    "MiniGrid-DoorKey-16x16-custom-diff2": {
        "meanRet": 0.0701130316592753,
        "maxRet": 0.6968085169792175,
        "minRet": 0.0
    }
}