{
    "model": "test12x12_50k_3step_3gen_3curric/epoch_34_curric2_gen1",
    "MiniGrid-DoorKey-6x6-custom-diff0.4010602224432589": {
        "meanRet": 0.9662461137771606,
        "maxRet": 0.9812824726104736,
        "minRet": 0.954766035079956
    },
    "MiniGrid-DoorKey-8x8-custom-diff0.4010602224432589": {
        "meanRet": 0.9477157664299011,
        "maxRet": 0.9750433564186096,
        "minRet": 0.9282495379447937
    },
    "MiniGrid-DoorKey-10x10-custom-diff0.4010602224432589": {
        "meanRet": 0.9233206272125244,
        "maxRet": 0.9656845927238464,
        "minRet": 0.8970537185668945
    },
    "MiniGrid-DoorKey-12x12-custom-diff0.4010602224432589": {
        "meanRet": 0.8818301582336425,
        "maxRet": 0.9641247987747192,
        "minRet": 0.8206239342689514
    }
}