{
    "model": "test12x12_100k_4step_3gen_3curric/epoch_23_curric1_gen3",
    "MiniGrid-DoorKey-6x6-custom-diff0.15": {
        "meanRet": 0.9153333401679993,
        "maxRet": 0.9375,
        "minRet": 0.8958333134651184
    },
    "MiniGrid-DoorKey-8x8-custom-diff0.15": {
        "meanRet": 0.8225961533876566,
        "maxRet": 0.9125000238418579,
        "minRet": 0.7416666746139526
    },
    "MiniGrid-DoorKey-10x10-custom-diff0.15": {
        "meanRet": 0.6988782011545621,
        "maxRet": 0.9041666388511658,
        "minRet": 0.5041666626930237
    },
    "MiniGrid-DoorKey-12x12-custom-diff0.15": {
        "meanRet": 0.19391666620969772,
        "maxRet": 0.8374999761581421,
        "minRet": 0.0
    }
}