{
    "model": "test12x12_25k_3step_3gen_3curric/epoch_8_curric1_gen3",
    "MiniGrid-DoorKey-6x6-custom-diff1": {
        "meanRet": 0.9851000046730042,
        "maxRet": 0.9925000071525574,
        "minRet": 0.9787499904632568
    },
    "MiniGrid-DoorKey-8x8-custom-diff1": {
        "meanRet": 0.9766249990463257,
        "maxRet": 0.9893749952316284,
        "minRet": 0.965624988079071
    },
    "MiniGrid-DoorKey-10x10-custom-diff1": {
        "meanRet": 0.9649249982833862,
        "maxRet": 0.984375,
        "minRet": 0.9275000095367432
    },
    "MiniGrid-DoorKey-12x12-custom-diff1": {
        "meanRet": 0.9291000008583069,
        "maxRet": 0.9737499952316284,
        "minRet": 0.8856250047683716
    }
}