{
    "model": "test12x12_50k_3step_3gen_3curric/epoch_12_curric2_gen1",
    "MiniGrid-DoorKey-6x6-custom-diff0.9510602224432589": {
        "meanRet": 0.9874828314781189,
        "maxRet": 0.9914535880088806,
        "minRet": 0.9842220544815063
    },
    "MiniGrid-DoorKey-8x8-custom-diff0.9510602224432589": {
        "meanRet": 0.9812505531311035,
        "maxRet": 0.9875091314315796,
        "minRet": 0.9750182628631592
    },
    "MiniGrid-DoorKey-10x10-custom-diff0.9510602224432589": {
        "meanRet": 0.9721519374847412,
        "maxRet": 0.982907235622406,
        "minRet": 0.9644996523857117
    },
    "MiniGrid-DoorKey-12x12-custom-diff0.9510602224432589": {
        "meanRet": 0.9549276876449585,
        "maxRet": 0.9776479005813599,
        "minRet": 0.9408327341079712
    }
}