{
    "model": "test12x12_100k_3step_3gen_3curric/epoch_19_curric0_gen1",
    "MiniGrid-DoorKey-6x6-custom-diff0.6720715046045371": {
        "meanRet": 0.9817207813262939,
        "maxRet": 0.9897621273994446,
        "minRet": 0.9758014678955078
    },
    "MiniGrid-DoorKey-8x8-custom-diff0.6720715046045371": {
        "meanRet": 0.9699665926969968,
        "maxRet": 0.9851085543632507,
        "minRet": 0.9590486288070679
    },
    "MiniGrid-DoorKey-10x10-custom-diff0.6720715046045371": {
        "meanRet": 0.9564426064491272,
        "maxRet": 0.9776628613471985,
        "minRet": 0.9367114901542664
    },
    "MiniGrid-DoorKey-12x12-custom-diff0.6720715046045371": {
        "meanRet": 0.9332119941711425,
        "maxRet": 0.9748707413673401,
        "minRet": 0.8706308007240295
    }
}