{
    "model": "test12x12_25k_3step_3gen_3curric/epoch_24_curric1_gen3",
    "MiniGrid-DoorKey-6x6-custom-diff0.8319142875744653": {
        "meanRet": 0.9862058965059427,
        "maxRet": 0.9909774661064148,
        "minRet": 0.9827067852020264
    },
    "MiniGrid-DoorKey-8x8-custom-diff0.8319142875744653": {
        "meanRet": 0.9780562475875572,
        "maxRet": 0.9864661693572998,
        "minRet": 0.9721804261207581
    },
    "MiniGrid-DoorKey-10x10-custom-diff0.8319142875744653": {
        "meanRet": 0.9683921382977412,
        "maxRet": 0.9796992540359497,
        "minRet": 0.9609022736549377
    },
    "MiniGrid-DoorKey-12x12-custom-diff0.8319142875744653": {
        "meanRet": 0.9430977439880371,
        "maxRet": 0.9751879572868347,
        "minRet": 0.9180451035499573
    }
}