{
    "model": "test12x12_100k_3step_3gen_3curric/epoch_29_curric1_gen3",
    "MiniGrid-DoorKey-6x6-custom-diff0.15": {
        "meanRet": 0.9108333325386048,
        "maxRet": 0.9375,
        "minRet": 0.875
    },
    "MiniGrid-DoorKey-8x8-custom-diff0.15": {
        "meanRet": 0.8566666674613953,
        "maxRet": 0.925000011920929,
        "minRet": 0.8041666746139526
    },
    "MiniGrid-DoorKey-10x10-custom-diff0.15": {
        "meanRet": 0.8251666569709778,
        "maxRet": 0.9375,
        "minRet": 0.7166666388511658
    },
    "MiniGrid-DoorKey-12x12-custom-diff0.15": {
        "meanRet": 0.7191666722297668,
        "maxRet": 0.862500011920929,
        "minRet": 0.5541666746139526
    }
}