{
    "model": "test12x12_100k_3step_4gen_3curric/epoch_15_curric1_gen2",
    "MiniGrid-DoorKey-6x6-custom-diff0.76967792277423": {
        "meanRet": 0.9852541043208196,
        "maxRet": 0.9902527332305908,
        "minRet": 0.9821299910545349
    },
    "MiniGrid-DoorKey-8x8-custom-diff0.76967792277423": {
        "meanRet": 0.9764440393447876,
        "maxRet": 0.9878158569335938,
        "minRet": 0.9699458479881287
    },
    "MiniGrid-DoorKey-10x10-custom-diff0.76967792277423": {
        "meanRet": 0.9697184109687805,
        "maxRet": 0.9894404411315918,
        "minRet": 0.9520758390426636
    },
    "MiniGrid-DoorKey-12x12-custom-diff0.76967792277423": {
        "meanRet": 0.9499314093589782,
        "maxRet": 0.974007248878479,
        "minRet": 0.9325812458992004
    }
}