{
    "model": "test12x12_75k_3step_3gen_3curric/epoch_36_curric1_gen1",
    "MiniGrid-DoorKey-6x6-custom-diff0.15": {
        "meanRet": 0.9190476217440197,
        "maxRet": 0.949999988079071,
        "minRet": 0.887499988079071
    },
    "MiniGrid-DoorKey-8x8-custom-diff0.15": {
        "meanRet": 0.8864999985694886,
        "maxRet": 0.9333333373069763,
        "minRet": 0.8416666388511658
    },
    "MiniGrid-DoorKey-10x10-custom-diff0.15": {
        "meanRet": 0.8306666707992554,
        "maxRet": 0.9208333492279053,
        "minRet": 0.7791666388511658
    },
    "MiniGrid-DoorKey-12x12-custom-diff0.15": {
        "meanRet": 0.6693333268165589,
        "maxRet": 0.8791666626930237,
        "minRet": 0.5208333134651184
    }
}