{
    "model": "test12x12_25k_3step_3gen_3curric/epoch_21_curric1_gen2",
    "MiniGrid-DoorKey-6x6-custom-diff0.9069142875744653": {
        "meanRet": 0.9874270650056692,
        "maxRet": 0.9896551966667175,
        "minRet": 0.9848275780677795
    },
    "MiniGrid-DoorKey-8x8-custom-diff0.9069142875744653": {
        "meanRet": 0.9793103528022766,
        "maxRet": 0.9882758855819702,
        "minRet": 0.9724137783050537
    },
    "MiniGrid-DoorKey-10x10-custom-diff0.9069142875744653": {
        "meanRet": 0.9701517248153686,
        "maxRet": 0.9813793301582336,
        "minRet": 0.9558620452880859
    },
    "MiniGrid-DoorKey-12x12-custom-diff0.9069142875744653": {
        "meanRet": 0.9530206799507142,
        "maxRet": 0.973793089389801,
        "minRet": 0.930344820022583
    }
}