{
    "model": "test12x12_75k_3step_3gen_3curric/epoch_6_curric1_gen3",
    "MiniGrid-DoorKey-6x6-custom-diff1": {
        "meanRet": 0.988025004863739,
        "maxRet": 0.9925000071525574,
        "minRet": 0.9837499856948853
    },
    "MiniGrid-DoorKey-8x8-custom-diff1": {
        "meanRet": 0.9821999979019165,
        "maxRet": 0.9925000071525574,
        "minRet": 0.9787499904632568
    },
    "MiniGrid-DoorKey-10x10-custom-diff1": {
        "meanRet": 0.9695749974250794,
        "maxRet": 0.9825000166893005,
        "minRet": 0.9587500095367432
    },
    "MiniGrid-DoorKey-12x12-custom-diff1": {
        "meanRet": 0.9545000076293946,
        "maxRet": 0.9806249737739563,
        "minRet": 0.9300000071525574
    }
}