{
    "model": "test12x12_75k_3step_3gen_3curric/epoch_38_curric1_gen3",
    "MiniGrid-DoorKey-6x6-custom-diff0.15": {
        "meanRet": 0.9310897497030405,
        "maxRet": 0.9583333134651184,
        "minRet": 0.9125000238418579
    },
    "MiniGrid-DoorKey-8x8-custom-diff0.15": {
        "meanRet": 0.8876602535064404,
        "maxRet": 0.9541666507720947,
        "minRet": 0.8583333492279053
    },
    "MiniGrid-DoorKey-10x10-custom-diff0.15": {
        "meanRet": 0.8416666746139526,
        "maxRet": 0.9291666746139526,
        "minRet": 0.7708333134651184
    },
    "MiniGrid-DoorKey-12x12-custom-diff0.15": {
        "meanRet": 0.7537037023791561,
        "maxRet": 0.887499988079071,
        "minRet": 0.6458333134651184
    }
}