{
    "model": "test12x12_50k_3step_3gen_3curric/epoch_17_curric2_gen1",
    "MiniGrid-DoorKey-6x6-custom-diff0.8260602224432589": {
        "meanRet": 0.9843663114767808,
        "maxRet": 0.9916736483573914,
        "minRet": 0.9795626401901245
    },
    "MiniGrid-DoorKey-8x8-custom-diff0.8260602224432589": {
        "meanRet": 0.9787754511833191,
        "maxRet": 0.9878889918327332,
        "minRet": 0.9735071659088135
    },
    "MiniGrid-DoorKey-10x10-custom-diff0.8260602224432589": {
        "meanRet": 0.9677846956253052,
        "maxRet": 0.9856181740760803,
        "minRet": 0.956854522228241
    },
    "MiniGrid-DoorKey-12x12-custom-diff0.8260602224432589": {
        "meanRet": 0.9493153882026673,
        "maxRet": 0.9697224497795105,
        "minRet": 0.9311186075210571
    }
}