{
    "model": "DO_11_05_RHEA_PARA_ENV_1\\epoch_11_curric2_gen1",
    "MiniGrid-DoorKey-5x5-custom-diff2": {
        "meanRet": 0.6657142877578736,
        "maxRet": 0.7107142806053162,
        "minRet": 0.6464285850524902
    },
    "MiniGrid-DoorKey-6x6-custom-diff2": {
        "meanRet": 0.7097500026226043,
        "maxRet": 0.7749999761581421,
        "minRet": 0.6399999856948853
    },
    "MiniGrid-DoorKey-8x8-custom-diff2": {
        "meanRet": 0.6322857171297074,
        "maxRet": 0.7557142972946167,
        "minRet": 0.48571428656578064
    },
    "MiniGrid-DoorKey-16x16-custom-diff2": {
        "meanRet": 0.0,
        "maxRet": 0.0,
        "minRet": 0.0
    }
}