{
    "model": "test12x12_100k_3step_3gen_3curric/epoch_8_curric0_gen2",
    "MiniGrid-DoorKey-6x6-custom-diff0.9470715046045372": {
        "meanRet": 0.9854732179641723,
        "maxRet": 0.9914159774780273,
        "minRet": 0.978870153427124
    },
    "MiniGrid-DoorKey-8x8-custom-diff0.9470715046045372": {
        "meanRet": 0.9721878194808959,
        "maxRet": 0.9854732155799866,
        "minRet": 0.9584006071090698
    },
    "MiniGrid-DoorKey-10x10-custom-diff0.9470715046045372": {
        "meanRet": 0.9592193627357483,
        "maxRet": 0.9808510541915894,
        "minRet": 0.913499653339386
    },
    "MiniGrid-DoorKey-12x12-custom-diff0.9470715046045372": {
        "meanRet": 0.9274453377723694,
        "maxRet": 0.9801907539367676,
        "minRet": 0.8732208609580994
    }
}