{
    "model": "test12x12_150k_3step_3gen_3curric/epoch_16_curric2_gen3",
    "MiniGrid-DoorKey-6x6-custom-diff0.7063807381558473": {
        "meanRet": 0.9812743353843689,
        "maxRet": 0.9893805384635925,
        "minRet": 0.9743362665176392
    },
    "MiniGrid-DoorKey-8x8-custom-diff0.7063807381558473": {
        "meanRet": 0.9727365672588348,
        "maxRet": 0.9876106381416321,
        "minRet": 0.9601770043373108
    },
    "MiniGrid-DoorKey-10x10-custom-diff0.7063807381558473": {
        "meanRet": 0.9601061987876892,
        "maxRet": 0.9796460270881653,
        "minRet": 0.9398230314254761
    },
    "MiniGrid-DoorKey-12x12-custom-diff0.7063807381558473": {
        "meanRet": 0.9452389407157898,
        "maxRet": 0.9805309772491455,
        "minRet": 0.9115044474601746
    }
}