{
    "model": "test12x12_50k_3step_3gen_3curric/epoch_13_curric2_gen1",
    "MiniGrid-DoorKey-6x6-custom-diff0.9260602224432589": {
        "meanRet": 0.9854963664655332,
        "maxRet": 0.9912227988243103,
        "minRet": 0.9797449111938477
    },
    "MiniGrid-DoorKey-8x8-custom-diff0.9260602224432589": {
        "meanRet": 0.9741618105998406,
        "maxRet": 0.9858214259147644,
        "minRet": 0.9662415385246277
    },
    "MiniGrid-DoorKey-10x10-custom-diff0.9260602224432589": {
        "meanRet": 0.9652693152427674,
        "maxRet": 0.9871717691421509,
        "minRet": 0.9453113079071045
    },
    "MiniGrid-DoorKey-12x12-custom-diff0.9260602224432589": {
        "meanRet": 0.9242512537882879,
        "maxRet": 0.9797449111938477,
        "minRet": 0.8892723321914673
    }
}