{
    "model": "test12x12_25k_3step_3gen_3curric/epoch_45_curric2_gen1",
    "MiniGrid-DoorKey-6x6-custom-diff0.30691428757446526": {
        "meanRet": 0.9648163223266601,
        "maxRet": 0.9755101799964905,
        "minRet": 0.9551020264625549
    },
    "MiniGrid-DoorKey-8x8-custom-diff0.30691428757446526": {
        "meanRet": 0.9406593441963196,
        "maxRet": 0.9714285731315613,
        "minRet": 0.9244897961616516
    },
    "MiniGrid-DoorKey-10x10-custom-diff0.30691428757446526": {
        "meanRet": 0.9181318718653458,
        "maxRet": 0.9612244963645935,
        "minRet": 0.8918367624282837
    },
    "MiniGrid-DoorKey-12x12-custom-diff0.30691428757446526": {
        "meanRet": 0.8636577679560735,
        "maxRet": 0.9326530694961548,
        "minRet": 0.8204081654548645
    }
}