{
    "model": "test12x12_75k_3step_3gen_3curric/epoch_5_curric1_gen3",
    "MiniGrid-DoorKey-6x6-custom-diff1": {
        "meanRet": 0.9871634657566364,
        "maxRet": 0.9925000071525574,
        "minRet": 0.9831249713897705
    },
    "MiniGrid-DoorKey-8x8-custom-diff1": {
        "meanRet": 0.9796249961853027,
        "maxRet": 0.9900000095367432,
        "minRet": 0.9706249833106995
    },
    "MiniGrid-DoorKey-10x10-custom-diff1": {
        "meanRet": 0.9695913516558133,
        "maxRet": 0.987500011920929,
        "minRet": 0.953125
    },
    "MiniGrid-DoorKey-12x12-custom-diff1": {
        "meanRet": 0.9492750000953675,
        "maxRet": 0.9750000238418579,
        "minRet": 0.921875
    }
}