{
    "model": "Mo_Rhea1\\epoch_1_curric1_gen2",
    "MiniGrid-DoorKey-5x5-custom-diff0": {
        "meanRet": 0.027375000528991222,
        "maxRet": 0.36640000343322754,
        "minRet": 0.0
    },
    "MiniGrid-DoorKey-6x6-custom-diff0": {
        "meanRet": 0.008906249888241291,
        "maxRet": 0.2849999964237213,
        "minRet": 0.0
    },
    "MiniGrid-DoorKey-8x8-custom-diff0": {
        "meanRet": 0.012397460639476776,
        "maxRet": 0.39671874046325684,
        "minRet": 0.0
    },
    "MiniGrid-DoorKey-16x16-custom-diff0": {
        "meanRet": 0.0,
        "maxRet": 0.0,
        "minRet": 0.0
    }
}