{
    "model": "test12x12_50k_3step_3gen_3curric/epoch_9_curric0_gen3",
    "MiniGrid-DoorKey-6x6-custom-diff1": {
        "meanRet": 0.9888221163016099,
        "maxRet": 0.9925000071525574,
        "minRet": 0.9850000143051147
    },
    "MiniGrid-DoorKey-8x8-custom-diff1": {
        "meanRet": 0.9817499995231629,
        "maxRet": 0.9881250262260437,
        "minRet": 0.9768750071525574
    },
    "MiniGrid-DoorKey-10x10-custom-diff1": {
        "meanRet": 0.9719500017166137,
        "maxRet": 0.987500011920929,
        "minRet": 0.9574999809265137
    },
    "MiniGrid-DoorKey-12x12-custom-diff1": {
        "meanRet": 0.9528999996185302,
        "maxRet": 0.981249988079071,
        "minRet": 0.9268749952316284
    }
}