{
    "model": "test12x12_25k_3step_3gen_3curric/epoch_48_curric1_gen2",
    "MiniGrid-DoorKey-6x6-custom-diff0.2319142875744653": {
        "meanRet": 0.9508108067512512,
        "maxRet": 0.9675675630569458,
        "minRet": 0.9351351261138916
    },
    "MiniGrid-DoorKey-8x8-custom-diff0.2319142875744653": {
        "meanRet": 0.9234927250788763,
        "maxRet": 0.9567567706108093,
        "minRet": 0.9108108282089233
    },
    "MiniGrid-DoorKey-10x10-custom-diff0.2319142875744653": {
        "meanRet": 0.884540536403656,
        "maxRet": 0.9594594836235046,
        "minRet": 0.837837815284729
    },
    "MiniGrid-DoorKey-12x12-custom-diff0.2319142875744653": {
        "meanRet": 0.8195675683021545,
        "maxRet": 0.9216216206550598,
        "minRet": 0.7189189195632935
    }
}