{
    "model": "SoRRH_2\\epoch_9_curric0",
    "MiniGrid-DoorKey-5x5-custom-diff0": {
        "meanRet": 0.9578799843788147,
        "maxRet": 0.9675999879837036,
        "minRet": 0.9531999826431274
    },
    "MiniGrid-DoorKey-6x6-custom-diff0": {
        "meanRet": 0.9607499837875366,
        "maxRet": 0.9700000286102295,
        "minRet": 0.9524999856948853
    },
    "MiniGrid-DoorKey-8x8-custom-diff0": {
        "meanRet": 0.9575312495231628,
        "maxRet": 0.9704687595367432,
        "minRet": 0.9451562762260437
    },
    "MiniGrid-DoorKey-16x16-custom-diff0": {
        "meanRet": 0.9297578036785126,
        "maxRet": 0.96484375,
        "minRet": 0.8955859541893005
    }
}