{
    "model": "test12x12_100k_3step_3gen_3curric/epoch_49_curric0_gen1",
    "MiniGrid-DoorKey-6x6-custom-diff0.15": {
        "meanRet": 0.9166666650772095,
        "maxRet": 0.9458333253860474,
        "minRet": 0.8958333134651184
    },
    "MiniGrid-DoorKey-8x8-custom-diff0.15": {
        "meanRet": 0.8668333387374878,
        "maxRet": 0.9166666865348816,
        "minRet": 0.7875000238418579
    },
    "MiniGrid-DoorKey-10x10-custom-diff0.15": {
        "meanRet": 0.8323333287239074,
        "maxRet": 0.9375,
        "minRet": 0.7291666865348816
    },
    "MiniGrid-DoorKey-12x12-custom-diff0.15": {
        "meanRet": 0.7384999990463257,
        "maxRet": 0.875,
        "minRet": 0.5333333611488342
    }
}