{
    "model": "test12x12_150k_3step_3gen_3curric/epoch_3_curric2_gen3",
    "MiniGrid-DoorKey-6x6-custom-diff1": {
        "meanRet": 0.9874038489965292,
        "maxRet": 0.9918749928474426,
        "minRet": 0.9818750023841858
    },
    "MiniGrid-DoorKey-8x8-custom-diff1": {
        "meanRet": 0.9810249948501587,
        "maxRet": 0.9893749952316284,
        "minRet": 0.9731249809265137
    },
    "MiniGrid-DoorKey-10x10-custom-diff1": {
        "meanRet": 0.9727999997138977,
        "maxRet": 0.9900000095367432,
        "minRet": 0.9624999761581421
    },
    "MiniGrid-DoorKey-12x12-custom-diff1": {
        "meanRet": 0.9592249989509583,
        "maxRet": 0.9793750047683716,
        "minRet": 0.9387500286102295
    }
}