{
    "model": "test12x12_25k_3step_3gen_3curric/epoch_48_curric0_gen3",
    "MiniGrid-DoorKey-6x6-custom-diff0.2319142875744653": {
        "meanRet": 0.9486486482620239,
        "maxRet": 0.9675675630569458,
        "minRet": 0.9351351261138916
    },
    "MiniGrid-DoorKey-8x8-custom-diff0.2319142875744653": {
        "meanRet": 0.9195675754547119,
        "maxRet": 0.9594594836235046,
        "minRet": 0.8945946097373962
    },
    "MiniGrid-DoorKey-10x10-custom-diff0.2319142875744653": {
        "meanRet": 0.8900207900083982,
        "maxRet": 0.9432432651519775,
        "minRet": 0.837837815284729
    },
    "MiniGrid-DoorKey-12x12-custom-diff0.2319142875744653": {
        "meanRet": 0.8052972936630249,
        "maxRet": 0.9189189076423645,
        "minRet": 0.7216216325759888
    }
}