{
    "model": "test12x12_150k_3step_3gen_3curric/epoch_16_curric0_gen3",
    "MiniGrid-DoorKey-6x6-custom-diff0.7063807381558473": {
        "meanRet": 0.9841729081594027,
        "maxRet": 0.991150438785553,
        "minRet": 0.9787610769271851
    },
    "MiniGrid-DoorKey-8x8-custom-diff0.7063807381558473": {
        "meanRet": 0.9760721555122962,
        "maxRet": 0.9858406782150269,
        "minRet": 0.9707964658737183
    },
    "MiniGrid-DoorKey-10x10-custom-diff0.7063807381558473": {
        "meanRet": 0.9690265536308289,
        "maxRet": 0.9884955883026123,
        "minRet": 0.9566371440887451
    },
    "MiniGrid-DoorKey-12x12-custom-diff0.7063807381558473": {
        "meanRet": 0.9454159283638001,
        "maxRet": 0.9707964658737183,
        "minRet": 0.9150442481040955
    }
}