{
    "model": "SoRRH_3\\epoch_6_curric0",
    "MiniGrid-DoorKey-5x5-custom-diff2": {
        "meanRet": 0.6973214348157247,
        "maxRet": 0.7428571581840515,
        "minRet": 0.6464285850524902
    },
    "MiniGrid-DoorKey-6x6-custom-diff2": {
        "meanRet": 0.7232500076293945,
        "maxRet": 0.8199999928474426,
        "minRet": 0.6175000071525574
    },
    "MiniGrid-DoorKey-8x8-custom-diff2": {
        "meanRet": 0.419090906327421,
        "maxRet": 0.8199999928474426,
        "minRet": 0.2028571367263794
    },
    "MiniGrid-DoorKey-16x16-custom-diff2": {
        "meanRet": 0.006693262606859207,
        "maxRet": 0.16063830256462097,
        "minRet": 0.0
    }
}