{
    "model": "test12x12_100k_3step_3gen_3curric/epoch_46_curric0_gen3",
    "MiniGrid-DoorKey-6x6-custom-diff0.15": {
        "meanRet": 0.9145000004768371,
        "maxRet": 0.9458333253860474,
        "minRet": 0.8791666626930237
    },
    "MiniGrid-DoorKey-8x8-custom-diff0.15": {
        "meanRet": 0.8421666622161865,
        "maxRet": 0.925000011920929,
        "minRet": 0.8041666746139526
    },
    "MiniGrid-DoorKey-10x10-custom-diff0.15": {
        "meanRet": 0.7834935898964221,
        "maxRet": 0.9083333611488342,
        "minRet": 0.6458333134651184
    },
    "MiniGrid-DoorKey-12x12-custom-diff0.15": {
        "meanRet": 0.669333336353302,
        "maxRet": 0.9083333611488342,
        "minRet": 0.4166666567325592
    }
}