{
    "model": "test12x12_150k_3step_3gen_3curric/epoch_15_curric0_gen1",
    "MiniGrid-DoorKey-6x6-custom-diff0.7313807381558474": {
        "meanRet": 0.984681113408162,
        "maxRet": 0.9897435903549194,
        "minRet": 0.9794871807098389
    },
    "MiniGrid-DoorKey-8x8-custom-diff0.7313807381558474": {
        "meanRet": 0.9738987317452064,
        "maxRet": 0.9854700565338135,
        "minRet": 0.9649572372436523
    },
    "MiniGrid-DoorKey-10x10-custom-diff0.7313807381558474": {
        "meanRet": 0.9570940041542053,
        "maxRet": 0.9820512533187866,
        "minRet": 0.9350427389144897
    },
    "MiniGrid-DoorKey-12x12-custom-diff0.7313807381558474": {
        "meanRet": 0.9265640902519227,
        "maxRet": 0.976068377494812,
        "minRet": 0.8777777552604675
    }
}