{
    "model": "test12x12_75k_3step_3gen_3curric/epoch_2_curric2_gen1",
    "MiniGrid-DoorKey-6x6-custom-diff1": {
        "meanRet": 0.16153061389923096,
        "maxRet": 0.8199999928474426,
        "minRet": 0.0
    },
    "MiniGrid-DoorKey-8x8-custom-diff1": {
        "meanRet": 0.02407552053531011,
        "maxRet": 0.59375,
        "minRet": 0.0
    },
    "MiniGrid-DoorKey-10x10-custom-diff1": {
        "meanRet": 0.0,
        "maxRet": 0.0,
        "minRet": 0.0
    },
    "MiniGrid-DoorKey-12x12-custom-diff1": {
        "meanRet": 0.017291666318972904,
        "maxRet": 0.8299999833106995,
        "minRet": 0.0
    }
}