{
    "model": "test12x12_75k_3step_3gen_3curric/epoch_18_curric2_gen2",
    "MiniGrid-DoorKey-6x6-custom-diff0.7065023600555896": {
        "meanRet": 0.9824029963750106,
        "maxRet": 0.9893805384635925,
        "minRet": 0.9761061668395996
    },
    "MiniGrid-DoorKey-8x8-custom-diff0.7065023600555896": {
        "meanRet": 0.9737699055671691,
        "maxRet": 0.9858406782150269,
        "minRet": 0.9654867053031921
    },
    "MiniGrid-DoorKey-10x10-custom-diff0.7065023600555896": {
        "meanRet": 0.9616991209983826,
        "maxRet": 0.9840707778930664,
        "minRet": 0.943362832069397
    },
    "MiniGrid-DoorKey-12x12-custom-diff0.7065023600555896": {
        "meanRet": 0.9348672580718994,
        "maxRet": 0.9707964658737183,
        "minRet": 0.9026548862457275
    }
}