{
    "model": "test12x12_50k_3step_3gen_3curric/epoch_11_curric1_gen3",
    "MiniGrid-DoorKey-6x6-custom-diff0.9760602224432589": {
        "meanRet": 0.9849712665264423,
        "maxRet": 0.9910320043563843,
        "minRet": 0.98014235496521
    },
    "MiniGrid-DoorKey-8x8-custom-diff0.9760602224432589": {
        "meanRet": 0.976222059726715,
        "maxRet": 0.9865480661392212,
        "minRet": 0.969893217086792
    },
    "MiniGrid-DoorKey-10x10-custom-diff0.9760602224432589": {
        "meanRet": 0.9690733146667481,
        "maxRet": 0.9839857816696167,
        "minRet": 0.9583629965782166
    },
    "MiniGrid-DoorKey-12x12-custom-diff0.9760602224432589": {
        "meanRet": 0.9513423514366149,
        "maxRet": 0.9865480661392212,
        "minRet": 0.9205694198608398
    }
}