{
    "model": "test12x12_25k_3step_3gen_3curric/epoch_40_curric1_gen2",
    "MiniGrid-DoorKey-6x6-custom-diff0.43191428757446526": {
        "meanRet": 0.9712732923882348,
        "maxRet": 0.9826086759567261,
        "minRet": 0.9637681245803833
    },
    "MiniGrid-DoorKey-8x8-custom-diff0.43191428757446526": {
        "meanRet": 0.9539576379152445,
        "maxRet": 0.9739130139350891,
        "minRet": 0.9405797123908997
    },
    "MiniGrid-DoorKey-10x10-custom-diff0.43191428757446526": {
        "meanRet": 0.9350144982337951,
        "maxRet": 0.9594202637672424,
        "minRet": 0.9101449251174927
    },
    "MiniGrid-DoorKey-12x12-custom-diff0.43191428757446526": {
        "meanRet": 0.889101448059082,
        "maxRet": 0.9376811385154724,
        "minRet": 0.8362318873405457
    }
}