{
    "model": "test12x12_100k_3step_4gen_3curric/epoch_25_curric0_gen2",
    "MiniGrid-DoorKey-6x6-custom-diff0.15": {
        "meanRet": 0.9206845270735877,
        "maxRet": 0.9583333134651184,
        "minRet": 0.8958333134651184
    },
    "MiniGrid-DoorKey-8x8-custom-diff0.15": {
        "meanRet": 0.8766025625742399,
        "maxRet": 0.925000011920929,
        "minRet": 0.8416666388511658
    },
    "MiniGrid-DoorKey-10x10-custom-diff0.15": {
        "meanRet": 0.8380000019073486,
        "maxRet": 0.925000011920929,
        "minRet": 0.7875000238418579
    },
    "MiniGrid-DoorKey-12x12-custom-diff0.15": {
        "meanRet": 0.7444999957084656,
        "maxRet": 0.8583333492279053,
        "minRet": 0.6291666626930237
    }
}