{
    "model": "test12x12_75k_3step_3gen_3curric/epoch_12_curric1_gen2",
    "MiniGrid-DoorKey-6x6-custom-diff0.8565023600555897": {
        "meanRet": 0.9865401458740234,
        "maxRet": 0.9912408590316772,
        "minRet": 0.9817517995834351
    },
    "MiniGrid-DoorKey-8x8-custom-diff0.8565023600555897": {
        "meanRet": 0.9788613128662109,
        "maxRet": 0.9868612885475159,
        "minRet": 0.9715328216552734
    },
    "MiniGrid-DoorKey-10x10-custom-diff0.8565023600555897": {
        "meanRet": 0.9694782385119686,
        "maxRet": 0.9875912666320801,
        "minRet": 0.9503649473190308
    },
    "MiniGrid-DoorKey-12x12-custom-diff0.8565023600555897": {
        "meanRet": 0.9479999995231628,
        "maxRet": 0.9686131477355957,
        "minRet": 0.9270073175430298
    }
}