{
    "model": "test12x12_100k_3step_3gen_3curric/epoch_32_curric2_gen2",
    "MiniGrid-DoorKey-6x6-custom-diff0.15": {
        "meanRet": 0.9058333301544189,
        "maxRet": 0.9458333253860474,
        "minRet": 0.862500011920929
    },
    "MiniGrid-DoorKey-8x8-custom-diff0.15": {
        "meanRet": 0.8571666646003723,
        "maxRet": 0.9125000238418579,
        "minRet": 0.7958333492279053
    },
    "MiniGrid-DoorKey-10x10-custom-diff0.15": {
        "meanRet": 0.7976666712760925,
        "maxRet": 0.9166666865348816,
        "minRet": 0.675000011920929
    },
    "MiniGrid-DoorKey-12x12-custom-diff0.15": {
        "meanRet": 0.6969999933242798,
        "maxRet": 0.8791666626930237,
        "minRet": 0.375
    }
}