{
    "model": "SO_RHEA_2PARA_5GEN_14May\\epoch_11_curric1_gen3",
    "MiniGrid-DoorKey-5x5-custom-diff2": {
        "meanRet": 0.7080357074737549,
        "maxRet": 0.7428571581840515,
        "minRet": 0.6785714030265808
    },
    "MiniGrid-DoorKey-6x6-custom-diff2": {
        "meanRet": 0.7299999952316284,
        "maxRet": 0.8199999928474426,
        "minRet": 0.6850000023841858
    },
    "MiniGrid-DoorKey-8x8-custom-diff2": {
        "meanRet": 0.7615584514357827,
        "maxRet": 0.8199999928474426,
        "minRet": 0.7300000190734863
    },
    "MiniGrid-DoorKey-16x16-custom-diff2": {
        "meanRet": 0.5334042549133301,
        "maxRet": 0.7861701846122742,
        "minRet": 0.24042552709579468
    }
}