{
    "model": "Rhea_Fr2\\epoch_1_curric1_gen2",
    "MiniGrid-DoorKey-5x5-custom-diff0": {
        "meanRet": 0.15921249939128757,
        "maxRet": 0.920799970626831,
        "minRet": 0.0
    },
    "MiniGrid-DoorKey-6x6-custom-diff0": {
        "meanRet": 0.05539062526077032,
        "maxRet": 0.8500000238418579,
        "minRet": 0.0
    },
    "MiniGrid-DoorKey-8x8-custom-diff0": {
        "meanRet": 0.034990234300494194,
        "maxRet": 0.5865625143051147,
        "minRet": 0.0
    },
    "MiniGrid-DoorKey-16x16-custom-diff0": {
        "meanRet": 0.018187256529927254,
        "maxRet": 0.5819922089576721,
        "minRet": 0.0
    }
}