{
    "model": "test12x12_25k_3step_3gen_3curric/epoch_22_curric2_gen3",
    "MiniGrid-DoorKey-6x6-custom-diff0.8819142875744653": {
        "meanRet": 0.9871489381790162,
        "maxRet": 0.9914893507957458,
        "minRet": 0.9836879372596741
    },
    "MiniGrid-DoorKey-8x8-custom-diff0.8819142875744653": {
        "meanRet": 0.9811914920806885,
        "maxRet": 0.9886524677276611,
        "minRet": 0.9758865237236023
    },
    "MiniGrid-DoorKey-10x10-custom-diff0.8819142875744653": {
        "meanRet": 0.9684822726249694,
        "maxRet": 0.978723406791687,
        "minRet": 0.9553191661834717
    },
    "MiniGrid-DoorKey-12x12-custom-diff0.8819142875744653": {
        "meanRet": 0.9507801413536072,
        "maxRet": 0.9765957593917847,
        "minRet": 0.9333333373069763
    }
}