{
    "model": "test12x12_150k_3step_3gen_3curric/epoch_27_curric2_gen1",
    "MiniGrid-DoorKey-6x6-custom-diff0.15": {
        "meanRet": 0.9109999990463257,
        "maxRet": 0.9458333253860474,
        "minRet": 0.8791666626930237
    },
    "MiniGrid-DoorKey-8x8-custom-diff0.15": {
        "meanRet": 0.8613333344459534,
        "maxRet": 0.9291666746139526,
        "minRet": 0.8125
    },
    "MiniGrid-DoorKey-10x10-custom-diff0.15": {
        "meanRet": 0.8123333311080932,
        "maxRet": 0.9125000238418579,
        "minRet": 0.7333333492279053
    },
    "MiniGrid-DoorKey-12x12-custom-diff0.15": {
        "meanRet": 0.7166666686534882,
        "maxRet": 0.8374999761581421,
        "minRet": 0.5041666626930237
    }
}