{
    "model": "test12x12_150k_3step_3gen_3curric/epoch_15_curric1_gen1",
    "MiniGrid-DoorKey-6x6-custom-diff0.7313807381558474": {
        "meanRet": 0.982905972462434,
        "maxRet": 0.9897435903549194,
        "minRet": 0.9777777791023254
    },
    "MiniGrid-DoorKey-8x8-custom-diff0.7313807381558474": {
        "meanRet": 0.9755213570594787,
        "maxRet": 0.9854700565338135,
        "minRet": 0.9675213694572449
    },
    "MiniGrid-DoorKey-10x10-custom-diff0.7313807381558474": {
        "meanRet": 0.9656068229675293,
        "maxRet": 0.9820512533187866,
        "minRet": 0.9529914259910583
    },
    "MiniGrid-DoorKey-12x12-custom-diff0.7313807381558474": {
        "meanRet": 0.9417777633666993,
        "maxRet": 0.9700854420661926,
        "minRet": 0.9179487228393555
    }
}