{
    "model": "test12x12_50k_3step_3gen_3curric/epoch_19_curric2_gen1",
    "MiniGrid-DoorKey-6x6-custom-diff0.7760602224432589": {
        "meanRet": 0.9822417163848877,
        "maxRet": 0.9887197613716125,
        "minRet": 0.9750223755836487
    },
    "MiniGrid-DoorKey-8x8-custom-diff0.7760602224432589": {
        "meanRet": 0.9703968939957796,
        "maxRet": 0.9838854074478149,
        "minRet": 0.9589077830314636
    },
    "MiniGrid-DoorKey-10x10-custom-diff0.7760602224432589": {
        "meanRet": 0.9563616800308228,
        "maxRet": 0.9750223755836487,
        "minRet": 0.937958836555481
    },
    "MiniGrid-DoorKey-12x12-custom-diff0.7760602224432589": {
        "meanRet": 0.9356705451011658,
        "maxRet": 0.9677708148956299,
        "minRet": 0.9049239158630371
    }
}