{
    "model": "test12x12_100k_3step_4gen_3curric/epoch_7_curric0_gen1",
    "MiniGrid-DoorKey-6x6-custom-diff0.96967792277423": {
        "meanRet": 0.9880841806017119,
        "maxRet": 0.9935529828071594,
        "minRet": 0.9845272302627563
    },
    "MiniGrid-DoorKey-8x8-custom-diff0.96967792277423": {
        "meanRet": 0.9807621812820435,
        "maxRet": 0.9896848201751709,
        "minRet": 0.9742120504379272
    },
    "MiniGrid-DoorKey-10x10-custom-diff0.96967792277423": {
        "meanRet": 0.9713495755195618,
        "maxRet": 0.986461341381073,
        "minRet": 0.9626074433326721
    },
    "MiniGrid-DoorKey-12x12-custom-diff0.96967792277423": {
        "meanRet": 0.9544326615333557,
        "maxRet": 0.9793696403503418,
        "minRet": 0.9245702028274536
    }
}