{
    "model": "test12x12_50k_3step_3gen_3curric/epoch_16_curric2_gen2",
    "MiniGrid-DoorKey-6x6-custom-diff0.8510602224432589": {
        "meanRet": 0.9858448942502339,
        "maxRet": 0.9926530718803406,
        "minRet": 0.9823673367500305
    },
    "MiniGrid-DoorKey-8x8-custom-diff0.8510602224432589": {
        "meanRet": 0.9786656132111182,
        "maxRet": 0.9889795780181885,
        "minRet": 0.9706122279167175
    },
    "MiniGrid-DoorKey-10x10-custom-diff0.8510602224432589": {
        "meanRet": 0.9684375500679017,
        "maxRet": 0.9853061437606812,
        "minRet": 0.9522448778152466
    },
    "MiniGrid-DoorKey-12x12-custom-diff0.8510602224432589": {
        "meanRet": 0.9473665380477905,
        "maxRet": 0.977959156036377,
        "minRet": 0.9118367433547974
    }
}