{
    "model": "test12x12_150k_3step_3gen_3curric/epoch_3_curric2_gen1",
    "MiniGrid-DoorKey-6x6-custom-diff1": {
        "meanRet": 0.9870673142946683,
        "maxRet": 0.9925000071525574,
        "minRet": 0.9837499856948853
    },
    "MiniGrid-DoorKey-8x8-custom-diff1": {
        "meanRet": 0.9802403931434338,
        "maxRet": 0.9881250262260437,
        "minRet": 0.9750000238418579
    },
    "MiniGrid-DoorKey-10x10-custom-diff1": {
        "meanRet": 0.9714750027656556,
        "maxRet": 0.9837499856948853,
        "minRet": 0.9612500071525574
    },
    "MiniGrid-DoorKey-12x12-custom-diff1": {
        "meanRet": 0.9603999972343444,
        "maxRet": 0.9775000214576721,
        "minRet": 0.9418749809265137
    }
}