{
    "model": "Rhea_Fr2\\epoch_4_curric0_gen2",
    "MiniGrid-DoorKey-5x5-custom-diff1": {
        "meanRet": 0.872682923078537,
        "maxRet": 0.8902438879013062,
        "minRet": 0.8353658318519592
    },
    "MiniGrid-DoorKey-6x6-custom-diff1": {
        "meanRet": 0.8626050452391306,
        "maxRet": 0.8941176533699036,
        "minRet": 0.8336134552955627
    },
    "MiniGrid-DoorKey-8x8-custom-diff1": {
        "meanRet": 0.8699052095413208,
        "maxRet": 0.9146919250488281,
        "minRet": 0.8379147052764893
    },
    "MiniGrid-DoorKey-16x16-custom-diff1": {
        "meanRet": 0.7407573997974396,
        "maxRet": 0.9115976095199585,
        "minRet": 0.5420118570327759
    }
}