{
    "model": "test12x12_75k_3step_3gen_3curric/epoch_17_curric0_gen1",
    "MiniGrid-DoorKey-6x6-custom-diff0.7315023600555897": {
        "meanRet": 0.9848205018043518,
        "maxRet": 0.9897435903549194,
        "minRet": 0.9811965823173523
    },
    "MiniGrid-DoorKey-8x8-custom-diff0.7315023600555897": {
        "meanRet": 0.973372771189763,
        "maxRet": 0.988034188747406,
        "minRet": 0.9658119678497314
    },
    "MiniGrid-DoorKey-10x10-custom-diff0.7315023600555897": {
        "meanRet": 0.9646837496757508,
        "maxRet": 0.9837606549263,
        "minRet": 0.9487179517745972
    },
    "MiniGrid-DoorKey-12x12-custom-diff0.7315023600555897": {
        "meanRet": 0.9377777671813965,
        "maxRet": 0.971794843673706,
        "minRet": 0.9017093777656555
    }
}