{
    "model": "new_25k_7step_4gen_3curric/epoch_3_curric2_gen3",
    "MiniGrid-DoorKey-6x6-custom-diff1": {
        "meanRet": 0.669324997663498,
        "maxRet": 0.9700000286102295,
        "minRet": 0.3293749988079071
    },
    "MiniGrid-DoorKey-8x8-custom-diff1": {
        "meanRet": 0.058281250298023224,
        "maxRet": 0.7925000190734863,
        "minRet": 0.0
    },
    "MiniGrid-DoorKey-10x10-custom-diff1": {
        "meanRet": 0.03516581593727579,
        "maxRet": 0.8643749952316284,
        "minRet": 0.0
    },
    "MiniGrid-DoorKey-12x12-custom-diff1": {
        "meanRet": 0.012330729514360428,
        "maxRet": 0.31812500953674316,
        "minRet": 0.0
    }
}