{
    "model": "test12x12_150k_3step_3gen_3curric/epoch_21_curric2_gen2",
    "MiniGrid-DoorKey-6x6-custom-diff0.15": {
        "meanRet": 0.9102564064355997,
        "maxRet": 0.9458333253860474,
        "minRet": 0.8833333253860474
    },
    "MiniGrid-DoorKey-8x8-custom-diff0.15": {
        "meanRet": 0.8647435903549194,
        "maxRet": 0.9375,
        "minRet": 0.8208333253860474
    },
    "MiniGrid-DoorKey-10x10-custom-diff0.15": {
        "meanRet": 0.7953333306312561,
        "maxRet": 0.9041666388511658,
        "minRet": 0.7041666507720947
    },
    "MiniGrid-DoorKey-12x12-custom-diff0.15": {
        "meanRet": 0.7345000076293945,
        "maxRet": 0.9166666865348816,
        "minRet": 0.6083333492279053
    }
}