{
    "model": "test12x12_25k_3step_3gen_3curric/epoch_31_curric1_gen1",
    "MiniGrid-DoorKey-6x6-custom-diff0.6569142875744653": {
        "meanRet": 0.9827047538757324,
        "maxRet": 0.9885714054107666,
        "minRet": 0.977142870426178
    },
    "MiniGrid-DoorKey-8x8-custom-diff0.6569142875744653": {
        "meanRet": 0.9738461558635418,
        "maxRet": 0.9857142567634583,
        "minRet": 0.9676190614700317
    },
    "MiniGrid-DoorKey-10x10-custom-diff0.6569142875744653": {
        "meanRet": 0.9629714298248291,
        "maxRet": 0.9828571677207947,
        "minRet": 0.9485714435577393
    },
    "MiniGrid-DoorKey-12x12-custom-diff0.6569142875744653": {
        "meanRet": 0.9454578780210935,
        "maxRet": 0.9733333587646484,
        "minRet": 0.9180952310562134
    }
}