{
    "model": "SoRRH_2\\epoch_3_curric0",
    "MiniGrid-DoorKey-5x5-custom-diff0": {
        "meanRet": 0.9575199842453003,
        "maxRet": 0.9675999879837036,
        "minRet": 0.9495999813079834
    },
    "MiniGrid-DoorKey-6x6-custom-diff0": {
        "meanRet": 0.9604999840259552,
        "maxRet": 0.9700000286102295,
        "minRet": 0.9524999856948853
    },
    "MiniGrid-DoorKey-8x8-custom-diff0": {
        "meanRet": 0.9590908993374218,
        "maxRet": 0.9775000214576721,
        "minRet": 0.9521874785423279
    },
    "MiniGrid-DoorKey-16x16-custom-diff0": {
        "meanRet": 0.9406914114952087,
        "maxRet": 0.9634374976158142,
        "minRet": 0.9110546708106995
    }
}