{
    "model": "SO_RHEA_2PARA_5GEN_14May\\epoch_10_curric0_gen5",
    "MiniGrid-DoorKey-5x5-custom-diff1": {
        "meanRet": 0.88585364818573,
        "maxRet": 0.9012194871902466,
        "minRet": 0.8682926893234253
    },
    "MiniGrid-DoorKey-6x6-custom-diff1": {
        "meanRet": 0.881054238839583,
        "maxRet": 0.916806697845459,
        "minRet": 0.8638655543327332
    },
    "MiniGrid-DoorKey-8x8-custom-diff1": {
        "meanRet": 0.8821197639812123,
        "maxRet": 0.9360189437866211,
        "minRet": 0.8549762964248657
    },
    "MiniGrid-DoorKey-16x16-custom-diff1": {
        "meanRet": 0.8670769155025482,
        "maxRet": 0.9563313722610474,
        "minRet": 0.781656801700592
    }
}