{
    "model": "test12x12_25k_3step_3gen_3curric/epoch_10_curric2_gen2",
    "MiniGrid-DoorKey-6x6-custom-diff1": {
        "meanRet": 0.9874768588278029,
        "maxRet": 0.9925000071525574,
        "minRet": 0.9837499856948853
    },
    "MiniGrid-DoorKey-8x8-custom-diff1": {
        "meanRet": 0.9811249947547913,
        "maxRet": 0.9862499833106995,
        "minRet": 0.9768750071525574
    },
    "MiniGrid-DoorKey-10x10-custom-diff1": {
        "meanRet": 0.9688425925042894,
        "maxRet": 0.9831249713897705,
        "minRet": 0.9587500095367432
    },
    "MiniGrid-DoorKey-12x12-custom-diff1": {
        "meanRet": 0.9496250033378602,
        "maxRet": 0.9756249785423279,
        "minRet": 0.9300000071525574
    }
}