{
    "model": "test12x12_150k_3step_3gen_3curric/epoch_28_curric2_gen2",
    "MiniGrid-DoorKey-6x6-custom-diff0.15": {
        "meanRet": 0.9258333373069764,
        "maxRet": 0.949999988079071,
        "minRet": 0.8999999761581421
    },
    "MiniGrid-DoorKey-8x8-custom-diff0.15": {
        "meanRet": 0.8733631031853812,
        "maxRet": 0.9208333492279053,
        "minRet": 0.8458333611488342
    },
    "MiniGrid-DoorKey-10x10-custom-diff0.15": {
        "meanRet": 0.8340000009536743,
        "maxRet": 0.9291666746139526,
        "minRet": 0.7749999761581421
    },
    "MiniGrid-DoorKey-12x12-custom-diff0.15": {
        "meanRet": 0.735,
        "maxRet": 0.8416666388511658,
        "minRet": 0.6291666626930237
    }
}