{
    "model": "SO_RHEA_2PARA_5GEN_14May\\epoch_5_curric0_gen5",
    "MiniGrid-DoorKey-5x5-custom-diff0": {
        "meanRet": 0.9576999843120575,
        "maxRet": 0.9675999879837036,
        "minRet": 0.9495999813079834
    },
    "MiniGrid-DoorKey-6x6-custom-diff0": {
        "meanRet": 0.9577499806880951,
        "maxRet": 0.9649999737739563,
        "minRet": 0.9549999833106995
    },
    "MiniGrid-DoorKey-8x8-custom-diff0": {
        "meanRet": 0.9593465815890919,
        "maxRet": 0.9760937690734863,
        "minRet": 0.9507812261581421
    },
    "MiniGrid-DoorKey-16x16-custom-diff0": {
        "meanRet": 0.9600273430347442,
        "maxRet": 0.9778515696525574,
        "minRet": 0.931445300579071
    }
}