{
    "model": "test12x12_100k_3step_3gen_3curric/epoch_36_curric1_gen1",
    "MiniGrid-DoorKey-6x6-custom-diff0.15": {
        "meanRet": 0.9110000014305115,
        "maxRet": 0.9375,
        "minRet": 0.887499988079071
    },
    "MiniGrid-DoorKey-8x8-custom-diff0.15": {
        "meanRet": 0.8624999976158142,
        "maxRet": 0.9208333492279053,
        "minRet": 0.7958333492279053
    },
    "MiniGrid-DoorKey-10x10-custom-diff0.15": {
        "meanRet": 0.8154999947547913,
        "maxRet": 0.9333333373069763,
        "minRet": 0.7083333134651184
    },
    "MiniGrid-DoorKey-12x12-custom-diff0.15": {
        "meanRet": 0.6300000005960464,
        "maxRet": 0.8541666865348816,
        "minRet": 0.23749999701976776
    }
}