{
    "model": "test12x12_75k_3step_3gen_3curric/epoch_15_curric1_gen2",
    "MiniGrid-DoorKey-6x6-custom-diff0.7815023600555896": {
        "meanRet": 0.9863680028915405,
        "maxRet": 0.9904000163078308,
        "minRet": 0.984000027179718
    },
    "MiniGrid-DoorKey-8x8-custom-diff0.7815023600555896": {
        "meanRet": 0.9773759984970093,
        "maxRet": 0.9872000217437744,
        "minRet": 0.9711999893188477
    },
    "MiniGrid-DoorKey-10x10-custom-diff0.7815023600555896": {
        "meanRet": 0.9685759949684143,
        "maxRet": 0.9872000217437744,
        "minRet": 0.9552000164985657
    },
    "MiniGrid-DoorKey-12x12-custom-diff0.7815023600555896": {
        "meanRet": 0.9513919973373413,
        "maxRet": 0.979200005531311,
        "minRet": 0.9247999787330627
    }
}