{
    "model": "SO_RHEA_2PARA_5GEN_14May\\epoch_6_curric1_gen4",
    "MiniGrid-DoorKey-5x5-custom-diff0": {
        "meanRet": 0.9555999835332235,
        "maxRet": 0.9639999866485596,
        "minRet": 0.9495999813079834
    },
    "MiniGrid-DoorKey-6x6-custom-diff0": {
        "meanRet": 0.9615384431985708,
        "maxRet": 0.9700000286102295,
        "minRet": 0.9574999809265137
    },
    "MiniGrid-DoorKey-8x8-custom-diff0": {
        "meanRet": 0.96385937333107,
        "maxRet": 0.9746875166893005,
        "minRet": 0.9549999833106995
    },
    "MiniGrid-DoorKey-16x16-custom-diff0": {
        "meanRet": 0.9499374985694885,
        "maxRet": 0.9722265601158142,
        "minRet": 0.9152734279632568
    }
}