{
    "model": "test12x12_50k_3step_3gen_3curric/epoch_15_curric1_gen3",
    "MiniGrid-DoorKey-6x6-custom-diff0.8760602224432589": {
        "meanRet": 0.9847922875330999,
        "maxRet": 0.9900079369544983,
        "minRet": 0.9807295799255371
    },
    "MiniGrid-DoorKey-8x8-custom-diff0.8760602224432589": {
        "meanRet": 0.977960352897644,
        "maxRet": 0.9864393472671509,
        "minRet": 0.9700238108634949
    },
    "MiniGrid-DoorKey-10x10-custom-diff0.8760602224432589": {
        "meanRet": 0.9677179318207961,
        "maxRet": 0.9885804653167725,
        "minRet": 0.9571768641471863
    },
    "MiniGrid-DoorKey-12x12-custom-diff0.8760602224432589": {
        "meanRet": 0.952751784324646,
        "maxRet": 0.9771609902381897,
        "minRet": 0.923632025718689
    }
}