{
    "model": "DO_11_05_RHEA_PARA_ENV_1\\epoch_9_curric1_gen3",
    "MiniGrid-DoorKey-5x5-custom-diff2": {
        "meanRet": 0.7048701210455461,
        "maxRet": 0.7428571581840515,
        "minRet": 0.6785714030265808
    },
    "MiniGrid-DoorKey-6x6-custom-diff2": {
        "meanRet": 0.7254999935626983,
        "maxRet": 0.8199999928474426,
        "minRet": 0.6625000238418579
    },
    "MiniGrid-DoorKey-8x8-custom-diff2": {
        "meanRet": 0.7338571608066559,
        "maxRet": 0.8199999928474426,
        "minRet": 0.704285740852356
    },
    "MiniGrid-DoorKey-16x16-custom-diff2": {
        "meanRet": 0.5129787266254425,
        "maxRet": 0.7765957713127136,
        "minRet": 0.3297872245311737
    }
}