{
    "model": "test12x12_25k_3step_3gen_3curric/epoch_27_curric0_gen1",
    "MiniGrid-DoorKey-6x6-custom-diff0.7569142875744653": {
        "meanRet": 0.9832568102412753,
        "maxRet": 0.9917355179786682,
        "minRet": 0.9776859283447266
    },
    "MiniGrid-DoorKey-8x8-custom-diff0.7569142875744653": {
        "meanRet": 0.9765840238995023,
        "maxRet": 0.9867768883705139,
        "minRet": 0.9694215059280396
    },
    "MiniGrid-DoorKey-10x10-custom-diff0.7569142875744653": {
        "meanRet": 0.9645950388908386,
        "maxRet": 0.9793388247489929,
        "minRet": 0.9520661234855652
    },
    "MiniGrid-DoorKey-12x12-custom-diff0.7569142875744653": {
        "meanRet": 0.9463471102714539,
        "maxRet": 0.9710744023323059,
        "minRet": 0.9231404662132263
    }
}