{
    "model": "test12x12_50k_3step_3gen_3curric/epoch_15_curric2_gen2",
    "MiniGrid-DoorKey-6x6-custom-diff0.8760602224432589": {
        "meanRet": 0.985325927734375,
        "maxRet": 0.9907216429710388,
        "minRet": 0.9814432859420776
    },
    "MiniGrid-DoorKey-8x8-custom-diff0.8760602224432589": {
        "meanRet": 0.9770182394981384,
        "maxRet": 0.9871530532836914,
        "minRet": 0.9700238108634949
    },
    "MiniGrid-DoorKey-10x10-custom-diff0.8760602224432589": {
        "meanRet": 0.9616589975357056,
        "maxRet": 0.9785884022712708,
        "minRet": 0.9486122131347656
    },
    "MiniGrid-DoorKey-12x12-custom-diff0.8760602224432589": {
        "meanRet": 0.9456431436538696,
        "maxRet": 0.9807295799255371,
        "minRet": 0.9164948463439941
    }
}