{
    "model": "test12x12_100k_4step_3gen_3curric/epoch_3_curric2_gen2",
    "MiniGrid-DoorKey-6x6-custom-diff1": {
        "meanRet": 0.9857211502698752,
        "maxRet": 0.9925000071525574,
        "minRet": 0.9781249761581421
    },
    "MiniGrid-DoorKey-8x8-custom-diff1": {
        "meanRet": 0.9772596175854023,
        "maxRet": 0.987500011920929,
        "minRet": 0.9662500023841858
    },
    "MiniGrid-DoorKey-10x10-custom-diff1": {
        "meanRet": 0.9652249956130982,
        "maxRet": 0.9893749952316284,
        "minRet": 0.9431250095367432
    },
    "MiniGrid-DoorKey-12x12-custom-diff1": {
        "meanRet": 0.9455000019073486,
        "maxRet": 0.9750000238418579,
        "minRet": 0.9168750047683716
    }
}