{
    "model": "SO_RHEA_2PARA_5GEN_14May\\epoch_9_curric1_gen3",
    "MiniGrid-DoorKey-5x5-custom-diff2": {
        "meanRet": 0.7203571438789368,
        "maxRet": 0.7428571581840515,
        "minRet": 0.7107142806053162
    },
    "MiniGrid-DoorKey-6x6-custom-diff2": {
        "meanRet": 0.7178846093324515,
        "maxRet": 0.8199999928474426,
        "minRet": 0.6850000023841858
    },
    "MiniGrid-DoorKey-8x8-custom-diff2": {
        "meanRet": 0.7634285807609558,
        "maxRet": 0.8585714101791382,
        "minRet": 0.704285740852356
    },
    "MiniGrid-DoorKey-16x16-custom-diff2": {
        "meanRet": 0.5117021262645721,
        "maxRet": 0.7861701846122742,
        "minRet": 0.24042552709579468
    }
}