{
    "model": "test12x12_100k_3step_3gen_3curric/epoch_24_curric1_gen3",
    "MiniGrid-DoorKey-6x6-custom-diff0.15": {
        "meanRet": 0.8918333387374878,
        "maxRet": 0.9333333373069763,
        "minRet": 0.8458333611488342
    },
    "MiniGrid-DoorKey-8x8-custom-diff0.15": {
        "meanRet": 0.8310000014305114,
        "maxRet": 0.9291666746139526,
        "minRet": 0.7583333253860474
    },
    "MiniGrid-DoorKey-10x10-custom-diff0.15": {
        "meanRet": 0.756833336353302,
        "maxRet": 0.875,
        "minRet": 0.6083333492279053
    },
    "MiniGrid-DoorKey-12x12-custom-diff0.15": {
        "meanRet": 0.6523333346843719,
        "maxRet": 0.8208333253860474,
        "minRet": 0.4583333432674408
    }
}