{
    "model": "Rhea_mi1\\epoch_1_curric0_gen3",
    "MiniGrid-DoorKey-5x5-custom": {
        "meanRet": 0.9100000262260437,
        "maxRet": 0.9190000295639038,
        "minRet": 0.9010000228881836
    },
    "MiniGrid-DoorKey-6x6-custom": {
        "meanRet": 0.8041599988937378,
        "maxRet": 0.8920000195503235,
        "minRet": 0.7408000230789185
    },
    "MiniGrid-DoorKey-8x8-custom": {
        "meanRet": 0.7349500000476837,
        "maxRet": 0.8424999713897705,
        "minRet": 0.4645000100135803
    },
    "MiniGrid-DoorKey-16x16-custom": {
        "meanRet": 0.016843749675899744,
        "maxRet": 0.37299999594688416,
        "minRet": 0.0
    }
}