{
    "model": "test12x12_100k_3step_3gen_3curric/epoch_39_curric1_gen1",
    "MiniGrid-DoorKey-6x6-custom-diff0.15": {
        "meanRet": 0.9128205088468698,
        "maxRet": 0.9541666507720947,
        "minRet": 0.8791666626930237
    },
    "MiniGrid-DoorKey-8x8-custom-diff0.15": {
        "meanRet": 0.8631410277806796,
        "maxRet": 0.9375,
        "minRet": 0.8125
    },
    "MiniGrid-DoorKey-10x10-custom-diff0.15": {
        "meanRet": 0.8198333287239075,
        "maxRet": 0.9375,
        "minRet": 0.7541666626930237
    },
    "MiniGrid-DoorKey-12x12-custom-diff0.15": {
        "meanRet": 0.710499997138977,
        "maxRet": 0.875,
        "minRet": 0.5166666507720947
    }
}