{
    "model": "DO_11_05_RHEA_PARA_ENV_1\\epoch_8_curric3_gen2",
    "MiniGrid-DoorKey-5x5-custom-diff2": {
        "meanRet": 0.6496428430080414,
        "maxRet": 0.7107142806053162,
        "minRet": 0.5821428298950195
    },
    "MiniGrid-DoorKey-6x6-custom-diff2": {
        "meanRet": 0.6870454495603388,
        "maxRet": 0.7300000190734863,
        "minRet": 0.6399999856948853
    },
    "MiniGrid-DoorKey-8x8-custom-diff2": {
        "meanRet": 0.7132857084274292,
        "maxRet": 0.8071428537368774,
        "minRet": 0.6657142639160156
    },
    "MiniGrid-DoorKey-16x16-custom-diff2": {
        "meanRet": 0.4919148951768875,
        "maxRet": 0.7095744609832764,
        "minRet": 0.23404255509376526
    }
}