{
    "model": "Rhea_mi1\\epoch_3_curric0_gen1",
    "MiniGrid-DoorKey-5x5-custom": {
        "meanRet": 0.8894285900252206,
        "maxRet": 0.9190000295639038,
        "minRet": 0.8740000128746033
    },
    "MiniGrid-DoorKey-6x6-custom": {
        "meanRet": 0.8840800166130066,
        "maxRet": 0.9136000275611877,
        "minRet": 0.8632000088691711
    },
    "MiniGrid-DoorKey-8x8-custom": {
        "meanRet": 0.8754999985297521,
        "maxRet": 0.9279999732971191,
        "minRet": 0.847000002861023
    },
    "MiniGrid-DoorKey-16x16-custom": {
        "meanRet": 0.5193999990820884,
        "maxRet": 0.8859999775886536,
        "minRet": 0.20499999821186066
    }
}