{
    "model": "test12x12_50k_3step_3gen_3curric/epoch_16_curric0_gen1",
    "MiniGrid-DoorKey-6x6-custom-diff0.8510602224432589": {
        "meanRet": 0.9863673448562622,
        "maxRet": 0.9911836981773376,
        "minRet": 0.981632649898529
    },
    "MiniGrid-DoorKey-8x8-custom-diff0.8510602224432589": {
        "meanRet": 0.9750476148393419,
        "maxRet": 0.9845714569091797,
        "minRet": 0.9691428542137146
    },
    "MiniGrid-DoorKey-10x10-custom-diff0.8510602224432589": {
        "meanRet": 0.9635885715484619,
        "maxRet": 0.9808979630470276,
        "minRet": 0.9471020698547363
    },
    "MiniGrid-DoorKey-12x12-custom-diff0.8510602224432589": {
        "meanRet": 0.9347004103660583,
        "maxRet": 0.976489782333374,
        "minRet": 0.8905305862426758
    }
}