{
    "model": "test12x12_75k_3step_3gen_3curric/epoch_28_curric0_gen1",
    "MiniGrid-DoorKey-6x6-custom-diff0.45650236005558964": {
        "meanRet": 0.9739726002399738,
        "maxRet": 0.983561635017395,
        "minRet": 0.96712327003479
    },
    "MiniGrid-DoorKey-8x8-custom-diff0.45650236005558964": {
        "meanRet": 0.9587397193908691,
        "maxRet": 0.9753424525260925,
        "minRet": 0.9438356161117554
    },
    "MiniGrid-DoorKey-10x10-custom-diff0.45650236005558964": {
        "meanRet": 0.9351949439598963,
        "maxRet": 0.9712328910827637,
        "minRet": 0.9095890522003174
    },
    "MiniGrid-DoorKey-12x12-custom-diff0.45650236005558964": {
        "meanRet": 0.9038904118537903,
        "maxRet": 0.9506849050521851,
        "minRet": 0.8561643958091736
    }
}