{
    "model": "test12x12_25k_3step_3gen_3curric/epoch_15_curric2_gen2",
    "MiniGrid-DoorKey-6x6-custom-diff1": {
        "meanRet": 0.9882870448960198,
        "maxRet": 0.9925000071525574,
        "minRet": 0.9850000143051147
    },
    "MiniGrid-DoorKey-8x8-custom-diff1": {
        "meanRet": 0.9818990345184619,
        "maxRet": 0.987500011920929,
        "minRet": 0.9775000214576721
    },
    "MiniGrid-DoorKey-10x10-custom-diff1": {
        "meanRet": 0.9759750008583069,
        "maxRet": 0.9868749976158142,
        "minRet": 0.9668750166893005
    },
    "MiniGrid-DoorKey-12x12-custom-diff1": {
        "meanRet": 0.956949999332428,
        "maxRet": 0.9806249737739563,
        "minRet": 0.9312499761581421
    }
}