{
    "model": "test12x12_25k_3step_3gen_3curric/epoch_8_curric0_gen1",
    "MiniGrid-DoorKey-6x6-custom-diff1": {
        "meanRet": 0.9852250003814698,
        "maxRet": 0.9943749904632568,
        "minRet": 0.9756249785423279
    },
    "MiniGrid-DoorKey-8x8-custom-diff1": {
        "meanRet": 0.9623499965667724,
        "maxRet": 0.981249988079071,
        "minRet": 0.9300000071525574
    },
    "MiniGrid-DoorKey-10x10-custom-diff1": {
        "meanRet": 0.9240499997138977,
        "maxRet": 0.9706249833106995,
        "minRet": 0.8262500166893005
    },
    "MiniGrid-DoorKey-12x12-custom-diff1": {
        "meanRet": 0.7835500025749207,
        "maxRet": 0.9637500047683716,
        "minRet": 0.5643749833106995
    }
}