{
    "model": "SO_RHEA_2PARA_5GEN_14May\\epoch_8_curric1_gen5",
    "MiniGrid-DoorKey-5x5-custom-diff1": {
        "meanRet": 0.8752771615982056,
        "maxRet": 0.9012194871902466,
        "minRet": 0.8573170900344849
    },
    "MiniGrid-DoorKey-6x6-custom-diff1": {
        "meanRet": 0.8831168738278475,
        "maxRet": 0.916806697845459,
        "minRet": 0.8638655543327332
    },
    "MiniGrid-DoorKey-8x8-custom-diff1": {
        "meanRet": 0.8959241688251496,
        "maxRet": 0.9232227206230164,
        "minRet": 0.8763033151626587
    },
    "MiniGrid-DoorKey-16x16-custom-diff1": {
        "meanRet": 0.8270295798778534,
        "maxRet": 0.9350295662879944,
        "minRet": 0.6985799074172974
    }
}