{
    "model": "DO_11_05_RHEA_PARA_ENV_1\\epoch_8_curric0_gen3",
    "MiniGrid-DoorKey-5x5-custom-diff2": {
        "meanRet": 0.6705357084671656,
        "maxRet": 0.7107142806053162,
        "minRet": 0.6464285850524902
    },
    "MiniGrid-DoorKey-6x6-custom-diff2": {
        "meanRet": 0.6647500097751617,
        "maxRet": 0.7524999976158142,
        "minRet": 0.5950000286102295
    },
    "MiniGrid-DoorKey-8x8-custom-diff2": {
        "meanRet": 0.6104285717010498,
        "maxRet": 0.8199999928474426,
        "minRet": 0.4342857003211975
    },
    "MiniGrid-DoorKey-16x16-custom-diff2": {
        "meanRet": 0.0,
        "maxRet": 0.0,
        "minRet": 0.0
    }
}