{
    "model": "test12x12_75k_3step_3gen_3curric/epoch_48_curric1_gen2",
    "MiniGrid-DoorKey-6x6-custom-diff0.15": {
        "meanRet": 0.9243827219362613,
        "maxRet": 0.949999988079071,
        "minRet": 0.8999999761581421
    },
    "MiniGrid-DoorKey-8x8-custom-diff0.15": {
        "meanRet": 0.87580128128712,
        "maxRet": 0.9375,
        "minRet": 0.8333333134651184
    },
    "MiniGrid-DoorKey-10x10-custom-diff0.15": {
        "meanRet": 0.8241666650772095,
        "maxRet": 0.9166666865348816,
        "minRet": 0.7458333373069763
    },
    "MiniGrid-DoorKey-12x12-custom-diff0.15": {
        "meanRet": 0.6823333311080932,
        "maxRet": 0.8458333611488342,
        "minRet": 0.5208333134651184
    }
}