{
    "model": "Rhea_SaRun2\\epoch_1_curric0_gen1",
    "MiniGrid-DoorKey-5x5-custom-diff0": {
        "meanRet": 0.8560000002384186,
        "maxRet": 0.9315999746322632,
        "minRet": 0.8055999875068665
    },
    "MiniGrid-DoorKey-6x6-custom-diff0": {
        "meanRet": 0.7900000035762786,
        "maxRet": 0.949999988079071,
        "minRet": 0.6700000166893005
    },
    "MiniGrid-DoorKey-8x8-custom-diff0": {
        "meanRet": 0.7022968769073487,
        "maxRet": 0.901562511920929,
        "minRet": 0.40796875953674316
    },
    "MiniGrid-DoorKey-16x16-custom-diff0": {
        "meanRet": 0.08350341767072678,
        "maxRet": 0.8569140434265137,
        "minRet": 0.0
    }
}