{
    "model": "test12x12_100k_3step_4gen_3curric/epoch_5_curric1_gen3",
    "MiniGrid-DoorKey-6x6-custom-diff1": {
        "meanRet": 0.988076932155169,
        "maxRet": 0.9925000071525574,
        "minRet": 0.984375
    },
    "MiniGrid-DoorKey-8x8-custom-diff1": {
        "meanRet": 0.9797499966621399,
        "maxRet": 0.987500011920929,
        "minRet": 0.9731249809265137
    },
    "MiniGrid-DoorKey-10x10-custom-diff1": {
        "meanRet": 0.9708749985694886,
        "maxRet": 0.9825000166893005,
        "minRet": 0.9612500071525574
    },
    "MiniGrid-DoorKey-12x12-custom-diff1": {
        "meanRet": 0.9599749994277954,
        "maxRet": 0.9806249737739563,
        "minRet": 0.9412500262260437
    }
}