{
    "model": "test12x12_100k_3step_3gen_3curric/epoch_37_curric0_gen3",
    "MiniGrid-DoorKey-6x6-custom-diff0.15": {
        "meanRet": 0.9213333368301392,
        "maxRet": 0.9541666507720947,
        "minRet": 0.8958333134651184
    },
    "MiniGrid-DoorKey-8x8-custom-diff0.15": {
        "meanRet": 0.8515000009536743,
        "maxRet": 0.9125000238418579,
        "minRet": 0.800000011920929
    },
    "MiniGrid-DoorKey-10x10-custom-diff0.15": {
        "meanRet": 0.8181666707992554,
        "maxRet": 0.925000011920929,
        "minRet": 0.7041666507720947
    },
    "MiniGrid-DoorKey-12x12-custom-diff0.15": {
        "meanRet": 0.6744999992847442,
        "maxRet": 0.8708333373069763,
        "minRet": 0.4416666626930237
    }
}