{
    "model": "test12x12_75k_3step_3gen_3curric/epoch_38_curric1_gen1",
    "MiniGrid-DoorKey-6x6-custom-diff0.15": {
        "meanRet": 0.9221666717529297,
        "maxRet": 0.949999988079071,
        "minRet": 0.8958333134651184
    },
    "MiniGrid-DoorKey-8x8-custom-diff0.15": {
        "meanRet": 0.8735576890982114,
        "maxRet": 0.9333333373069763,
        "minRet": 0.8333333134651184
    },
    "MiniGrid-DoorKey-10x10-custom-diff0.15": {
        "meanRet": 0.8311666703224182,
        "maxRet": 0.9125000238418579,
        "minRet": 0.7458333373069763
    },
    "MiniGrid-DoorKey-12x12-custom-diff0.15": {
        "meanRet": 0.6933333325386047,
        "maxRet": 0.8916666507720947,
        "minRet": 0.574999988079071
    }
}