{
    "model": "test12x12_25k_3step_3gen_3curric/epoch_46_curric2_gen3",
    "MiniGrid-DoorKey-6x6-custom-diff0.28191428757446535": {
        "meanRet": 0.9569230813246506,
        "maxRet": 0.9777777791023254,
        "minRet": 0.9422222375869751
    },
    "MiniGrid-DoorKey-8x8-custom-diff0.28191428757446535": {
        "meanRet": 0.9371555519104003,
        "maxRet": 0.9599999785423279,
        "minRet": 0.9155555367469788
    },
    "MiniGrid-DoorKey-10x10-custom-diff0.28191428757446535": {
        "meanRet": 0.9077777793774238,
        "maxRet": 0.9555555582046509,
        "minRet": 0.8688889145851135
    },
    "MiniGrid-DoorKey-12x12-custom-diff0.28191428757446535": {
        "meanRet": 0.8402666687965393,
        "maxRet": 0.9044444561004639,
        "minRet": 0.7777777910232544
    }
}