{
    "model": "test12x12_100k_3step_4gen_3curric/epoch_4_curric2_gen4",
    "MiniGrid-DoorKey-6x6-custom-diff1": {
        "meanRet": 0.9876620394212229,
        "maxRet": 0.9925000071525574,
        "minRet": 0.984375
    },
    "MiniGrid-DoorKey-8x8-custom-diff1": {
        "meanRet": 0.9807999968528748,
        "maxRet": 0.9887499809265137,
        "minRet": 0.9731249809265137
    },
    "MiniGrid-DoorKey-10x10-custom-diff1": {
        "meanRet": 0.9711500024795532,
        "maxRet": 0.9887499809265137,
        "minRet": 0.9581249952316284
    },
    "MiniGrid-DoorKey-12x12-custom-diff1": {
        "meanRet": 0.950699999332428,
        "maxRet": 0.9825000166893005,
        "minRet": 0.9237499833106995
    }
}