{
    "model": "test12x12_25k_3step_3gen_3curric/epoch_32_curric0_gen1",
    "MiniGrid-DoorKey-6x6-custom-diff0.6319142875744653": {
        "meanRet": 0.9817029666900635,
        "maxRet": 0.9881188273429871,
        "minRet": 0.9752475023269653
    },
    "MiniGrid-DoorKey-8x8-custom-diff0.6319142875744653": {
        "meanRet": 0.970014146396092,
        "maxRet": 0.9851484894752502,
        "minRet": 0.9613861441612244
    },
    "MiniGrid-DoorKey-10x10-custom-diff0.6319142875744653": {
        "meanRet": 0.9539405989646912,
        "maxRet": 0.9693069458007812,
        "minRet": 0.9297029972076416
    },
    "MiniGrid-DoorKey-12x12-custom-diff0.6319142875744653": {
        "meanRet": 0.9203168272972106,
        "maxRet": 0.9752475023269653,
        "minRet": 0.8752475380897522
    }
}