{
    "model": "test12x12_50k_3step_3gen_3curric/epoch_34_curric2_gen2",
    "MiniGrid-DoorKey-6x6-custom-diff0.4010602224432589": {
        "meanRet": 0.9688041691596692,
        "maxRet": 0.984402060508728,
        "minRet": 0.9578856229782104
    },
    "MiniGrid-DoorKey-8x8-custom-diff0.4010602224432589": {
        "meanRet": 0.9556395196914673,
        "maxRet": 0.9750433564186096,
        "minRet": 0.9422876834869385
    },
    "MiniGrid-DoorKey-10x10-custom-diff0.4010602224432589": {
        "meanRet": 0.9398880142431992,
        "maxRet": 0.9734835624694824,
        "minRet": 0.9126516580581665
    },
    "MiniGrid-DoorKey-12x12-custom-diff0.4010602224432589": {
        "meanRet": 0.9088457560539246,
        "maxRet": 0.9563258290290833,
        "minRet": 0.8611785173416138
    }
}