{
    "model": "MI_RHEA_PARA_ENV_2_first\\epoch_6_curric0_gen3",
    "MiniGrid-DoorKey-5x5-custom-diff1": {
        "meanRet": 0.8653658628463745,
        "maxRet": 0.8902438879013062,
        "minRet": 0.8463414907455444
    },
    "MiniGrid-DoorKey-6x6-custom-diff1": {
        "meanRet": 0.8805041909217834,
        "maxRet": 0.916806697845459,
        "minRet": 0.8638655543327332
    },
    "MiniGrid-DoorKey-8x8-custom-diff1": {
        "meanRet": 0.8873933672904968,
        "maxRet": 0.9274881482124329,
        "minRet": 0.8592417240142822
    },
    "MiniGrid-DoorKey-16x16-custom-diff1": {
        "meanRet": 0.8623905301094055,
        "maxRet": 0.9435502886772156,
        "minRet": 0.7678106427192688
    }
}