{
    "model": "test12x12_150k_3step_3gen_3curric/epoch_11_curric0_gen1",
    "MiniGrid-DoorKey-6x6-custom-diff0.8313807381558473": {
        "meanRet": 0.9855639028549195,
        "maxRet": 0.9909774661064148,
        "minRet": 0.9804511070251465
    },
    "MiniGrid-DoorKey-8x8-custom-diff0.8313807381558473": {
        "meanRet": 0.9790676712989808,
        "maxRet": 0.9894737005233765,
        "minRet": 0.9721804261207581
    },
    "MiniGrid-DoorKey-10x10-custom-diff0.8313807381558473": {
        "meanRet": 0.968511278629303,
        "maxRet": 0.981203019618988,
        "minRet": 0.9601503610610962
    },
    "MiniGrid-DoorKey-12x12-custom-diff0.8313807381558473": {
        "meanRet": 0.94412029504776,
        "maxRet": 0.9759398698806763,
        "minRet": 0.9263157844543457
    }
}