{
    "model": "test12x12_100k_3step_3gen_3curric/epoch_47_curric1_gen3",
    "MiniGrid-DoorKey-6x6-custom-diff0.15": {
        "meanRet": 0.9108333325386048,
        "maxRet": 0.9458333253860474,
        "minRet": 0.8708333373069763
    },
    "MiniGrid-DoorKey-8x8-custom-diff0.15": {
        "meanRet": 0.857211539378533,
        "maxRet": 0.9291666746139526,
        "minRet": 0.8208333253860474
    },
    "MiniGrid-DoorKey-10x10-custom-diff0.15": {
        "meanRet": 0.8325320482254028,
        "maxRet": 0.9375,
        "minRet": 0.7083333134651184
    },
    "MiniGrid-DoorKey-12x12-custom-diff0.15": {
        "meanRet": 0.6888333344459534,
        "maxRet": 0.8541666865348816,
        "minRet": 0.5083333253860474
    }
}