{
    "model": "test12x12_100k_3step_3gen_3curric/epoch_32_curric0_gen1",
    "MiniGrid-DoorKey-6x6-custom-diff0.15": {
        "meanRet": 0.9195000004768371,
        "maxRet": 0.9458333253860474,
        "minRet": 0.8958333134651184
    },
    "MiniGrid-DoorKey-8x8-custom-diff0.15": {
        "meanRet": 0.8626666617393494,
        "maxRet": 0.925000011920929,
        "minRet": 0.8041666746139526
    },
    "MiniGrid-DoorKey-10x10-custom-diff0.15": {
        "meanRet": 0.8288333368301392,
        "maxRet": 0.9166666865348816,
        "minRet": 0.7250000238418579
    },
    "MiniGrid-DoorKey-12x12-custom-diff0.15": {
        "meanRet": 0.6895000052452087,
        "maxRet": 0.8916666507720947,
        "minRet": 0.4333333373069763
    }
}