{
    "model": "test12x12_150k_3step_3gen_3curric/epoch_20_curric1_gen2",
    "MiniGrid-DoorKey-6x6-custom-diff0.15": {
        "meanRet": 0.9274425383271843,
        "maxRet": 0.949999988079071,
        "minRet": 0.9083333611488342
    },
    "MiniGrid-DoorKey-8x8-custom-diff0.15": {
        "meanRet": 0.8766975314528854,
        "maxRet": 0.9375,
        "minRet": 0.8333333134651184
    },
    "MiniGrid-DoorKey-10x10-custom-diff0.15": {
        "meanRet": 0.8197115361690521,
        "maxRet": 0.9333333373069763,
        "minRet": 0.7124999761581421
    },
    "MiniGrid-DoorKey-12x12-custom-diff0.15": {
        "meanRet": 0.6351666641235352,
        "maxRet": 0.8833333253860474,
        "minRet": 0.4166666567325592
    }
}