{
    "model": "test12x12_100k_4step_3gen_3curric/epoch_11_curric1_gen2",
    "MiniGrid-DoorKey-6x6-custom-diff0.6868055": {
        "meanRet": 0.9821821856498718,
        "maxRet": 0.9890688061714172,
        "minRet": 0.9781376719474792
    },
    "MiniGrid-DoorKey-8x8-custom-diff0.6868055": {
        "meanRet": 0.9682631564140319,
        "maxRet": 0.982692301273346,
        "minRet": 0.957186222076416
    },
    "MiniGrid-DoorKey-10x10-custom-diff0.6868055": {
        "meanRet": 0.9538340067863464,
        "maxRet": 0.9845141768455505,
        "minRet": 0.9280364513397217
    },
    "MiniGrid-DoorKey-12x12-custom-diff0.6868055": {
        "meanRet": 0.9068397719126481,
        "maxRet": 0.9726720452308655,
        "minRet": 0.8369433283805847
    }
}