{
    "model": "test12x12_150k_3step_3gen_3curric/epoch_10_curric0_gen1",
    "MiniGrid-DoorKey-6x6-custom-diff0.8563807381558474": {
        "meanRet": 0.9864817547798157,
        "maxRet": 0.9912408590316772,
        "minRet": 0.9824817776679993
    },
    "MiniGrid-DoorKey-8x8-custom-diff0.8563807381558474": {
        "meanRet": 0.9770198772693502,
        "maxRet": 0.989051103591919,
        "minRet": 0.970802903175354
    },
    "MiniGrid-DoorKey-10x10-custom-diff0.8563807381558474": {
        "meanRet": 0.969679953960272,
        "maxRet": 0.985401451587677,
        "minRet": 0.9605839252471924
    },
    "MiniGrid-DoorKey-12x12-custom-diff0.8563807381558474": {
        "meanRet": 0.9466277408599854,
        "maxRet": 0.9795620441436768,
        "minRet": 0.9284671545028687
    }
}