{
    "model": "test12x12_50k_3step_3gen_3curric/epoch_20_curric0_gen3",
    "MiniGrid-DoorKey-6x6-custom-diff0.7510602224432589": {
        "meanRet": 0.9819718186671917,
        "maxRet": 0.9900092482566833,
        "minRet": 0.9750231504440308
    },
    "MiniGrid-DoorKey-8x8-custom-diff0.7510602224432589": {
        "meanRet": 0.9738575410842896,
        "maxRet": 0.98418128490448,
        "minRet": 0.9650323987007141
    },
    "MiniGrid-DoorKey-10x10-custom-diff0.7510602224432589": {
        "meanRet": 0.9639999961853027,
        "maxRet": 0.9808510541915894,
        "minRet": 0.9500462412834167
    },
    "MiniGrid-DoorKey-12x12-custom-diff0.7510602224432589": {
        "meanRet": 0.9438519859313965,
        "maxRet": 0.9691951870918274,
        "minRet": 0.9109157919883728
    }
}