{
    "model": "test12x12_75k_3step_3gen_3curric/epoch_25_curric0_gen2",
    "MiniGrid-DoorKey-6x6-custom-diff0.5315023600555897": {
        "meanRet": 0.9791529393196106,
        "maxRet": 0.9858823418617249,
        "minRet": 0.9729411602020264
    },
    "MiniGrid-DoorKey-8x8-custom-diff0.5315023600555897": {
        "meanRet": 0.9665359413182294,
        "maxRet": 0.9800000190734863,
        "minRet": 0.9588235020637512
    },
    "MiniGrid-DoorKey-10x10-custom-diff0.5315023600555897": {
        "meanRet": 0.9518954224056668,
        "maxRet": 0.9835293889045715,
        "minRet": 0.9270588159561157
    },
    "MiniGrid-DoorKey-12x12-custom-diff0.5315023600555897": {
        "meanRet": 0.9197176504135132,
        "maxRet": 0.9670588374137878,
        "minRet": 0.8776470422744751
    }
}