{
    "model": "test12x12_50k_3step_3gen_3curric/epoch_31_curric1_gen2",
    "MiniGrid-DoorKey-6x6-custom-diff0.47606022244325885": {
        "meanRet": 0.9767041000036093,
        "maxRet": 0.984233558177948,
        "minRet": 0.9710949063301086
    },
    "MiniGrid-DoorKey-8x8-custom-diff0.47606022244325885": {
        "meanRet": 0.9618978095054627,
        "maxRet": 0.9763503670692444,
        "minRet": 0.9527007341384888
    },
    "MiniGrid-DoorKey-10x10-custom-diff0.47606022244325885": {
        "meanRet": 0.9517547488212585,
        "maxRet": 0.9816058278083801,
        "minRet": 0.9251095056533813
    },
    "MiniGrid-DoorKey-12x12-custom-diff0.47606022244325885": {
        "meanRet": 0.9045929243931403,
        "maxRet": 0.9500730037689209,
        "minRet": 0.8607299327850342
    }
}