{
    "model": "test12x12_25k_3step_3gen_3curric/epoch_15_curric2_gen1",
    "MiniGrid-DoorKey-6x6-custom-diff1": {
        "meanRet": 0.9869000029563904,
        "maxRet": 0.9925000071525574,
        "minRet": 0.9825000166893005
    },
    "MiniGrid-DoorKey-8x8-custom-diff1": {
        "meanRet": 0.9810500025749207,
        "maxRet": 0.9887499809265137,
        "minRet": 0.9737499952316284
    },
    "MiniGrid-DoorKey-10x10-custom-diff1": {
        "meanRet": 0.970249993801117,
        "maxRet": 0.9837499856948853,
        "minRet": 0.9581249952316284
    },
    "MiniGrid-DoorKey-12x12-custom-diff1": {
        "meanRet": 0.9572500014305114,
        "maxRet": 0.9787499904632568,
        "minRet": 0.9381250143051147
    }
}