{
    "model": "test12x12_50k_3step_3gen_3curric/epoch_26_curric1_gen2",
    "MiniGrid-DoorKey-6x6-custom-diff0.6010602224432589": {
        "meanRet": 0.9794682105382283,
        "maxRet": 0.9875144362449646,
        "minRet": 0.9750288724899292
    },
    "MiniGrid-DoorKey-8x8-custom-diff0.6010602224432589": {
        "meanRet": 0.9695768809318542,
        "maxRet": 0.9802312254905701,
        "minRet": 0.9604624509811401
    },
    "MiniGrid-DoorKey-10x10-custom-diff0.6010602224432589": {
        "meanRet": 0.9571745657920837,
        "maxRet": 0.9771098494529724,
        "minRet": 0.9406936168670654
    },
    "MiniGrid-DoorKey-12x12-custom-diff0.6010602224432589": {
        "meanRet": 0.9312462401390076,
        "maxRet": 0.9625433683395386,
        "minRet": 0.8990751504898071
    }
}