{
    "model": "test12x12_25k_3step_3gen_3curric/epoch_23_curric2_gen3",
    "MiniGrid-DoorKey-6x6-custom-diff0.8569142875744653": {
        "meanRet": 0.9862481832504273,
        "maxRet": 0.9912408590316772,
        "minRet": 0.9824817776679993
    },
    "MiniGrid-DoorKey-8x8-custom-diff0.8569142875744653": {
        "meanRet": 0.9771970772743225,
        "maxRet": 0.9861313700675964,
        "minRet": 0.970802903175354
    },
    "MiniGrid-DoorKey-10x10-custom-diff0.8569142875744653": {
        "meanRet": 0.9669489049911499,
        "maxRet": 0.9846715331077576,
        "minRet": 0.9518248438835144
    },
    "MiniGrid-DoorKey-12x12-custom-diff0.8569142875744653": {
        "meanRet": 0.9517664217948913,
        "maxRet": 0.9737226366996765,
        "minRet": 0.9343065619468689
    }
}