{
    "model": "test12x12_100k_3step_3gen_3curric/epoch_7_curric1_gen2",
    "MiniGrid-DoorKey-6x6-custom-diff0.9720715046045372": {
        "meanRet": 0.9782044315338134,
        "maxRet": 0.9929234981536865,
        "minRet": 0.9594710469245911
    },
    "MiniGrid-DoorKey-8x8-custom-diff0.9720715046045372": {
        "meanRet": 0.9232394576072693,
        "maxRet": 0.9916368722915649,
        "minRet": 0.8539671301841736
    },
    "MiniGrid-DoorKey-10x10-custom-diff0.9720715046045372": {
        "meanRet": 0.6038456064462662,
        "maxRet": 0.9253752827644348,
        "minRet": 0.2106504589319229
    },
    "MiniGrid-DoorKey-12x12-custom-diff0.9720715046045372": {
        "meanRet": 0.2773139122370127,
        "maxRet": 0.9221586585044861,
        "minRet": 0.0
    }
}