{
    "model": "test12x12_75k_3step_3gen_3curric/epoch_4_curric0_gen1",
    "MiniGrid-DoorKey-6x6-custom-diff1": {
        "meanRet": 0.9872000026702881,
        "maxRet": 0.9925000071525574,
        "minRet": 0.9825000166893005
    },
    "MiniGrid-DoorKey-8x8-custom-diff1": {
        "meanRet": 0.975774998664856,
        "maxRet": 0.9887499809265137,
        "minRet": 0.9668750166893005
    },
    "MiniGrid-DoorKey-10x10-custom-diff1": {
        "meanRet": 0.9627999973297119,
        "maxRet": 0.9850000143051147,
        "minRet": 0.9412500262260437
    },
    "MiniGrid-DoorKey-12x12-custom-diff1": {
        "meanRet": 0.9268250012397766,
        "maxRet": 0.9793750047683716,
        "minRet": 0.8737499713897705
    }
}