{
    "model": "test12x12_150k_3step_3gen_3curric/epoch_10_curric1_gen3",
    "MiniGrid-DoorKey-6x6-custom-diff0.8563807381558474": {
        "meanRet": 0.9857664222900684,
        "maxRet": 0.9912408590316772,
        "minRet": 0.9817517995834351
    },
    "MiniGrid-DoorKey-8x8-custom-diff0.8563807381558474": {
        "meanRet": 0.9776350355148316,
        "maxRet": 0.9868612885475159,
        "minRet": 0.9715328216552734
    },
    "MiniGrid-DoorKey-10x10-custom-diff0.8563807381558474": {
        "meanRet": 0.9679393607836503,
        "maxRet": 0.9839416146278381,
        "minRet": 0.956204354763031
    },
    "MiniGrid-DoorKey-12x12-custom-diff0.8563807381558474": {
        "meanRet": 0.9578978037834167,
        "maxRet": 0.9846715331077576,
        "minRet": 0.9357663989067078
    }
}