{
    "model": "Rhea_SaRun2\\epoch_2_curric1_gen2",
    "MiniGrid-DoorKey-5x5-custom-diff2": {
        "meanRet": 0.5210714250802994,
        "maxRet": 0.6785714030265808,
        "minRet": 0.38928571343421936
    },
    "MiniGrid-DoorKey-6x6-custom-diff2": {
        "meanRet": 0.5004999965429306,
        "maxRet": 0.7074999809265137,
        "minRet": 0.41499999165534973
    },
    "MiniGrid-DoorKey-8x8-custom-diff2": {
        "meanRet": 0.4600000023841858,
        "maxRet": 0.6271428465843201,
        "minRet": 0.31857141852378845
    },
    "MiniGrid-DoorKey-16x16-custom-diff2": {
        "meanRet": 0.0,
        "maxRet": 0.0,
        "minRet": 0.0
    }
}