{
    "model": "test12x12_50k_3step_3gen_3curric/epoch_35_curric2_gen2",
    "MiniGrid-DoorKey-6x6-custom-diff0.3760602224432589": {
        "meanRet": 0.9689464017196938,
        "maxRet": 0.9833641648292542,
        "minRet": 0.9584103226661682
    },
    "MiniGrid-DoorKey-8x8-custom-diff0.3760602224432589": {
        "meanRet": 0.9522883486747742,
        "maxRet": 0.9700554609298706,
        "minRet": 0.9384472966194153
    },
    "MiniGrid-DoorKey-10x10-custom-diff0.3760602224432589": {
        "meanRet": 0.9315933489799499,
        "maxRet": 0.9550831913948059,
        "minRet": 0.9085027575492859
    },
    "MiniGrid-DoorKey-12x12-custom-diff0.3760602224432589": {
        "meanRet": 0.8798890948295593,
        "maxRet": 0.9384472966194153,
        "minRet": 0.8436229228973389
    }
}