{
    "model": "SoRRH_2\\epoch_1_curric2",
    "MiniGrid-DoorKey-5x5-custom-diff0": {
        "meanRet": 0.9557199835777282,
        "maxRet": 0.9675999879837036,
        "minRet": 0.9495999813079834
    },
    "MiniGrid-DoorKey-6x6-custom-diff0": {
        "meanRet": 0.9602499842643738,
        "maxRet": 0.9700000286102295,
        "minRet": 0.9524999856948853
    },
    "MiniGrid-DoorKey-8x8-custom-diff0": {
        "meanRet": 0.9606249928474426,
        "maxRet": 0.9775000214576721,
        "minRet": 0.9521874785423279
    },
    "MiniGrid-DoorKey-16x16-custom-diff0": {
        "meanRet": 0.957671868801117,
        "maxRet": 0.9820703268051147,
        "minRet": 0.9258202910423279
    }
}