{
    "model": "test12x12_50k_3step_3gen_3curric/epoch_6_curric2_gen1",
    "MiniGrid-DoorKey-6x6-custom-diff1": {
        "meanRet": 0.9861750054359436,
        "maxRet": 0.9937499761581421,
        "minRet": 0.9787499904632568
    },
    "MiniGrid-DoorKey-8x8-custom-diff1": {
        "meanRet": 0.9738750004768372,
        "maxRet": 0.9925000071525574,
        "minRet": 0.9624999761581421
    },
    "MiniGrid-DoorKey-10x10-custom-diff1": {
        "meanRet": 0.9579499959945679,
        "maxRet": 0.984375,
        "minRet": 0.9262499809265137
    },
    "MiniGrid-DoorKey-12x12-custom-diff1": {
        "meanRet": 0.912275002002716,
        "maxRet": 0.9862499833106995,
        "minRet": 0.8456249833106995
    }
}