{
    "model": "test12x12_100k_4step_3gen_3curric/epoch_18_curric1_gen2",
    "MiniGrid-DoorKey-6x6-custom-diff0.32840899999999995": {
        "meanRet": 0.9598050808906555,
        "maxRet": 0.9752118587493896,
        "minRet": 0.9427965879440308
    },
    "MiniGrid-DoorKey-8x8-custom-diff0.32840899999999995": {
        "meanRet": 0.9160254192352295,
        "maxRet": 0.9599575996398926,
        "minRet": 0.8798728585243225
    },
    "MiniGrid-DoorKey-10x10-custom-diff0.32840899999999995": {
        "meanRet": 0.8296365646215585,
        "maxRet": 0.9485169649124146,
        "minRet": 0.7273305058479309
    },
    "MiniGrid-DoorKey-12x12-custom-diff0.32840899999999995": {
        "meanRet": 0.5751694893836975,
        "maxRet": 0.9561440944671631,
        "minRet": 0.3326271176338196
    }
}