{
    "model": "test12x12_25k_3step_3gen_3curric/epoch_32_curric1_gen2",
    "MiniGrid-DoorKey-6x6-custom-diff0.6319142875744653": {
        "meanRet": 0.9828910875320435,
        "maxRet": 0.9881188273429871,
        "minRet": 0.9782178401947021
    },
    "MiniGrid-DoorKey-8x8-custom-diff0.6319142875744653": {
        "meanRet": 0.9717060121206137,
        "maxRet": 0.9851484894752502,
        "minRet": 0.9633663296699524
    },
    "MiniGrid-DoorKey-10x10-custom-diff0.6319142875744653": {
        "meanRet": 0.9611576543404505,
        "maxRet": 0.9782178401947021,
        "minRet": 0.9475247263908386
    },
    "MiniGrid-DoorKey-12x12-custom-diff0.6319142875744653": {
        "meanRet": 0.9345801251905935,
        "maxRet": 0.9702970385551453,
        "minRet": 0.9039604067802429
    }
}