{
    "model": "test12x12_50k_3step_3gen_3curric/epoch_20_curric1_gen3",
    "MiniGrid-DoorKey-6x6-custom-diff0.7510602224432589": {
        "meanRet": 0.9813505983352662,
        "maxRet": 0.9900092482566833,
        "minRet": 0.9766882658004761
    },
    "MiniGrid-DoorKey-8x8-custom-diff0.7510602224432589": {
        "meanRet": 0.9682627201080323,
        "maxRet": 0.9800184965133667,
        "minRet": 0.9583718776702881
    },
    "MiniGrid-DoorKey-10x10-custom-diff0.7510602224432589": {
        "meanRet": 0.9512451457977295,
        "maxRet": 0.9808510541915894,
        "minRet": 0.9308972954750061
    },
    "MiniGrid-DoorKey-12x12-custom-diff0.7510602224432589": {
        "meanRet": 0.9224717807769776,
        "maxRet": 0.9716928601264954,
        "minRet": 0.8809435963630676
    }
}