{
    "model": "test12x12_100k_3step_4gen_3curric/epoch_19_curric1_gen4",
    "MiniGrid-DoorKey-6x6-custom-diff0.66967792277423": {
        "meanRet": 0.9812531113624573,
        "maxRet": 0.9887966513633728,
        "minRet": 0.9766597747802734
    },
    "MiniGrid-DoorKey-8x8-custom-diff0.66967792277423": {
        "meanRet": 0.9720917216369084,
        "maxRet": 0.9831950068473816,
        "minRet": 0.9654564261436462
    },
    "MiniGrid-DoorKey-10x10-custom-diff0.66967792277423": {
        "meanRet": 0.9614347242392026,
        "maxRet": 0.979460597038269,
        "minRet": 0.9458506107330322
    },
    "MiniGrid-DoorKey-12x12-custom-diff0.66967792277423": {
        "meanRet": 0.9370373487472534,
        "maxRet": 0.9673236608505249,
        "minRet": 0.8973029255867004
    }
}