{
    "model": "Rhea_SaRun2\\epoch_6_curric1_gen3",
    "MiniGrid-DoorKey-5x5-custom-diff2": {
        "meanRet": 0.6172077872536399,
        "maxRet": 0.7107142806053162,
        "minRet": 0.550000011920929
    },
    "MiniGrid-DoorKey-6x6-custom-diff2": {
        "meanRet": 0.5657499969005585,
        "maxRet": 0.7074999809265137,
        "minRet": 0.4375
    },
    "MiniGrid-DoorKey-8x8-custom-diff2": {
        "meanRet": 0.6322857141494751,
        "maxRet": 0.7300000190734863,
        "minRet": 0.5628571510314941
    },
    "MiniGrid-DoorKey-16x16-custom-diff2": {
        "meanRet": 0.0820760808207772,
        "maxRet": 0.6808510422706604,
        "minRet": 0.0
    }
}