{
    "model": "test12x12_25k_3step_3gen_3curric/epoch_22_curric0_gen2",
    "MiniGrid-DoorKey-6x6-custom-diff0.8819142875744653": {
        "meanRet": 0.9860257418067367,
        "maxRet": 0.9907801151275635,
        "minRet": 0.9822695255279541
    },
    "MiniGrid-DoorKey-8x8-custom-diff0.8819142875744653": {
        "meanRet": 0.9779869042910062,
        "maxRet": 0.9865248203277588,
        "minRet": 0.9709219932556152
    },
    "MiniGrid-DoorKey-10x10-custom-diff0.8819142875744653": {
        "meanRet": 0.9701309318725879,
        "maxRet": 0.9829787015914917,
        "minRet": 0.957446813583374
    },
    "MiniGrid-DoorKey-12x12-custom-diff0.8819142875744653": {
        "meanRet": 0.945446810722351,
        "maxRet": 0.9716312289237976,
        "minRet": 0.9269503355026245
    }
}