{
    "model": "Rhea_Fr2\\epoch_3_curric3_gen4",
    "MiniGrid-DoorKey-5x5-custom-diff2": {
        "meanRet": 0.7074999928474426,
        "maxRet": 0.7428571581840515,
        "minRet": 0.6785714030265808
    },
    "MiniGrid-DoorKey-6x6-custom-diff2": {
        "meanRet": 0.7018749962250391,
        "maxRet": 0.8199999928474426,
        "minRet": 0.6175000071525574
    },
    "MiniGrid-DoorKey-8x8-custom-diff2": {
        "meanRet": 0.7300000028176741,
        "maxRet": 0.8071428537368774,
        "minRet": 0.6785714030265808
    },
    "MiniGrid-DoorKey-16x16-custom-diff2": {
        "meanRet": 0.5988297909498215,
        "maxRet": 0.8500000238418579,
        "minRet": 0.3585106432437897
    }
}