{
    "model": "SO_RHEA_2PARA_5GEN_14May\\epoch_10_curric2_gen3",
    "MiniGrid-DoorKey-5x5-custom-diff1": {
        "meanRet": 0.8693902492523193,
        "maxRet": 0.8902438879013062,
        "minRet": 0.8573170900344849
    },
    "MiniGrid-DoorKey-6x6-custom-diff1": {
        "meanRet": 0.8808823476235071,
        "maxRet": 0.916806697845459,
        "minRet": 0.8638655543327332
    },
    "MiniGrid-DoorKey-8x8-custom-diff1": {
        "meanRet": 0.893693039050469,
        "maxRet": 0.9402843713760376,
        "minRet": 0.8763033151626587
    },
    "MiniGrid-DoorKey-16x16-custom-diff1": {
        "meanRet": 0.8267100572586059,
        "maxRet": 0.9382248520851135,
        "minRet": 0.7443786859512329
    }
}