{
    "model": "test12x12_75k_3step_3gen_3curric/epoch_4_curric1_gen3",
    "MiniGrid-DoorKey-6x6-custom-diff1": {
        "meanRet": 0.9889750051498413,
        "maxRet": 0.9937499761581421,
        "minRet": 0.9850000143051147
    },
    "MiniGrid-DoorKey-8x8-custom-diff1": {
        "meanRet": 0.9806500005722046,
        "maxRet": 0.9868749976158142,
        "minRet": 0.9712499976158142
    },
    "MiniGrid-DoorKey-10x10-custom-diff1": {
        "meanRet": 0.9674330417598996,
        "maxRet": 0.984375,
        "minRet": 0.9568750262260437
    },
    "MiniGrid-DoorKey-12x12-custom-diff1": {
        "meanRet": 0.947199993133545,
        "maxRet": 0.971875011920929,
        "minRet": 0.9168750047683716
    }
}