{
    "model": "test12x12_25k_3step_3gen_3curric/epoch_2_curric1_gen3",
    "MiniGrid-DoorKey-6x6-custom-diff1": {
        "meanRet": 0.725099995136261,
        "maxRet": 0.9825000166893005,
        "minRet": 0.5493749976158142
    },
    "MiniGrid-DoorKey-8x8-custom-diff1": {
        "meanRet": 0.16361249819397927,
        "maxRet": 0.9631249904632568,
        "minRet": 0.0
    },
    "MiniGrid-DoorKey-10x10-custom-diff1": {
        "meanRet": 0.018281249639888603,
        "maxRet": 0.49437499046325684,
        "minRet": 0.0
    },
    "MiniGrid-DoorKey-12x12-custom-diff1": {
        "meanRet": 0.0024088541977107525,
        "maxRet": 0.11562500149011612,
        "minRet": 0.0
    }
}