{
    "model": "test12x12_100k_3step_3gen_3curric/epoch_24_curric2_gen3",
    "MiniGrid-DoorKey-6x6-custom-diff0.15": {
        "meanRet": 0.9185897432840787,
        "maxRet": 0.9583333134651184,
        "minRet": 0.887499988079071
    },
    "MiniGrid-DoorKey-8x8-custom-diff0.15": {
        "meanRet": 0.8694999980926513,
        "maxRet": 0.925000011920929,
        "minRet": 0.800000011920929
    },
    "MiniGrid-DoorKey-10x10-custom-diff0.15": {
        "meanRet": 0.8286666631698608,
        "maxRet": 0.9458333253860474,
        "minRet": 0.7416666746139526
    },
    "MiniGrid-DoorKey-12x12-custom-diff0.15": {
        "meanRet": 0.72,
        "maxRet": 0.8541666865348816,
        "minRet": 0.5208333134651184
    }
}