{
    "model": "test12x12_50k_3step_3gen_3curric/epoch_19_curric2_gen3",
    "MiniGrid-DoorKey-6x6-custom-diff0.7760602224432589": {
        "meanRet": 0.9853774905204773,
        "maxRet": 0.9911369681358337,
        "minRet": 0.9814682006835938
    },
    "MiniGrid-DoorKey-8x8-custom-diff0.7760602224432589": {
        "meanRet": 0.9760859441757203,
        "maxRet": 0.9863026142120361,
        "minRet": 0.9685765504837036
    },
    "MiniGrid-DoorKey-10x10-custom-diff0.7760602224432589": {
        "meanRet": 0.9657403755187989,
        "maxRet": 0.9846911430358887,
        "minRet": 0.9508504867553711
    },
    "MiniGrid-DoorKey-12x12-custom-diff0.7760602224432589": {
        "meanRet": 0.946202046596087,
        "maxRet": 0.9734109044075012,
        "minRet": 0.9299015402793884
    }
}