{
    "model": "SO_RHEA_2PARA_5GEN_14May\\epoch_8_curric1_gen1",
    "MiniGrid-DoorKey-5x5-custom-diff1": {
        "meanRet": 0.877439022064209,
        "maxRet": 0.9012194871902466,
        "minRet": 0.8573170900344849
    },
    "MiniGrid-DoorKey-6x6-custom-diff1": {
        "meanRet": 0.8894634613623986,
        "maxRet": 0.916806697845459,
        "minRet": 0.8714285492897034
    },
    "MiniGrid-DoorKey-8x8-custom-diff1": {
        "meanRet": 0.8997630298137664,
        "maxRet": 0.9402843713760376,
        "minRet": 0.8848341107368469
    },
    "MiniGrid-DoorKey-16x16-custom-diff1": {
        "meanRet": 0.8368284046649933,
        "maxRet": 0.9179881811141968,
        "minRet": 0.7571597695350647
    }
}