{
    "model": "test12x12_75k_3step_3gen_3curric/epoch_45_curric2_gen2",
    "MiniGrid-DoorKey-6x6-custom-diff0.15": {
        "meanRet": 0.9271666693687439,
        "maxRet": 0.9583333134651184,
        "minRet": 0.9041666388511658
    },
    "MiniGrid-DoorKey-8x8-custom-diff0.15": {
        "meanRet": 0.8888333344459534,
        "maxRet": 0.9291666746139526,
        "minRet": 0.862500011920929
    },
    "MiniGrid-DoorKey-10x10-custom-diff0.15": {
        "meanRet": 0.8501666617393494,
        "maxRet": 0.9416666626930237,
        "minRet": 0.7916666865348816
    },
    "MiniGrid-DoorKey-12x12-custom-diff0.15": {
        "meanRet": 0.7296666717529297,
        "maxRet": 0.862500011920929,
        "minRet": 0.6083333492279053
    }
}