{
    "model": "test12x12_75k_3step_3gen_3curric/epoch_49_curric0_gen2",
    "MiniGrid-DoorKey-6x6-custom-diff0.15": {
        "meanRet": 0.9320512872475845,
        "maxRet": 0.9583333134651184,
        "minRet": 0.9166666865348816
    },
    "MiniGrid-DoorKey-8x8-custom-diff0.15": {
        "meanRet": 0.8848333358764648,
        "maxRet": 0.9375,
        "minRet": 0.8541666865348816
    },
    "MiniGrid-DoorKey-10x10-custom-diff0.15": {
        "meanRet": 0.8448718029719132,
        "maxRet": 0.9291666746139526,
        "minRet": 0.7875000238418579
    },
    "MiniGrid-DoorKey-12x12-custom-diff0.15": {
        "meanRet": 0.7230000019073486,
        "maxRet": 0.8208333253860474,
        "minRet": 0.625
    }
}