{
    "model": "test12x12_100k_3step_3gen_3curric/epoch_35_curric2_gen1",
    "MiniGrid-DoorKey-6x6-custom-diff0.15": {
        "meanRet": 0.9147435885209304,
        "maxRet": 0.9583333134651184,
        "minRet": 0.887499988079071
    },
    "MiniGrid-DoorKey-8x8-custom-diff0.15": {
        "meanRet": 0.8691666674613953,
        "maxRet": 0.9291666746139526,
        "minRet": 0.8291666507720947
    },
    "MiniGrid-DoorKey-10x10-custom-diff0.15": {
        "meanRet": 0.8206730782985687,
        "maxRet": 0.8999999761581421,
        "minRet": 0.7416666746139526
    },
    "MiniGrid-DoorKey-12x12-custom-diff0.15": {
        "meanRet": 0.7676666688919067,
        "maxRet": 0.9083333611488342,
        "minRet": 0.6166666746139526
    }
}