{
    "model": "test12x12_100k_3step_3gen_3curric/epoch_21_curric2_gen3",
    "MiniGrid-DoorKey-6x6-custom-diff0.6220715046045372": {
        "meanRet": 0.9792059042624065,
        "maxRet": 0.9869273900985718,
        "minRet": 0.9728491902351379
    },
    "MiniGrid-DoorKey-8x8-custom-diff0.6220715046045372": {
        "meanRet": 0.9669765353202819,
        "maxRet": 0.9808938503265381,
        "minRet": 0.953743040561676
    },
    "MiniGrid-DoorKey-10x10-custom-diff0.6220715046045372": {
        "meanRet": 0.9568402242660522,
        "maxRet": 0.9808938503265381,
        "minRet": 0.9346368908882141
    },
    "MiniGrid-DoorKey-12x12-custom-diff0.6220715046045372": {
        "meanRet": 0.9337519526481628,
        "maxRet": 0.9718436002731323,
        "minRet": 0.8863686919212341
    }
}