{
    "model": "test12x12_150k_3step_3gen_3curric/epoch_31_curric0_gen2",
    "MiniGrid-DoorKey-6x6-custom-diff0.15": {
        "meanRet": 0.9105000019073486,
        "maxRet": 0.949999988079071,
        "minRet": 0.875
    },
    "MiniGrid-DoorKey-8x8-custom-diff0.15": {
        "meanRet": 0.8742283913824294,
        "maxRet": 0.9333333373069763,
        "minRet": 0.8374999761581421
    },
    "MiniGrid-DoorKey-10x10-custom-diff0.15": {
        "meanRet": 0.8288333344459534,
        "maxRet": 0.9291666746139526,
        "minRet": 0.7583333253860474
    },
    "MiniGrid-DoorKey-12x12-custom-diff0.15": {
        "meanRet": 0.7060897396161006,
        "maxRet": 0.8500000238418579,
        "minRet": 0.5874999761581421
    }
}