{
    "model": "test12x12_50k_3step_3gen_3curric/epoch_21_curric0_gen3",
    "MiniGrid-DoorKey-6x6-custom-diff0.7260602224432589": {
        "meanRet": 0.9838209173509053,
        "maxRet": 0.9913875460624695,
        "minRet": 0.9776076674461365
    },
    "MiniGrid-DoorKey-8x8-custom-diff0.7260602224432589": {
        "meanRet": 0.9764019107818603,
        "maxRet": 0.984497606754303,
        "minRet": 0.9655502438545227
    },
    "MiniGrid-DoorKey-10x10-custom-diff0.7260602224432589": {
        "meanRet": 0.9651527381860293,
        "maxRet": 0.982775092124939,
        "minRet": 0.9509090781211853
    },
    "MiniGrid-DoorKey-12x12-custom-diff0.7260602224432589": {
        "meanRet": 0.949117705821991,
        "maxRet": 0.9741626977920532,
        "minRet": 0.9242105484008789
    }
}