{
    "model": "test12x12_100k_4step_3gen_3curric/epoch_3_curric1_gen2",
    "MiniGrid-DoorKey-6x6-custom-diff1": {
        "meanRet": 0.9852499961853027,
        "maxRet": 0.9918749928474426,
        "minRet": 0.9781249761581421
    },
    "MiniGrid-DoorKey-8x8-custom-diff1": {
        "meanRet": 0.973950002193451,
        "maxRet": 0.9868749976158142,
        "minRet": 0.9643750190734863
    },
    "MiniGrid-DoorKey-10x10-custom-diff1": {
        "meanRet": 0.9581999993324279,
        "maxRet": 0.9818750023841858,
        "minRet": 0.9381250143051147
    },
    "MiniGrid-DoorKey-12x12-custom-diff1": {
        "meanRet": 0.933050000667572,
        "maxRet": 0.9806249737739563,
        "minRet": 0.8887500166893005
    }
}