{
    "model": "test12x12_75k_3step_3gen_3curric/epoch_39_curric1_gen2",
    "MiniGrid-DoorKey-6x6-custom-diff0.15": {
        "meanRet": 0.9282051370694087,
        "maxRet": 0.9583333134651184,
        "minRet": 0.9125000238418579
    },
    "MiniGrid-DoorKey-8x8-custom-diff0.15": {
        "meanRet": 0.8697115320425767,
        "maxRet": 0.9416666626930237,
        "minRet": 0.8291666507720947
    },
    "MiniGrid-DoorKey-10x10-custom-diff0.15": {
        "meanRet": 0.8210000014305114,
        "maxRet": 0.9208333492279053,
        "minRet": 0.7708333134651184
    },
    "MiniGrid-DoorKey-12x12-custom-diff0.15": {
        "meanRet": 0.7154999995231628,
        "maxRet": 0.8208333253860474,
        "minRet": 0.5625
    }
}