{
    "model": "test12x12_75k_3step_3gen_3curric/epoch_13_curric1_gen1",
    "MiniGrid-DoorKey-6x6-custom-diff0.8315023600555896": {
        "meanRet": 0.9854540182993963,
        "maxRet": 0.9909774661064148,
        "minRet": 0.9796992540359497
    },
    "MiniGrid-DoorKey-8x8-custom-diff0.8315023600555896": {
        "meanRet": 0.9775037598609925,
        "maxRet": 0.9879699349403381,
        "minRet": 0.9706767201423645
    },
    "MiniGrid-DoorKey-10x10-custom-diff0.8315023600555896": {
        "meanRet": 0.9689924788475036,
        "maxRet": 0.9864661693572998,
        "minRet": 0.9548872113227844
    },
    "MiniGrid-DoorKey-12x12-custom-diff0.8315023600555896": {
        "meanRet": 0.9512782001495361,
        "maxRet": 0.976691722869873,
        "minRet": 0.9345864653587341
    }
}