{
    "model": "test12x12_100k_3step_3gen_3curric/epoch_37_curric2_gen1",
    "MiniGrid-DoorKey-6x6-custom-diff0.15": {
        "meanRet": 0.9071666693687439,
        "maxRet": 0.9375,
        "minRet": 0.8791666626930237
    },
    "MiniGrid-DoorKey-8x8-custom-diff0.15": {
        "meanRet": 0.8646666622161865,
        "maxRet": 0.925000011920929,
        "minRet": 0.8208333253860474
    },
    "MiniGrid-DoorKey-10x10-custom-diff0.15": {
        "meanRet": 0.8214743595856887,
        "maxRet": 0.9166666865348816,
        "minRet": 0.7333333492279053
    },
    "MiniGrid-DoorKey-12x12-custom-diff0.15": {
        "meanRet": 0.7126666688919068,
        "maxRet": 0.8666666746139526,
        "minRet": 0.4375
    }
}