{
    "model": "test12x12_150k_3step_3gen_3curric/epoch_20_curric1_gen3",
    "MiniGrid-DoorKey-6x6-custom-diff0.15": {
        "meanRet": 0.9212797646011625,
        "maxRet": 0.949999988079071,
        "minRet": 0.8999999761581421
    },
    "MiniGrid-DoorKey-8x8-custom-diff0.15": {
        "meanRet": 0.8793333339691162,
        "maxRet": 0.9208333492279053,
        "minRet": 0.8416666388511658
    },
    "MiniGrid-DoorKey-10x10-custom-diff0.15": {
        "meanRet": 0.8395000004768371,
        "maxRet": 0.9333333373069763,
        "minRet": 0.7791666388511658
    },
    "MiniGrid-DoorKey-12x12-custom-diff0.15": {
        "meanRet": 0.720166666507721,
        "maxRet": 0.8791666626930237,
        "minRet": 0.6041666865348816
    }
}