{
    "model": "test12x12_150k_3step_3gen_3curric/epoch_2_curric2_gen2",
    "MiniGrid-DoorKey-6x6-custom-diff1": {
        "meanRet": 0.7849500012397767,
        "maxRet": 0.9868749976158142,
        "minRet": 0.5481250286102295
    },
    "MiniGrid-DoorKey-8x8-custom-diff1": {
        "meanRet": 0.06268229211370151,
        "maxRet": 0.9043750166893005,
        "minRet": 0.0
    },
    "MiniGrid-DoorKey-10x10-custom-diff1": {
        "meanRet": 0.1153124999254942,
        "maxRet": 0.9243749976158142,
        "minRet": 0.0
    },
    "MiniGrid-DoorKey-12x12-custom-diff1": {
        "meanRet": 0.0,
        "maxRet": 0.0,
        "minRet": 0.0
    }
}