{
    "model": "test12x12_100k_4step_3gen_3curric/epoch_10_curric1_gen2",
    "MiniGrid-DoorKey-6x6-custom-diff0.8720715046045371": {
        "meanRet": 0.9862641715086423,
        "maxRet": 0.9913944005966187,
        "minRet": 0.9813545942306519
    },
    "MiniGrid-DoorKey-8x8-custom-diff0.8720715046045371": {
        "meanRet": 0.9784000062942505,
        "maxRet": 0.9856573939323425,
        "minRet": 0.9691633582115173
    },
    "MiniGrid-DoorKey-10x10-custom-diff0.8720715046045371": {
        "meanRet": 0.9666666741724368,
        "maxRet": 0.9835059642791748,
        "minRet": 0.949083685874939
    },
    "MiniGrid-DoorKey-12x12-custom-diff0.8720715046045371": {
        "meanRet": 0.9407936263084412,
        "maxRet": 0.9835059642791748,
        "minRet": 0.89458167552948
    }
}