{
    "model": "test12x12_100k_3step_4gen_3curric/epoch_32_curric0_gen1",
    "MiniGrid-DoorKey-6x6-custom-diff0.15": {
        "meanRet": 0.9265432203257525,
        "maxRet": 0.9583333134651184,
        "minRet": 0.9083333611488342
    },
    "MiniGrid-DoorKey-8x8-custom-diff0.15": {
        "meanRet": 0.8949999952316284,
        "maxRet": 0.9375,
        "minRet": 0.8666666746139526
    },
    "MiniGrid-DoorKey-10x10-custom-diff0.15": {
        "meanRet": 0.8541666636100183,
        "maxRet": 0.9291666746139526,
        "minRet": 0.800000011920929
    },
    "MiniGrid-DoorKey-12x12-custom-diff0.15": {
        "meanRet": 0.7748333358764649,
        "maxRet": 0.862500011920929,
        "minRet": 0.6541666388511658
    }
}