{
    "model": "test12x12_100k_4step_3gen_3curric/epoch_11_curric1_gen3",
    "MiniGrid-DoorKey-6x6-custom-diff0.6868055": {
        "meanRet": 0.9820364379882812,
        "maxRet": 0.9908906817436218,
        "minRet": 0.9763157963752747
    },
    "MiniGrid-DoorKey-8x8-custom-diff0.6868055": {
        "meanRet": 0.9724170064926148,
        "maxRet": 0.9890688061714172,
        "minRet": 0.9626518487930298
    },
    "MiniGrid-DoorKey-10x10-custom-diff0.6868055": {
        "meanRet": 0.9509919047355652,
        "maxRet": 0.9754048585891724,
        "minRet": 0.9189271330833435
    },
    "MiniGrid-DoorKey-12x12-custom-diff0.6868055": {
        "meanRet": 0.923226716518402,
        "maxRet": 0.9681174159049988,
        "minRet": 0.8815789222717285
    }
}