{
    "model": "new_25k_7step_4gen_3curric/epoch_6_curric0_gen3",
    "MiniGrid-DoorKey-6x6-custom-diff1": {
        "meanRet": 0.9853499984741211,
        "maxRet": 0.9912499785423279,
        "minRet": 0.9781249761581421
    },
    "MiniGrid-DoorKey-8x8-custom-diff1": {
        "meanRet": 0.9733500003814697,
        "maxRet": 0.9900000095367432,
        "minRet": 0.9581249952316284
    },
    "MiniGrid-DoorKey-10x10-custom-diff1": {
        "meanRet": 0.9510249996185303,
        "maxRet": 0.9837499856948853,
        "minRet": 0.9237499833106995
    },
    "MiniGrid-DoorKey-12x12-custom-diff1": {
        "meanRet": 0.9005999946594239,
        "maxRet": 0.9700000286102295,
        "minRet": 0.8431249856948853
    }
}