{
    "model": "new_25k_7step_4gen_3curric/epoch_6_curric0_gen3",
    "MiniGrid-DoorKey-6x6-custom-diff1": {
        "meanRet": 0.986700005531311,
        "maxRet": 0.9925000071525574,
        "minRet": 0.981249988079071
    },
    "MiniGrid-DoorKey-8x8-custom-diff1": {
        "meanRet": 0.977980762720108,
        "maxRet": 0.9900000095367432,
        "minRet": 0.96875
    },
    "MiniGrid-DoorKey-10x10-custom-diff1": {
        "meanRet": 0.965550000667572,
        "maxRet": 0.9850000143051147,
        "minRet": 0.949999988079071
    },
    "MiniGrid-DoorKey-12x12-custom-diff1": {
        "meanRet": 0.9470000004768372,
        "maxRet": 0.9762499928474426,
        "minRet": 0.9300000071525574
    }
}