{
    "model": "test12x12_100k_3step_3gen_3curric/epoch_11_curric0_gen2",
    "MiniGrid-DoorKey-6x6-custom-diff0.8720715046045371": {
        "meanRet": 0.9818709206581115,
        "maxRet": 0.9892430305480957,
        "minRet": 0.9713147282600403
    },
    "MiniGrid-DoorKey-8x8-custom-diff0.8720715046045371": {
        "meanRet": 0.9732366514205932,
        "maxRet": 0.9885258674621582,
        "minRet": 0.9598406553268433
    },
    "MiniGrid-DoorKey-10x10-custom-diff0.8720715046045371": {
        "meanRet": 0.9632332164507645,
        "maxRet": 0.9799203276634216,
        "minRet": 0.9426294565200806
    },
    "MiniGrid-DoorKey-12x12-custom-diff0.8720715046045371": {
        "meanRet": 0.9406215119361877,
        "maxRet": 0.9763346910476685,
        "minRet": 0.903904378414154
    }
}