{
    "model": "test12x12_100k_3step_4gen_3curric/epoch_22_curric0_gen1",
    "MiniGrid-DoorKey-6x6-custom-diff0.1533065": {
        "meanRet": 0.9189393939795317,
        "maxRet": 0.9509090781211853,
        "minRet": 0.8936363458633423
    },
    "MiniGrid-DoorKey-8x8-custom-diff0.1533065": {
        "meanRet": 0.8921636295318603,
        "maxRet": 0.9304545521736145,
        "minRet": 0.8690909147262573
    },
    "MiniGrid-DoorKey-10x10-custom-diff0.1533065": {
        "meanRet": 0.8438909077644348,
        "maxRet": 0.9059090614318848,
        "minRet": 0.7831818461418152
    },
    "MiniGrid-DoorKey-12x12-custom-diff0.1533065": {
        "meanRet": 0.6699454522132874,
        "maxRet": 0.8445454835891724,
        "minRet": 0.5295454263687134
    }
}