{
    "model": "test12x12_100k_4step_3gen_3curric/epoch_20_curric0_gen3",
    "MiniGrid-DoorKey-6x6-custom-diff0.22601000000000004": {
        "meanRet": 0.8203323101997375,
        "maxRet": 0.9667692184448242,
        "minRet": 0.6289230585098267
    },
    "MiniGrid-DoorKey-8x8-custom-diff0.22601000000000004": {
        "meanRet": 0.18547692090272905,
        "maxRet": 0.7812307476997375,
        "minRet": 0.0
    },
    "MiniGrid-DoorKey-10x10-custom-diff0.22601000000000004": {
        "meanRet": 0.10927564091980457,
        "maxRet": 0.8836923241615295,
        "minRet": 0.0
    },
    "MiniGrid-DoorKey-12x12-custom-diff0.22601000000000004": {
        "meanRet": 0.0022564101964235306,
        "maxRet": 0.10830768942832947,
        "minRet": 0.0
    }
}