{
    "model": "test12x12_100k_3step_4gen_3curric/epoch_21_curric1_gen2",
    "MiniGrid-DoorKey-6x6-custom-diff0.20553": {
        "meanRet": 0.9453107339364512,
        "maxRet": 0.9633898138999939,
        "minRet": 0.9237288236618042
    },
    "MiniGrid-DoorKey-8x8-custom-diff0.20553": {
        "meanRet": 0.9095306350634649,
        "maxRet": 0.9450847506523132,
        "minRet": 0.8810169696807861
    },
    "MiniGrid-DoorKey-10x10-custom-diff0.20553": {
        "meanRet": 0.857431553877317,
        "maxRet": 0.9206779599189758,
        "minRet": 0.7894915342330933
    },
    "MiniGrid-DoorKey-12x12-custom-diff0.20553": {
        "meanRet": 0.8047457623481751,
        "maxRet": 0.9084745645523071,
        "minRet": 0.7284745573997498
    }
}