{
    "model": "test12x12_100k_3step_4gen_3curric/epoch_24_curric1_gen2",
    "MiniGrid-DoorKey-6x6-custom-diff0.15": {
        "meanRet": 0.9236666679382324,
        "maxRet": 0.949999988079071,
        "minRet": 0.9041666388511658
    },
    "MiniGrid-DoorKey-8x8-custom-diff0.15": {
        "meanRet": 0.863500006198883,
        "maxRet": 0.9291666746139526,
        "minRet": 0.8166666626930237
    },
    "MiniGrid-DoorKey-10x10-custom-diff0.15": {
        "meanRet": 0.764166669845581,
        "maxRet": 0.9291666746139526,
        "minRet": 0.6541666388511658
    },
    "MiniGrid-DoorKey-12x12-custom-diff0.15": {
        "meanRet": 0.6698333346843719,
        "maxRet": 0.8583333492279053,
        "minRet": 0.42500001192092896
    }
}