{
    "model": "test12x12_50k_3step_3gen_3curric/epoch_27_curric1_gen3",
    "MiniGrid-DoorKey-6x6-custom-diff0.5760602224432588": {
        "meanRet": 0.9773317217826843,
        "maxRet": 0.9869722723960876,
        "minRet": 0.9706875681877136
    },
    "MiniGrid-DoorKey-8x8-custom-diff0.5760602224432588": {
        "meanRet": 0.9707744288444519,
        "maxRet": 0.982629656791687,
        "minRet": 0.9620023965835571
    },
    "MiniGrid-DoorKey-10x10-custom-diff0.5760602224432588": {
        "meanRet": 0.9567829622672155,
        "maxRet": 0.9793727397918701,
        "minRet": 0.9413751363754272
    },
    "MiniGrid-DoorKey-12x12-custom-diff0.5760602224432588": {
        "meanRet": 0.9280868554115296,
        "maxRet": 0.9652593731880188,
        "minRet": 0.8957780599594116
    }
}