{
    "model": "test12x12_100k_3step_3gen_3curric/epoch_1_curric1_gen1",
    "MiniGrid-DoorKey-6x6-custom-diff1.0": {
        "meanRet": 0.12575757503509521,
        "maxRet": 0.8999999761581421,
        "minRet": 0.0
    },
    "MiniGrid-DoorKey-8x8-custom-diff1.0": {
        "meanRet": 0.12057617260143161,
        "maxRet": 0.9676562547683716,
        "minRet": 0.0
    },
    "MiniGrid-DoorKey-10x10-custom-diff1.0": {
        "meanRet": 0.0,
        "maxRet": 0.0,
        "minRet": 0.0
    },
    "MiniGrid-DoorKey-12x12-custom-diff1.0": {
        "meanRet": 0.007871094159781933,
        "maxRet": 0.25187501311302185,
        "minRet": 0.0
    }
}