{
    "model": "test12x12_100k_4step_3gen_3curric/epoch_16_curric2_gen3",
    "MiniGrid-DoorKey-6x6-custom-diff0.4308080000000001": {
        "meanRet": 0.16662936034251233,
        "maxRet": 0.9608064293861389,
        "minRet": 0.0
    },
    "MiniGrid-DoorKey-8x8-custom-diff0.4308080000000001": {
        "meanRet": 0.037550403426090874,
        "maxRet": 0.7851613163948059,
        "minRet": 0.0
    },
    "MiniGrid-DoorKey-10x10-custom-diff0.4308080000000001": {
        "meanRet": 0.01717405890425046,
        "maxRet": 0.8243548274040222,
        "minRet": 0.0
    },
    "MiniGrid-DoorKey-12x12-custom-diff0.4308080000000001": {
        "meanRet": 0.02869287629922231,
        "maxRet": 0.837419331073761,
        "minRet": 0.0
    }
}