{
    "model": "test12x12_150k_3step_3gen_3curric/epoch_12_curric1_gen1",
    "MiniGrid-DoorKey-6x6-custom-diff0.8063807381558474": {
        "meanRet": 0.9859316680166457,
        "maxRet": 0.9906976819038391,
        "minRet": 0.9821705222129822
    },
    "MiniGrid-DoorKey-8x8-custom-diff0.8063807381558474": {
        "meanRet": 0.9781395483016968,
        "maxRet": 0.9891473054885864,
        "minRet": 0.97364342212677
    },
    "MiniGrid-DoorKey-10x10-custom-diff0.8063807381558474": {
        "meanRet": 0.9709004140817202,
        "maxRet": 0.9891473054885864,
        "minRet": 0.9573643207550049
    },
    "MiniGrid-DoorKey-12x12-custom-diff0.8063807381558474": {
        "meanRet": 0.9502981534371009,
        "maxRet": 0.9759690165519714,
        "minRet": 0.9317829608917236
    }
}