{
    "model": "DO_11_05_RHEA_PARA_ENV_1\\epoch_4_curric2_gen2",
    "MiniGrid-DoorKey-5x5-custom-diff2": {
        "meanRet": 0.7032966934717618,
        "maxRet": 0.7428571581840515,
        "minRet": 0.6785714030265808
    },
    "MiniGrid-DoorKey-6x6-custom-diff2": {
        "meanRet": 0.6522727337750521,
        "maxRet": 0.7524999976158142,
        "minRet": 0.5950000286102295
    },
    "MiniGrid-DoorKey-8x8-custom-diff2": {
        "meanRet": 0.6914285659790039,
        "maxRet": 0.7814285755157471,
        "minRet": 0.6014285683631897
    },
    "MiniGrid-DoorKey-16x16-custom-diff2": {
        "meanRet": 0.4858800904317336,
        "maxRet": 0.7765957713127136,
        "minRet": 0.16382978856563568
    }
}