{
    "model": "test12x12_75k_3step_3gen_3curric/epoch_9_curric1_gen1",
    "MiniGrid-DoorKey-6x6-custom-diff0.9565023600555896": {
        "meanRet": 0.985545488504263,
        "maxRet": 0.9915032386779785,
        "minRet": 0.9810457229614258
    },
    "MiniGrid-DoorKey-8x8-custom-diff0.9565023600555896": {
        "meanRet": 0.9789019441604614,
        "maxRet": 0.9908496737480164,
        "minRet": 0.9718953967094421
    },
    "MiniGrid-DoorKey-10x10-custom-diff0.9565023600555896": {
        "meanRet": 0.9712941026687623,
        "maxRet": 0.9843137264251709,
        "minRet": 0.9601306915283203
    },
    "MiniGrid-DoorKey-12x12-custom-diff0.9565023600555896": {
        "meanRet": 0.9594509696960449,
        "maxRet": 0.9777777791023254,
        "minRet": 0.9320261478424072
    }
}