{
    "model": "test12x12_150k_3step_3gen_3curric/epoch_25_curric2_gen1",
    "MiniGrid-DoorKey-6x6-custom-diff0.15": {
        "meanRet": 0.9236607189689364,
        "maxRet": 0.9583333134651184,
        "minRet": 0.9041666388511658
    },
    "MiniGrid-DoorKey-8x8-custom-diff0.15": {
        "meanRet": 0.8846666646003724,
        "maxRet": 0.925000011920929,
        "minRet": 0.8583333492279053
    },
    "MiniGrid-DoorKey-10x10-custom-diff0.15": {
        "meanRet": 0.8387820514348837,
        "maxRet": 0.9375,
        "minRet": 0.7749999761581421
    },
    "MiniGrid-DoorKey-12x12-custom-diff0.15": {
        "meanRet": 0.7240000057220459,
        "maxRet": 0.875,
        "minRet": 0.637499988079071
    }
}