{
    "model": "DO_11_05_RHEA_PARA_ENV_1\\epoch_6_curric0_gen3",
    "MiniGrid-DoorKey-5x5-custom-diff0": {
        "meanRet": 0.9548615217208862,
        "maxRet": 0.9639999866485596,
        "minRet": 0.9495999813079834
    },
    "MiniGrid-DoorKey-6x6-custom-diff0": {
        "meanRet": 0.9572499811649322,
        "maxRet": 0.9674999713897705,
        "minRet": 0.949999988079071
    },
    "MiniGrid-DoorKey-8x8-custom-diff0": {
        "meanRet": 0.9610468685626984,
        "maxRet": 0.971875011920929,
        "minRet": 0.9479687213897705
    },
    "MiniGrid-DoorKey-16x16-custom-diff0": {
        "meanRet": 0.9445937514305115,
        "maxRet": 0.9683593511581421,
        "minRet": 0.8966405987739563
    }
}