{
    "model": "test12x12_100k_3step_4gen_3curric/epoch_32_curric0_gen2",
    "MiniGrid-DoorKey-6x6-custom-diff0.15": {
        "meanRet": 0.9198924764510124,
        "maxRet": 0.949999988079071,
        "minRet": 0.8999999761581421
    },
    "MiniGrid-DoorKey-8x8-custom-diff0.15": {
        "meanRet": 0.8716049348866498,
        "maxRet": 0.9208333492279053,
        "minRet": 0.824999988079071
    },
    "MiniGrid-DoorKey-10x10-custom-diff0.15": {
        "meanRet": 0.8023333334922791,
        "maxRet": 0.925000011920929,
        "minRet": 0.7124999761581421
    },
    "MiniGrid-DoorKey-12x12-custom-diff0.15": {
        "meanRet": 0.6161666703224182,
        "maxRet": 0.8083333373069763,
        "minRet": 0.42916667461395264
    }
}