{
    "model": "DO_11_05_RHEA_PARA_ENV_1\\epoch_6_curric0_gen1",
    "MiniGrid-DoorKey-5x5-custom-diff0": {
        "meanRet": 0.9585999846458435,
        "maxRet": 0.9675999879837036,
        "minRet": 0.9531999826431274
    },
    "MiniGrid-DoorKey-6x6-custom-diff0": {
        "meanRet": 0.9620833198229471,
        "maxRet": 0.9725000262260437,
        "minRet": 0.9549999833106995
    },
    "MiniGrid-DoorKey-8x8-custom-diff0": {
        "meanRet": 0.9665312528610229,
        "maxRet": 0.9775000214576721,
        "minRet": 0.9592187404632568
    },
    "MiniGrid-DoorKey-16x16-custom-diff0": {
        "meanRet": 0.9383710980415344,
        "maxRet": 0.9820703268051147,
        "minRet": 0.8998047113418579
    }
}