{
    "model": "Rhea_Fr2\\epoch_2_curric2_gen4",
    "MiniGrid-DoorKey-5x5-custom-diff1": {
        "meanRet": 0.8765243887901306,
        "maxRet": 0.9012194871902466,
        "minRet": 0.8573170900344849
    },
    "MiniGrid-DoorKey-6x6-custom-diff1": {
        "meanRet": 0.8903361320495605,
        "maxRet": 0.9092437028884888,
        "minRet": 0.8638655543327332
    },
    "MiniGrid-DoorKey-8x8-custom-diff1": {
        "meanRet": 0.8774666135961359,
        "maxRet": 0.9061611294746399,
        "minRet": 0.850710928440094
    },
    "MiniGrid-DoorKey-16x16-custom-diff1": {
        "meanRet": 0.6100709974765778,
        "maxRet": 0.8689940571784973,
        "minRet": 0.3641420006752014
    }
}