{
    "model": "MI_RHEA_PARA_ENV_2_first\\epoch_9_curric1_gen3",
    "MiniGrid-DoorKey-5x5-custom-diff1": {
        "meanRet": 0.8784240117439857,
        "maxRet": 0.9012194871902466,
        "minRet": 0.8573170900344849
    },
    "MiniGrid-DoorKey-6x6-custom-diff1": {
        "meanRet": 0.8888816971045274,
        "maxRet": 0.916806697845459,
        "minRet": 0.8714285492897034
    },
    "MiniGrid-DoorKey-8x8-custom-diff1": {
        "meanRet": 0.9074407577514648,
        "maxRet": 0.9445497393608093,
        "minRet": 0.8805687427520752
    },
    "MiniGrid-DoorKey-16x16-custom-diff1": {
        "meanRet": 0.7685562133789062,
        "maxRet": 0.9147928953170776,
        "minRet": 0.6506508588790894
    }
}