{
    "model": "SO_RHEA_2PARA_5GEN_14May\\epoch_6_curric1_gen2",
    "MiniGrid-DoorKey-5x5-custom-diff0": {
        "meanRet": 0.9555999835332235,
        "maxRet": 0.9639999866485596,
        "minRet": 0.9495999813079834
    },
    "MiniGrid-DoorKey-6x6-custom-diff0": {
        "meanRet": 0.9570454359054565,
        "maxRet": 0.9649999737739563,
        "minRet": 0.9524999856948853
    },
    "MiniGrid-DoorKey-8x8-custom-diff0": {
        "meanRet": 0.96484375,
        "maxRet": 0.9775000214576721,
        "minRet": 0.957812488079071
    },
    "MiniGrid-DoorKey-16x16-custom-diff0": {
        "meanRet": 0.9531367123126984,
        "maxRet": 0.9757421612739563,
        "minRet": 0.9300390481948853
    }
}