{
    "model": "DO_11_05_RHEA_PARA_ENV_1\\epoch_2_curric2_gen1",
    "MiniGrid-DoorKey-5x5-custom-diff2": {
        "meanRet": 0.6689285695552826,
        "maxRet": 0.7107142806053162,
        "minRet": 0.6142857074737549
    },
    "MiniGrid-DoorKey-6x6-custom-diff2": {
        "meanRet": 0.6306249996026357,
        "maxRet": 0.7300000190734863,
        "minRet": 0.5724999904632568
    },
    "MiniGrid-DoorKey-8x8-custom-diff2": {
        "meanRet": 0.6438571393489838,
        "maxRet": 0.7557142972946167,
        "minRet": 0.5628571510314941
    },
    "MiniGrid-DoorKey-16x16-custom-diff2": {
        "meanRet": 0.07603058475069702,
        "maxRet": 0.4542553126811981,
        "minRet": 0.0
    }
}