{
    "model": "test12x12_100k_4step_3gen_3curric/epoch_3_curric2_gen3",
    "MiniGrid-DoorKey-6x6-custom-diff1": {
        "meanRet": 0.3717788473153726,
        "maxRet": 0.9668750166893005,
        "minRet": 0.0
    },
    "MiniGrid-DoorKey-8x8-custom-diff1": {
        "meanRet": 0.029335937462747097,
        "maxRet": 0.5881249904632568,
        "minRet": 0.0
    },
    "MiniGrid-DoorKey-10x10-custom-diff1": {
        "meanRet": 0.06390625052154064,
        "maxRet": 0.7825000286102295,
        "minRet": 0.0
    },
    "MiniGrid-DoorKey-12x12-custom-diff1": {
        "meanRet": 0.020585937425494194,
        "maxRet": 0.6587499976158142,
        "minRet": 0.0
    }
}