{
    "model": "test12x12_100k_3step_4gen_3curric/epoch_22_curric0_gen3",
    "MiniGrid-DoorKey-6x6-custom-diff0.1533065": {
        "meanRet": 0.9254545481116684,
        "maxRet": 0.9549999833106995,
        "minRet": 0.9018181562423706
    },
    "MiniGrid-DoorKey-8x8-custom-diff0.1533065": {
        "meanRet": 0.8581272721290588,
        "maxRet": 0.9386363625526428,
        "minRet": 0.803636372089386
    },
    "MiniGrid-DoorKey-10x10-custom-diff0.1533065": {
        "meanRet": 0.7862909126281739,
        "maxRet": 0.8895454406738281,
        "minRet": 0.6563636660575867
    },
    "MiniGrid-DoorKey-12x12-custom-diff0.1533065": {
        "meanRet": 0.6110363638401032,
        "maxRet": 0.8445454835891724,
        "minRet": 0.3577272593975067
    }
}