{
    "model": "test12x12_75k_3step_3gen_3curric/epoch_16_curric1_gen2",
    "MiniGrid-DoorKey-6x6-custom-diff0.7565023600555896": {
        "meanRet": 0.9849097044379623,
        "maxRet": 0.9900826215744019,
        "minRet": 0.9793388247489929
    },
    "MiniGrid-DoorKey-8x8-custom-diff0.7565023600555896": {
        "meanRet": 0.9759740275996072,
        "maxRet": 0.9867768883705139,
        "minRet": 0.9694215059280396
    },
    "MiniGrid-DoorKey-10x10-custom-diff0.7565023600555896": {
        "meanRet": 0.9680228898158441,
        "maxRet": 0.9867768883705139,
        "minRet": 0.9537190198898315
    },
    "MiniGrid-DoorKey-12x12-custom-diff0.7565023600555896": {
        "meanRet": 0.9429421472549439,
        "maxRet": 0.9760330319404602,
        "minRet": 0.9157024621963501
    }
}