{
    "model": "DO_11_05_RHEA_PARA_ENV_1\\epoch_8_curric1_gen3",
    "MiniGrid-DoorKey-5x5-custom-diff2": {
        "meanRet": 0.6810439504109896,
        "maxRet": 0.7107142806053162,
        "minRet": 0.6464285850524902
    },
    "MiniGrid-DoorKey-6x6-custom-diff2": {
        "meanRet": 0.6782500088214874,
        "maxRet": 0.7300000190734863,
        "minRet": 0.6399999856948853
    },
    "MiniGrid-DoorKey-8x8-custom-diff2": {
        "meanRet": 0.6592857122421265,
        "maxRet": 0.7685714364051819,
        "minRet": 0.5371428728103638
    },
    "MiniGrid-DoorKey-16x16-custom-diff2": {
        "meanRet": 0.596914890408516,
        "maxRet": 0.757446825504303,
        "minRet": 0.3617021143436432
    }
}