{
    "model": "test12x12_150k_3step_3gen_3curric/epoch_5_curric0_gen1",
    "MiniGrid-DoorKey-6x6-custom-diff0.9813807381558474": {
        "meanRet": 0.987310141324997,
        "maxRet": 0.993630588054657,
        "minRet": 0.9847133755683899
    },
    "MiniGrid-DoorKey-8x8-custom-diff0.9813807381558474": {
        "meanRet": 0.979770700931549,
        "maxRet": 0.9904458522796631,
        "minRet": 0.9713375568389893
    },
    "MiniGrid-DoorKey-10x10-custom-diff0.9813807381558474": {
        "meanRet": 0.9669044613838196,
        "maxRet": 0.9904458522796631,
        "minRet": 0.9496815204620361
    },
    "MiniGrid-DoorKey-12x12-custom-diff0.9813807381558474": {
        "meanRet": 0.9475668835639953,
        "maxRet": 0.987261176109314,
        "minRet": 0.9044585824012756
    }
}