{
    "model": "test12x12_25k_3step_3gen_3curric/epoch_11_curric2_gen2",
    "MiniGrid-DoorKey-6x6-custom-diff1": {
        "meanRet": 0.9877750086784363,
        "maxRet": 0.9925000071525574,
        "minRet": 0.9837499856948853
    },
    "MiniGrid-DoorKey-8x8-custom-diff1": {
        "meanRet": 0.9801682692307693,
        "maxRet": 0.9862499833106995,
        "minRet": 0.9743750095367432
    },
    "MiniGrid-DoorKey-10x10-custom-diff1": {
        "meanRet": 0.9689250040054321,
        "maxRet": 0.984375,
        "minRet": 0.9543750286102295
    },
    "MiniGrid-DoorKey-12x12-custom-diff1": {
        "meanRet": 0.9566500020027161,
        "maxRet": 0.9850000143051147,
        "minRet": 0.9362499713897705
    }
}