{
    "model": "test12x12_100k_4step_3gen_3curric/epoch_1_curric2_gen2",
    "MiniGrid-DoorKey-6x6-custom-diff1.0": {
        "meanRet": 0.18948529485393972,
        "maxRet": 0.9125000238418579,
        "minRet": 0.0
    },
    "MiniGrid-DoorKey-8x8-custom-diff1.0": {
        "meanRet": 0.033056640066206455,
        "maxRet": 0.6329687237739563,
        "minRet": 0.0
    },
    "MiniGrid-DoorKey-10x10-custom-diff1.0": {
        "meanRet": 0.0440250001847744,
        "maxRet": 0.9415000081062317,
        "minRet": 0.0
    },
    "MiniGrid-DoorKey-12x12-custom-diff1.0": {
        "meanRet": 0.0,
        "maxRet": 0.0,
        "minRet": 0.0
    }
}