{
    "model": "test12x12_100k_4step_3gen_3curric/epoch_7_curric1_gen1",
    "MiniGrid-DoorKey-6x6-custom-diff0.9470715046045372": {
        "meanRet": 0.8829141640663147,
        "maxRet": 0.9834923148155212,
        "minRet": 0.7682318687438965
    },
    "MiniGrid-DoorKey-8x8-custom-diff0.9470715046045372": {
        "meanRet": 0.6150139385461807,
        "maxRet": 0.9874541163444519,
        "minRet": 0.14225971698760986
    },
    "MiniGrid-DoorKey-10x10-custom-diff0.9470715046045372": {
        "meanRet": 0.09827062061854772,
        "maxRet": 0.7873807549476624,
        "minRet": 0.0
    },
    "MiniGrid-DoorKey-12x12-custom-diff0.9470715046045372": {
        "meanRet": 0.07759444324337707,
        "maxRet": 0.8732208609580994,
        "minRet": 0.0
    }
}