{
    "model": "SO_RHEA_2PARA_5GEN_14May\\epoch_3_curric0_gen4",
    "MiniGrid-DoorKey-5x5-custom-diff2": {
        "meanRet": 0.6756493449211121,
        "maxRet": 0.7107142806053162,
        "minRet": 0.6464285850524902
    },
    "MiniGrid-DoorKey-6x6-custom-diff2": {
        "meanRet": 0.6812500009934107,
        "maxRet": 0.7524999976158142,
        "minRet": 0.6399999856948853
    },
    "MiniGrid-DoorKey-8x8-custom-diff2": {
        "meanRet": 0.7402857065200805,
        "maxRet": 0.8328571319580078,
        "minRet": 0.691428542137146
    },
    "MiniGrid-DoorKey-16x16-custom-diff2": {
        "meanRet": 0.7140425562858581,
        "maxRet": 0.8595744967460632,
        "minRet": 0.47659575939178467
    }
}