{
    "model": "test12x12_25k_3step_3gen_3curric/epoch_30_curric0_gen1",
    "MiniGrid-DoorKey-6x6-custom-diff0.6819142875744653": {
        "meanRet": 0.9842935776710511,
        "maxRet": 0.9899082779884338,
        "minRet": 0.9798164963722229
    },
    "MiniGrid-DoorKey-8x8-custom-diff0.6819142875744653": {
        "meanRet": 0.9767923973224781,
        "maxRet": 0.9880734086036682,
        "minRet": 0.9706422090530396
    },
    "MiniGrid-DoorKey-10x10-custom-diff0.6819142875744653": {
        "meanRet": 0.9684036660194397,
        "maxRet": 0.9788990616798401,
        "minRet": 0.9568807482719421
    },
    "MiniGrid-DoorKey-12x12-custom-diff0.6819142875744653": {
        "meanRet": 0.9554128479957581,
        "maxRet": 0.9770641922950745,
        "minRet": 0.9376146793365479
    }
}