{
    "model": "test12x12_150k_3step_3gen_3curric/epoch_22_curric2_gen1",
    "MiniGrid-DoorKey-6x6-custom-diff0.15": {
        "meanRet": 0.9068910181522369,
        "maxRet": 0.9458333253860474,
        "minRet": 0.8833333253860474
    },
    "MiniGrid-DoorKey-8x8-custom-diff0.15": {
        "meanRet": 0.8695512895400708,
        "maxRet": 0.9375,
        "minRet": 0.8291666507720947
    },
    "MiniGrid-DoorKey-10x10-custom-diff0.15": {
        "meanRet": 0.8201666688919067,
        "maxRet": 0.9375,
        "minRet": 0.7333333492279053
    },
    "MiniGrid-DoorKey-12x12-custom-diff0.15": {
        "meanRet": 0.7171474351332738,
        "maxRet": 0.8500000238418579,
        "minRet": 0.6166666746139526
    }
}