{
    "model": "SoRRH_2\\epoch_4_curric0",
    "MiniGrid-DoorKey-5x5-custom-diff0": {
        "meanRet": 0.9531999826431274,
        "maxRet": 0.9603999853134155,
        "minRet": 0.9459999799728394
    },
    "MiniGrid-DoorKey-6x6-custom-diff0": {
        "meanRet": 0.9569999814033509,
        "maxRet": 0.9599999785423279,
        "minRet": 0.9524999856948853
    },
    "MiniGrid-DoorKey-8x8-custom-diff0": {
        "meanRet": 0.9593593657016755,
        "maxRet": 0.9662500023841858,
        "minRet": 0.9535937309265137
    },
    "MiniGrid-DoorKey-16x16-custom-diff0": {
        "meanRet": 0.9232187509536743,
        "maxRet": 0.9757421612739563,
        "minRet": 0.8867968916893005
    }
}