{
    "model": "MI_RHEA_PARA_ENV_2_first\\epoch_7_curric2_gen3",
    "MiniGrid-DoorKey-5x5-custom-diff1": {
        "meanRet": 0.8814634084701538,
        "maxRet": 0.9012194871902466,
        "minRet": 0.8573170900344849
    },
    "MiniGrid-DoorKey-6x6-custom-diff1": {
        "meanRet": 0.8805042028427124,
        "maxRet": 0.916806697845459,
        "minRet": 0.848739504814148
    },
    "MiniGrid-DoorKey-8x8-custom-diff1": {
        "meanRet": 0.8681990504264832,
        "maxRet": 0.8976303339004517,
        "minRet": 0.820853054523468
    },
    "MiniGrid-DoorKey-16x16-custom-diff1": {
        "meanRet": 0.8260710060596466,
        "maxRet": 0.9115976095199585,
        "minRet": 0.7624852061271667
    }
}