{
    "model": "Rhea_mi1\\epoch_3_curric0_gen1",
    "MiniGrid-DoorKey-5x5-custom": {
        "meanRet": 0.90918184410442,
        "maxRet": 0.9190000295639038,
        "minRet": 0.9010000228881836
    },
    "MiniGrid-DoorKey-6x6-custom": {
        "meanRet": 0.8821818340908397,
        "maxRet": 0.9136000275611877,
        "minRet": 0.848800003528595
    },
    "MiniGrid-DoorKey-8x8-custom": {
        "meanRet": 0.8772727251052856,
        "maxRet": 0.8964999914169312,
        "minRet": 0.8604999780654907
    },
    "MiniGrid-DoorKey-16x16-custom": {
        "meanRet": 0.48669999539852143,
        "maxRet": 0.8109999895095825,
        "minRet": 0.13300000131130219
    }
}