{
    "model": "test12x12_100k_3step_4gen_3curric/epoch_20_curric0_gen1",
    "MiniGrid-DoorKey-6x6-custom-diff0.64467792277423": {
        "meanRet": 0.9811256711299603,
        "maxRet": 0.9883620738983154,
        "minRet": 0.9767241477966309
    },
    "MiniGrid-DoorKey-8x8-custom-diff0.64467792277423": {
        "meanRet": 0.9735043215751648,
        "maxRet": 0.9864224195480347,
        "minRet": 0.9660560488700867
    },
    "MiniGrid-DoorKey-10x10-custom-diff0.64467792277423": {
        "meanRet": 0.9630301880836487,
        "maxRet": 0.987392246723175,
        "minRet": 0.9505388140678406
    },
    "MiniGrid-DoorKey-12x12-custom-diff0.64467792277423": {
        "meanRet": 0.9424698400497437,
        "maxRet": 0.9660560488700867,
        "minRet": 0.920474112033844
    }
}