{
    "model": "test12x12_150k_3step_3gen_3curric/epoch_17_curric2_gen2",
    "MiniGrid-DoorKey-6x6-custom-diff0.6813807381558474": {
        "meanRet": 0.982532103061676,
        "maxRet": 0.9908257126808167,
        "minRet": 0.9770641922950745
    },
    "MiniGrid-DoorKey-8x8-custom-diff0.6813807381558474": {
        "meanRet": 0.9735045886039734,
        "maxRet": 0.9834862351417542,
        "minRet": 0.9642201662063599
    },
    "MiniGrid-DoorKey-10x10-custom-diff0.6813807381558474": {
        "meanRet": 0.9631559658050537,
        "maxRet": 0.984403669834137,
        "minRet": 0.9504587054252625
    },
    "MiniGrid-DoorKey-12x12-custom-diff0.6813807381558474": {
        "meanRet": 0.9364036750793457,
        "maxRet": 0.9605504870414734,
        "minRet": 0.9146788716316223
    }
}