{
    "model": "Mo_Rhea1\\epoch_1_curric0_gen4",
    "MiniGrid-DoorKey-5x5-custom-diff0": {
        "meanRet": 0.9564727111296221,
        "maxRet": 0.9639999866485596,
        "minRet": 0.9495999813079834
    },
    "MiniGrid-DoorKey-6x6-custom-diff0": {
        "meanRet": 0.9449999988079071,
        "maxRet": 0.9700000286102295,
        "minRet": 0.9325000047683716
    },
    "MiniGrid-DoorKey-8x8-custom-diff0": {
        "meanRet": 0.907749992609024,
        "maxRet": 0.9507812261581421,
        "minRet": 0.8706250190734863
    },
    "MiniGrid-DoorKey-16x16-custom-diff0": {
        "meanRet": 0.6438671886920929,
        "maxRet": 0.8973437547683716,
        "minRet": 0.4241406321525574
    }
}