{
    "model": "Di_Rhea1\\epoch_7_curric1_gen2",
    "MiniGrid-DoorKey-5x5-custom-diff2": {
        "meanRet": 0.6239285588264465,
        "maxRet": 0.6785714030265808,
        "minRet": 0.5178571343421936
    },
    "MiniGrid-DoorKey-6x6-custom-diff2": {
        "meanRet": 0.6212499986092249,
        "maxRet": 0.6850000023841858,
        "minRet": 0.5724999904632568
    },
    "MiniGrid-DoorKey-8x8-custom-diff2": {
        "meanRet": 0.7119999945163726,
        "maxRet": 0.8328571319580078,
        "minRet": 0.6271428465843201
    },
    "MiniGrid-DoorKey-16x16-custom-diff2": {
        "meanRet": 0.10818826429771655,
        "maxRet": 0.728723406791687,
        "minRet": 0.0
    }
}