{
    "model": "test12x12_75k_3step_3gen_3curric/epoch_45_curric0_gen3",
    "MiniGrid-DoorKey-6x6-custom-diff0.15": {
        "meanRet": 0.9283653864493737,
        "maxRet": 0.9583333134651184,
        "minRet": 0.8999999761581421
    },
    "MiniGrid-DoorKey-8x8-custom-diff0.15": {
        "meanRet": 0.8826666688919067,
        "maxRet": 0.9375,
        "minRet": 0.8458333611488342
    },
    "MiniGrid-DoorKey-10x10-custom-diff0.15": {
        "meanRet": 0.825641026863685,
        "maxRet": 0.9083333611488342,
        "minRet": 0.7458333373069763
    },
    "MiniGrid-DoorKey-12x12-custom-diff0.15": {
        "meanRet": 0.7512345623087,
        "maxRet": 0.887499988079071,
        "minRet": 0.6499999761581421
    }
}