{
    "model": "SoRRH_3\\epoch_8_curric1",
    "MiniGrid-DoorKey-5x5-custom-diff2": {
        "meanRet": 0.6357142726580302,
        "maxRet": 0.6785714030265808,
        "minRet": 0.5821428298950195
    },
    "MiniGrid-DoorKey-6x6-custom-diff2": {
        "meanRet": 0.7097499966621399,
        "maxRet": 0.8199999928474426,
        "minRet": 0.6399999856948853
    },
    "MiniGrid-DoorKey-8x8-custom-diff2": {
        "meanRet": 0.6554285824298859,
        "maxRet": 0.8328571319580078,
        "minRet": 0.5114285945892334
    },
    "MiniGrid-DoorKey-16x16-custom-diff2": {
        "meanRet": 0.09370567339162032,
        "maxRet": 0.7797872424125671,
        "minRet": 0.0
    }
}