{
    "model": "Rhea_mi1\\epoch_1_curric1_gen1",
    "MiniGrid-DoorKey-5x5-custom": {
        "meanRet": 0.016343750059604645,
        "maxRet": 0.5230000019073486,
        "minRet": 0.0
    },
    "MiniGrid-DoorKey-6x6-custom": {
        "meanRet": 0.009875000454485416,
        "maxRet": 0.3160000145435333,
        "minRet": 0.0
    },
    "MiniGrid-DoorKey-8x8-custom": {
        "meanRet": 0.0,
        "maxRet": 0.0,
        "minRet": 0.0
    },
    "MiniGrid-DoorKey-16x16-custom": {
        "meanRet": 0.0,
        "maxRet": 0.0,
        "minRet": 0.0
    }
}