{
    "model": "test12x12_25k_3step_3gen_3curric/epoch_3_curric2_gen3",
    "MiniGrid-DoorKey-6x6-custom-diff1": {
        "meanRet": 0.6811500000953674,
        "maxRet": 0.9662500023841858,
        "minRet": 0.35874998569488525
    },
    "MiniGrid-DoorKey-8x8-custom-diff1": {
        "meanRet": 0.11115885432809591,
        "maxRet": 0.9325000047683716,
        "minRet": 0.0
    },
    "MiniGrid-DoorKey-10x10-custom-diff1": {
        "meanRet": 0.035208333283662796,
        "maxRet": 0.7768750190734863,
        "minRet": 0.0
    },
    "MiniGrid-DoorKey-12x12-custom-diff1": {
        "meanRet": 0.0,
        "maxRet": 0.0,
        "minRet": 0.0
    }
}