{
    "model": "test12x12_100k_3step_4gen_3curric/epoch_35_curric0_gen3",
    "MiniGrid-DoorKey-6x6-custom-diff0.15": {
        "meanRet": 0.9250000030906113,
        "maxRet": 0.9583333134651184,
        "minRet": 0.8999999761581421
    },
    "MiniGrid-DoorKey-8x8-custom-diff0.15": {
        "meanRet": 0.888782051893381,
        "maxRet": 0.9416666626930237,
        "minRet": 0.8500000238418579
    },
    "MiniGrid-DoorKey-10x10-custom-diff0.15": {
        "meanRet": 0.836166672706604,
        "maxRet": 0.9583333134651184,
        "minRet": 0.7833333611488342
    },
    "MiniGrid-DoorKey-12x12-custom-diff0.15": {
        "meanRet": 0.7443333315849304,
        "maxRet": 0.8583333492279053,
        "minRet": 0.625
    }
}