{
    "model": "test12x12_25k_3step_3gen_3curric/epoch_6_curric0_gen2",
    "MiniGrid-DoorKey-6x6-custom-diff1": {
        "meanRet": 0.9762500047683715,
        "maxRet": 0.9887499809265137,
        "minRet": 0.9556249976158142
    },
    "MiniGrid-DoorKey-8x8-custom-diff1": {
        "meanRet": 0.9197999978065491,
        "maxRet": 0.9706249833106995,
        "minRet": 0.8581249713897705
    },
    "MiniGrid-DoorKey-10x10-custom-diff1": {
        "meanRet": 0.8377750039100647,
        "maxRet": 0.9524999856948853,
        "minRet": 0.706250011920929
    },
    "MiniGrid-DoorKey-12x12-custom-diff1": {
        "meanRet": 0.6605999970436096,
        "maxRet": 0.9506250023841858,
        "minRet": 0.3700000047683716
    }
}