{
    "model": "test12x12_100k_3step_3gen_3curric/epoch_44_curric2_gen3",
    "MiniGrid-DoorKey-6x6-custom-diff0.15": {
        "meanRet": 0.9103333353996277,
        "maxRet": 0.9458333253860474,
        "minRet": 0.8541666865348816
    },
    "MiniGrid-DoorKey-8x8-custom-diff0.15": {
        "meanRet": 0.8709999966621399,
        "maxRet": 0.9375,
        "minRet": 0.8083333373069763
    },
    "MiniGrid-DoorKey-10x10-custom-diff0.15": {
        "meanRet": 0.8304999947547913,
        "maxRet": 0.9125000238418579,
        "minRet": 0.7166666388511658
    },
    "MiniGrid-DoorKey-12x12-custom-diff0.15": {
        "meanRet": 0.7233333301544189,
        "maxRet": 0.8666666746139526,
        "minRet": 0.5583333373069763
    }
}