{
    "model": "test12x12_25k_3step_3gen_3curric/epoch_18_curric2_gen2",
    "MiniGrid-DoorKey-6x6-custom-diff0.9819142875744653": {
        "meanRet": 0.9876041274804336,
        "maxRet": 0.9923567175865173,
        "minRet": 0.9828025698661804
    },
    "MiniGrid-DoorKey-8x8-custom-diff0.9819142875744653": {
        "meanRet": 0.9793375897407531,
        "maxRet": 0.9898089170455933,
        "minRet": 0.9726114869117737
    },
    "MiniGrid-DoorKey-10x10-custom-diff0.9819142875744653": {
        "meanRet": 0.9695796251296998,
        "maxRet": 0.9853503108024597,
        "minRet": 0.9566879272460938
    },
    "MiniGrid-DoorKey-12x12-custom-diff0.9819142875744653": {
        "meanRet": 0.950878984928131,
        "maxRet": 0.981528639793396,
        "minRet": 0.9318471550941467
    }
}