{
    "model": "test12x12_100k_3step_3gen_3curric/epoch_31_curric1_gen3",
    "MiniGrid-DoorKey-6x6-custom-diff0.15": {
        "meanRet": 0.9113782071150266,
        "maxRet": 0.9458333253860474,
        "minRet": 0.875
    },
    "MiniGrid-DoorKey-8x8-custom-diff0.15": {
        "meanRet": 0.8638333368301392,
        "maxRet": 0.9333333373069763,
        "minRet": 0.7916666865348816
    },
    "MiniGrid-DoorKey-10x10-custom-diff0.15": {
        "meanRet": 0.7902243572932023,
        "maxRet": 0.9375,
        "minRet": 0.637499988079071
    },
    "MiniGrid-DoorKey-12x12-custom-diff0.15": {
        "meanRet": 0.6501666653156281,
        "maxRet": 0.8583333492279053,
        "minRet": 0.36666667461395264
    }
}