{
    "model": "test12x12_100k_3step_4gen_3curric/epoch_6_curric2_gen1",
    "MiniGrid-DoorKey-6x6-custom-diff0.99467792277423": {
        "meanRet": 0.988385488986969,
        "maxRet": 0.9924581050872803,
        "minRet": 0.9842877388000488
    },
    "MiniGrid-DoorKey-8x8-custom-diff0.99467792277423": {
        "meanRet": 0.9813780276863663,
        "maxRet": 0.9905726313591003,
        "minRet": 0.9754888415336609
    },
    "MiniGrid-DoorKey-10x10-custom-diff0.99467792277423": {
        "meanRet": 0.9758156394958496,
        "maxRet": 0.9842877388000488,
        "minRet": 0.9673184156417847
    },
    "MiniGrid-DoorKey-12x12-custom-diff0.99467792277423": {
        "meanRet": 0.9563072609901428,
        "maxRet": 0.9780027866363525,
        "minRet": 0.9371508359909058
    }
}