{
    "model": "test12x12_100k_3step_4gen_3curric/epoch_20_curric0_gen4",
    "MiniGrid-DoorKey-6x6-custom-diff0.64467792277423": {
        "meanRet": 0.9826982831954956,
        "maxRet": 0.9883620738983154,
        "minRet": 0.9776939749717712
    },
    "MiniGrid-DoorKey-8x8-custom-diff0.64467792277423": {
        "meanRet": 0.972379322052002,
        "maxRet": 0.9835129380226135,
        "minRet": 0.9660560488700867
    },
    "MiniGrid-DoorKey-10x10-custom-diff0.64467792277423": {
        "meanRet": 0.95314988723168,
        "maxRet": 0.9864224195480347,
        "minRet": 0.9379310607910156
    },
    "MiniGrid-DoorKey-12x12-custom-diff0.64467792277423": {
        "meanRet": 0.9312586212158203,
        "maxRet": 0.9679957032203674,
        "minRet": 0.9049568772315979
    }
}