{
    "model": "test12x12_75k_3step_3gen_3curric/epoch_35_curric1_gen2",
    "MiniGrid-DoorKey-6x6-custom-diff0.15": {
        "meanRet": 0.9305000066757202,
        "maxRet": 0.949999988079071,
        "minRet": 0.9125000238418579
    },
    "MiniGrid-DoorKey-8x8-custom-diff0.15": {
        "meanRet": 0.8841666626930237,
        "maxRet": 0.9541666507720947,
        "minRet": 0.862500011920929
    },
    "MiniGrid-DoorKey-10x10-custom-diff0.15": {
        "meanRet": 0.8351666641235351,
        "maxRet": 0.925000011920929,
        "minRet": 0.75
    },
    "MiniGrid-DoorKey-12x12-custom-diff0.15": {
        "meanRet": 0.7043333315849304,
        "maxRet": 0.862500011920929,
        "minRet": 0.5625
    }
}