{
    "model": "test12x12_25k_3step_3gen_3curric/epoch_4_curric1_gen2",
    "MiniGrid-DoorKey-6x6-custom-diff1": {
        "meanRet": 0.9787000012397766,
        "maxRet": 0.9918749928474426,
        "minRet": 0.9599999785423279
    },
    "MiniGrid-DoorKey-8x8-custom-diff1": {
        "meanRet": 0.9310499978065491,
        "maxRet": 0.9787499904632568,
        "minRet": 0.8662499785423279
    },
    "MiniGrid-DoorKey-10x10-custom-diff1": {
        "meanRet": 0.8733250021934509,
        "maxRet": 0.9649999737739563,
        "minRet": 0.7056249976158142
    },
    "MiniGrid-DoorKey-12x12-custom-diff1": {
        "meanRet": 0.6720500016212463,
        "maxRet": 0.9118750095367432,
        "minRet": 0.35249999165534973
    }
}