{
    "model": "test12x12_100k_3step_3gen_3curric/epoch_32_curric2_gen2",
    "MiniGrid-DoorKey-6x6-custom-diff0.15": {
        "meanRet": 0.9149999976158142,
        "maxRet": 0.9583333134651184,
        "minRet": 0.887499988079071
    },
    "MiniGrid-DoorKey-8x8-custom-diff0.15": {
        "meanRet": 0.8733974305483011,
        "maxRet": 0.9208333492279053,
        "minRet": 0.8208333253860474
    },
    "MiniGrid-DoorKey-10x10-custom-diff0.15": {
        "meanRet": 0.8371666693687438,
        "maxRet": 0.9166666865348816,
        "minRet": 0.7208333611488342
    },
    "MiniGrid-DoorKey-12x12-custom-diff0.15": {
        "meanRet": 0.7250000071525574,
        "maxRet": 0.8500000238418579,
        "minRet": 0.48750001192092896
    }
}