{
    "model": "new_25k_7step_4gen_3curric/epoch_6_curric2_gen1",
    "MiniGrid-DoorKey-6x6-custom-diff1": {
        "meanRet": 0.7634499955177307,
        "maxRet": 0.9831249713897705,
        "minRet": 0.5693749785423279
    },
    "MiniGrid-DoorKey-8x8-custom-diff1": {
        "meanRet": 0.19725765105412932,
        "maxRet": 0.8506249785423279,
        "minRet": 0.0
    },
    "MiniGrid-DoorKey-10x10-custom-diff1": {
        "meanRet": 0.07247395968685548,
        "maxRet": 0.890625,
        "minRet": 0.0
    },
    "MiniGrid-DoorKey-12x12-custom-diff1": {
        "meanRet": 0.010572916517655054,
        "maxRet": 0.5074999928474426,
        "minRet": 0.0
    }
}