{
    "model": "test12x12_100k_3step_4gen_3curric/epoch_22_curric1_gen3",
    "MiniGrid-DoorKey-6x6-custom-diff0.1533065": {
        "meanRet": 0.9196428550141198,
        "maxRet": 0.9590908885002136,
        "minRet": 0.8977272510528564
    },
    "MiniGrid-DoorKey-8x8-custom-diff0.1533065": {
        "meanRet": 0.8839818143844604,
        "maxRet": 0.9345454573631287,
        "minRet": 0.860909104347229
    },
    "MiniGrid-DoorKey-10x10-custom-diff0.1533065": {
        "meanRet": 0.8075636291503906,
        "maxRet": 0.9468181729316711,
        "minRet": 0.7586363554000854
    },
    "MiniGrid-DoorKey-12x12-custom-diff0.1533065": {
        "meanRet": 0.7115090918540955,
        "maxRet": 0.8568181991577148,
        "minRet": 0.5909090638160706
    }
}