{
    "model": "test12x12_50k_3step_3gen_3curric/epoch_33_curric1_gen2",
    "MiniGrid-DoorKey-6x6-custom-diff0.4260602224432588": {
        "meanRet": 0.9715171265602112,
        "maxRet": 0.980913519859314,
        "minRet": 0.9647634625434875
    },
    "MiniGrid-DoorKey-8x8-custom-diff0.4260602224432588": {
        "meanRet": 0.9541337752342224,
        "maxRet": 0.9721044301986694,
        "minRet": 0.936867892742157
    },
    "MiniGrid-DoorKey-10x10-custom-diff0.4260602224432588": {
        "meanRet": 0.9243882573567904,
        "maxRet": 0.9735726118087769,
        "minRet": 0.8913540244102478
    },
    "MiniGrid-DoorKey-12x12-custom-diff0.4260602224432588": {
        "meanRet": 0.896522023677826,
        "maxRet": 0.9676998257637024,
        "minRet": 0.8546492457389832
    }
}