{
    "model": "test12x12_75k_3step_3gen_3curric/epoch_12_curric1_gen1",
    "MiniGrid-DoorKey-6x6-custom-diff0.8565023600555897": {
        "meanRet": 0.9862773704528809,
        "maxRet": 0.9912408590316772,
        "minRet": 0.9817517995834351
    },
    "MiniGrid-DoorKey-8x8-custom-diff0.8565023600555897": {
        "meanRet": 0.9791240811347961,
        "maxRet": 0.9868612885475159,
        "minRet": 0.9729927182197571
    },
    "MiniGrid-DoorKey-10x10-custom-diff0.8565023600555897": {
        "meanRet": 0.9704525589942932,
        "maxRet": 0.9839416146278381,
        "minRet": 0.9591240882873535
    },
    "MiniGrid-DoorKey-12x12-custom-diff0.8565023600555897": {
        "meanRet": 0.9502481770515442,
        "maxRet": 0.9766423106193542,
        "minRet": 0.9262773990631104
    }
}