{
    "model": "test12x12_100k_3step_3gen_3curric/epoch_26_curric0_gen1",
    "MiniGrid-DoorKey-6x6-custom-diff0.15": {
        "meanRet": 0.9179487182543828,
        "maxRet": 0.949999988079071,
        "minRet": 0.8916666507720947
    },
    "MiniGrid-DoorKey-8x8-custom-diff0.15": {
        "meanRet": 0.8563333344459534,
        "maxRet": 0.9208333492279053,
        "minRet": 0.7833333611488342
    },
    "MiniGrid-DoorKey-10x10-custom-diff0.15": {
        "meanRet": 0.8236666679382324,
        "maxRet": 0.9375,
        "minRet": 0.7250000238418579
    },
    "MiniGrid-DoorKey-12x12-custom-diff0.15": {
        "meanRet": 0.6889999949932099,
        "maxRet": 0.8333333134651184,
        "minRet": 0.4124999940395355
    }
}