{
    "model": "test12x12_50k_3step_3gen_3curric/epoch_32_curric1_gen3",
    "MiniGrid-DoorKey-6x6-custom-diff0.45106022244325883": {
        "meanRet": 0.9745392942428589,
        "maxRet": 0.9833590388298035,
        "minRet": 0.9681047797203064
    },
    "MiniGrid-DoorKey-8x8-custom-diff0.45106022244325883": {
        "meanRet": 0.9604776570430169,
        "maxRet": 0.9750385284423828,
        "minRet": 0.9459167718887329
    },
    "MiniGrid-DoorKey-10x10-custom-diff0.45106022244325883": {
        "meanRet": 0.9456394410133362,
        "maxRet": 0.9736517667770386,
        "minRet": 0.9265022873878479
    },
    "MiniGrid-DoorKey-12x12-custom-diff0.45106022244325883": {
        "meanRet": 0.9171833634376526,
        "maxRet": 0.9556240439414978,
        "minRet": 0.8821263313293457
    }
}