{
    "model": "test12x12_50k_3step_3gen_3curric/epoch_47_curric1_gen1",
    "MiniGrid-DoorKey-6x6-custom-diff0.15": {
        "meanRet": 0.9291666746139526,
        "maxRet": 0.9583333134651184,
        "minRet": 0.9083333611488342
    },
    "MiniGrid-DoorKey-8x8-custom-diff0.15": {
        "meanRet": 0.8961538397348844,
        "maxRet": 0.9375,
        "minRet": 0.8708333373069763
    },
    "MiniGrid-DoorKey-10x10-custom-diff0.15": {
        "meanRet": 0.8674999976158142,
        "maxRet": 0.925000011920929,
        "minRet": 0.800000011920929
    },
    "MiniGrid-DoorKey-12x12-custom-diff0.15": {
        "meanRet": 0.7740000009536743,
        "maxRet": 0.875,
        "minRet": 0.6875
    }
}