{
    "model": "test12x12_100k_3step_3gen_3curric/epoch_17_curric1_gen2",
    "MiniGrid-DoorKey-6x6-custom-diff0.7220715046045372": {
        "meanRet": 0.9802502465248107,
        "maxRet": 0.9887391924858093,
        "minRet": 0.9731472730636597
    },
    "MiniGrid-DoorKey-8x8-custom-diff0.7220715046045372": {
        "meanRet": 0.969016065964332,
        "maxRet": 0.9870067238807678,
        "minRet": 0.9566891193389893
    },
    "MiniGrid-DoorKey-10x10-custom-diff0.7220715046045372": {
        "meanRet": 0.960916268825531,
        "maxRet": 0.9878729581832886,
        "minRet": 0.9350336790084839
    },
    "MiniGrid-DoorKey-12x12-custom-diff0.7220715046045372": {
        "meanRet": 0.9310490870475769,
        "maxRet": 0.9696823954582214,
        "minRet": 0.8977863192558289
    }
}