{
    "model": "Di_Rhea1\\epoch_4_curric0_gen3",
    "MiniGrid-DoorKey-5x5-custom-diff2": {
        "meanRet": 0.5789285719394683,
        "maxRet": 0.7107142806053162,
        "minRet": 0.4535714387893677
    },
    "MiniGrid-DoorKey-6x6-custom-diff2": {
        "meanRet": 0.6400000095367432,
        "maxRet": 0.7300000190734863,
        "minRet": 0.550000011920929
    },
    "MiniGrid-DoorKey-8x8-custom-diff2": {
        "meanRet": 0.627142858505249,
        "maxRet": 0.7428571581840515,
        "minRet": 0.5628571510314941
    },
    "MiniGrid-DoorKey-16x16-custom-diff2": {
        "meanRet": 0.37414894104003904,
        "maxRet": 0.7031915187835693,
        "minRet": 0.15744680166244507
    }
}