{
    "model": "Mo_Rhea1\\epoch_2_curric1_gen2",
    "MiniGrid-DoorKey-5x5-custom-diff2": {
        "meanRet": 0.6390109749940726,
        "maxRet": 0.7107142806053162,
        "minRet": 0.5821428298950195
    },
    "MiniGrid-DoorKey-6x6-custom-diff2": {
        "meanRet": 0.6625000059604644,
        "maxRet": 0.7524999976158142,
        "minRet": 0.5950000286102295
    },
    "MiniGrid-DoorKey-8x8-custom-diff2": {
        "meanRet": 0.5975714266300202,
        "maxRet": 0.7171428799629211,
        "minRet": 0.4985714256763458
    },
    "MiniGrid-DoorKey-16x16-custom-diff2": {
        "meanRet": 0.056117020547389984,
        "maxRet": 0.6712765693664551,
        "minRet": 0.0
    }
}