{
    "model": "DO_11_05_RHEA_PARA_ENV_1\\epoch_11_curric0_gen2",
    "MiniGrid-DoorKey-5x5-custom-diff2": {
        "meanRet": 0.681249996026357,
        "maxRet": 0.7107142806053162,
        "minRet": 0.6464285850524902
    },
    "MiniGrid-DoorKey-6x6-custom-diff2": {
        "meanRet": 0.6467499971389771,
        "maxRet": 0.7524999976158142,
        "minRet": 0.5724999904632568
    },
    "MiniGrid-DoorKey-8x8-custom-diff2": {
        "meanRet": 0.6875714242458344,
        "maxRet": 0.8071428537368774,
        "minRet": 0.6142857074737549
    },
    "MiniGrid-DoorKey-16x16-custom-diff2": {
        "meanRet": 0.5525531858205796,
        "maxRet": 0.6712765693664551,
        "minRet": 0.3617021143436432
    }
}