{
    "model": "test12x12_25k_3step_3gen_3curric/epoch_7_curric0_gen3",
    "MiniGrid-DoorKey-6x6-custom-diff1": {
        "meanRet": 0.9813461601734161,
        "maxRet": 0.9906250238418579,
        "minRet": 0.9681249856948853
    },
    "MiniGrid-DoorKey-8x8-custom-diff1": {
        "meanRet": 0.9599249982833862,
        "maxRet": 0.9850000143051147,
        "minRet": 0.9312499761581421
    },
    "MiniGrid-DoorKey-10x10-custom-diff1": {
        "meanRet": 0.8965499997138977,
        "maxRet": 0.9762499928474426,
        "minRet": 0.8012499809265137
    },
    "MiniGrid-DoorKey-12x12-custom-diff1": {
        "meanRet": 0.7977249979972839,
        "maxRet": 0.9506250023841858,
        "minRet": 0.6081249713897705
    }
}