{
    "model": "test12x12_25k_3step_3gen_3curric/epoch_33_curric2_gen2",
    "MiniGrid-DoorKey-6x6-custom-diff0.6069142875744653": {
        "meanRet": 0.9802141258349786,
        "maxRet": 0.9876288771629333,
        "minRet": 0.9721649289131165
    },
    "MiniGrid-DoorKey-8x8-custom-diff0.6069142875744653": {
        "meanRet": 0.9699444885437305,
        "maxRet": 0.983505129814148,
        "minRet": 0.9587628841400146
    },
    "MiniGrid-DoorKey-10x10-custom-diff0.6069142875744653": {
        "meanRet": 0.9534099927315345,
        "maxRet": 0.9762886762619019,
        "minRet": 0.9391752481460571
    },
    "MiniGrid-DoorKey-12x12-custom-diff0.6069142875744653": {
        "meanRet": 0.9232751772953913,
        "maxRet": 0.9628865718841553,
        "minRet": 0.892783522605896
    }
}