{
    "model": "Rhea_Fr2\\epoch_4_curric2_gen2",
    "MiniGrid-DoorKey-5x5-custom-diff1": {
        "meanRet": 0.8737804889678955,
        "maxRet": 0.9012194871902466,
        "minRet": 0.8573170900344849
    },
    "MiniGrid-DoorKey-6x6-custom-diff1": {
        "meanRet": 0.8789915919303894,
        "maxRet": 0.916806697845459,
        "minRet": 0.848739504814148
    },
    "MiniGrid-DoorKey-8x8-custom-diff1": {
        "meanRet": 0.8700991056182168,
        "maxRet": 0.9402843713760376,
        "minRet": 0.850710928440094
    },
    "MiniGrid-DoorKey-16x16-custom-diff1": {
        "meanRet": 0.7730295836925507,
        "maxRet": 0.8732544183731079,
        "minRet": 0.6708875894546509
    }
}