{
    "model": "Rhea_Fr2\\epoch_4_curric3_gen2",
    "MiniGrid-DoorKey-5x5-custom-diff1": {
        "meanRet": 0.8792682886123657,
        "maxRet": 0.9012194871902466,
        "minRet": 0.8573170900344849
    },
    "MiniGrid-DoorKey-6x6-custom-diff1": {
        "meanRet": 0.8831168792464517,
        "maxRet": 0.9092437028884888,
        "minRet": 0.8638655543327332
    },
    "MiniGrid-DoorKey-8x8-custom-diff1": {
        "meanRet": 0.8869668245315552,
        "maxRet": 0.9402843713760376,
        "minRet": 0.8592417240142822
    },
    "MiniGrid-DoorKey-16x16-custom-diff1": {
        "meanRet": 0.7707929074764251,
        "maxRet": 0.8998816609382629,
        "minRet": 0.6676923036575317
    }
}