{
    "model": "Rhea_Fr2\\epoch_4_curric1_gen2",
    "MiniGrid-DoorKey-5x5-custom-diff1": {
        "meanRet": 0.7640243887901306,
        "maxRet": 0.8902438879013062,
        "minRet": 0.6926829218864441
    },
    "MiniGrid-DoorKey-6x6-custom-diff1": {
        "meanRet": 0.8363636352799155,
        "maxRet": 0.8941176533699036,
        "minRet": 0.8033613562583923
    },
    "MiniGrid-DoorKey-8x8-custom-diff1": {
        "meanRet": 0.8409004807472229,
        "maxRet": 0.9018957614898682,
        "minRet": 0.8037914633750916
    },
    "MiniGrid-DoorKey-16x16-custom-diff1": {
        "meanRet": 0.7157278060913086,
        "maxRet": 0.9041420221328735,
        "minRet": 0.5878106355667114
    }
}