{
    "model": "test12x12_100k_4step_3gen_3curric/epoch_8_curric0_gen3",
    "MiniGrid-DoorKey-6x6-custom-diff0.9220715046045371": {
        "meanRet": 0.9835327816009521,
        "maxRet": 0.9932177662849426,
        "minRet": 0.9769404530525208
    },
    "MiniGrid-DoorKey-8x8-custom-diff0.9220715046045371": {
        "meanRet": 0.9648952531814575,
        "maxRet": 0.9850791096687317,
        "minRet": 0.938960075378418
    },
    "MiniGrid-DoorKey-10x10-custom-diff0.9220715046045371": {
        "meanRet": 0.9233609700202942,
        "maxRet": 0.9742276072502136,
        "minRet": 0.8711379170417786
    },
    "MiniGrid-DoorKey-12x12-custom-diff0.9220715046045371": {
        "meanRet": 0.8218718886375427,
        "maxRet": 0.9199698567390442,
        "minRet": 0.7409193515777588
    }
}