{
    "model": "test12x12_50k_3step_3gen_3curric/epoch_21_curric1_gen2",
    "MiniGrid-DoorKey-6x6-custom-diff0.7260602224432589": {
        "meanRet": 0.9817760801315307,
        "maxRet": 0.9879425764083862,
        "minRet": 0.9776076674461365
    },
    "MiniGrid-DoorKey-8x8-custom-diff0.7260602224432589": {
        "meanRet": 0.9751272702217102,
        "maxRet": 0.9836363792419434,
        "minRet": 0.9698564410209656
    },
    "MiniGrid-DoorKey-10x10-custom-diff0.7260602224432589": {
        "meanRet": 0.9671349215507508,
        "maxRet": 0.9810526371002197,
        "minRet": 0.9560765624046326
    },
    "MiniGrid-DoorKey-12x12-custom-diff0.7260602224432589": {
        "meanRet": 0.9461894750595092,
        "maxRet": 0.97071772813797,
        "minRet": 0.9250717759132385
    }
}