{
    "model": "test12x12_100k_4step_3gen_3curric/epoch_2_curric1_gen3",
    "MiniGrid-DoorKey-6x6-custom-diff1": {
        "meanRet": 0.9865740758401377,
        "maxRet": 0.9912499785423279,
        "minRet": 0.9818750023841858
    },
    "MiniGrid-DoorKey-8x8-custom-diff1": {
        "meanRet": 0.98025000333786,
        "maxRet": 0.9906250238418579,
        "minRet": 0.96875
    },
    "MiniGrid-DoorKey-10x10-custom-diff1": {
        "meanRet": 0.9740499997138977,
        "maxRet": 0.9900000095367432,
        "minRet": 0.9599999785423279
    },
    "MiniGrid-DoorKey-12x12-custom-diff1": {
        "meanRet": 0.955850007534027,
        "maxRet": 0.9781249761581421,
        "minRet": 0.9325000047683716
    }
}