{
    "model": "test12x12_100k_3step_4gen_3curric/epoch_4_curric1_gen2",
    "MiniGrid-DoorKey-6x6-custom-diff1": {
        "meanRet": 0.9869907476283886,
        "maxRet": 0.9925000071525574,
        "minRet": 0.9825000166893005
    },
    "MiniGrid-DoorKey-8x8-custom-diff1": {
        "meanRet": 0.9787000060081482,
        "maxRet": 0.9906250238418579,
        "minRet": 0.9725000262260437
    },
    "MiniGrid-DoorKey-10x10-custom-diff1": {
        "meanRet": 0.9632000041007995,
        "maxRet": 0.9881250262260437,
        "minRet": 0.9481250047683716
    },
    "MiniGrid-DoorKey-12x12-custom-diff1": {
        "meanRet": 0.940649995803833,
        "maxRet": 0.981249988079071,
        "minRet": 0.9056249856948853
    }
}