{
    "model": "test12x12_100k_3step_4gen_3curric/epoch_7_curric2_gen1",
    "MiniGrid-DoorKey-6x6-custom-diff0.96967792277423": {
        "meanRet": 0.986064578478153,
        "maxRet": 0.9909741878509521,
        "minRet": 0.9819484353065491
    },
    "MiniGrid-DoorKey-8x8-custom-diff0.96967792277423": {
        "meanRet": 0.9812293373621427,
        "maxRet": 0.9903295040130615,
        "minRet": 0.9748567342758179
    },
    "MiniGrid-DoorKey-10x10-custom-diff0.96967792277423": {
        "meanRet": 0.971349573135376,
        "maxRet": 0.9877507090568542,
        "minRet": 0.9555157423019409
    },
    "MiniGrid-DoorKey-12x12-custom-diff0.96967792277423": {
        "meanRet": 0.9557736396789551,
        "maxRet": 0.9800143241882324,
        "minRet": 0.9355300664901733
    }
}