{
    "model": "test12x12_100k_3step_3gen_3curric/epoch_27_curric0_gen1",
    "MiniGrid-DoorKey-6x6-custom-diff0.15": {
        "meanRet": 0.914833333492279,
        "maxRet": 0.9458333253860474,
        "minRet": 0.887499988079071
    },
    "MiniGrid-DoorKey-8x8-custom-diff0.15": {
        "meanRet": 0.8644230686701261,
        "maxRet": 0.9166666865348816,
        "minRet": 0.8125
    },
    "MiniGrid-DoorKey-10x10-custom-diff0.15": {
        "meanRet": 0.799833333492279,
        "maxRet": 0.8708333373069763,
        "minRet": 0.6875
    },
    "MiniGrid-DoorKey-12x12-custom-diff0.15": {
        "meanRet": 0.6650000011920929,
        "maxRet": 0.8583333492279053,
        "minRet": 0.47083333134651184
    }
}