{
    "model": "Rhea_mi1\\epoch_4_curric0_gen1",
    "MiniGrid-DoorKey-5x5-custom": {
        "meanRet": 0.9059091156179254,
        "maxRet": 0.9190000295639038,
        "minRet": 0.8830000162124634
    },
    "MiniGrid-DoorKey-6x6-custom": {
        "meanRet": 0.8965818285942078,
        "maxRet": 0.920799970626831,
        "minRet": 0.8776000142097473
    },
    "MiniGrid-DoorKey-8x8-custom": {
        "meanRet": 0.8969500005245209,
        "maxRet": 0.9415000081062317,
        "minRet": 0.8740000128746033
    },
    "MiniGrid-DoorKey-16x16-custom": {
        "meanRet": 0.5635000020265579,
        "maxRet": 0.765999972820282,
        "minRet": 0.4390000104904175
    }
}