{
    "model": "SO_RHEA_2PARA_5GEN_14May\\epoch_6_curric0_gen5",
    "MiniGrid-DoorKey-5x5-custom-diff0": {
        "meanRet": 0.9574545296755704,
        "maxRet": 0.9675999879837036,
        "minRet": 0.9495999813079834
    },
    "MiniGrid-DoorKey-6x6-custom-diff0": {
        "meanRet": 0.9555769058374258,
        "maxRet": 0.9674999713897705,
        "minRet": 0.949999988079071
    },
    "MiniGrid-DoorKey-8x8-custom-diff0": {
        "meanRet": 0.9596022638407621,
        "maxRet": 0.9690625071525574,
        "minRet": 0.9535937309265137
    },
    "MiniGrid-DoorKey-16x16-custom-diff0": {
        "meanRet": 0.9478984415531159,
        "maxRet": 0.9813671708106995,
        "minRet": 0.919140636920929
    }
}