{
    "model": "SoRRH_2\\epoch_6_curric2",
    "MiniGrid-DoorKey-5x5-custom-diff0": {
        "meanRet": 0.9512363455512307,
        "maxRet": 0.9639999866485596,
        "minRet": 0.9423999786376953
    },
    "MiniGrid-DoorKey-6x6-custom-diff0": {
        "meanRet": 0.9609999835491181,
        "maxRet": 0.9700000286102295,
        "minRet": 0.9549999833106995
    },
    "MiniGrid-DoorKey-8x8-custom-diff0": {
        "meanRet": 0.959499990940094,
        "maxRet": 0.9690625071525574,
        "minRet": 0.9521874785423279
    },
    "MiniGrid-DoorKey-16x16-custom-diff0": {
        "meanRet": 0.9468789100646973,
        "maxRet": 0.9760937690734863,
        "minRet": 0.9061328172683716
    }
}