{
    "model": "SO_RHEA_2PARA_5GEN_14May\\epoch_1_curric2_gen2",
    "MiniGrid-DoorKey-5x5-custom-diff0": {
        "meanRet": 0.9564727111296221,
        "maxRet": 0.9639999866485596,
        "minRet": 0.9459999799728394
    },
    "MiniGrid-DoorKey-6x6-custom-diff0": {
        "meanRet": 0.955833320816358,
        "maxRet": 0.9725000262260437,
        "minRet": 0.9449999928474426
    },
    "MiniGrid-DoorKey-8x8-custom-diff0": {
        "meanRet": 0.9599218666553497,
        "maxRet": 0.9704687595367432,
        "minRet": 0.9507812261581421
    },
    "MiniGrid-DoorKey-16x16-custom-diff0": {
        "meanRet": 0.9451210916042327,
        "maxRet": 0.9606249928474426,
        "minRet": 0.9272265434265137
    }
}