{
    "model": "test12x12_150k_3step_3gen_3curric/epoch_5_curric2_gen3",
    "MiniGrid-DoorKey-6x6-custom-diff0.9813807381558474": {
        "meanRet": 0.9868837043091103,
        "maxRet": 0.9923567175865173,
        "minRet": 0.9821656346321106
    },
    "MiniGrid-DoorKey-8x8-custom-diff0.9813807381558474": {
        "meanRet": 0.9819108366966247,
        "maxRet": 0.9904458522796631,
        "minRet": 0.9770700931549072
    },
    "MiniGrid-DoorKey-10x10-custom-diff0.9813807381558474": {
        "meanRet": 0.9704968190193176,
        "maxRet": 0.9866241812705994,
        "minRet": 0.959235668182373
    },
    "MiniGrid-DoorKey-12x12-custom-diff0.9813807381558474": {
        "meanRet": 0.9541910862922669,
        "maxRet": 0.9796178340911865,
        "minRet": 0.9350318312644958
    }
}