{
    "model": "new_25k_7step_4gen_3curric/epoch_6_curric2_gen1",
    "MiniGrid-DoorKey-6x6-custom-diff1": {
        "meanRet": 0.7508749985694885,
        "maxRet": 0.9787499904632568,
        "minRet": 0.484375
    },
    "MiniGrid-DoorKey-8x8-custom-diff1": {
        "meanRet": 0.08872395707294345,
        "maxRet": 0.871874988079071,
        "minRet": 0.0
    },
    "MiniGrid-DoorKey-10x10-custom-diff1": {
        "meanRet": 0.0,
        "maxRet": 0.0,
        "minRet": 0.0
    },
    "MiniGrid-DoorKey-12x12-custom-diff1": {
        "meanRet": 0.01066406195362409,
        "maxRet": 0.5118749737739563,
        "minRet": 0.0
    }
}