{
    "model": "new_25k_7step_4gen_3curric/epoch_6_curric2_gen1",
    "MiniGrid-DoorKey-6x6-custom-diff1": {
        "meanRet": 0.832524995803833,
        "maxRet": 0.9831249713897705,
        "minRet": 0.6968749761581421
    },
    "MiniGrid-DoorKey-8x8-custom-diff1": {
        "meanRet": 0.1342499977350235,
        "maxRet": 0.8687499761581421,
        "minRet": 0.0
    },
    "MiniGrid-DoorKey-10x10-custom-diff1": {
        "meanRet": 0.0744140618480742,
        "maxRet": 0.8962500095367432,
        "minRet": 0.0
    },
    "MiniGrid-DoorKey-12x12-custom-diff1": {
        "meanRet": 0.0,
        "maxRet": 0.0,
        "minRet": 0.0
    }
}