{
    "model": "Rhea_mi1\\epoch_1_curric1_gen3",
    "MiniGrid-DoorKey-5x5-custom": {
        "meanRet": 0.9034545692530546,
        "maxRet": 0.9190000295639038,
        "minRet": 0.8830000162124634
    },
    "MiniGrid-DoorKey-6x6-custom": {
        "meanRet": 0.8747200071811676,
        "maxRet": 0.920799970626831,
        "minRet": 0.8127999901771545
    },
    "MiniGrid-DoorKey-8x8-custom": {
        "meanRet": 0.7282000005245208,
        "maxRet": 0.8784999847412109,
        "minRet": 0.6175000071525574
    },
    "MiniGrid-DoorKey-16x16-custom": {
        "meanRet": 0.0,
        "maxRet": 0.0,
        "minRet": 0.0
    }
}