{
    "model": "Rhea_mi1\\epoch_4_curric2_gen1",
    "MiniGrid-DoorKey-5x5-custom": {
        "meanRet": 0.8983000218868256,
        "maxRet": 0.9190000295639038,
        "minRet": 0.8830000162124634
    },
    "MiniGrid-DoorKey-6x6-custom": {
        "meanRet": 0.8890000134706497,
        "maxRet": 0.920799970626831,
        "minRet": 0.8632000088691711
    },
    "MiniGrid-DoorKey-8x8-custom": {
        "meanRet": 0.8826249986886978,
        "maxRet": 0.9235000014305115,
        "minRet": 0.8650000095367432
    },
    "MiniGrid-DoorKey-16x16-custom": {
        "meanRet": 0.4030000016093254,
        "maxRet": 0.6819999814033508,
        "minRet": 0.1509999930858612
    }
}