{
    "model": "test12x12_50k_3step_3gen_3curric/epoch_44_curric2_gen1",
    "MiniGrid-DoorKey-6x6-custom-diff0.15": {
        "meanRet": 0.9318333387374877,
        "maxRet": 0.9583333134651184,
        "minRet": 0.9166666865348816
    },
    "MiniGrid-DoorKey-8x8-custom-diff0.15": {
        "meanRet": 0.8879629616384153,
        "maxRet": 0.949999988079071,
        "minRet": 0.8541666865348816
    },
    "MiniGrid-DoorKey-10x10-custom-diff0.15": {
        "meanRet": 0.8596153832398928,
        "maxRet": 0.9333333373069763,
        "minRet": 0.800000011920929
    },
    "MiniGrid-DoorKey-12x12-custom-diff0.15": {
        "meanRet": 0.7488333296775818,
        "maxRet": 0.862500011920929,
        "minRet": 0.6458333134651184
    }
}