{
    "model": "test12x12_25k_3step_3gen_3curric/epoch_26_curric1_gen3",
    "MiniGrid-DoorKey-6x6-custom-diff0.7819142875744653": {
        "meanRet": 0.9842560005187988,
        "maxRet": 0.9904000163078308,
        "minRet": 0.9800000190734863
    },
    "MiniGrid-DoorKey-8x8-custom-diff0.7819142875744653": {
        "meanRet": 0.9769777721828885,
        "maxRet": 0.9879999756813049,
        "minRet": 0.9703999757766724
    },
    "MiniGrid-DoorKey-10x10-custom-diff0.7819142875744653": {
        "meanRet": 0.9665919971466065,
        "maxRet": 0.9800000190734863,
        "minRet": 0.9544000029563904
    },
    "MiniGrid-DoorKey-12x12-custom-diff0.7819142875744653": {
        "meanRet": 0.9496320033073425,
        "maxRet": 0.972000002861023,
        "minRet": 0.925599992275238
    }
}