{
    "model": "Rhea_mi1\\epoch_1_curric0_gen1",
    "MiniGrid-DoorKey-5x5-custom": {
        "meanRet": 0.9083636619827964,
        "maxRet": 0.9190000295639038,
        "minRet": 0.9010000228881836
    },
    "MiniGrid-DoorKey-6x6-custom": {
        "meanRet": 0.9028000116348267,
        "maxRet": 0.9279999732971191,
        "minRet": 0.8848000168800354
    },
    "MiniGrid-DoorKey-8x8-custom": {
        "meanRet": 0.8708499848842621,
        "maxRet": 0.9369999766349792,
        "minRet": 0.8424999713897705
    },
    "MiniGrid-DoorKey-16x16-custom": {
        "meanRet": 0.09754545489947002,
        "maxRet": 0.7630000114440918,
        "minRet": 0.0
    }
}