{
    "model": "test12x12_25k_3step_3gen_3curric/epoch_31_curric1_gen2",
    "MiniGrid-DoorKey-6x6-custom-diff0.6569142875744653": {
        "meanRet": 0.9819047621318272,
        "maxRet": 0.9885714054107666,
        "minRet": 0.977142870426178
    },
    "MiniGrid-DoorKey-8x8-custom-diff0.6569142875744653": {
        "meanRet": 0.9724867741266886,
        "maxRet": 0.9857142567634583,
        "minRet": 0.9657142758369446
    },
    "MiniGrid-DoorKey-10x10-custom-diff0.6569142875744653": {
        "meanRet": 0.9646476173400879,
        "maxRet": 0.9885714054107666,
        "minRet": 0.9495238065719604
    },
    "MiniGrid-DoorKey-12x12-custom-diff0.6569142875744653": {
        "meanRet": 0.9360000038146973,
        "maxRet": 0.9676190614700317,
        "minRet": 0.9180952310562134
    }
}