{
    "model": "test12x12_150k_3step_3gen_3curric/epoch_25_curric0_gen3",
    "MiniGrid-DoorKey-6x6-custom-diff0.15": {
        "meanRet": 0.9253086469791554,
        "maxRet": 0.9541666507720947,
        "minRet": 0.8999999761581421
    },
    "MiniGrid-DoorKey-8x8-custom-diff0.15": {
        "meanRet": 0.8847756408728086,
        "maxRet": 0.9375,
        "minRet": 0.8583333492279053
    },
    "MiniGrid-DoorKey-10x10-custom-diff0.15": {
        "meanRet": 0.8458333349227906,
        "maxRet": 0.9416666626930237,
        "minRet": 0.762499988079071
    },
    "MiniGrid-DoorKey-12x12-custom-diff0.15": {
        "meanRet": 0.7272435908134167,
        "maxRet": 0.862500011920929,
        "minRet": 0.612500011920929
    }
}