{
    "model": "test12x12_100k_3step_3gen_3curric/epoch_1_curric2_gen3",
    "MiniGrid-DoorKey-6x6-custom-diff1.0": {
        "meanRet": 0.8803000020980835,
        "maxRet": 0.9574999809265137,
        "minRet": 0.7850000262260437
    },
    "MiniGrid-DoorKey-8x8-custom-diff1.0": {
        "meanRet": 0.805262496471405,
        "maxRet": 0.96484375,
        "minRet": 0.49937498569488525
    },
    "MiniGrid-DoorKey-10x10-custom-diff1.0": {
        "meanRet": 0.637084002494812,
        "maxRet": 0.9343000054359436,
        "minRet": 0.3799000084400177
    },
    "MiniGrid-DoorKey-12x12-custom-diff1.0": {
        "meanRet": 0.3717361092567444,
        "maxRet": 0.9518749713897705,
        "minRet": 0.0
    }
}