{
    "model": "test12x12_100k_3step_3gen_3curric/epoch_22_curric2_gen1",
    "MiniGrid-DoorKey-6x6-custom-diff0.1748105000000001": {
        "meanRet": 0.918495251582219,
        "maxRet": 0.9462151527404785,
        "minRet": 0.8888446092605591
    },
    "MiniGrid-DoorKey-8x8-custom-diff0.1748105000000001": {
        "meanRet": 0.8800956201553345,
        "maxRet": 0.9247012138366699,
        "minRet": 0.8386453986167908
    },
    "MiniGrid-DoorKey-10x10-custom-diff0.1748105000000001": {
        "meanRet": 0.8372663167806772,
        "maxRet": 0.9462151527404785,
        "minRet": 0.7239043712615967
    },
    "MiniGrid-DoorKey-12x12-custom-diff0.1748105000000001": {
        "meanRet": 0.7323168837107145,
        "maxRet": 0.8601593375205994,
        "minRet": 0.5410358309745789
    }
}