{
    "model": "test12x12_25k_3step_3gen_3curric/epoch_11_curric0_gen2",
    "MiniGrid-DoorKey-6x6-custom-diff1": {
        "meanRet": 0.9866346097909487,
        "maxRet": 0.9925000071525574,
        "minRet": 0.9806249737739563
    },
    "MiniGrid-DoorKey-8x8-custom-diff1": {
        "meanRet": 0.9793750023841858,
        "maxRet": 0.9881250262260437,
        "minRet": 0.971875011920929
    },
    "MiniGrid-DoorKey-10x10-custom-diff1": {
        "meanRet": 0.9694749999046326,
        "maxRet": 0.984375,
        "minRet": 0.9593750238418579
    },
    "MiniGrid-DoorKey-12x12-custom-diff1": {
        "meanRet": 0.9538249993324279,
        "maxRet": 0.9762499928474426,
        "minRet": 0.9312499761581421
    }
}