{
    "model": "SO_RHEA_2PARA_5GEN_14May\\epoch_10_curric2_gen1",
    "MiniGrid-DoorKey-5x5-custom-diff1": {
        "meanRet": 0.8649155818499051,
        "maxRet": 0.8902438879013062,
        "minRet": 0.8463414907455444
    },
    "MiniGrid-DoorKey-6x6-custom-diff1": {
        "meanRet": 0.8729411661624908,
        "maxRet": 0.8865545988082886,
        "minRet": 0.8638655543327332
    },
    "MiniGrid-DoorKey-8x8-custom-diff1": {
        "meanRet": 0.880142194032669,
        "maxRet": 0.9360189437866211,
        "minRet": 0.8592417240142822
    },
    "MiniGrid-DoorKey-16x16-custom-diff1": {
        "meanRet": 0.8357633173465728,
        "maxRet": 0.910532534122467,
        "minRet": 0.7656804919242859
    }
}