{
    "model": "test12x12_50k_3step_3gen_3curric/epoch_8_curric2_gen2",
    "MiniGrid-DoorKey-6x6-custom-diff1": {
        "meanRet": 0.9874500060081481,
        "maxRet": 0.9925000071525574,
        "minRet": 0.9831249713897705
    },
    "MiniGrid-DoorKey-8x8-custom-diff1": {
        "meanRet": 0.9811000037193298,
        "maxRet": 0.9887499809265137,
        "minRet": 0.9737499952316284
    },
    "MiniGrid-DoorKey-10x10-custom-diff1": {
        "meanRet": 0.9712750101089478,
        "maxRet": 0.9856250286102295,
        "minRet": 0.9587500095367432
    },
    "MiniGrid-DoorKey-12x12-custom-diff1": {
        "meanRet": 0.9432749962806701,
        "maxRet": 0.9768750071525574,
        "minRet": 0.9043750166893005
    }
}