{
    "model": "test12x12_25k_3step_3gen_3curric/epoch_30_curric2_gen2",
    "MiniGrid-DoorKey-6x6-custom-diff0.6819142875744653": {
        "meanRet": 0.982011786528996,
        "maxRet": 0.988990843296051,
        "minRet": 0.9770641922950745
    },
    "MiniGrid-DoorKey-8x8-custom-diff0.6819142875744653": {
        "meanRet": 0.9720889169436234,
        "maxRet": 0.9853211045265198,
        "minRet": 0.9614678621292114
    },
    "MiniGrid-DoorKey-10x10-custom-diff0.6819142875744653": {
        "meanRet": 0.9598899078369141,
        "maxRet": 0.9798164963722229,
        "minRet": 0.9376146793365479
    },
    "MiniGrid-DoorKey-12x12-custom-diff0.6819142875744653": {
        "meanRet": 0.9388990783691407,
        "maxRet": 0.963302731513977,
        "minRet": 0.9165137410163879
    }
}