{
    "model": "test12x12_50k_3step_3gen_3curric/epoch_11_curric1_gen1",
    "MiniGrid-DoorKey-6x6-custom-diff0.9760602224432589": {
        "meanRet": 0.9876498317718506,
        "maxRet": 0.9903914332389832,
        "minRet": 0.9846263527870178
    },
    "MiniGrid-DoorKey-8x8-custom-diff0.9760602224432589": {
        "meanRet": 0.9812017610439887,
        "maxRet": 0.9878292083740234,
        "minRet": 0.9762989282608032
    },
    "MiniGrid-DoorKey-10x10-custom-diff0.9760602224432589": {
        "meanRet": 0.9727265261686765,
        "maxRet": 0.9859074950218201,
        "minRet": 0.9590035676956177
    },
    "MiniGrid-DoorKey-12x12-custom-diff0.9760602224432589": {
        "meanRet": 0.9479601359367371,
        "maxRet": 0.9775800704956055,
        "minRet": 0.9122419953346252
    }
}