{
    "model": "test12x12_25k_3step_3gen_3curric/epoch_42_curric0_gen3",
    "MiniGrid-DoorKey-6x6-custom-diff0.3819142875744653": {
        "meanRet": 0.967803282737732,
        "maxRet": 0.980327844619751,
        "minRet": 0.9573770761489868
    },
    "MiniGrid-DoorKey-8x8-custom-diff0.3819142875744653": {
        "meanRet": 0.9502950811386108,
        "maxRet": 0.9721311330795288,
        "minRet": 0.9360655546188354
    },
    "MiniGrid-DoorKey-10x10-custom-diff0.3819142875744653": {
        "meanRet": 0.9394098353385926,
        "maxRet": 0.9688524603843689,
        "minRet": 0.9180327653884888
    },
    "MiniGrid-DoorKey-12x12-custom-diff0.3819142875744653": {
        "meanRet": 0.8870163989067078,
        "maxRet": 0.9327868819236755,
        "minRet": 0.8229508399963379
    }
}