{
    "model": "test12x12_50k_3step_3gen_3curric/epoch_46_curric2_gen1",
    "MiniGrid-DoorKey-6x6-custom-diff0.15": {
        "meanRet": 0.9230654750551496,
        "maxRet": 0.9583333134651184,
        "minRet": 0.8999999761581421
    },
    "MiniGrid-DoorKey-8x8-custom-diff0.15": {
        "meanRet": 0.8782051251484797,
        "maxRet": 0.9291666746139526,
        "minRet": 0.8416666388511658
    },
    "MiniGrid-DoorKey-10x10-custom-diff0.15": {
        "meanRet": 0.8273333382606506,
        "maxRet": 0.9208333492279053,
        "minRet": 0.7708333134651184
    },
    "MiniGrid-DoorKey-12x12-custom-diff0.15": {
        "meanRet": 0.6987179517745972,
        "maxRet": 0.875,
        "minRet": 0.5625
    }
}