{
    "model": "Rhea_SaRun2\\epoch_1_curric1_gen3",
    "MiniGrid-DoorKey-5x5-custom-diff0": {
        "meanRet": 0.7083999991416932,
        "maxRet": 0.9315999746322632,
        "minRet": 0.3736000061035156
    },
    "MiniGrid-DoorKey-6x6-custom-diff0": {
        "meanRet": 0.09333333282759695,
        "maxRet": 0.7799999713897705,
        "minRet": 0.0
    },
    "MiniGrid-DoorKey-8x8-custom-diff0": {
        "meanRet": 0.029584961012005806,
        "maxRet": 0.47968751192092896,
        "minRet": 0.0
    },
    "MiniGrid-DoorKey-16x16-custom-diff0": {
        "meanRet": 0.02251586876809597,
        "maxRet": 0.720507800579071,
        "minRet": 0.0
    }
}