{
    "model": "test12x12_25k_3step_3gen_3curric/epoch_24_curric1_gen1",
    "MiniGrid-DoorKey-6x6-custom-diff0.8319142875744653": {
        "meanRet": 0.982706762277163,
        "maxRet": 0.9902255535125732,
        "minRet": 0.9781954884529114
    },
    "MiniGrid-DoorKey-8x8-custom-diff0.8319142875744653": {
        "meanRet": 0.9742047396989969,
        "maxRet": 0.9872180223464966,
        "minRet": 0.9646616578102112
    },
    "MiniGrid-DoorKey-10x10-custom-diff0.8319142875744653": {
        "meanRet": 0.9610526299476624,
        "maxRet": 0.9804511070251465,
        "minRet": 0.9473684430122375
    },
    "MiniGrid-DoorKey-12x12-custom-diff0.8319142875744653": {
        "meanRet": 0.9440902233123779,
        "maxRet": 0.9781954884529114,
        "minRet": 0.9127819538116455
    }
}