{
    "model": "Rhea_Fr2\\epoch_1_curric0_gen2",
    "MiniGrid-DoorKey-5x5-custom-diff0": {
        "meanRet": 0.09403750207275152,
        "maxRet": 0.8776000142097473,
        "minRet": 0.0
    },
    "MiniGrid-DoorKey-6x6-custom-diff0": {
        "meanRet": 0.008515624795109034,
        "maxRet": 0.16249999403953552,
        "minRet": 0.0
    },
    "MiniGrid-DoorKey-8x8-custom-diff0": {
        "meanRet": 0.01881835935637355,
        "maxRet": 0.4557812511920929,
        "minRet": 0.0
    },
    "MiniGrid-DoorKey-16x16-custom-diff0": {
        "meanRet": 0.0,
        "maxRet": 0.0,
        "minRet": 0.0
    }
}