{
    "model": "test12x12_150k_3step_3gen_3curric/epoch_4_curric1_gen1",
    "MiniGrid-DoorKey-6x6-custom-diff1": {
        "meanRet": 0.9867592608487165,
        "maxRet": 0.9925000071525574,
        "minRet": 0.9837499856948853
    },
    "MiniGrid-DoorKey-8x8-custom-diff1": {
        "meanRet": 0.9813839324883052,
        "maxRet": 0.9887499809265137,
        "minRet": 0.9775000214576721
    },
    "MiniGrid-DoorKey-10x10-custom-diff1": {
        "meanRet": 0.9741826951503754,
        "maxRet": 0.9881250262260437,
        "minRet": 0.9637500047683716
    },
    "MiniGrid-DoorKey-12x12-custom-diff1": {
        "meanRet": 0.9577999973297119,
        "maxRet": 0.9825000166893005,
        "minRet": 0.9312499761581421
    }
}