{
    "model": "Mo_Rhea1\\epoch_3_curric1_gen1",
    "MiniGrid-DoorKey-5x5-custom-diff2": {
        "meanRet": 0.6651785671710968,
        "maxRet": 0.7428571581840515,
        "minRet": 0.6142857074737549
    },
    "MiniGrid-DoorKey-6x6-custom-diff2": {
        "meanRet": 0.7300000011920929,
        "maxRet": 0.7749999761581421,
        "minRet": 0.6625000238418579
    },
    "MiniGrid-DoorKey-8x8-custom-diff2": {
        "meanRet": 0.6875714242458344,
        "maxRet": 0.8199999928474426,
        "minRet": 0.5885714292526245
    },
    "MiniGrid-DoorKey-16x16-custom-diff2": {
        "meanRet": 0.04886968061327934,
        "maxRet": 0.7223404049873352,
        "minRet": 0.0
    }
}