{
    "model": "test12x12_100k_4step_3gen_3curric/epoch_12_curric2_gen2",
    "MiniGrid-DoorKey-6x6-custom-diff0.635606": {
        "meanRet": 0.9804852485656739,
        "maxRet": 0.9881967306137085,
        "minRet": 0.9734426140785217
    },
    "MiniGrid-DoorKey-8x8-custom-diff0.635606": {
        "meanRet": 0.9660459017753601,
        "maxRet": 0.9862294793128967,
        "minRet": 0.9527868628501892
    },
    "MiniGrid-DoorKey-10x10-custom-diff0.635606": {
        "meanRet": 0.9472393465042114,
        "maxRet": 0.9744262099266052,
        "minRet": 0.9262295365333557
    },
    "MiniGrid-DoorKey-12x12-custom-diff0.635606": {
        "meanRet": 0.9196590113639832,
        "maxRet": 0.9704918265342712,
        "minRet": 0.8672131299972534
    }
}