{
    "model": "test12x12_100k_3step_3gen_3curric/epoch_20_curric0_gen3",
    "MiniGrid-DoorKey-6x6-custom-diff0.6470715046045372": {
        "meanRet": 0.979699245205632,
        "maxRet": 0.9893662929534912,
        "minRet": 0.9738990068435669
    },
    "MiniGrid-DoorKey-8x8-custom-diff0.6470715046045372": {
        "meanRet": 0.971269600391388,
        "maxRet": 0.9845327734947205,
        "minRet": 0.9545649886131287
    },
    "MiniGrid-DoorKey-10x10-custom-diff0.6470715046045372": {
        "meanRet": 0.9518195486068726,
        "maxRet": 0.975832462310791,
        "minRet": 0.932330846786499
    },
    "MiniGrid-DoorKey-12x12-custom-diff0.6470715046045372": {
        "meanRet": 0.9274199819564819,
        "maxRet": 0.9719656109809875,
        "minRet": 0.8849623799324036
    }
}