{
    "model": "test12x12_100k_4step_3gen_3curric/epoch_9_curric2_gen3",
    "MiniGrid-DoorKey-6x6-custom-diff0.8970715046045371": {
        "meanRet": 0.9872907193807455,
        "maxRet": 0.9916343688964844,
        "minRet": 0.9832687973976135
    },
    "MiniGrid-DoorKey-8x8-custom-diff0.8970715046045371": {
        "meanRet": 0.9767800707083482,
        "maxRet": 0.9853602051734924,
        "minRet": 0.9693260788917542
    },
    "MiniGrid-DoorKey-10x10-custom-diff0.8970715046045371": {
        "meanRet": 0.9625220799446106,
        "maxRet": 0.9888458847999573,
        "minRet": 0.940046489238739
    },
    "MiniGrid-DoorKey-12x12-custom-diff0.8970715046045371": {
        "meanRet": 0.9373137092590332,
        "maxRet": 0.973508894443512,
        "minRet": 0.9058868885040283
    }
}