{
    "model": "test12x12_75k_3step_3gen_3curric/epoch_10_curric2_gen3",
    "MiniGrid-DoorKey-6x6-custom-diff0.9315023600555896": {
        "meanRet": 0.9877852296829224,
        "maxRet": 0.991946280002594,
        "minRet": 0.9845637679100037
    },
    "MiniGrid-DoorKey-8x8-custom-diff0.9315023600555896": {
        "meanRet": 0.9795704627037048,
        "maxRet": 0.9885905981063843,
        "minRet": 0.9744966626167297
    },
    "MiniGrid-DoorKey-10x10-custom-diff0.9315023600555896": {
        "meanRet": 0.9720805358886718,
        "maxRet": 0.9852349162101746,
        "minRet": 0.9563758373260498
    },
    "MiniGrid-DoorKey-12x12-custom-diff0.9315023600555896": {
        "meanRet": 0.9509261751174927,
        "maxRet": 0.9765100479125977,
        "minRet": 0.9228187799453735
    }
}