{
    "model": "test12x12_100k_3step_4gen_3curric/epoch_21_curric2_gen3",
    "MiniGrid-DoorKey-6x6-custom-diff0.20553": {
        "meanRet": 0.9423999977111817,
        "maxRet": 0.9633898138999939,
        "minRet": 0.9237288236618042
    },
    "MiniGrid-DoorKey-8x8-custom-diff0.20553": {
        "meanRet": 0.8904135608673096,
        "maxRet": 0.9450847506523132,
        "minRet": 0.850508451461792
    },
    "MiniGrid-DoorKey-10x10-custom-diff0.20553": {
        "meanRet": 0.8124902202532842,
        "maxRet": 0.9115254282951355,
        "minRet": 0.7223728895187378
    },
    "MiniGrid-DoorKey-12x12-custom-diff0.20553": {
        "meanRet": 0.6929627084732055,
        "maxRet": 0.9054237008094788,
        "minRet": 0.49966102838516235
    }
}