{
    "model": "test12x12_75k_3step_3gen_3curric/epoch_24_curric1_gen2",
    "MiniGrid-DoorKey-6x6-custom-diff0.5565023600555896": {
        "meanRet": 0.9782504056181226,
        "maxRet": 0.9853932857513428,
        "minRet": 0.9730337262153625
    },
    "MiniGrid-DoorKey-8x8-custom-diff0.5565023600555896": {
        "meanRet": 0.9676853847503663,
        "maxRet": 0.983146071434021,
        "minRet": 0.9629213213920593
    },
    "MiniGrid-DoorKey-10x10-custom-diff0.5565023600555896": {
        "meanRet": 0.9551011228561401,
        "maxRet": 0.983146071434021,
        "minRet": 0.9370786547660828
    },
    "MiniGrid-DoorKey-12x12-custom-diff0.5565023600555896": {
        "meanRet": 0.9103820204734803,
        "maxRet": 0.9528089761734009,
        "minRet": 0.8775280714035034
    }
}