{
    "model": "test12x12_100k_3step_4gen_3curric/epoch_21_curric0_gen1",
    "MiniGrid-DoorKey-6x6-custom-diff0.20553": {
        "meanRet": 0.9453107317288717,
        "maxRet": 0.9633898138999939,
        "minRet": 0.9328813552856445
    },
    "MiniGrid-DoorKey-8x8-custom-diff0.20553": {
        "meanRet": 0.9082305073738098,
        "maxRet": 0.9450847506523132,
        "minRet": 0.8871186375617981
    },
    "MiniGrid-DoorKey-10x10-custom-diff0.20553": {
        "meanRet": 0.8574011325836182,
        "maxRet": 0.9603390097618103,
        "minRet": 0.7894915342330933
    },
    "MiniGrid-DoorKey-12x12-custom-diff0.20553": {
        "meanRet": 0.7999864387512207,
        "maxRet": 0.8962711691856384,
        "minRet": 0.6888135671615601
    }
}