{
    "model": "test12x12_100k_3step_3gen_3curric/epoch_47_curric1_gen3",
    "MiniGrid-DoorKey-6x6-custom-diff0.15": {
        "meanRet": 0.9149691352137813,
        "maxRet": 0.9583333134651184,
        "minRet": 0.8791666626930237
    },
    "MiniGrid-DoorKey-8x8-custom-diff0.15": {
        "meanRet": 0.8781666731834412,
        "maxRet": 0.9291666746139526,
        "minRet": 0.824999988079071
    },
    "MiniGrid-DoorKey-10x10-custom-diff0.15": {
        "meanRet": 0.8316666650772094,
        "maxRet": 0.9083333611488342,
        "minRet": 0.7458333373069763
    },
    "MiniGrid-DoorKey-12x12-custom-diff0.15": {
        "meanRet": 0.7545000004768372,
        "maxRet": 0.8708333373069763,
        "minRet": 0.6208333373069763
    }
}