{
    "model": "test12x12_50k_3step_3gen_3curric/epoch_29_curric1_gen1",
    "MiniGrid-DoorKey-6x6-custom-diff0.5260602224432589": {
        "meanRet": 0.9764421008251332,
        "maxRet": 0.985733151435852,
        "minRet": 0.9702774286270142
    },
    "MiniGrid-DoorKey-8x8-custom-diff0.5260602224432589": {
        "meanRet": 0.9636535218783787,
        "maxRet": 0.9785997271537781,
        "minRet": 0.9536327719688416
    },
    "MiniGrid-DoorKey-10x10-custom-diff0.5260602224432589": {
        "meanRet": 0.9519207334518432,
        "maxRet": 0.9738441109657288,
        "minRet": 0.9381769895553589
    },
    "MiniGrid-DoorKey-12x12-custom-diff0.5260602224432589": {
        "meanRet": 0.9223408246040344,
        "maxRet": 0.9583883881568909,
        "minRet": 0.8977543115615845
    }
}