{
    "model": "test12x12_75k_3step_3gen_3curric/epoch_8_curric2_gen2",
    "MiniGrid-DoorKey-6x6-custom-diff0.9815023600555897": {
        "meanRet": 0.9869308869043986,
        "maxRet": 0.9923567175865173,
        "minRet": 0.9828025698661804
    },
    "MiniGrid-DoorKey-8x8-custom-diff0.9815023600555897": {
        "meanRet": 0.9813248467445373,
        "maxRet": 0.9898089170455933,
        "minRet": 0.9770700931549072
    },
    "MiniGrid-DoorKey-10x10-custom-diff0.9815023600555897": {
        "meanRet": 0.9708535122871399,
        "maxRet": 0.9834395051002502,
        "minRet": 0.9573248624801636
    },
    "MiniGrid-DoorKey-12x12-custom-diff0.9815023600555897": {
        "meanRet": 0.9479745149612426,
        "maxRet": 0.9796178340911865,
        "minRet": 0.9248407483100891
    }
}