{
    "model": "test12x12_25k_3step_3gen_3curric/epoch_5_curric0_gen2",
    "MiniGrid-DoorKey-6x6-custom-diff1": {
        "meanRet": 0.9418249988555908,
        "maxRet": 0.9756249785423279,
        "minRet": 0.8981249928474426
    },
    "MiniGrid-DoorKey-8x8-custom-diff1": {
        "meanRet": 0.8448500013351441,
        "maxRet": 0.9806249737739563,
        "minRet": 0.7106249928474426
    },
    "MiniGrid-DoorKey-10x10-custom-diff1": {
        "meanRet": 0.21610969396270052,
        "maxRet": 0.9275000095367432,
        "minRet": 0.0
    },
    "MiniGrid-DoorKey-12x12-custom-diff1": {
        "meanRet": 0.0856510406980912,
        "maxRet": 0.8149999976158142,
        "minRet": 0.0
    }
}