{
    "model": "DO_11_05_RHEA_PARA_ENV_1\\epoch_4_curric3_gen2",
    "MiniGrid-DoorKey-5x5-custom-diff2": {
        "meanRet": 0.6810439504109896,
        "maxRet": 0.7107142806053162,
        "minRet": 0.6464285850524902
    },
    "MiniGrid-DoorKey-6x6-custom-diff2": {
        "meanRet": 0.6911363655870612,
        "maxRet": 0.7749999761581421,
        "minRet": 0.6175000071525574
    },
    "MiniGrid-DoorKey-8x8-custom-diff2": {
        "meanRet": 0.7241558378392999,
        "maxRet": 0.8071428537368774,
        "minRet": 0.6785714030265808
    },
    "MiniGrid-DoorKey-16x16-custom-diff2": {
        "meanRet": 0.703191488981247,
        "maxRet": 0.8627659678459167,
        "minRet": 0.5531914830207825
    }
}