{
    "model": "test12x12_50k_3step_3gen_3curric/epoch_38_curric0_gen3",
    "MiniGrid-DoorKey-6x6-custom-diff0.3010602224432588": {
        "meanRet": 0.9480369591712952,
        "maxRet": 0.9709007143974304,
        "minRet": 0.9272517561912537
    },
    "MiniGrid-DoorKey-8x8-custom-diff0.3010602224432588": {
        "meanRet": 0.9154457235336304,
        "maxRet": 0.9646651148796082,
        "minRet": 0.8794457316398621
    },
    "MiniGrid-DoorKey-10x10-custom-diff0.3010602224432588": {
        "meanRet": 0.8946605134010315,
        "maxRet": 0.9584295749664307,
        "minRet": 0.8357967734336853
    },
    "MiniGrid-DoorKey-12x12-custom-diff0.3010602224432588": {
        "meanRet": 0.8316397190093994,
        "maxRet": 0.9459584355354309,
        "minRet": 0.7609699964523315
    }
}