{
    "model": "test12x12_75k_3step_3gen_3curric/epoch_23_curric2_gen2",
    "MiniGrid-DoorKey-6x6-custom-diff0.5815023600555896": {
        "meanRet": 0.9818031604473407,
        "maxRet": 0.9892473220825195,
        "minRet": 0.976344108581543
    },
    "MiniGrid-DoorKey-8x8-custom-diff0.5815023600555896": {
        "meanRet": 0.9718894064426422,
        "maxRet": 0.9838709831237793,
        "minRet": 0.9655913710594177
    },
    "MiniGrid-DoorKey-10x10-custom-diff0.5815023600555896": {
        "meanRet": 0.962537624835968,
        "maxRet": 0.976344108581543,
        "minRet": 0.9505376219749451
    },
    "MiniGrid-DoorKey-12x12-custom-diff0.5815023600555896": {
        "meanRet": 0.9411612915992736,
        "maxRet": 0.9688172340393066,
        "minRet": 0.9129032492637634
    }
}