{
    "model": "test12x12_100k_3step_3gen_3curric/epoch_3_curric0_gen1",
    "MiniGrid-DoorKey-6x6-custom-diff1": {
        "meanRet": 0.7252750027179719,
        "maxRet": 0.9818750023841858,
        "minRet": 0.3100000023841858
    },
    "MiniGrid-DoorKey-8x8-custom-diff1": {
        "meanRet": 0.09820075762091261,
        "maxRet": 0.9462500214576721,
        "minRet": 0.0
    },
    "MiniGrid-DoorKey-10x10-custom-diff1": {
        "meanRet": 0.06474609253928065,
        "maxRet": 0.7799999713897705,
        "minRet": 0.0
    },
    "MiniGrid-DoorKey-12x12-custom-diff1": {
        "meanRet": 0.008105468936264515,
        "maxRet": 0.2593750059604645,
        "minRet": 0.0
    }
}