{
    "model": "test12x12_100k_4step_3gen_3curric/epoch_3_curric0_gen3",
    "MiniGrid-DoorKey-6x6-custom-diff1": {
        "meanRet": 0.9871499991416931,
        "maxRet": 0.9918749928474426,
        "minRet": 0.9818750023841858
    },
    "MiniGrid-DoorKey-8x8-custom-diff1": {
        "meanRet": 0.9782499980926513,
        "maxRet": 0.9862499833106995,
        "minRet": 0.9681249856948853
    },
    "MiniGrid-DoorKey-10x10-custom-diff1": {
        "meanRet": 0.96614999294281,
        "maxRet": 0.9912499785423279,
        "minRet": 0.9462500214576721
    },
    "MiniGrid-DoorKey-12x12-custom-diff1": {
        "meanRet": 0.9479999995231628,
        "maxRet": 0.9825000166893005,
        "minRet": 0.8993750214576721
    }
}