{
    "model": "test12x12_100k_3step_3gen_3curric/epoch_44_curric2_gen1",
    "MiniGrid-DoorKey-6x6-custom-diff0.15": {
        "meanRet": 0.9139999985694885,
        "maxRet": 0.9458333253860474,
        "minRet": 0.8791666626930237
    },
    "MiniGrid-DoorKey-8x8-custom-diff0.15": {
        "meanRet": 0.8505000019073486,
        "maxRet": 0.925000011920929,
        "minRet": 0.7875000238418579
    },
    "MiniGrid-DoorKey-10x10-custom-diff0.15": {
        "meanRet": 0.8096153804889092,
        "maxRet": 0.9375,
        "minRet": 0.675000011920929
    },
    "MiniGrid-DoorKey-12x12-custom-diff0.15": {
        "meanRet": 0.7145000004768371,
        "maxRet": 0.8708333373069763,
        "minRet": 0.5416666865348816
    }
}