{
    "model": "test12x12_50k_3step_3gen_3curric/epoch_9_curric1_gen3",
    "MiniGrid-DoorKey-6x6-custom-diff1": {
        "meanRet": 0.9871250033378601,
        "maxRet": 0.9925000071525574,
        "minRet": 0.9831249713897705
    },
    "MiniGrid-DoorKey-8x8-custom-diff1": {
        "meanRet": 0.9809999918937683,
        "maxRet": 0.9893749952316284,
        "minRet": 0.9731249809265137
    },
    "MiniGrid-DoorKey-10x10-custom-diff1": {
        "meanRet": 0.9714499998092652,
        "maxRet": 0.9850000143051147,
        "minRet": 0.9568750262260437
    },
    "MiniGrid-DoorKey-12x12-custom-diff1": {
        "meanRet": 0.9395749974250793,
        "maxRet": 0.9731249809265137,
        "minRet": 0.90625
    }
}