{
    "model": "SO_RHEA_2PARA_5GEN_14May\\epoch_1_curric2_gen1",
    "MiniGrid-DoorKey-5x5-custom-diff0": {
        "meanRet": 0.401680001616478,
        "maxRet": 0.7480000257492065,
        "minRet": 0.18639999628067017
    },
    "MiniGrid-DoorKey-6x6-custom-diff0": {
        "meanRet": 0.0,
        "maxRet": 0.0,
        "minRet": 0.0
    },
    "MiniGrid-DoorKey-8x8-custom-diff0": {
        "meanRet": 0.0046630860306322575,
        "maxRet": 0.14921875298023224,
        "minRet": 0.0
    },
    "MiniGrid-DoorKey-16x16-custom-diff0": {
        "meanRet": 0.0,
        "maxRet": 0.0,
        "minRet": 0.0
    }
}