{
    "model": "test12x12_50k_3step_3gen_3curric/epoch_33_curric2_gen3",
    "MiniGrid-DoorKey-6x6-custom-diff0.4260602224432588": {
        "meanRet": 0.9714584016799926,
        "maxRet": 0.9823817014694214,
        "minRet": 0.9603589177131653
    },
    "MiniGrid-DoorKey-8x8-custom-diff0.4260602224432588": {
        "meanRet": 0.9591843485832214,
        "maxRet": 0.9765089750289917,
        "minRet": 0.9486134052276611
    },
    "MiniGrid-DoorKey-10x10-custom-diff0.4260602224432588": {
        "meanRet": 0.9393524917272421,
        "maxRet": 0.9676998257637024,
        "minRet": 0.9207177758216858
    },
    "MiniGrid-DoorKey-12x12-custom-diff0.4260602224432588": {
        "meanRet": 0.904567702458455,
        "maxRet": 0.951549768447876,
        "minRet": 0.8605220317840576
    }
}