{
    "model": "test12x12_100k_3step_3gen_3curric/epoch_25_curric2_gen1",
    "MiniGrid-DoorKey-6x6-custom-diff0.15": {
        "meanRet": 0.9083333349227906,
        "maxRet": 0.9333333373069763,
        "minRet": 0.8791666626930237
    },
    "MiniGrid-DoorKey-8x8-custom-diff0.15": {
        "meanRet": 0.8565000009536743,
        "maxRet": 0.9166666865348816,
        "minRet": 0.8083333373069763
    },
    "MiniGrid-DoorKey-10x10-custom-diff0.15": {
        "meanRet": 0.7993333387374878,
        "maxRet": 0.9166666865348816,
        "minRet": 0.7124999761581421
    },
    "MiniGrid-DoorKey-12x12-custom-diff0.15": {
        "meanRet": 0.6948333370685578,
        "maxRet": 0.8500000238418579,
        "minRet": 0.40833333134651184
    }
}