{
    "model": "test12x12_75k_3step_3gen_3curric/epoch_27_curric2_gen3",
    "MiniGrid-DoorKey-6x6-custom-diff0.48150236005558966": {
        "meanRet": 0.9744588710643627,
        "maxRet": 0.984415590763092,
        "minRet": 0.9675324559211731
    },
    "MiniGrid-DoorKey-8x8-custom-diff0.48150236005558966": {
        "meanRet": 0.9578421620222238,
        "maxRet": 0.9740259647369385,
        "minRet": 0.9441558718681335
    },
    "MiniGrid-DoorKey-10x10-custom-diff0.48150236005558966": {
        "meanRet": 0.9419740223884583,
        "maxRet": 0.9779220819473267,
        "minRet": 0.918181836605072
    },
    "MiniGrid-DoorKey-12x12-custom-diff0.48150236005558966": {
        "meanRet": 0.9152207827568054,
        "maxRet": 0.9610389471054077,
        "minRet": 0.8792207837104797
    }
}