{
    "model": "test12x12_25k_3step_3gen_3curric/epoch_4_curric2_gen2",
    "MiniGrid-DoorKey-6x6-custom-diff1": {
        "meanRet": 0.6147249972820282,
        "maxRet": 0.9506250023841858,
        "minRet": 0.28125
    },
    "MiniGrid-DoorKey-8x8-custom-diff1": {
        "meanRet": 0.08319010275105636,
        "maxRet": 0.8612499833106995,
        "minRet": 0.0
    },
    "MiniGrid-DoorKey-10x10-custom-diff1": {
        "meanRet": 0.002877604216337204,
        "maxRet": 0.1381250023841858,
        "minRet": 0.0
    },
    "MiniGrid-DoorKey-12x12-custom-diff1": {
        "meanRet": 0.0,
        "maxRet": 0.0,
        "minRet": 0.0
    }
}