{
    "model": "SO_RHEA_2PARA_5GEN_14May\\epoch_10_curric0_gen2",
    "MiniGrid-DoorKey-5x5-custom-diff1": {
        "meanRet": 0.88585364818573,
        "maxRet": 0.9012194871902466,
        "minRet": 0.8682926893234253
    },
    "MiniGrid-DoorKey-6x6-custom-diff1": {
        "meanRet": 0.8853910794624915,
        "maxRet": 0.924369752407074,
        "minRet": 0.8638655543327332
    },
    "MiniGrid-DoorKey-8x8-custom-diff1": {
        "meanRet": 0.8925118386745453,
        "maxRet": 0.9274881482124329,
        "minRet": 0.863507091999054
    },
    "MiniGrid-DoorKey-16x16-custom-diff1": {
        "meanRet": 0.8246863842010498,
        "maxRet": 0.944615364074707,
        "minRet": 0.6123076677322388
    }
}