{
    "model": "test12x12_25k_3step_3gen_3curric/epoch_46_curric0_gen3",
    "MiniGrid-DoorKey-6x6-custom-diff0.28191428757446535": {
        "meanRet": 0.9554700828515567,
        "maxRet": 0.9777777791023254,
        "minRet": 0.9422222375869751
    },
    "MiniGrid-DoorKey-8x8-custom-diff0.28191428757446535": {
        "meanRet": 0.920170939885653,
        "maxRet": 0.9622222185134888,
        "minRet": 0.8955555558204651
    },
    "MiniGrid-DoorKey-10x10-custom-diff0.28191428757446535": {
        "meanRet": 0.8627555584907531,
        "maxRet": 0.9266666769981384,
        "minRet": 0.7977777719497681
    },
    "MiniGrid-DoorKey-12x12-custom-diff0.28191428757446535": {
        "meanRet": 0.8119111156463623,
        "maxRet": 0.9399999976158142,
        "minRet": 0.6622222065925598
    }
}