{
    "model": "test12x12_100k_3step_4gen_3curric/epoch_20_curric1_gen3",
    "MiniGrid-DoorKey-6x6-custom-diff0.64467792277423": {
        "meanRet": 0.9817169617723536,
        "maxRet": 0.987392246723175,
        "minRet": 0.9767241477966309
    },
    "MiniGrid-DoorKey-8x8-custom-diff0.64467792277423": {
        "meanRet": 0.9699353575706482,
        "maxRet": 0.9835129380226135,
        "minRet": 0.9582974314689636
    },
    "MiniGrid-DoorKey-10x10-custom-diff0.64467792277423": {
        "meanRet": 0.9559847666667058,
        "maxRet": 0.9835129380226135,
        "minRet": 0.9379310607910156
    },
    "MiniGrid-DoorKey-12x12-custom-diff0.64467792277423": {
        "meanRet": 0.9215991425514222,
        "maxRet": 0.959267258644104,
        "minRet": 0.8845905065536499
    }
}