{
    "model": "test12x12_100k_3step_3gen_3curric/epoch_22_curric1_gen2",
    "MiniGrid-DoorKey-6x6-custom-diff0.1748105000000001": {
        "meanRet": 0.9314422273635864,
        "maxRet": 0.960557758808136,
        "minRet": 0.9067729115486145
    },
    "MiniGrid-DoorKey-8x8-custom-diff0.1748105000000001": {
        "meanRet": 0.8851155400276184,
        "maxRet": 0.9318724870681763,
        "minRet": 0.8422310948371887
    },
    "MiniGrid-DoorKey-10x10-custom-diff0.1748105000000001": {
        "meanRet": 0.7930358600616455,
        "maxRet": 0.921115517616272,
        "minRet": 0.6557769179344177
    },
    "MiniGrid-DoorKey-12x12-custom-diff0.1748105000000001": {
        "meanRet": 0.6457370495796204,
        "maxRet": 0.8709163069725037,
        "minRet": 0.35458168387413025
    }
}