{
    "model": "test12x12_75k_3step_3gen_3curric/epoch_16_curric1_gen3",
    "MiniGrid-DoorKey-6x6-custom-diff0.7565023600555896": {
        "meanRet": 0.9842021671625284,
        "maxRet": 0.9900826215744019,
        "minRet": 0.9793388247489929
    },
    "MiniGrid-DoorKey-8x8-custom-diff0.7565023600555896": {
        "meanRet": 0.9776528835296631,
        "maxRet": 0.9851239919662476,
        "minRet": 0.9727272987365723
    },
    "MiniGrid-DoorKey-10x10-custom-diff0.7565023600555896": {
        "meanRet": 0.9652892541885376,
        "maxRet": 0.9884297251701355,
        "minRet": 0.9512396454811096
    },
    "MiniGrid-DoorKey-12x12-custom-diff0.7565023600555896": {
        "meanRet": 0.9454545426368713,
        "maxRet": 0.9702479243278503,
        "minRet": 0.9280991554260254
    }
}