{
    "model": "test12x12_100k_3step_3gen_3curric/epoch_10_curric2_gen1",
    "MiniGrid-DoorKey-6x6-custom-diff0.8970715046045371": {
        "meanRet": 0.9856551335408137,
        "maxRet": 0.9923315048217773,
        "minRet": 0.9811773896217346
    },
    "MiniGrid-DoorKey-8x8-custom-diff0.8970715046045371": {
        "meanRet": 0.9791975235939026,
        "maxRet": 0.9888458847999573,
        "minRet": 0.9700232148170471
    },
    "MiniGrid-DoorKey-10x10-custom-diff0.8970715046045371": {
        "meanRet": 0.9700232291221619,
        "maxRet": 0.9846630692481995,
        "minRet": 0.9491091966629028
    },
    "MiniGrid-DoorKey-12x12-custom-diff0.8970715046045371": {
        "meanRet": 0.957586362361908,
        "maxRet": 0.9783888459205627,
        "minRet": 0.9254066348075867
    }
}