{
    "model": "test12x12_75k_3step_3gen_3curric/epoch_21_curric0_gen1",
    "MiniGrid-DoorKey-6x6-custom-diff0.6315023600555896": {
        "meanRet": 0.9822574257850647,
        "maxRet": 0.9900990128517151,
        "minRet": 0.9782178401947021
    },
    "MiniGrid-DoorKey-8x8-custom-diff0.6315023600555896": {
        "meanRet": 0.9720106697999514,
        "maxRet": 0.9831683039665222,
        "minRet": 0.9673267602920532
    },
    "MiniGrid-DoorKey-10x10-custom-diff0.6315023600555896": {
        "meanRet": 0.9600000023841858,
        "maxRet": 0.9851484894752502,
        "minRet": 0.9405940771102905
    },
    "MiniGrid-DoorKey-12x12-custom-diff0.6315023600555896": {
        "meanRet": 0.9321980166435242,
        "maxRet": 0.9673267602920532,
        "minRet": 0.909900963306427
    }
}