{
    "model": "test12x12_150k_3step_3gen_3curric/epoch_10_curric2_gen2",
    "MiniGrid-DoorKey-6x6-custom-diff0.8563807381558474": {
        "meanRet": 0.9861021900177002,
        "maxRet": 0.9912408590316772,
        "minRet": 0.9824817776679993
    },
    "MiniGrid-DoorKey-8x8-custom-diff0.8563807381558474": {
        "meanRet": 0.9794497421154609,
        "maxRet": 0.9861313700675964,
        "minRet": 0.974452555179596
    },
    "MiniGrid-DoorKey-10x10-custom-diff0.8563807381558474": {
        "meanRet": 0.9677989918452042,
        "maxRet": 0.9919707775115967,
        "minRet": 0.9569343328475952
    },
    "MiniGrid-DoorKey-12x12-custom-diff0.8563807381558474": {
        "meanRet": 0.954715325832367,
        "maxRet": 0.9802919626235962,
        "minRet": 0.9284671545028687
    }
}