{
    "model": "new_25k_7step_4gen_3curric/epoch_3_curric2_gen1",
    "MiniGrid-DoorKey-6x6-custom-diff1": {
        "meanRet": 0.5077000015974045,
        "maxRet": 0.8993750214576721,
        "minRet": 0.1262499988079071
    },
    "MiniGrid-DoorKey-8x8-custom-diff1": {
        "meanRet": 0.11989795979188413,
        "maxRet": 0.9081249833106995,
        "minRet": 0.0
    },
    "MiniGrid-DoorKey-10x10-custom-diff1": {
        "meanRet": 0.03156250001241764,
        "maxRet": 0.746874988079071,
        "minRet": 0.0
    },
    "MiniGrid-DoorKey-12x12-custom-diff1": {
        "meanRet": 0.0024609374813735485,
        "maxRet": 0.11812499910593033,
        "minRet": 0.0
    }
}