{
    "model": "test12x12_25k_3step_3gen_3curric/epoch_40_curric1_gen2",
    "MiniGrid-DoorKey-6x6-custom-diff0.43191428757446526": {
        "meanRet": 0.9729468623797098,
        "maxRet": 0.9826086759567261,
        "minRet": 0.9652174115180969
    },
    "MiniGrid-DoorKey-8x8-custom-diff0.43191428757446526": {
        "meanRet": 0.9580267530221206,
        "maxRet": 0.97826087474823,
        "minRet": 0.9434782862663269
    },
    "MiniGrid-DoorKey-10x10-custom-diff0.43191428757446526": {
        "meanRet": 0.9371980649453623,
        "maxRet": 0.9739130139350891,
        "minRet": 0.9144927263259888
    },
    "MiniGrid-DoorKey-12x12-custom-diff0.43191428757446526": {
        "meanRet": 0.8860089205778562,
        "maxRet": 0.9492753744125366,
        "minRet": 0.8202898502349854
    }
}