{
    "model": "test12x12_25k_3step_3gen_3curric/epoch_1_curric0_gen1",
    "MiniGrid-DoorKey-6x6-custom-diff1.0": {
        "meanRet": 0.016510416753590107,
        "maxRet": 0.4375,
        "minRet": 0.0
    },
    "MiniGrid-DoorKey-8x8-custom-diff1.0": {
        "meanRet": 0.019046223411957424,
        "maxRet": 0.9142187237739563,
        "minRet": 0.0
    },
    "MiniGrid-DoorKey-10x10-custom-diff1.0": {
        "meanRet": 0.0,
        "maxRet": 0.0,
        "minRet": 0.0
    },
    "MiniGrid-DoorKey-12x12-custom-diff1.0": {
        "meanRet": 0.009908854340513548,
        "maxRet": 0.47562500834465027,
        "minRet": 0.0
    }
}