{
    "model": "test12x12_75k_3step_3gen_3curric/epoch_8_curric0_gen3",
    "MiniGrid-DoorKey-6x6-custom-diff0.9815023600555897": {
        "meanRet": 0.9886114716529846,
        "maxRet": 0.9923567175865173,
        "minRet": 0.9840764403343201
    },
    "MiniGrid-DoorKey-8x8-custom-diff0.9815023600555897": {
        "meanRet": 0.9820127439498901,
        "maxRet": 0.9885350465774536,
        "minRet": 0.9757961630821228
    },
    "MiniGrid-DoorKey-10x10-custom-diff0.9815023600555897": {
        "meanRet": 0.9746692845454583,
        "maxRet": 0.9866241812705994,
        "minRet": 0.9636942744255066
    },
    "MiniGrid-DoorKey-12x12-custom-diff0.9815023600555897": {
        "meanRet": 0.9626751613616943,
        "maxRet": 0.9834395051002502,
        "minRet": 0.9458598494529724
    }
}