{
    "model": "Mo_Rhea1\\epoch_7_curric0_gen4",
    "MiniGrid-DoorKey-5x5-custom-diff2": {
        "meanRet": 0.7008241644272437,
        "maxRet": 0.7428571581840515,
        "minRet": 0.6785714030265808
    },
    "MiniGrid-DoorKey-6x6-custom-diff2": {
        "meanRet": 0.729999991980466,
        "maxRet": 0.8199999928474426,
        "minRet": 0.6850000023841858
    },
    "MiniGrid-DoorKey-8x8-custom-diff2": {
        "meanRet": 0.740519480271773,
        "maxRet": 0.8328571319580078,
        "minRet": 0.6785714030265808
    },
    "MiniGrid-DoorKey-16x16-custom-diff2": {
        "meanRet": 0.1276928181760013,
        "maxRet": 0.8340425491333008,
        "minRet": 0.0
    }
}