{
    "model": "SO_RHEA_2PARA_5GEN_14May\\epoch_8_curric1_gen5",
    "MiniGrid-DoorKey-5x5-custom-diff1": {
        "meanRet": 0.8742793798446655,
        "maxRet": 0.9012194871902466,
        "minRet": 0.8573170900344849
    },
    "MiniGrid-DoorKey-6x6-custom-diff1": {
        "meanRet": 0.8886172554709695,
        "maxRet": 0.9092437028884888,
        "minRet": 0.8638655543327332
    },
    "MiniGrid-DoorKey-8x8-custom-diff1": {
        "meanRet": 0.88909952044487,
        "maxRet": 0.9232227206230164,
        "minRet": 0.863507091999054
    },
    "MiniGrid-DoorKey-16x16-custom-diff1": {
        "meanRet": 0.8269230782985687,
        "maxRet": 0.9233136177062988,
        "minRet": 0.7145562171936035
    }
}