{
    "model": "test12x12_50k_3step_3gen_3curric/epoch_27_curric2_gen3",
    "MiniGrid-DoorKey-6x6-custom-diff0.5760602224432588": {
        "meanRet": 0.976575113259829,
        "maxRet": 0.9858866333961487,
        "minRet": 0.9696019291877747
    },
    "MiniGrid-DoorKey-8x8-custom-diff0.5760602224432588": {
        "meanRet": 0.967647762298584,
        "maxRet": 0.983715295791626,
        "minRet": 0.9598311185836792
    },
    "MiniGrid-DoorKey-10x10-custom-diff0.5760602224432588": {
        "meanRet": 0.9576598238945008,
        "maxRet": 0.9858866333961487,
        "minRet": 0.9337756037712097
    },
    "MiniGrid-DoorKey-12x12-custom-diff0.5760602224432588": {
        "meanRet": 0.9328636956214905,
        "maxRet": 0.9663450121879578,
        "minRet": 0.9033775925636292
    }
}