{
    "model": "test12x12_100k_3step_3gen_3curric/epoch_4_curric0_gen1",
    "MiniGrid-DoorKey-6x6-custom-diff1": {
        "meanRet": 0.9862499976158142,
        "maxRet": 0.9918749928474426,
        "minRet": 0.9800000190734863
    },
    "MiniGrid-DoorKey-8x8-custom-diff1": {
        "meanRet": 0.9683000040054321,
        "maxRet": 0.9925000071525574,
        "minRet": 0.9437500238418579
    },
    "MiniGrid-DoorKey-10x10-custom-diff1": {
        "meanRet": 0.9339999985694886,
        "maxRet": 0.9837499856948853,
        "minRet": 0.8712499737739563
    },
    "MiniGrid-DoorKey-12x12-custom-diff1": {
        "meanRet": 0.8549519250026116,
        "maxRet": 0.9381250143051147,
        "minRet": 0.7293750047683716
    }
}