{
    "model": "Di_Rhea1\\epoch_5_curric1_gen2",
    "MiniGrid-DoorKey-5x5-custom-diff2": {
        "meanRet": 0.6174999892711639,
        "maxRet": 0.7107142806053162,
        "minRet": 0.5178571343421936
    },
    "MiniGrid-DoorKey-6x6-custom-diff2": {
        "meanRet": 0.6287499964237213,
        "maxRet": 0.7524999976158142,
        "minRet": 0.5274999737739563
    },
    "MiniGrid-DoorKey-8x8-custom-diff2": {
        "meanRet": 0.660571426153183,
        "maxRet": 0.7557142972946167,
        "minRet": 0.5757142901420593
    },
    "MiniGrid-DoorKey-16x16-custom-diff2": {
        "meanRet": 0.06605718098580837,
        "maxRet": 0.41914892196655273,
        "minRet": 0.0
    }
}