{
    "model": "test12x12_75k_3step_3gen_3curric/epoch_14_curric0_gen1",
    "MiniGrid-DoorKey-6x6-custom-diff0.8065023600555896": {
        "meanRet": 0.9851605764457158,
        "maxRet": 0.9906976819038391,
        "minRet": 0.9813953638076782
    },
    "MiniGrid-DoorKey-8x8-custom-diff0.8065023600555896": {
        "meanRet": 0.9776434135437012,
        "maxRet": 0.9852713346481323,
        "minRet": 0.9720930457115173
    },
    "MiniGrid-DoorKey-10x10-custom-diff0.8065023600555896": {
        "meanRet": 0.9653643345832825,
        "maxRet": 0.9914728403091431,
        "minRet": 0.9527131915092468
    },
    "MiniGrid-DoorKey-12x12-custom-diff0.8065023600555896": {
        "meanRet": 0.93634108543396,
        "maxRet": 0.97364342212677,
        "minRet": 0.9054263830184937
    }
}