{
    "model": "test12x12_100k_3step_3gen_3curric/epoch_5_curric0_gen1",
    "MiniGrid-DoorKey-6x6-custom-diff1": {
        "meanRet": 0.7131499993801117,
        "maxRet": 0.9731249809265137,
        "minRet": 0.22624999284744263
    },
    "MiniGrid-DoorKey-8x8-custom-diff1": {
        "meanRet": 0.02365234401077032,
        "maxRet": 0.3893750011920929,
        "minRet": 0.0
    },
    "MiniGrid-DoorKey-10x10-custom-diff1": {
        "meanRet": 0.018984375055879354,
        "maxRet": 0.28187501430511475,
        "minRet": 0.0
    },
    "MiniGrid-DoorKey-12x12-custom-diff1": {
        "meanRet": 0.020488280802965164,
        "maxRet": 0.6556249856948853,
        "minRet": 0.0
    }
}