{
    "model": "Rhea_Fr2\\epoch_4_curric1_gen3",
    "MiniGrid-DoorKey-5x5-custom-diff1": {
        "meanRet": 0.8822616338729858,
        "maxRet": 0.9012194871902466,
        "minRet": 0.8682926893234253
    },
    "MiniGrid-DoorKey-6x6-custom-diff1": {
        "meanRet": 0.8928571343421936,
        "maxRet": 0.924369752407074,
        "minRet": 0.8714285492897034
    },
    "MiniGrid-DoorKey-8x8-custom-diff1": {
        "meanRet": 0.8890995264053345,
        "maxRet": 0.9317535758018494,
        "minRet": 0.8592417240142822
    },
    "MiniGrid-DoorKey-16x16-custom-diff1": {
        "meanRet": 0.8022130191326141,
        "maxRet": 0.93183434009552,
        "minRet": 0.6900591850280762
    }
}