{
    "model": "test12x12_75k_3step_3gen_3curric/epoch_30_curric1_gen1",
    "MiniGrid-DoorKey-6x6-custom-diff0.15": {
        "meanRet": 0.9115000009536743,
        "maxRet": 0.949999988079071,
        "minRet": 0.887499988079071
    },
    "MiniGrid-DoorKey-8x8-custom-diff0.15": {
        "meanRet": 0.8786858939207517,
        "maxRet": 0.9333333373069763,
        "minRet": 0.8416666388511658
    },
    "MiniGrid-DoorKey-10x10-custom-diff0.15": {
        "meanRet": 0.8088333320617676,
        "maxRet": 0.9166666865348816,
        "minRet": 0.7416666746139526
    },
    "MiniGrid-DoorKey-12x12-custom-diff0.15": {
        "meanRet": 0.695,
        "maxRet": 0.875,
        "minRet": 0.5375000238418579
    }
}