{
    "model": "DO_11_05_RHEA_PARA_ENV_1\\epoch_8_curric2_gen3",
    "MiniGrid-DoorKey-5x5-custom-diff2": {
        "meanRet": 0.7008241644272437,
        "maxRet": 0.7428571581840515,
        "minRet": 0.6785714030265808
    },
    "MiniGrid-DoorKey-6x6-custom-diff2": {
        "meanRet": 0.7007499933242798,
        "maxRet": 0.7749999761581421,
        "minRet": 0.6399999856948853
    },
    "MiniGrid-DoorKey-8x8-custom-diff2": {
        "meanRet": 0.699999988079071,
        "maxRet": 0.8071428537368774,
        "minRet": 0.6528571248054504
    },
    "MiniGrid-DoorKey-16x16-custom-diff2": {
        "meanRet": 0.4041489392518997,
        "maxRet": 0.728723406791687,
        "minRet": 0.1670212745666504
    }
}