{
    "model": "test12x12_50k_3step_3gen_3curric/epoch_38_curric0_gen1",
    "MiniGrid-DoorKey-6x6-custom-diff0.3010602224432588": {
        "meanRet": 0.9588144774790164,
        "maxRet": 0.9729791879653931,
        "minRet": 0.9480369687080383
    },
    "MiniGrid-DoorKey-8x8-custom-diff0.3010602224432588": {
        "meanRet": 0.939057731628418,
        "maxRet": 0.9667436480522156,
        "minRet": 0.9210161566734314
    },
    "MiniGrid-DoorKey-10x10-custom-diff0.3010602224432588": {
        "meanRet": 0.9166928386688232,
        "maxRet": 0.9625865817070007,
        "minRet": 0.887759804725647
    },
    "MiniGrid-DoorKey-12x12-custom-diff0.3010602224432588": {
        "meanRet": 0.8497068813213935,
        "maxRet": 0.937644362449646,
        "minRet": 0.7796766757965088
    }
}