{
    "model": "test12x12_25k_3step_3gen_3curric/epoch_8_curric0_gen3",
    "MiniGrid-DoorKey-6x6-custom-diff1": {
        "meanRet": 0.9754750037193298,
        "maxRet": 0.9906250238418579,
        "minRet": 0.9581249952316284
    },
    "MiniGrid-DoorKey-8x8-custom-diff1": {
        "meanRet": 0.9599000000953675,
        "maxRet": 0.9900000095367432,
        "minRet": 0.9368749856948853
    },
    "MiniGrid-DoorKey-10x10-custom-diff1": {
        "meanRet": 0.9350999975204468,
        "maxRet": 0.9737499952316284,
        "minRet": 0.8687499761581421
    },
    "MiniGrid-DoorKey-12x12-custom-diff1": {
        "meanRet": 0.883824999332428,
        "maxRet": 0.9587500095367432,
        "minRet": 0.7649999856948853
    }
}