{
    "model": "test12x12_50k_3step_3gen_3curric/epoch_41_curric1_gen2",
    "MiniGrid-DoorKey-6x6-custom-diff0.15": {
        "meanRet": 0.9173076932246869,
        "maxRet": 0.9458333253860474,
        "minRet": 0.8999999761581421
    },
    "MiniGrid-DoorKey-8x8-custom-diff0.15": {
        "meanRet": 0.866506406894097,
        "maxRet": 0.9208333492279053,
        "minRet": 0.824999988079071
    },
    "MiniGrid-DoorKey-10x10-custom-diff0.15": {
        "meanRet": 0.7918269267449012,
        "maxRet": 0.925000011920929,
        "minRet": 0.6583333611488342
    },
    "MiniGrid-DoorKey-12x12-custom-diff0.15": {
        "meanRet": 0.6766666698455811,
        "maxRet": 0.8166666626930237,
        "minRet": 0.5041666626930237
    }
}