{
    "model": "test12x12_75k_3step_3gen_3curric/epoch_1_curric1_gen2",
    "MiniGrid-DoorKey-6x6-custom-diff1.0": {
        "meanRet": 0.8391000008583069,
        "maxRet": 0.9750000238418579,
        "minRet": 0.6775000095367432
    },
    "MiniGrid-DoorKey-8x8-custom-diff1.0": {
        "meanRet": 0.6706000018119812,
        "maxRet": 0.9353125095367432,
        "minRet": 0.30250000953674316
    },
    "MiniGrid-DoorKey-10x10-custom-diff1.0": {
        "meanRet": 0.625239999294281,
        "maxRet": 0.9729999899864197,
        "minRet": 0.17739999294281006
    },
    "MiniGrid-DoorKey-12x12-custom-diff1.0": {
        "meanRet": 0.19918750017881393,
        "maxRet": 0.8981249928474426,
        "minRet": 0.0
    }
}