{
    "model": "test12x12_100k_4step_3gen_3curric/epoch_13_curric2_gen2",
    "MiniGrid-DoorKey-6x6-custom-diff0.5844064999999999": {
        "meanRet": 0.7307063031196595,
        "maxRet": 0.9561236500740051,
        "minRet": 0.36432817578315735
    },
    "MiniGrid-DoorKey-8x8-custom-diff0.5844064999999999": {
        "meanRet": 0.06728142074176244,
        "maxRet": 0.6832342743873596,
        "minRet": 0.0
    },
    "MiniGrid-DoorKey-10x10-custom-diff0.5844064999999999": {
        "meanRet": 0.03761890592674414,
        "maxRet": 0.7356718182563782,
        "minRet": 0.0
    },
    "MiniGrid-DoorKey-12x12-custom-diff0.5844064999999999": {
        "meanRet": 0.0,
        "maxRet": 0.0,
        "minRet": 0.0
    }
}