{
    "model": "test12x12_25k_3step_3gen_3curric/epoch_16_curric2_gen2",
    "MiniGrid-DoorKey-6x6-custom-diff1": {
        "meanRet": 0.9885500025749206,
        "maxRet": 0.9925000071525574,
        "minRet": 0.9850000143051147
    },
    "MiniGrid-DoorKey-8x8-custom-diff1": {
        "meanRet": 0.9806250035762787,
        "maxRet": 0.9906250238418579,
        "minRet": 0.971875011920929
    },
    "MiniGrid-DoorKey-10x10-custom-diff1": {
        "meanRet": 0.9703749966621399,
        "maxRet": 0.9831249713897705,
        "minRet": 0.9587500095367432
    },
    "MiniGrid-DoorKey-12x12-custom-diff1": {
        "meanRet": 0.9464999985694885,
        "maxRet": 0.9693750143051147,
        "minRet": 0.925000011920929
    }
}