{
    "model": "test12x12_150k_3step_3gen_3curric/epoch_3_curric1_gen2",
    "MiniGrid-DoorKey-6x6-custom-diff1": {
        "meanRet": 0.9865500020980835,
        "maxRet": 0.9925000071525574,
        "minRet": 0.9825000166893005
    },
    "MiniGrid-DoorKey-8x8-custom-diff1": {
        "meanRet": 0.9790277768064428,
        "maxRet": 0.9906250238418579,
        "minRet": 0.9681249856948853
    },
    "MiniGrid-DoorKey-10x10-custom-diff1": {
        "meanRet": 0.968549997806549,
        "maxRet": 0.9887499809265137,
        "minRet": 0.949999988079071
    },
    "MiniGrid-DoorKey-12x12-custom-diff1": {
        "meanRet": 0.951474997997284,
        "maxRet": 0.971875011920929,
        "minRet": 0.9212499856948853
    }
}