{
    "model": "test12x12_100k_3step_3gen_3curric/epoch_23_curric0_gen2",
    "MiniGrid-DoorKey-6x6-custom-diff0.15": {
        "meanRet": 0.9140000009536743,
        "maxRet": 0.9541666507720947,
        "minRet": 0.8833333253860474
    },
    "MiniGrid-DoorKey-8x8-custom-diff0.15": {
        "meanRet": 0.8445000052452087,
        "maxRet": 0.9208333492279053,
        "minRet": 0.7708333134651184
    },
    "MiniGrid-DoorKey-10x10-custom-diff0.15": {
        "meanRet": 0.8059999966621398,
        "maxRet": 0.9083333611488342,
        "minRet": 0.699999988079071
    },
    "MiniGrid-DoorKey-12x12-custom-diff0.15": {
        "meanRet": 0.6193333375453949,
        "maxRet": 0.862500011920929,
        "minRet": 0.36666667461395264
    }
}