{
    "model": "test12x12_50k_3step_3gen_3curric/epoch_25_curric2_gen1",
    "MiniGrid-DoorKey-6x6-custom-diff0.6260602224432589": {
        "meanRet": 0.9799822378158569,
        "maxRet": 0.9850166440010071,
        "minRet": 0.9750277400016785
    },
    "MiniGrid-DoorKey-8x8-custom-diff0.6260602224432589": {
        "meanRet": 0.9700732612609864,
        "maxRet": 0.9810211062431335,
        "minRet": 0.9630410671234131
    },
    "MiniGrid-DoorKey-10x10-custom-diff0.6260602224432589": {
        "meanRet": 0.96268146276474,
        "maxRet": 0.9810211062431335,
        "minRet": 0.9480577111244202
    },
    "MiniGrid-DoorKey-12x12-custom-diff0.6260602224432589": {
        "meanRet": 0.9447813582420349,
        "maxRet": 0.9660377502441406,
        "minRet": 0.9220865964889526
    }
}