{
    "model": "Rhea_Fr2\\epoch_4_curric2_gen3",
    "MiniGrid-DoorKey-5x5-custom-diff1": {
        "meanRet": 0.8801125654807458,
        "maxRet": 0.9012194871902466,
        "minRet": 0.8682926893234253
    },
    "MiniGrid-DoorKey-6x6-custom-diff1": {
        "meanRet": 0.9003055691719055,
        "maxRet": 0.916806697845459,
        "minRet": 0.8865545988082886
    },
    "MiniGrid-DoorKey-8x8-custom-diff1": {
        "meanRet": 0.8976303393190558,
        "maxRet": 0.9360189437866211,
        "minRet": 0.8763033151626587
    },
    "MiniGrid-DoorKey-16x16-custom-diff1": {
        "meanRet": 0.8242603480815888,
        "maxRet": 0.9158579707145691,
        "minRet": 0.7071005702018738
    }
}