{
    "model": "test12x12_75k_3step_3gen_3curric/epoch_13_curric1_gen2",
    "MiniGrid-DoorKey-6x6-custom-diff0.8315023600555896": {
        "meanRet": 0.9859092191413596,
        "maxRet": 0.9909774661064148,
        "minRet": 0.981203019618988
    },
    "MiniGrid-DoorKey-8x8-custom-diff0.8315023600555896": {
        "meanRet": 0.9780751872062683,
        "maxRet": 0.9879699349403381,
        "minRet": 0.9706767201423645
    },
    "MiniGrid-DoorKey-10x10-custom-diff0.8315023600555896": {
        "meanRet": 0.9695939826965332,
        "maxRet": 0.9872180223464966,
        "minRet": 0.9593985080718994
    },
    "MiniGrid-DoorKey-12x12-custom-diff0.8315023600555896": {
        "meanRet": 0.9427368426322937,
        "maxRet": 0.9781954884529114,
        "minRet": 0.9172932505607605
    }
}