{
    "model": "test12x12_50k_3step_3gen_3curric/epoch_18_curric2_gen3",
    "MiniGrid-DoorKey-6x6-custom-diff0.8010602224432588": {
        "meanRet": 0.9846383309364319,
        "maxRet": 0.9906331300735474,
        "minRet": 0.9797050952911377
    },
    "MiniGrid-DoorKey-8x8-custom-diff0.8010602224432588": {
        "meanRet": 0.9753819451882288,
        "maxRet": 0.9867302775382996,
        "minRet": 0.9672159552574158
    },
    "MiniGrid-DoorKey-10x10-custom-diff0.8010602224432588": {
        "meanRet": 0.9616582870483399,
        "maxRet": 0.9867302775382996,
        "minRet": 0.9414570927619934
    },
    "MiniGrid-DoorKey-12x12-custom-diff0.8010602224432588": {
        "meanRet": 0.9386782264709472,
        "maxRet": 0.9750216603279114,
        "minRet": 0.9071118831634521
    }
}