{
    "model": "test12x12_150k_3step_3gen_3curric/epoch_20_curric0_gen3",
    "MiniGrid-DoorKey-6x6-custom-diff0.15": {
        "meanRet": 0.9035493819801895,
        "maxRet": 0.9416666626930237,
        "minRet": 0.8666666746139526
    },
    "MiniGrid-DoorKey-8x8-custom-diff0.15": {
        "meanRet": 0.8693333315849304,
        "maxRet": 0.9291666746139526,
        "minRet": 0.8166666626930237
    },
    "MiniGrid-DoorKey-10x10-custom-diff0.15": {
        "meanRet": 0.8236666631698608,
        "maxRet": 0.8958333134651184,
        "minRet": 0.7333333492279053
    },
    "MiniGrid-DoorKey-12x12-custom-diff0.15": {
        "meanRet": 0.7086666691303253,
        "maxRet": 0.9166666865348816,
        "minRet": 0.4791666567325592
    }
}