{
    "model": "test12x12_100k_3step_3gen_3curric/epoch_29_curric2_gen3",
    "MiniGrid-DoorKey-6x6-custom-diff0.15": {
        "meanRet": 0.9168269198674422,
        "maxRet": 0.9541666507720947,
        "minRet": 0.8958333134651184
    },
    "MiniGrid-DoorKey-8x8-custom-diff0.15": {
        "meanRet": 0.8694444431198968,
        "maxRet": 0.9208333492279053,
        "minRet": 0.8166666626930237
    },
    "MiniGrid-DoorKey-10x10-custom-diff0.15": {
        "meanRet": 0.8115000009536744,
        "maxRet": 0.9041666388511658,
        "minRet": 0.7250000238418579
    },
    "MiniGrid-DoorKey-12x12-custom-diff0.15": {
        "meanRet": 0.7078333353996277,
        "maxRet": 0.8708333373069763,
        "minRet": 0.5375000238418579
    }
}