{
    "model": "test12x12_100k_4step_3gen_3curric/epoch_14_curric0_gen1",
    "MiniGrid-DoorKey-6x6-custom-diff0.533207": {
        "meanRet": 0.9676140856742859,
        "maxRet": 0.9882659912109375,
        "minRet": 0.9483702778816223
    },
    "MiniGrid-DoorKey-8x8-custom-diff0.533207": {
        "meanRet": 0.9445684456825256,
        "maxRet": 0.9730117321014404,
        "minRet": 0.9166883826255798
    },
    "MiniGrid-DoorKey-10x10-custom-diff0.533207": {
        "meanRet": 0.8969752264022827,
        "maxRet": 0.9777053594589233,
        "minRet": 0.8192959427833557
    },
    "MiniGrid-DoorKey-12x12-custom-diff0.533207": {
        "meanRet": 0.7835775709152222,
        "maxRet": 0.8943937420845032,
        "minRet": 0.6151238679885864
    }
}