{
    "model": "test12x12_50k_3step_3gen_3curric/epoch_43_curric2_gen3",
    "MiniGrid-DoorKey-6x6-custom-diff0.15": {
        "meanRet": 0.9267628307525928,
        "maxRet": 0.949999988079071,
        "minRet": 0.9083333611488342
    },
    "MiniGrid-DoorKey-8x8-custom-diff0.15": {
        "meanRet": 0.8850000023841857,
        "maxRet": 0.9375,
        "minRet": 0.8500000238418579
    },
    "MiniGrid-DoorKey-10x10-custom-diff0.15": {
        "meanRet": 0.8303333330154419,
        "maxRet": 0.9458333253860474,
        "minRet": 0.75
    },
    "MiniGrid-DoorKey-12x12-custom-diff0.15": {
        "meanRet": 0.7206666660308838,
        "maxRet": 0.8458333611488342,
        "minRet": 0.6041666865348816
    }
}