{
    "model": "MI_RHEA_PARA_ENV_2_first\\epoch_10_curric1_gen1",
    "MiniGrid-DoorKey-5x5-custom-diff1": {
        "meanRet": 0.8702882528305054,
        "maxRet": 0.9012194871902466,
        "minRet": 0.8463414907455444
    },
    "MiniGrid-DoorKey-6x6-custom-diff1": {
        "meanRet": 0.8836457545940692,
        "maxRet": 0.9092437028884888,
        "minRet": 0.8714285492897034
    },
    "MiniGrid-DoorKey-8x8-custom-diff1": {
        "meanRet": 0.8946445465087891,
        "maxRet": 0.9317535758018494,
        "minRet": 0.8763033151626587
    },
    "MiniGrid-DoorKey-16x16-custom-diff1": {
        "meanRet": 0.8607928931713105,
        "maxRet": 0.9478106498718262,
        "minRet": 0.7720710039138794
    }
}