{
    "model": "test12x12_50k_3step_3gen_3curric/epoch_22_curric2_gen2",
    "MiniGrid-DoorKey-6x6-custom-diff0.7010602224432589": {
        "meanRet": 0.9825569943145469,
        "maxRet": 0.9892963171005249,
        "minRet": 0.9785926938056946
    },
    "MiniGrid-DoorKey-8x8-custom-diff0.7010602224432589": {
        "meanRet": 0.9722774982452392,
        "maxRet": 0.9848364591598511,
        "minRet": 0.9652130603790283
    },
    "MiniGrid-DoorKey-10x10-custom-diff0.7010602224432589": {
        "meanRet": 0.9565787935256957,
        "maxRet": 0.981268584728241,
        "minRet": 0.935778021812439
    },
    "MiniGrid-DoorKey-12x12-custom-diff0.7010602224432589": {
        "meanRet": 0.9216134810447693,
        "maxRet": 0.9652130603790283,
        "minRet": 0.883151650428772
    }
}