{
    "model": "test12x12_100k_4step_3gen_3curric/epoch_11_curric2_gen2",
    "MiniGrid-DoorKey-6x6-custom-diff0.6868055": {
        "meanRet": 0.9809433197975159,
        "maxRet": 0.9908906817436218,
        "minRet": 0.9726720452308655
    },
    "MiniGrid-DoorKey-8x8-custom-diff0.6868055": {
        "meanRet": 0.9630161952972413,
        "maxRet": 0.982692301273346,
        "minRet": 0.9489878416061401
    },
    "MiniGrid-DoorKey-10x10-custom-diff0.6868055": {
        "meanRet": 0.9458178162574769,
        "maxRet": 0.9763157963752747,
        "minRet": 0.9161943197250366
    },
    "MiniGrid-DoorKey-12x12-custom-diff0.6868055": {
        "meanRet": 0.9177611351013184,
        "maxRet": 0.9744939208030701,
        "minRet": 0.8697368502616882
    }
}