{
    "model": "test12x12_100k_3step_3gen_3curric/epoch_9_curric1_gen3",
    "MiniGrid-DoorKey-6x6-custom-diff0.9220715046045371": {
        "meanRet": 0.9842965671649346,
        "maxRet": 0.9911831021308899,
        "minRet": 0.9755840301513672
    },
    "MiniGrid-DoorKey-8x8-custom-diff0.9220715046045371": {
        "meanRet": 0.975990960597992,
        "maxRet": 0.98643559217453,
        "minRet": 0.9660889506340027
    },
    "MiniGrid-DoorKey-10x10-custom-diff0.9220715046045371": {
        "meanRet": 0.9673639845848083,
        "maxRet": 0.9871137738227844,
        "minRet": 0.9423511624336243
    },
    "MiniGrid-DoorKey-12x12-custom-diff0.9220715046045371": {
        "meanRet": 0.9452810835838318,
        "maxRet": 0.9776186943054199,
        "minRet": 0.9091182947158813
    }
}