{
    "model": "test12x12_75k_3step_3gen_3curric/epoch_1_curric0_gen3",
    "MiniGrid-DoorKey-6x6-custom-diff1.0": {
        "meanRet": 0.11062500067055225,
        "maxRet": 0.9075000286102295,
        "minRet": 0.0
    },
    "MiniGrid-DoorKey-8x8-custom-diff1.0": {
        "meanRet": 0.031686198276778064,
        "maxRet": 0.5204687714576721,
        "minRet": 0.0
    },
    "MiniGrid-DoorKey-10x10-custom-diff1.0": {
        "meanRet": 0.03418750005463759,
        "maxRet": 0.738099992275238,
        "minRet": 0.0
    },
    "MiniGrid-DoorKey-12x12-custom-diff1.0": {
        "meanRet": 0.0,
        "maxRet": 0.0,
        "minRet": 0.0
    }
}