{
    "model": "SoRRH_2\\epoch_5_curric0",
    "MiniGrid-DoorKey-5x5-custom-diff0": {
        "meanRet": 0.9553599834442139,
        "maxRet": 0.9675999879837036,
        "minRet": 0.9495999813079834
    },
    "MiniGrid-DoorKey-6x6-custom-diff0": {
        "meanRet": 0.9581818038767035,
        "maxRet": 0.9700000286102295,
        "minRet": 0.949999988079071
    },
    "MiniGrid-DoorKey-8x8-custom-diff0": {
        "meanRet": 0.9607656180858613,
        "maxRet": 0.9746875166893005,
        "minRet": 0.9493749737739563
    },
    "MiniGrid-DoorKey-16x16-custom-diff0": {
        "meanRet": 0.890066397190094,
        "maxRet": 0.9634374976158142,
        "minRet": 0.8291406035423279
    }
}