{
    "model": "test12x12_100k_3step_3gen_3curric/epoch_9_curric1_gen1",
    "MiniGrid-DoorKey-6x6-custom-diff0.9220715046045371": {
        "meanRet": 0.9853504228591919,
        "maxRet": 0.9925395846366882,
        "minRet": 0.9762622714042664
    },
    "MiniGrid-DoorKey-8x8-custom-diff0.9220715046045371": {
        "meanRet": 0.9757739329338073,
        "maxRet": 0.9850791096687317,
        "minRet": 0.9667671322822571
    },
    "MiniGrid-DoorKey-10x10-custom-diff0.9220715046045371": {
        "meanRet": 0.9690188455581665,
        "maxRet": 0.9877920150756836,
        "minRet": 0.9504898190498352
    },
    "MiniGrid-DoorKey-12x12-custom-diff0.9220715046045371": {
        "meanRet": 0.9481567430496216,
        "maxRet": 0.9803315997123718,
        "minRet": 0.9118312001228333
    }
}