{
    "model": "test12x12_75k_3step_3gen_3curric/epoch_16_curric1_gen3",
    "MiniGrid-DoorKey-6x6-custom-diff0.7565023600555896": {
        "meanRet": 0.9834098573084231,
        "maxRet": 0.9892562031745911,
        "minRet": 0.9776859283447266
    },
    "MiniGrid-DoorKey-8x8-custom-diff0.7565023600555896": {
        "meanRet": 0.9749421453475953,
        "maxRet": 0.9884297251701355,
        "minRet": 0.9644628167152405
    },
    "MiniGrid-DoorKey-10x10-custom-diff0.7565023600555896": {
        "meanRet": 0.9638347148895263,
        "maxRet": 0.9851239919662476,
        "minRet": 0.9429752230644226
    },
    "MiniGrid-DoorKey-12x12-custom-diff0.7565023600555896": {
        "meanRet": 0.9329256200790406,
        "maxRet": 0.9661157131195068,
        "minRet": 0.8991735577583313
    }
}