{
    "model": "test12x12_100k_3step_3gen_3curric/epoch_38_curric2_gen3",
    "MiniGrid-DoorKey-6x6-custom-diff0.15": {
        "meanRet": 0.9121913534623606,
        "maxRet": 0.9541666507720947,
        "minRet": 0.887499988079071
    },
    "MiniGrid-DoorKey-8x8-custom-diff0.15": {
        "meanRet": 0.8657051233144907,
        "maxRet": 0.925000011920929,
        "minRet": 0.7916666865348816
    },
    "MiniGrid-DoorKey-10x10-custom-diff0.15": {
        "meanRet": 0.8190000033378602,
        "maxRet": 0.9375,
        "minRet": 0.7166666388511658
    },
    "MiniGrid-DoorKey-12x12-custom-diff0.15": {
        "meanRet": 0.6678333389759064,
        "maxRet": 0.8791666626930237,
        "minRet": 0.4416666626930237
    }
}