{
    "model": "test12x12_25k_3step_3gen_3curric/epoch_14_curric0_gen2",
    "MiniGrid-DoorKey-6x6-custom-diff1": {
        "meanRet": 0.9880324116459599,
        "maxRet": 0.9925000071525574,
        "minRet": 0.9850000143051147
    },
    "MiniGrid-DoorKey-8x8-custom-diff1": {
        "meanRet": 0.9820249962806702,
        "maxRet": 0.9912499785423279,
        "minRet": 0.9750000238418579
    },
    "MiniGrid-DoorKey-10x10-custom-diff1": {
        "meanRet": 0.9750249958038331,
        "maxRet": 0.9862499833106995,
        "minRet": 0.9649999737739563
    },
    "MiniGrid-DoorKey-12x12-custom-diff1": {
        "meanRet": 0.9585096148344187,
        "maxRet": 0.984375,
        "minRet": 0.9318749904632568
    }
}