{
    "model": "test12x12_25k_3step_3gen_3curric/epoch_30_curric1_gen3",
    "MiniGrid-DoorKey-6x6-custom-diff0.6819142875744653": {
        "meanRet": 0.9815779781341553,
        "maxRet": 0.9908257126808167,
        "minRet": 0.9761468172073364
    },
    "MiniGrid-DoorKey-8x8-custom-diff0.6819142875744653": {
        "meanRet": 0.9686238431930542,
        "maxRet": 0.9788990616798401,
        "minRet": 0.963302731513977
    },
    "MiniGrid-DoorKey-10x10-custom-diff0.6819142875744653": {
        "meanRet": 0.9499816536903382,
        "maxRet": 0.9834862351417542,
        "minRet": 0.9284403920173645
    },
    "MiniGrid-DoorKey-12x12-custom-diff0.6819142875744653": {
        "meanRet": 0.9287226566901574,
        "maxRet": 0.9724770784378052,
        "minRet": 0.8816514015197754
    }
}