{
    "model": "test12x12_25k_3step_3gen_3curric/epoch_36_curric1_gen3",
    "MiniGrid-DoorKey-6x6-custom-diff0.5319142875744653": {
        "meanRet": 0.9765610786584707,
        "maxRet": 0.9847058653831482,
        "minRet": 0.970588207244873
    },
    "MiniGrid-DoorKey-8x8-custom-diff0.5319142875744653": {
        "meanRet": 0.9631529402732849,
        "maxRet": 0.9788235425949097,
        "minRet": 0.9505882263183594
    },
    "MiniGrid-DoorKey-10x10-custom-diff0.5319142875744653": {
        "meanRet": 0.9404524908615992,
        "maxRet": 0.9670588374137878,
        "minRet": 0.9211764931678772
    },
    "MiniGrid-DoorKey-12x12-custom-diff0.5319142875744653": {
        "meanRet": 0.9173303131873791,
        "maxRet": 0.9494117498397827,
        "minRet": 0.8741176724433899
    }
}