{
    "model": "test12x12_100k_3step_4gen_3curric/epoch_15_curric1_gen4",
    "MiniGrid-DoorKey-6x6-custom-diff0.76967792277423": {
        "meanRet": 0.9839732027970828,
        "maxRet": 0.9902527332305908,
        "minRet": 0.9796931147575378
    },
    "MiniGrid-DoorKey-8x8-custom-diff0.76967792277423": {
        "meanRet": 0.9782635402679444,
        "maxRet": 0.9853790402412415,
        "minRet": 0.97319495677948
    },
    "MiniGrid-DoorKey-10x10-custom-diff0.76967792277423": {
        "meanRet": 0.9685619716291074,
        "maxRet": 0.9886281490325928,
        "minRet": 0.9569494724273682
    },
    "MiniGrid-DoorKey-12x12-custom-diff0.76967792277423": {
        "meanRet": 0.949963903427124,
        "maxRet": 0.9780685901641846,
        "minRet": 0.9220216870307922
    }
}