{
    "model": "test12x12_50k_3step_3gen_3curric/epoch_10_curric1_gen1",
    "MiniGrid-DoorKey-6x6-custom-diff1": {
        "meanRet": 0.9873250055313111,
        "maxRet": 0.9925000071525574,
        "minRet": 0.9837499856948853
    },
    "MiniGrid-DoorKey-8x8-custom-diff1": {
        "meanRet": 0.9800201577524985,
        "maxRet": 0.9893749952316284,
        "minRet": 0.9737499952316284
    },
    "MiniGrid-DoorKey-10x10-custom-diff1": {
        "meanRet": 0.9723842607604133,
        "maxRet": 0.984375,
        "minRet": 0.9649999737739563
    },
    "MiniGrid-DoorKey-12x12-custom-diff1": {
        "meanRet": 0.9511749982833863,
        "maxRet": 0.9768750071525574,
        "minRet": 0.9212499856948853
    }
}