{
    "model": "test12x12_50k_3step_3gen_3curric/epoch_46_curric1_gen2",
    "MiniGrid-DoorKey-6x6-custom-diff0.15": {
        "meanRet": 0.9160256385803223,
        "maxRet": 0.949999988079071,
        "minRet": 0.8916666507720947
    },
    "MiniGrid-DoorKey-8x8-custom-diff0.15": {
        "meanRet": 0.8666666657836349,
        "maxRet": 0.925000011920929,
        "minRet": 0.824999988079071
    },
    "MiniGrid-DoorKey-10x10-custom-diff0.15": {
        "meanRet": 0.7851666688919068,
        "maxRet": 0.9333333373069763,
        "minRet": 0.6875
    },
    "MiniGrid-DoorKey-12x12-custom-diff0.15": {
        "meanRet": 0.6670000004768372,
        "maxRet": 0.8125,
        "minRet": 0.5375000238418579
    }
}