{
    "model": "test12x12_25k_3step_3gen_3curric/epoch_27_curric1_gen1",
    "MiniGrid-DoorKey-6x6-custom-diff0.7569142875744653": {
        "meanRet": 0.9838843026331493,
        "maxRet": 0.9900826215744019,
        "minRet": 0.9793388247489929
    },
    "MiniGrid-DoorKey-8x8-custom-diff0.7569142875744653": {
        "meanRet": 0.9775149596148524,
        "maxRet": 0.9876033067703247,
        "minRet": 0.9735537171363831
    },
    "MiniGrid-DoorKey-10x10-custom-diff0.7569142875744653": {
        "meanRet": 0.9667832117814285,
        "maxRet": 0.9785124063491821,
        "minRet": 0.9545454382896423
    },
    "MiniGrid-DoorKey-12x12-custom-diff0.7569142875744653": {
        "meanRet": 0.9450247859954835,
        "maxRet": 0.9702479243278503,
        "minRet": 0.9231404662132263
    }
}