{
    "model": "test12x12_50k_3step_3gen_3curric/epoch_19_curric2_gen2",
    "MiniGrid-DoorKey-6x6-custom-diff0.7760602224432589": {
        "meanRet": 0.98382093667984,
        "maxRet": 0.99033123254776,
        "minRet": 0.9790510535240173
    },
    "MiniGrid-DoorKey-8x8-custom-diff0.7760602224432589": {
        "meanRet": 0.9771606647051297,
        "maxRet": 0.9863026142120361,
        "minRet": 0.9709937572479248
    },
    "MiniGrid-DoorKey-10x10-custom-diff0.7760602224432589": {
        "meanRet": 0.969027750492096,
        "maxRet": 0.9822739362716675,
        "minRet": 0.9556848406791687
    },
    "MiniGrid-DoorKey-12x12-custom-diff0.7760602224432589": {
        "meanRet": 0.9472408199310303,
        "maxRet": 0.9734109044075012,
        "minRet": 0.9274843335151672
    }
}