{
    "model": "test12x12_100k_3step_3gen_3curric/epoch_21_curric0_gen1",
    "MiniGrid-DoorKey-6x6-custom-diff0.6220715046045372": {
        "meanRet": 0.9758257007598877,
        "maxRet": 0.9849162101745605,
        "minRet": 0.9678212404251099
    },
    "MiniGrid-DoorKey-8x8-custom-diff0.6220715046045372": {
        "meanRet": 0.9644826817512512,
        "maxRet": 0.9849162101745605,
        "minRet": 0.9517318606376648
    },
    "MiniGrid-DoorKey-10x10-custom-diff0.6220715046045372": {
        "meanRet": 0.9503008127212524,
        "maxRet": 0.9768714904785156,
        "minRet": 0.9195531010627747
    },
    "MiniGrid-DoorKey-12x12-custom-diff0.6220715046045372": {
        "meanRet": 0.9027396678924561,
        "maxRet": 0.9678212404251099,
        "minRet": 0.8451396822929382
    }
}