{
    "model": "test12x12_50k_3step_3gen_3curric/epoch_7_curric0_gen3",
    "MiniGrid-DoorKey-6x6-custom-diff1": {
        "meanRet": 0.9881500077247619,
        "maxRet": 0.9925000071525574,
        "minRet": 0.9856250286102295
    },
    "MiniGrid-DoorKey-8x8-custom-diff1": {
        "meanRet": 0.979699068599277,
        "maxRet": 0.9900000095367432,
        "minRet": 0.9731249809265137
    },
    "MiniGrid-DoorKey-10x10-custom-diff1": {
        "meanRet": 0.9722596108913422,
        "maxRet": 0.9831249713897705,
        "minRet": 0.9587500095367432
    },
    "MiniGrid-DoorKey-12x12-custom-diff1": {
        "meanRet": 0.9568509597044724,
        "maxRet": 0.9818750023841858,
        "minRet": 0.9362499713897705
    }
}