{
    "model": "Rhea_Fr2\\epoch_2_curric1_gen2",
    "MiniGrid-DoorKey-5x5-custom-diff1": {
        "meanRet": 0.8737804889678955,
        "maxRet": 0.9012194871902466,
        "minRet": 0.8573170900344849
    },
    "MiniGrid-DoorKey-6x6-custom-diff1": {
        "meanRet": 0.885042005777359,
        "maxRet": 0.916806697845459,
        "minRet": 0.8563024997711182
    },
    "MiniGrid-DoorKey-8x8-custom-diff1": {
        "meanRet": 0.8737440764904022,
        "maxRet": 0.9061611294746399,
        "minRet": 0.8464455008506775
    },
    "MiniGrid-DoorKey-16x16-custom-diff1": {
        "meanRet": 0.7269112527370453,
        "maxRet": 0.8892307877540588,
        "minRet": 0.5750296115875244
    }
}