{
    "model": "new_25k_7step_4gen_3curric/epoch_6_curric2_gen3",
    "MiniGrid-DoorKey-6x6-custom-diff1": {
        "meanRet": 0.9377749919891357,
        "maxRet": 0.9831249713897705,
        "minRet": 0.8768749833106995
    },
    "MiniGrid-DoorKey-8x8-custom-diff1": {
        "meanRet": 0.6859500098228455,
        "maxRet": 0.9506250023841858,
        "minRet": 0.26625001430511475
    },
    "MiniGrid-DoorKey-10x10-custom-diff1": {
        "meanRet": 0.08811197988688946,
        "maxRet": 0.8737499713897705,
        "minRet": 0.0
    },
    "MiniGrid-DoorKey-12x12-custom-diff1": {
        "meanRet": 0.04731770853201548,
        "maxRet": 0.7074999809265137,
        "minRet": 0.0
    }
}