{
    "model": "Rhea_Fr2\\epoch_2_curric3_gen4",
    "MiniGrid-DoorKey-5x5-custom-diff1": {
        "meanRet": 0.886951208114624,
        "maxRet": 0.9012194871902466,
        "minRet": 0.8682926893234253
    },
    "MiniGrid-DoorKey-6x6-custom-diff1": {
        "meanRet": 0.8926050305366516,
        "maxRet": 0.916806697845459,
        "minRet": 0.8714285492897034
    },
    "MiniGrid-DoorKey-8x8-custom-diff1": {
        "meanRet": 0.8626540303230286,
        "maxRet": 0.9146919250488281,
        "minRet": 0.8165876865386963
    },
    "MiniGrid-DoorKey-16x16-custom-diff1": {
        "meanRet": 0.7690887570381164,
        "maxRet": 0.9435502886772156,
        "minRet": 0.6730177402496338
    }
}