{
    "model": "test12x12_100k_3step_3gen_3curric/epoch_20_curric2_gen1",
    "MiniGrid-DoorKey-6x6-custom-diff0.6470715046045372": {
        "meanRet": 0.9791415310823001,
        "maxRet": 0.9874328970909119,
        "minRet": 0.9690655469894409
    },
    "MiniGrid-DoorKey-8x8-custom-diff0.6470715046045372": {
        "meanRet": 0.9679054808616638,
        "maxRet": 0.981632649898529,
        "minRet": 0.9535982608795166
    },
    "MiniGrid-DoorKey-10x10-custom-diff0.6470715046045372": {
        "meanRet": 0.95924382686615,
        "maxRet": 0.9864661693572998,
        "minRet": 0.931364119052887
    },
    "MiniGrid-DoorKey-12x12-custom-diff0.6470715046045372": {
        "meanRet": 0.9274973106384278,
        "maxRet": 0.9584317803382874,
        "minRet": 0.8897958993911743
    }
}