{
    "model": "test12x12_75k_3step_3gen_3curric/epoch_43_curric2_gen1",
    "MiniGrid-DoorKey-6x6-custom-diff0.15": {
        "meanRet": 0.915544874393023,
        "maxRet": 0.9458333253860474,
        "minRet": 0.8916666507720947
    },
    "MiniGrid-DoorKey-8x8-custom-diff0.15": {
        "meanRet": 0.8701666569709778,
        "maxRet": 0.9291666746139526,
        "minRet": 0.824999988079071
    },
    "MiniGrid-DoorKey-10x10-custom-diff0.15": {
        "meanRet": 0.7925000071525574,
        "maxRet": 0.9333333373069763,
        "minRet": 0.6958333253860474
    },
    "MiniGrid-DoorKey-12x12-custom-diff0.15": {
        "meanRet": 0.6804487200883719,
        "maxRet": 0.8500000238418579,
        "minRet": 0.4333333373069763
    }
}