{
    "model": "test12x12_100k_4step_3gen_3curric/epoch_1_curric1_gen3",
    "MiniGrid-DoorKey-6x6-custom-diff1.0": {
        "meanRet": 0.9472999930381775,
        "maxRet": 0.9700000286102295,
        "minRet": 0.9150000214576721
    },
    "MiniGrid-DoorKey-8x8-custom-diff1.0": {
        "meanRet": 0.9451000022888184,
        "maxRet": 0.971875011920929,
        "minRet": 0.9268749952316284
    },
    "MiniGrid-DoorKey-10x10-custom-diff1.0": {
        "meanRet": 0.9455319952964782,
        "maxRet": 0.9711999893188477,
        "minRet": 0.9090999960899353
    },
    "MiniGrid-DoorKey-12x12-custom-diff1.0": {
        "meanRet": 0.9322500038146972,
        "maxRet": 0.981249988079071,
        "minRet": 0.8962500095367432
    }
}