{
    "model": "test12x12_100k_4step_3gen_3curric/epoch_13_curric1_gen2",
    "MiniGrid-DoorKey-6x6-custom-diff0.5844064999999999": {
        "meanRet": 0.9793674111366272,
        "maxRet": 0.9871581196784973,
        "minRet": 0.9689655303955078
    },
    "MiniGrid-DoorKey-8x8-custom-diff0.5844064999999999": {
        "meanRet": 0.9545184259231274,
        "maxRet": 0.9764565825462341,
        "minRet": 0.9218786954879761
    },
    "MiniGrid-DoorKey-10x10-custom-diff0.5844064999999999": {
        "meanRet": 0.9025731301307678,
        "maxRet": 0.9721759557723999,
        "minRet": 0.846967875957489
    },
    "MiniGrid-DoorKey-12x12-custom-diff0.5844064999999999": {
        "meanRet": 0.8454696798324585,
        "maxRet": 0.959334135055542,
        "minRet": 0.6511296033859253
    }
}