{
    "model": "test12x12_100k_3step_4gen_3curric/epoch_16_curric1_gen3",
    "MiniGrid-DoorKey-6x6-custom-diff0.74467792277423": {
        "meanRet": 0.9843714053814228,
        "maxRet": 0.9899253845214844,
        "minRet": 0.9806903004646301
    },
    "MiniGrid-DoorKey-8x8-custom-diff0.74467792277423": {
        "meanRet": 0.9744403031137254,
        "maxRet": 0.9848880767822266,
        "minRet": 0.9647387862205505
    },
    "MiniGrid-DoorKey-10x10-custom-diff0.74467792277423": {
        "meanRet": 0.96625,
        "maxRet": 0.9823694229125977,
        "minRet": 0.9529850482940674
    },
    "MiniGrid-DoorKey-12x12-custom-diff0.74467792277423": {
        "meanRet": 0.9418694043159485,
        "maxRet": 0.9731343388557434,
        "minRet": 0.9143656492233276
    }
}