{
    "model": "SO_RHEA_2PARA_5GEN_14May\\epoch_3_curric1_gen4",
    "MiniGrid-DoorKey-5x5-custom-diff2": {
        "meanRet": 0.6721428573131562,
        "maxRet": 0.7107142806053162,
        "minRet": 0.6464285850524902
    },
    "MiniGrid-DoorKey-6x6-custom-diff2": {
        "meanRet": 0.6849999964237213,
        "maxRet": 0.7749999761581421,
        "minRet": 0.6175000071525574
    },
    "MiniGrid-DoorKey-8x8-custom-diff2": {
        "meanRet": 0.6837142884731293,
        "maxRet": 0.8071428537368774,
        "minRet": 0.5885714292526245
    },
    "MiniGrid-DoorKey-16x16-custom-diff2": {
        "meanRet": 0.30489361584186553,
        "maxRet": 0.5723404288291931,
        "minRet": 0.1702127605676651
    }
}