{
    "model": "MI_RHEA_PARA_ENV_2_first\\epoch_7_curric0_gen2",
    "MiniGrid-DoorKey-5x5-custom-diff1": {
        "meanRet": 0.8704878032207489,
        "maxRet": 0.9012194871902466,
        "minRet": 0.8353658318519592
    },
    "MiniGrid-DoorKey-6x6-custom-diff1": {
        "meanRet": 0.8707983096440634,
        "maxRet": 0.8941176533699036,
        "minRet": 0.8563024997711182
    },
    "MiniGrid-DoorKey-8x8-custom-diff1": {
        "meanRet": 0.8937914609909058,
        "maxRet": 0.9232227206230164,
        "minRet": 0.8763033151626587
    },
    "MiniGrid-DoorKey-16x16-custom-diff1": {
        "meanRet": 0.8433254420757293,
        "maxRet": 0.9552662968635559,
        "minRet": 0.7294674515724182
    }
}