{
    "model": "Di_Rhea1\\epoch_6_curric0_gen1",
    "MiniGrid-DoorKey-5x5-custom-diff2": {
        "meanRet": 0.5955357154210409,
        "maxRet": 0.7107142806053162,
        "minRet": 0.5178571343421936
    },
    "MiniGrid-DoorKey-6x6-custom-diff2": {
        "meanRet": 0.6782499969005584,
        "maxRet": 0.7524999976158142,
        "minRet": 0.6399999856948853
    },
    "MiniGrid-DoorKey-8x8-custom-diff2": {
        "meanRet": 0.6798571348190308,
        "maxRet": 0.7685714364051819,
        "minRet": 0.6271428465843201
    },
    "MiniGrid-DoorKey-16x16-custom-diff2": {
        "meanRet": 0.07998670265078545,
        "maxRet": 0.6361702084541321,
        "minRet": 0.0
    }
}