{
    "model": "test12x12_25k_3step_3gen_3curric/epoch_37_curric2_gen3",
    "MiniGrid-DoorKey-6x6-custom-diff0.5069142875744653": {
        "meanRet": 0.9766313987118858,
        "maxRet": 0.9839506149291992,
        "minRet": 0.9716049432754517
    },
    "MiniGrid-DoorKey-8x8-custom-diff0.5069142875744653": {
        "meanRet": 0.9652116362537656,
        "maxRet": 0.9827160239219666,
        "minRet": 0.9543209671974182
    },
    "MiniGrid-DoorKey-10x10-custom-diff0.5069142875744653": {
        "meanRet": 0.9550123476982116,
        "maxRet": 0.9728395342826843,
        "minRet": 0.9407407641410828
    },
    "MiniGrid-DoorKey-12x12-custom-diff0.5069142875744653": {
        "meanRet": 0.9343209886550903,
        "maxRet": 0.9641975164413452,
        "minRet": 0.9111111164093018
    }
}