{
    "model": "SO_RHEA_2PARA_5GEN_14May\\epoch_1_curric0_gen3",
    "MiniGrid-DoorKey-5x5-custom-diff0": {
        "meanRet": 0.9567999839782715,
        "maxRet": 0.9675999879837036,
        "minRet": 0.9495999813079834
    },
    "MiniGrid-DoorKey-6x6-custom-diff0": {
        "meanRet": 0.9597499907016754,
        "maxRet": 0.9725000262260437,
        "minRet": 0.9524999856948853
    },
    "MiniGrid-DoorKey-8x8-custom-diff0": {
        "meanRet": 0.9654062509536743,
        "maxRet": 0.9775000214576721,
        "minRet": 0.9549999833106995
    },
    "MiniGrid-DoorKey-16x16-custom-diff0": {
        "meanRet": 0.9628046810626983,
        "maxRet": 0.9810156226158142,
        "minRet": 0.9377734661102295
    }
}