{
    "model": "test12x12_150k_3step_3gen_3curric/epoch_5_curric1_gen2",
    "MiniGrid-DoorKey-6x6-custom-diff0.9813807381558474": {
        "meanRet": 0.9877565458968833,
        "maxRet": 0.993630588054657,
        "minRet": 0.9847133755683899
    },
    "MiniGrid-DoorKey-8x8-custom-diff0.9813807381558474": {
        "meanRet": 0.9796942663192749,
        "maxRet": 0.9866241812705994,
        "minRet": 0.9726114869117737
    },
    "MiniGrid-DoorKey-10x10-custom-diff0.9813807381558474": {
        "meanRet": 0.969273886680603,
        "maxRet": 0.9891719818115234,
        "minRet": 0.95286625623703
    },
    "MiniGrid-DoorKey-12x12-custom-diff0.9813807381558474": {
        "meanRet": 0.9411464977264404,
        "maxRet": 0.9745222926139832,
        "minRet": 0.9127388596534729
    }
}