{
    "model": "test12x12_100k_4step_3gen_3curric/epoch_10_curric1_gen1",
    "MiniGrid-DoorKey-6x6-custom-diff0.8720715046045371": {
        "meanRet": 0.8900780868530274,
        "maxRet": 0.9899601340293884,
        "minRet": 0.7619123458862305
    },
    "MiniGrid-DoorKey-8x8-custom-diff0.8720715046045371": {
        "meanRet": 0.5547187221050263,
        "maxRet": 0.9741832613945007,
        "minRet": 0.1874900460243225
    },
    "MiniGrid-DoorKey-10x10-custom-diff0.8720715046045371": {
        "meanRet": 0.14877144444961937,
        "maxRet": 0.8063744902610779,
        "minRet": 0.0
    },
    "MiniGrid-DoorKey-12x12-custom-diff0.8720715046045371": {
        "meanRet": 0.014183267174909512,
        "maxRet": 0.33163347840309143,
        "minRet": 0.0
    }
}