{
    "model": "SO_RHEA_2PARA_5GEN_14May\\epoch_4_curric1_gen5",
    "MiniGrid-DoorKey-5x5-custom-diff2": {
        "meanRet": 0.6736263678624079,
        "maxRet": 0.7107142806053162,
        "minRet": 0.6464285850524902
    },
    "MiniGrid-DoorKey-6x6-custom-diff2": {
        "meanRet": 0.6832692302190341,
        "maxRet": 0.7749999761581421,
        "minRet": 0.6399999856948853
    },
    "MiniGrid-DoorKey-8x8-custom-diff2": {
        "meanRet": 0.7300000011920929,
        "maxRet": 0.7814285755157471,
        "minRet": 0.6657142639160156
    },
    "MiniGrid-DoorKey-16x16-custom-diff2": {
        "meanRet": 0.6910638332366943,
        "maxRet": 0.8819149136543274,
        "minRet": 0.4478723406791687
    }
}