{
    "model": "test12x12_100k_3step_3gen_3curric/epoch_41_curric1_gen3",
    "MiniGrid-DoorKey-6x6-custom-diff0.15": {
        "meanRet": 0.9124999952316284,
        "maxRet": 0.9541666507720947,
        "minRet": 0.8791666626930237
    },
    "MiniGrid-DoorKey-8x8-custom-diff0.15": {
        "meanRet": 0.8548333334922791,
        "maxRet": 0.9208333492279053,
        "minRet": 0.7916666865348816
    },
    "MiniGrid-DoorKey-10x10-custom-diff0.15": {
        "meanRet": 0.7865000033378601,
        "maxRet": 0.8916666507720947,
        "minRet": 0.637499988079071
    },
    "MiniGrid-DoorKey-12x12-custom-diff0.15": {
        "meanRet": 0.6663333332538605,
        "maxRet": 0.8500000238418579,
        "minRet": 0.4375
    }
}