{
    "model": "test12x12_75k_3step_3gen_3curric/epoch_36_curric0_gen1",
    "MiniGrid-DoorKey-6x6-custom-diff0.15": {
        "meanRet": 0.9300925996568468,
        "maxRet": 0.9583333134651184,
        "minRet": 0.9125000238418579
    },
    "MiniGrid-DoorKey-8x8-custom-diff0.15": {
        "meanRet": 0.8881410245711987,
        "maxRet": 0.9541666507720947,
        "minRet": 0.8583333492279053
    },
    "MiniGrid-DoorKey-10x10-custom-diff0.15": {
        "meanRet": 0.8366987155033991,
        "maxRet": 0.9375,
        "minRet": 0.7791666388511658
    },
    "MiniGrid-DoorKey-12x12-custom-diff0.15": {
        "meanRet": 0.7654999995231628,
        "maxRet": 0.862500011920929,
        "minRet": 0.637499988079071
    }
}