{
    "model": "test12x12_25k_3step_3gen_3curric/epoch_31_curric0_gen1",
    "MiniGrid-DoorKey-6x6-custom-diff0.6569142875744653": {
        "meanRet": 0.9827809500694275,
        "maxRet": 0.9885714054107666,
        "minRet": 0.977142870426178
    },
    "MiniGrid-DoorKey-8x8-custom-diff0.6569142875744653": {
        "meanRet": 0.9730666613578797,
        "maxRet": 0.9847618937492371,
        "minRet": 0.9657142758369446
    },
    "MiniGrid-DoorKey-10x10-custom-diff0.6569142875744653": {
        "meanRet": 0.9563736273692205,
        "maxRet": 0.9790475964546204,
        "minRet": 0.9419047832489014
    },
    "MiniGrid-DoorKey-12x12-custom-diff0.6569142875744653": {
        "meanRet": 0.9395809531211853,
        "maxRet": 0.9666666388511658,
        "minRet": 0.8971428275108337
    }
}