{
    "model": "test12x12_75k_3step_3gen_3curric/epoch_33_curric2_gen1",
    "MiniGrid-DoorKey-6x6-custom-diff0.15": {
        "meanRet": 0.9208333349227905,
        "maxRet": 0.9583333134651184,
        "minRet": 0.8999999761581421
    },
    "MiniGrid-DoorKey-8x8-custom-diff0.15": {
        "meanRet": 0.8549679471896245,
        "maxRet": 0.9291666746139526,
        "minRet": 0.800000011920929
    },
    "MiniGrid-DoorKey-10x10-custom-diff0.15": {
        "meanRet": 0.7985000038146972,
        "maxRet": 0.8791666626930237,
        "minRet": 0.699999988079071
    },
    "MiniGrid-DoorKey-12x12-custom-diff0.15": {
        "meanRet": 0.685,
        "maxRet": 0.8500000238418579,
        "minRet": 0.4791666567325592
    }
}