{
    "model": "SO_RHEA_2PARA_5GEN_14May\\epoch_6_curric0_gen2",
    "MiniGrid-DoorKey-5x5-custom-diff0": {
        "meanRet": 0.9560799837112427,
        "maxRet": 0.9639999866485596,
        "minRet": 0.9495999813079834
    },
    "MiniGrid-DoorKey-6x6-custom-diff0": {
        "meanRet": 0.9577499806880951,
        "maxRet": 0.9649999737739563,
        "minRet": 0.9524999856948853
    },
    "MiniGrid-DoorKey-8x8-custom-diff0": {
        "meanRet": 0.9620312452316284,
        "maxRet": 0.9775000214576721,
        "minRet": 0.9521874785423279
    },
    "MiniGrid-DoorKey-16x16-custom-diff0": {
        "meanRet": 0.9489595077254556,
        "maxRet": 0.9662500023841858,
        "minRet": 0.9303905963897705
    }
}