{
    "model": "MI_RHEA_PARA_ENV_2_first\\epoch_7_curric0_gen3",
    "MiniGrid-DoorKey-5x5-custom-diff1": {
        "meanRet": 0.8891463279724121,
        "maxRet": 0.9012194871902466,
        "minRet": 0.8792682886123657
    },
    "MiniGrid-DoorKey-6x6-custom-diff1": {
        "meanRet": 0.884285706281662,
        "maxRet": 0.916806697845459,
        "minRet": 0.8638655543327332
    },
    "MiniGrid-DoorKey-8x8-custom-diff1": {
        "meanRet": 0.9027488172054291,
        "maxRet": 0.9232227206230164,
        "minRet": 0.8805687427520752
    },
    "MiniGrid-DoorKey-16x16-custom-diff1": {
        "meanRet": 0.8278816640377045,
        "maxRet": 0.8977514505386353,
        "minRet": 0.7582248449325562
    }
}