{
    "model": "SO_RHEA_2PARA_5GEN_14May\\epoch_3_curric2_gen4",
    "MiniGrid-DoorKey-5x5-custom-diff2": {
        "meanRet": 0.7107142806053162,
        "maxRet": 0.7428571581840515,
        "minRet": 0.6785714030265808
    },
    "MiniGrid-DoorKey-6x6-custom-diff2": {
        "meanRet": 0.7277499973773957,
        "maxRet": 0.7975000143051147,
        "minRet": 0.6625000238418579
    },
    "MiniGrid-DoorKey-8x8-custom-diff2": {
        "meanRet": 0.7171428582885049,
        "maxRet": 0.8071428537368774,
        "minRet": 0.6399999856948853
    },
    "MiniGrid-DoorKey-16x16-custom-diff2": {
        "meanRet": 0.10944551861647403,
        "maxRet": 0.7223404049873352,
        "minRet": 0.0
    }
}