{
    "model": "test12x12_100k_3step_3gen_3curric/epoch_29_curric0_gen3",
    "MiniGrid-DoorKey-6x6-custom-diff0.15": {
        "meanRet": 0.9128205134318426,
        "maxRet": 0.9458333253860474,
        "minRet": 0.8916666507720947
    },
    "MiniGrid-DoorKey-8x8-custom-diff0.15": {
        "meanRet": 0.8530000066757202,
        "maxRet": 0.9333333373069763,
        "minRet": 0.7833333611488342
    },
    "MiniGrid-DoorKey-10x10-custom-diff0.15": {
        "meanRet": 0.7753205161828262,
        "maxRet": 0.9208333492279053,
        "minRet": 0.5958333611488342
    },
    "MiniGrid-DoorKey-12x12-custom-diff0.15": {
        "meanRet": 0.5944999945163727,
        "maxRet": 0.8458333611488342,
        "minRet": 0.32083332538604736
    }
}