{
    "model": "test12x12_100k_3step_3gen_3curric/epoch_17_curric2_gen1",
    "MiniGrid-DoorKey-6x6-custom-diff0.7220715046045372": {
        "meanRet": 0.9819133758544922,
        "maxRet": 0.9870067238807678,
        "minRet": 0.9774783253669739
    },
    "MiniGrid-DoorKey-8x8-custom-diff0.7220715046045372": {
        "meanRet": 0.9705832552909851,
        "maxRet": 0.9852743148803711,
        "minRet": 0.9601539969444275
    },
    "MiniGrid-DoorKey-10x10-custom-diff0.7220715046045372": {
        "meanRet": 0.9596342611312866,
        "maxRet": 0.9826756715774536,
        "minRet": 0.9410971999168396
    },
    "MiniGrid-DoorKey-12x12-custom-diff0.7220715046045372": {
        "meanRet": 0.933890278339386,
        "maxRet": 0.9766121506690979,
        "minRet": 0.8700673580169678
    }
}