{
    "model": "test12x12_75k_3step_3gen_3curric/epoch_22_curric1_gen3",
    "MiniGrid-DoorKey-6x6-custom-diff0.6065023600555897": {
        "meanRet": 0.9746629687455984,
        "maxRet": 0.985567033290863,
        "minRet": 0.9618556499481201
    },
    "MiniGrid-DoorKey-8x8-custom-diff0.6065023600555897": {
        "meanRet": 0.9606264898410211,
        "maxRet": 0.9762886762619019,
        "minRet": 0.9484536051750183
    },
    "MiniGrid-DoorKey-10x10-custom-diff0.6065023600555897": {
        "meanRet": 0.9490721678733826,
        "maxRet": 0.9721649289131165,
        "minRet": 0.9268041253089905
    },
    "MiniGrid-DoorKey-12x12-custom-diff0.6065023600555897": {
        "meanRet": 0.9078350496292115,
        "maxRet": 0.9587628841400146,
        "minRet": 0.8443298935890198
    }
}