{
    "model": "test12x12_100k_3step_3gen_3curric/epoch_31_curric1_gen1",
    "MiniGrid-DoorKey-6x6-custom-diff0.15": {
        "meanRet": 0.9164999961853028,
        "maxRet": 0.9583333134651184,
        "minRet": 0.887499988079071
    },
    "MiniGrid-DoorKey-8x8-custom-diff0.15": {
        "meanRet": 0.8709999990463256,
        "maxRet": 0.925000011920929,
        "minRet": 0.8125
    },
    "MiniGrid-DoorKey-10x10-custom-diff0.15": {
        "meanRet": 0.8233333301544189,
        "maxRet": 0.9166666865348816,
        "minRet": 0.7541666626930237
    },
    "MiniGrid-DoorKey-12x12-custom-diff0.15": {
        "meanRet": 0.7656666684150696,
        "maxRet": 0.887499988079071,
        "minRet": 0.6083333492279053
    }
}