{
    "model": "test12x12_100k_3step_3gen_3curric/epoch_32_curric1_gen3",
    "MiniGrid-DoorKey-6x6-custom-diff0.15": {
        "meanRet": 0.901833336353302,
        "maxRet": 0.9541666507720947,
        "minRet": 0.8416666388511658
    },
    "MiniGrid-DoorKey-8x8-custom-diff0.15": {
        "meanRet": 0.8468333387374878,
        "maxRet": 0.9375,
        "minRet": 0.7875000238418579
    },
    "MiniGrid-DoorKey-10x10-custom-diff0.15": {
        "meanRet": 0.7717948716420394,
        "maxRet": 0.9208333492279053,
        "minRet": 0.6333333253860474
    },
    "MiniGrid-DoorKey-12x12-custom-diff0.15": {
        "meanRet": 0.6587643623352051,
        "maxRet": 0.862500011920929,
        "minRet": 0.4333333373069763
    }
}