{
    "model": "test12x12_50k_3step_3gen_3curric/epoch_19_curric1_gen1",
    "MiniGrid-DoorKey-6x6-custom-diff0.7760602224432589": {
        "meanRet": 0.9848460784325233,
        "maxRet": 0.9911369681358337,
        "minRet": 0.9790510535240173
    },
    "MiniGrid-DoorKey-8x8-custom-diff0.7760602224432589": {
        "meanRet": 0.9768507686945108,
        "maxRet": 0.9871083498001099,
        "minRet": 0.9701880216598511
    },
    "MiniGrid-DoorKey-10x10-custom-diff0.7760602224432589": {
        "meanRet": 0.9683831691741943,
        "maxRet": 0.9854968786239624,
        "minRet": 0.9572963118553162
    },
    "MiniGrid-DoorKey-12x12-custom-diff0.7760602224432589": {
        "meanRet": 0.9458871960639954,
        "maxRet": 0.9685765504837036,
        "minRet": 0.9218442440032959
    }
}