{
    "model": "test12x12_25k_3step_3gen_3curric/epoch_8_curric1_gen1",
    "MiniGrid-DoorKey-6x6-custom-diff1": {
        "meanRet": 0.984174997806549,
        "maxRet": 0.9918749928474426,
        "minRet": 0.9762499928474426
    },
    "MiniGrid-DoorKey-8x8-custom-diff1": {
        "meanRet": 0.9707999992370605,
        "maxRet": 0.9912499785423279,
        "minRet": 0.9568750262260437
    },
    "MiniGrid-DoorKey-10x10-custom-diff1": {
        "meanRet": 0.9574749994277955,
        "maxRet": 0.9837499856948853,
        "minRet": 0.9293749928474426
    },
    "MiniGrid-DoorKey-12x12-custom-diff1": {
        "meanRet": 0.9113500046730042,
        "maxRet": 0.9712499976158142,
        "minRet": 0.8618749976158142
    }
}