{
    "model": "test12x12_25k_3step_3gen_3curric/epoch_47_curric0_gen2",
    "MiniGrid-DoorKey-6x6-custom-diff0.2569142875744653": {
        "meanRet": 0.9564877915382385,
        "maxRet": 0.9756097793579102,
        "minRet": 0.9463414549827576
    },
    "MiniGrid-DoorKey-8x8-custom-diff0.2569142875744653": {
        "meanRet": 0.931144471351917,
        "maxRet": 0.9634146094322205,
        "minRet": 0.9146341681480408
    },
    "MiniGrid-DoorKey-10x10-custom-diff0.2569142875744653": {
        "meanRet": 0.90673171043396,
        "maxRet": 0.9658536314964294,
        "minRet": 0.8682926893234253
    },
    "MiniGrid-DoorKey-12x12-custom-diff0.2569142875744653": {
        "meanRet": 0.8302063758556659,
        "maxRet": 0.9414634108543396,
        "minRet": 0.7560975551605225
    }
}