{
    "model": "test12x12_25k_3step_3gen_3curric/epoch_5_curric2_gen2",
    "MiniGrid-DoorKey-6x6-custom-diff1": {
        "meanRet": 0.8589750027656555,
        "maxRet": 0.971875011920929,
        "minRet": 0.7087500095367432
    },
    "MiniGrid-DoorKey-8x8-custom-diff1": {
        "meanRet": 0.1440943859669627,
        "maxRet": 0.7574999928474426,
        "minRet": 0.0
    },
    "MiniGrid-DoorKey-10x10-custom-diff1": {
        "meanRet": 0.03313802027453979,
        "maxRet": 0.7962499856948853,
        "minRet": 0.0
    },
    "MiniGrid-DoorKey-12x12-custom-diff1": {
        "meanRet": 0.020234375571211178,
        "maxRet": 0.34562501311302185,
        "minRet": 0.0
    }
}