{
    "model": "test12x12_150k_3step_3gen_3curric/epoch_2_curric0_gen1",
    "MiniGrid-DoorKey-6x6-custom-diff1": {
        "meanRet": 0.9879326934997852,
        "maxRet": 0.9925000071525574,
        "minRet": 0.9837499856948853
    },
    "MiniGrid-DoorKey-8x8-custom-diff1": {
        "meanRet": 0.9726249980926513,
        "maxRet": 0.987500011920929,
        "minRet": 0.9593750238418579
    },
    "MiniGrid-DoorKey-10x10-custom-diff1": {
        "meanRet": 0.9575750017166138,
        "maxRet": 0.9850000143051147,
        "minRet": 0.9306250214576721
    },
    "MiniGrid-DoorKey-12x12-custom-diff1": {
        "meanRet": 0.9146999979019165,
        "maxRet": 0.9574999809265137,
        "minRet": 0.8512499928474426
    }
}