{
    "model": "test12x12_100k_3step_4gen_3curric/epoch_34_curric2_gen2",
    "MiniGrid-DoorKey-6x6-custom-diff0.15": {
        "meanRet": 0.9183642003271315,
        "maxRet": 0.949999988079071,
        "minRet": 0.8958333134651184
    },
    "MiniGrid-DoorKey-8x8-custom-diff0.15": {
        "meanRet": 0.8751666712760925,
        "maxRet": 0.925000011920929,
        "minRet": 0.8374999761581421
    },
    "MiniGrid-DoorKey-10x10-custom-diff0.15": {
        "meanRet": 0.8133333325386047,
        "maxRet": 0.9125000238418579,
        "minRet": 0.7416666746139526
    },
    "MiniGrid-DoorKey-12x12-custom-diff0.15": {
        "meanRet": 0.7043333315849304,
        "maxRet": 0.824999988079071,
        "minRet": 0.5625
    }
}