{
    "model": "test12x12_100k_4step_3gen_3curric/epoch_8_curric1_gen2",
    "MiniGrid-DoorKey-6x6-custom-diff0.9220715046045371": {
        "meanRet": 0.9868790232218229,
        "maxRet": 0.9918613433837891,
        "minRet": 0.9810097813606262
    },
    "MiniGrid-DoorKey-8x8-custom-diff0.9220715046045371": {
        "meanRet": 0.9777814650535583,
        "maxRet": 0.9857573509216309,
        "minRet": 0.969480037689209
    },
    "MiniGrid-DoorKey-10x10-custom-diff0.9220715046045371": {
        "meanRet": 0.9632403922080993,
        "maxRet": 0.9803315997123718,
        "minRet": 0.9477769136428833
    },
    "MiniGrid-DoorKey-12x12-custom-diff0.9220715046045371": {
        "meanRet": 0.9513308238983155,
        "maxRet": 0.9776186943054199,
        "minRet": 0.908440113067627
    }
}