{
    "model": "test12x12_100k_4step_3gen_3curric/epoch_13_curric0_gen2",
    "MiniGrid-DoorKey-6x6-custom-diff0.5844064999999999": {
        "meanRet": 0.24213847747215858,
        "maxRet": 0.9711058139801025,
        "minRet": 0.0
    },
    "MiniGrid-DoorKey-8x8-custom-diff0.5844064999999999": {
        "meanRet": 0.06459324186046918,
        "maxRet": 0.9090368747711182,
        "minRet": 0.0
    },
    "MiniGrid-DoorKey-10x10-custom-diff0.5844064999999999": {
        "meanRet": 0.00569510521988074,
        "maxRet": 0.2733650505542755,
        "minRet": 0.0
    },
    "MiniGrid-DoorKey-12x12-custom-diff0.5844064999999999": {
        "meanRet": 0.021891102194786072,
        "maxRet": 0.8683710098266602,
        "minRet": 0.0
    }
}