{
    "model": "test12x12_100k_3step_3gen_3curric/epoch_12_curric1_gen2",
    "MiniGrid-DoorKey-6x6-custom-diff0.8470715046045372": {
        "meanRet": 0.9844954943656922,
        "maxRet": 0.9904019832611084,
        "minRet": 0.9793273210525513
    },
    "MiniGrid-DoorKey-8x8-custom-diff0.8470715046045372": {
        "meanRet": 0.9758424949645996,
        "maxRet": 0.9874487519264221,
        "minRet": 0.9675143361091614
    },
    "MiniGrid-DoorKey-10x10-custom-diff0.8470715046045372": {
        "meanRet": 0.9668033939820749,
        "maxRet": 0.9852337837219238,
        "minRet": 0.9446267485618591
    },
    "MiniGrid-DoorKey-12x12-custom-diff0.8470715046045372": {
        "meanRet": 0.9460442972183227,
        "maxRet": 0.9741591215133667,
        "minRet": 0.9084495306015015
    }
}