{
    "model": "test12x12_100k_3step_3gen_3curric/epoch_27_curric1_gen3",
    "MiniGrid-DoorKey-6x6-custom-diff0.15": {
        "meanRet": 0.9153846135506263,
        "maxRet": 0.9541666507720947,
        "minRet": 0.8833333253860474
    },
    "MiniGrid-DoorKey-8x8-custom-diff0.15": {
        "meanRet": 0.8589743627951696,
        "maxRet": 0.9291666746139526,
        "minRet": 0.7916666865348816
    },
    "MiniGrid-DoorKey-10x10-custom-diff0.15": {
        "meanRet": 0.8241666626930236,
        "maxRet": 0.9375,
        "minRet": 0.7083333134651184
    },
    "MiniGrid-DoorKey-12x12-custom-diff0.15": {
        "meanRet": 0.6669999992847443,
        "maxRet": 0.862500011920929,
        "minRet": 0.4625000059604645
    }
}