{
    "model": "SO_RHEA_2PARA_5GEN_14May\\epoch_2_curric2_gen2",
    "MiniGrid-DoorKey-5x5-custom-diff2": {
        "meanRet": 0.672727265141227,
        "maxRet": 0.7107142806053162,
        "minRet": 0.6464285850524902
    },
    "MiniGrid-DoorKey-6x6-custom-diff2": {
        "meanRet": 0.6760000109672546,
        "maxRet": 0.7749999761581421,
        "minRet": 0.5950000286102295
    },
    "MiniGrid-DoorKey-8x8-custom-diff2": {
        "meanRet": 0.7264934994957664,
        "maxRet": 0.8328571319580078,
        "minRet": 0.6657142639160156
    },
    "MiniGrid-DoorKey-16x16-custom-diff2": {
        "meanRet": 0.09763962775468826,
        "maxRet": 0.8659574389457703,
        "minRet": 0.0
    }
}