{
    "model": "DO_11_05_RHEA_PARA_ENV_1\\epoch_1_curric1_gen1",
    "MiniGrid-DoorKey-5x5-custom-diff0": {
        "meanRet": 0.9561454382809725,
        "maxRet": 0.9639999866485596,
        "minRet": 0.9495999813079834
    },
    "MiniGrid-DoorKey-6x6-custom-diff0": {
        "meanRet": 0.9565908908843994,
        "maxRet": 0.9674999713897705,
        "minRet": 0.9474999904632568
    },
    "MiniGrid-DoorKey-8x8-custom-diff0": {
        "meanRet": 0.9589374899864197,
        "maxRet": 0.96484375,
        "minRet": 0.9493749737739563
    },
    "MiniGrid-DoorKey-16x16-custom-diff0": {
        "meanRet": 0.9554218769073486,
        "maxRet": 0.982421875,
        "minRet": 0.9426953196525574
    }
}