{
    "model": "test12x12_50k_3step_3gen_3curric/epoch_38_curric2_gen1",
    "MiniGrid-DoorKey-6x6-custom-diff0.3010602224432588": {
        "meanRet": 0.9598152482951129,
        "maxRet": 0.9792147874832153,
        "minRet": 0.9459584355354309
    },
    "MiniGrid-DoorKey-8x8-custom-diff0.3010602224432588": {
        "meanRet": 0.9426008210732386,
        "maxRet": 0.9646651148796082,
        "minRet": 0.9210161566734314
    },
    "MiniGrid-DoorKey-10x10-custom-diff0.3010602224432588": {
        "meanRet": 0.9151963090896607,
        "maxRet": 0.9646651148796082,
        "minRet": 0.8856812715530396
    },
    "MiniGrid-DoorKey-12x12-custom-diff0.3010602224432588": {
        "meanRet": 0.8340508031845093,
        "maxRet": 0.918937623500824,
        "minRet": 0.7734411358833313
    }
}