{
    "model": "test12x12_50k_3step_3gen_3curric/epoch_49_curric1_gen1",
    "MiniGrid-DoorKey-6x6-custom-diff0.15": {
        "meanRet": 0.9336666703224182,
        "maxRet": 0.9583333134651184,
        "minRet": 0.9083333611488342
    },
    "MiniGrid-DoorKey-8x8-custom-diff0.15": {
        "meanRet": 0.8946666622161865,
        "maxRet": 0.9416666626930237,
        "minRet": 0.8666666746139526
    },
    "MiniGrid-DoorKey-10x10-custom-diff0.15": {
        "meanRet": 0.8516025566137754,
        "maxRet": 0.9375,
        "minRet": 0.7791666388511658
    },
    "MiniGrid-DoorKey-12x12-custom-diff0.15": {
        "meanRet": 0.7783333325386047,
        "maxRet": 0.8916666507720947,
        "minRet": 0.637499988079071
    }
}