{
    "model": "test12x12_100k_3step_3gen_3curric/epoch_35_curric0_gen2",
    "MiniGrid-DoorKey-6x6-custom-diff0.15": {
        "meanRet": 0.9149691330062019,
        "maxRet": 0.9541666507720947,
        "minRet": 0.8916666507720947
    },
    "MiniGrid-DoorKey-8x8-custom-diff0.15": {
        "meanRet": 0.857211539378533,
        "maxRet": 0.9125000238418579,
        "minRet": 0.7666666507720947
    },
    "MiniGrid-DoorKey-10x10-custom-diff0.15": {
        "meanRet": 0.783166663646698,
        "maxRet": 0.9041666388511658,
        "minRet": 0.637499988079071
    },
    "MiniGrid-DoorKey-12x12-custom-diff0.15": {
        "meanRet": 0.6743333315849305,
        "maxRet": 0.875,
        "minRet": 0.48750001192092896
    }
}