{
    "model": "DO_11_05_RHEA_PARA_ENV_1\\epoch_1_curric2_gen3",
    "MiniGrid-DoorKey-5x5-custom-diff0": {
        "meanRet": 0.9577818025242198,
        "maxRet": 0.9675999879837036,
        "minRet": 0.9495999813079834
    },
    "MiniGrid-DoorKey-6x6-custom-diff0": {
        "meanRet": 0.9599999785423279,
        "maxRet": 0.9649999737739563,
        "minRet": 0.9524999856948853
    },
    "MiniGrid-DoorKey-8x8-custom-diff0": {
        "meanRet": 0.9361562430858612,
        "maxRet": 0.9690625071525574,
        "minRet": 0.9057812690734863
    },
    "MiniGrid-DoorKey-16x16-custom-diff0": {
        "meanRet": 0.687917971611023,
        "maxRet": 0.859375,
        "minRet": 0.5478906035423279
    }
}