{
    "model": "test12x12_25k_3step_3gen_3curric/epoch_44_curric1_gen3",
    "MiniGrid-DoorKey-6x6-custom-diff0.3319142875744653": {
        "meanRet": 0.9644304712613424,
        "maxRet": 0.9773585200309753,
        "minRet": 0.9547169804573059
    },
    "MiniGrid-DoorKey-8x8-custom-diff0.3319142875744653": {
        "meanRet": 0.9423396301269531,
        "maxRet": 0.9641509652137756,
        "minRet": 0.9301886558532715
    },
    "MiniGrid-DoorKey-10x10-custom-diff0.3319142875744653": {
        "meanRet": 0.921735851764679,
        "maxRet": 0.9566037654876709,
        "minRet": 0.8886792659759521
    },
    "MiniGrid-DoorKey-12x12-custom-diff0.3319142875744653": {
        "meanRet": 0.8888301920890808,
        "maxRet": 0.9433962106704712,
        "minRet": 0.8358490467071533
    }
}