{
    "model": "test12x12_75k_3step_3gen_3curric/epoch_4_curric2_gen3",
    "MiniGrid-DoorKey-6x6-custom-diff1": {
        "meanRet": 0.9869230802242572,
        "maxRet": 0.9925000071525574,
        "minRet": 0.9825000166893005
    },
    "MiniGrid-DoorKey-8x8-custom-diff1": {
        "meanRet": 0.9808564804218434,
        "maxRet": 0.9893749952316284,
        "minRet": 0.9743750095367432
    },
    "MiniGrid-DoorKey-10x10-custom-diff1": {
        "meanRet": 0.9742307731738458,
        "maxRet": 0.9906250238418579,
        "minRet": 0.9618750214576721
    },
    "MiniGrid-DoorKey-12x12-custom-diff1": {
        "meanRet": 0.9548249959945678,
        "maxRet": 0.9806249737739563,
        "minRet": 0.934374988079071
    }
}