{
    "model": "test12x12_50k_3step_3gen_3curric/epoch_38_curric2_gen3",
    "MiniGrid-DoorKey-6x6-custom-diff0.3010602224432588": {
        "meanRet": 0.9605080911091396,
        "maxRet": 0.9750577211380005,
        "minRet": 0.9501155018806458
    },
    "MiniGrid-DoorKey-8x8-custom-diff0.3010602224432588": {
        "meanRet": 0.9311593556404114,
        "maxRet": 0.9584295749664307,
        "minRet": 0.9064664840698242
    },
    "MiniGrid-DoorKey-10x10-custom-diff0.3010602224432588": {
        "meanRet": 0.9111032142088964,
        "maxRet": 0.968822181224823,
        "minRet": 0.8669745922088623
    },
    "MiniGrid-DoorKey-12x12-custom-diff0.3010602224432588": {
        "meanRet": 0.8589930701255798,
        "maxRet": 0.9459584355354309,
        "minRet": 0.8025404214859009
    }
}