{
    "model": "test12x12_25k_3step_3gen_3curric/epoch_7_curric0_gen1",
    "MiniGrid-DoorKey-6x6-custom-diff1": {
        "meanRet": 0.959350004196167,
        "maxRet": 0.9893749952316284,
        "minRet": 0.9262499809265137
    },
    "MiniGrid-DoorKey-8x8-custom-diff1": {
        "meanRet": 0.8923749995231628,
        "maxRet": 0.984375,
        "minRet": 0.800000011920929
    },
    "MiniGrid-DoorKey-10x10-custom-diff1": {
        "meanRet": 0.7654000031948089,
        "maxRet": 0.971875011920929,
        "minRet": 0.4987500011920929
    },
    "MiniGrid-DoorKey-12x12-custom-diff1": {
        "meanRet": 0.2805542453842343,
        "maxRet": 0.9018750190734863,
        "minRet": 0.0
    }
}