{
    "model": "Rhea_SaRun2\\epoch_4_curric2_gen1",
    "MiniGrid-DoorKey-5x5-custom-diff2": {
        "meanRet": 0.6785714247009971,
        "maxRet": 0.7428571581840515,
        "minRet": 0.6464285850524902
    },
    "MiniGrid-DoorKey-6x6-custom-diff2": {
        "meanRet": 0.6972727287899364,
        "maxRet": 0.7749999761581421,
        "minRet": 0.6399999856948853
    },
    "MiniGrid-DoorKey-8x8-custom-diff2": {
        "meanRet": 0.7206493561918085,
        "maxRet": 0.7942857146263123,
        "minRet": 0.6271428465843201
    },
    "MiniGrid-DoorKey-16x16-custom-diff2": {
        "meanRet": 0.09827127680182457,
        "maxRet": 0.6329787373542786,
        "minRet": 0.0
    }
}