{
    "model": "test12x12_100k_3step_4gen_3curric/epoch_5_curric2_gen1",
    "MiniGrid-DoorKey-6x6-custom-diff1": {
        "meanRet": 0.9860185141916629,
        "maxRet": 0.9925000071525574,
        "minRet": 0.9825000166893005
    },
    "MiniGrid-DoorKey-8x8-custom-diff1": {
        "meanRet": 0.9796249985694885,
        "maxRet": 0.9893749952316284,
        "minRet": 0.9712499976158142
    },
    "MiniGrid-DoorKey-10x10-custom-diff1": {
        "meanRet": 0.9657211510034708,
        "maxRet": 0.9837499856948853,
        "minRet": 0.9537500143051147
    },
    "MiniGrid-DoorKey-12x12-custom-diff1": {
        "meanRet": 0.9454250025749207,
        "maxRet": 0.9743750095367432,
        "minRet": 0.918749988079071
    }
}