{
    "model": "DO_11_05_RHEA_PARA_ENV_1\\epoch_9_curric1_gen2",
    "MiniGrid-DoorKey-5x5-custom-diff2": {
        "meanRet": 0.6946428418159485,
        "maxRet": 0.7428571581840515,
        "minRet": 0.6785714030265808
    },
    "MiniGrid-DoorKey-6x6-custom-diff2": {
        "meanRet": 0.7279545393857089,
        "maxRet": 0.8199999928474426,
        "minRet": 0.6625000238418579
    },
    "MiniGrid-DoorKey-8x8-custom-diff2": {
        "meanRet": 0.7580519589510831,
        "maxRet": 0.8199999928474426,
        "minRet": 0.7171428799629211
    },
    "MiniGrid-DoorKey-16x16-custom-diff2": {
        "meanRet": 0.669042557477951,
        "maxRet": 0.8436170220375061,
        "minRet": 0.39361703395843506
    }
}