{
    "model": "test12x12_100k_3step_3gen_3curric/epoch_3_curric2_gen1",
    "MiniGrid-DoorKey-6x6-custom-diff1": {
        "meanRet": 0.9852499961853027,
        "maxRet": 0.9918749928474426,
        "minRet": 0.9781249761581421
    },
    "MiniGrid-DoorKey-8x8-custom-diff1": {
        "meanRet": 0.9742000007629394,
        "maxRet": 0.9856250286102295,
        "minRet": 0.9606249928474426
    },
    "MiniGrid-DoorKey-10x10-custom-diff1": {
        "meanRet": 0.9583250069618225,
        "maxRet": 0.9750000238418579,
        "minRet": 0.9412500262260437
    },
    "MiniGrid-DoorKey-12x12-custom-diff1": {
        "meanRet": 0.9417999982833862,
        "maxRet": 0.9750000238418579,
        "minRet": 0.890625
    }
}