{
    "model": "SO_RHEA_2PARA_5GEN_14May\\epoch_10_curric2_gen4",
    "MiniGrid-DoorKey-5x5-custom-diff1": {
        "meanRet": 0.8710365891456604,
        "maxRet": 0.9012194871902466,
        "minRet": 0.8463414907455444
    },
    "MiniGrid-DoorKey-6x6-custom-diff1": {
        "meanRet": 0.8873109102249146,
        "maxRet": 0.916806697845459,
        "minRet": 0.8714285492897034
    },
    "MiniGrid-DoorKey-8x8-custom-diff1": {
        "meanRet": 0.814454984664917,
        "maxRet": 0.9018957614898682,
        "minRet": 0.7654028534889221
    },
    "MiniGrid-DoorKey-16x16-custom-diff1": {
        "meanRet": 0.012111686170101166,
        "maxRet": 0.3875739574432373,
        "minRet": 0.0
    }
}