{
    "model": "test12x12_100k_3step_4gen_3curric/epoch_21_curric0_gen2",
    "MiniGrid-DoorKey-6x6-custom-diff0.20553": {
        "meanRet": 0.9473142073704646,
        "maxRet": 0.9694915413856506,
        "minRet": 0.9298304915428162
    },
    "MiniGrid-DoorKey-8x8-custom-diff0.20553": {
        "meanRet": 0.9182372856140136,
        "maxRet": 0.9542372822761536,
        "minRet": 0.8962711691856384
    },
    "MiniGrid-DoorKey-10x10-custom-diff0.20553": {
        "meanRet": 0.8834576225280761,
        "maxRet": 0.9298304915428162,
        "minRet": 0.8413559198379517
    },
    "MiniGrid-DoorKey-12x12-custom-diff0.20553": {
        "meanRet": 0.8103593206405639,
        "maxRet": 0.9054237008094788,
        "minRet": 0.7376270890235901
    }
}