{
    "model": "test12x12_50k_3step_3gen_3curric/epoch_21_curric2_gen1",
    "MiniGrid-DoorKey-6x6-custom-diff0.7260602224432589": {
        "meanRet": 0.9816587015434548,
        "maxRet": 0.9896650910377502,
        "minRet": 0.9767464399337769
    },
    "MiniGrid-DoorKey-8x8-custom-diff0.7260602224432589": {
        "meanRet": 0.9751961731910705,
        "maxRet": 0.986220121383667,
        "minRet": 0.9672726988792419
    },
    "MiniGrid-DoorKey-10x10-custom-diff0.7260602224432589": {
        "meanRet": 0.9672382736206054,
        "maxRet": 0.9836363792419434,
        "minRet": 0.955215334892273
    },
    "MiniGrid-DoorKey-12x12-custom-diff0.7260602224432589": {
        "meanRet": 0.9487043070793152,
        "maxRet": 0.968995213508606,
        "minRet": 0.9328229427337646
    }
}