{
    "model": "test12x12_25k_3step_3gen_3curric/epoch_40_curric1_gen1",
    "MiniGrid-DoorKey-6x6-custom-diff0.43191428757446526": {
        "meanRet": 0.9698336014041194,
        "maxRet": 0.9826086759567261,
        "minRet": 0.960869550704956
    },
    "MiniGrid-DoorKey-8x8-custom-diff0.43191428757446526": {
        "meanRet": 0.9581382343402276,
        "maxRet": 0.9768115878105164,
        "minRet": 0.9449275135993958
    },
    "MiniGrid-DoorKey-10x10-custom-diff0.43191428757446526": {
        "meanRet": 0.9444637656211853,
        "maxRet": 0.9637681245803833,
        "minRet": 0.9188405871391296
    },
    "MiniGrid-DoorKey-12x12-custom-diff0.43191428757446526": {
        "meanRet": 0.908521740436554,
        "maxRet": 0.9492753744125366,
        "minRet": 0.8724637627601624
    }
}