{
    "model": "test12x12_100k_3step_4gen_3curric/epoch_15_curric0_gen1",
    "MiniGrid-DoorKey-6x6-custom-diff0.76967792277423": {
        "meanRet": 0.9828842218433108,
        "maxRet": 0.9886281490325928,
        "minRet": 0.9788808822631836
    },
    "MiniGrid-DoorKey-8x8-custom-diff0.76967792277423": {
        "meanRet": 0.9760066660550925,
        "maxRet": 0.9861913323402405,
        "minRet": 0.9699458479881287
    },
    "MiniGrid-DoorKey-10x10-custom-diff0.76967792277423": {
        "meanRet": 0.9643898892402649,
        "maxRet": 0.9853790402412415,
        "minRet": 0.9528880715370178
    },
    "MiniGrid-DoorKey-12x12-custom-diff0.76967792277423": {
        "meanRet": 0.942620940208435,
        "maxRet": 0.9699458479881287,
        "minRet": 0.9187725782394409
    }
}