{
    "model": "test12x12_25k_3step_3gen_3curric/epoch_45_curric1_gen3",
    "MiniGrid-DoorKey-6x6-custom-diff0.30691428757446526": {
        "meanRet": 0.960714286991528,
        "maxRet": 0.9755101799964905,
        "minRet": 0.9510204195976257
    },
    "MiniGrid-DoorKey-8x8-custom-diff0.30691428757446526": {
        "meanRet": 0.9393469381332398,
        "maxRet": 0.9693877696990967,
        "minRet": 0.922448992729187
    },
    "MiniGrid-DoorKey-10x10-custom-diff0.30691428757446526": {
        "meanRet": 0.9173877501487732,
        "maxRet": 0.9551020264625549,
        "minRet": 0.8857142925262451
    },
    "MiniGrid-DoorKey-12x12-custom-diff0.30691428757446526": {
        "meanRet": 0.8691522800005399,
        "maxRet": 0.922448992729187,
        "minRet": 0.8020408153533936
    }
}