{
    "model": "test12x12_25k_3step_3gen_3curric/epoch_40_curric0_gen1",
    "MiniGrid-DoorKey-6x6-custom-diff0.43191428757446526": {
        "meanRet": 0.9685797047615051,
        "maxRet": 0.9826086759567261,
        "minRet": 0.9579710364341736
    },
    "MiniGrid-DoorKey-8x8-custom-diff0.43191428757446526": {
        "meanRet": 0.9541449189186096,
        "maxRet": 0.9797101616859436,
        "minRet": 0.9376811385154724
    },
    "MiniGrid-DoorKey-10x10-custom-diff0.43191428757446526": {
        "meanRet": 0.9302029013633728,
        "maxRet": 0.9666666388511658,
        "minRet": 0.8942028880119324
    },
    "MiniGrid-DoorKey-12x12-custom-diff0.43191428757446526": {
        "meanRet": 0.9017279835847708,
        "maxRet": 0.9550724625587463,
        "minRet": 0.8579710125923157
    }
}