{
    "model": "test12x12_50k_3step_3gen_3curric/epoch_10_curric0_gen3",
    "MiniGrid-DoorKey-6x6-custom-diff1": {
        "meanRet": 0.9884374989913061,
        "maxRet": 0.9925000071525574,
        "minRet": 0.9850000143051147
    },
    "MiniGrid-DoorKey-8x8-custom-diff1": {
        "meanRet": 0.9821336187165359,
        "maxRet": 0.9906250238418579,
        "minRet": 0.9762499928474426
    },
    "MiniGrid-DoorKey-10x10-custom-diff1": {
        "meanRet": 0.9719999957084656,
        "maxRet": 0.981249988079071,
        "minRet": 0.9612500071525574
    },
    "MiniGrid-DoorKey-12x12-custom-diff1": {
        "meanRet": 0.9526749992370606,
        "maxRet": 0.9837499856948853,
        "minRet": 0.9293749928474426
    }
}