{
    "model": "test12x12_25k_3step_3gen_3curric/epoch_10_curric2_gen1",
    "MiniGrid-DoorKey-6x6-custom-diff1": {
        "meanRet": 0.9834499979019165,
        "maxRet": 0.9925000071525574,
        "minRet": 0.9762499928474426
    },
    "MiniGrid-DoorKey-8x8-custom-diff1": {
        "meanRet": 0.9730288500969226,
        "maxRet": 0.9850000143051147,
        "minRet": 0.9599999785423279
    },
    "MiniGrid-DoorKey-10x10-custom-diff1": {
        "meanRet": 0.9514750003814697,
        "maxRet": 0.9925000071525574,
        "minRet": 0.9262499809265137
    },
    "MiniGrid-DoorKey-12x12-custom-diff1": {
        "meanRet": 0.9028250002861022,
        "maxRet": 0.9681249856948853,
        "minRet": 0.840624988079071
    }
}