{
    "model": "test12x12_75k_3step_3gen_3curric/epoch_35_curric0_gen2",
    "MiniGrid-DoorKey-6x6-custom-diff0.15": {
        "meanRet": 0.9101666641235352,
        "maxRet": 0.949999988079071,
        "minRet": 0.8791666626930237
    },
    "MiniGrid-DoorKey-8x8-custom-diff0.15": {
        "meanRet": 0.8745192289352417,
        "maxRet": 0.9458333253860474,
        "minRet": 0.8333333134651184
    },
    "MiniGrid-DoorKey-10x10-custom-diff0.15": {
        "meanRet": 0.8261666655540466,
        "maxRet": 0.9333333373069763,
        "minRet": 0.7458333373069763
    },
    "MiniGrid-DoorKey-12x12-custom-diff0.15": {
        "meanRet": 0.7187500022924863,
        "maxRet": 0.8708333373069763,
        "minRet": 0.5583333373069763
    }
}