{
    "model": "test12x12_25k_3step_3gen_3curric/epoch_48_curric0_gen1",
    "MiniGrid-DoorKey-6x6-custom-diff0.2319142875744653": {
        "meanRet": 0.9453667913164411,
        "maxRet": 0.9729729890823364,
        "minRet": 0.929729700088501
    },
    "MiniGrid-DoorKey-8x8-custom-diff0.2319142875744653": {
        "meanRet": 0.9194194144672818,
        "maxRet": 0.954054057598114,
        "minRet": 0.8945946097373962
    },
    "MiniGrid-DoorKey-10x10-custom-diff0.2319142875744653": {
        "meanRet": 0.8850810766220093,
        "maxRet": 0.9486486315727234,
        "minRet": 0.8324324488639832
    },
    "MiniGrid-DoorKey-12x12-custom-diff0.2319142875744653": {
        "meanRet": 0.8061621570587159,
        "maxRet": 0.9054054021835327,
        "minRet": 0.7324324250221252
    }
}