{
    "model": "MI_RHEA_PARA_ENV_2_first\\epoch_2_curric0_gen2",
    "MiniGrid-DoorKey-5x5-custom-diff1": {
        "meanRet": 0.8704877912998199,
        "maxRet": 0.9012194871902466,
        "minRet": 0.8353658318519592
    },
    "MiniGrid-DoorKey-6x6-custom-diff1": {
        "meanRet": 0.888067215681076,
        "maxRet": 0.924369752407074,
        "minRet": 0.841176450252533
    },
    "MiniGrid-DoorKey-8x8-custom-diff1": {
        "meanRet": 0.8588151574134827,
        "maxRet": 0.9189573526382446,
        "minRet": 0.820853054523468
    },
    "MiniGrid-DoorKey-16x16-custom-diff1": {
        "meanRet": 0.6905917286872864,
        "maxRet": 0.8093491196632385,
        "minRet": 0.5760946869850159
    }
}