{
    "model": "test12x12_100k_3step_3gen_3curric/epoch_4_curric1_gen1",
    "MiniGrid-DoorKey-6x6-custom-diff1": {
        "meanRet": 0.6375500059127808,
        "maxRet": 0.9593750238418579,
        "minRet": 0.2824999988079071
    },
    "MiniGrid-DoorKey-8x8-custom-diff1": {
        "meanRet": 0.048162877559661865,
        "maxRet": 0.8818749785423279,
        "minRet": 0.0
    },
    "MiniGrid-DoorKey-10x10-custom-diff1": {
        "meanRet": 0.11223484801523613,
        "maxRet": 0.9399999976158142,
        "minRet": 0.0
    },
    "MiniGrid-DoorKey-12x12-custom-diff1": {
        "meanRet": 0.0,
        "maxRet": 0.0,
        "minRet": 0.0
    }
}