{
    "model": "test12x12_150k_3step_3gen_3curric/epoch_2_curric0_gen2",
    "MiniGrid-DoorKey-6x6-custom-diff1": {
        "meanRet": 0.987427892593237,
        "maxRet": 0.9925000071525574,
        "minRet": 0.984375
    },
    "MiniGrid-DoorKey-8x8-custom-diff1": {
        "meanRet": 0.9766499996185303,
        "maxRet": 0.9868749976158142,
        "minRet": 0.9637500047683716
    },
    "MiniGrid-DoorKey-10x10-custom-diff1": {
        "meanRet": 0.9583249974250794,
        "maxRet": 0.984375,
        "minRet": 0.9318749904632568
    },
    "MiniGrid-DoorKey-12x12-custom-diff1": {
        "meanRet": 0.9297249960899353,
        "maxRet": 0.9850000143051147,
        "minRet": 0.8568750023841858
    }
}