{
    "model": "test12x12_50k_3step_3gen_3curric/epoch_41_curric1_gen1",
    "MiniGrid-DoorKey-6x6-custom-diff0.15": {
        "meanRet": 0.9165000009536743,
        "maxRet": 0.949999988079071,
        "minRet": 0.887499988079071
    },
    "MiniGrid-DoorKey-8x8-custom-diff0.15": {
        "meanRet": 0.8760416635445186,
        "maxRet": 0.9333333373069763,
        "minRet": 0.8291666507720947
    },
    "MiniGrid-DoorKey-10x10-custom-diff0.15": {
        "meanRet": 0.8283333277702332,
        "maxRet": 0.9333333373069763,
        "minRet": 0.762499988079071
    },
    "MiniGrid-DoorKey-12x12-custom-diff0.15": {
        "meanRet": 0.7278846089656537,
        "maxRet": 0.8416666388511658,
        "minRet": 0.625
    }
}