{
    "model": "test12x12_50k_3step_3gen_3curric/epoch_35_curric1_gen2",
    "MiniGrid-DoorKey-6x6-custom-diff0.3760602224432589": {
        "meanRet": 0.969439321094089,
        "maxRet": 0.9800369739532471,
        "minRet": 0.9634011387825012
    },
    "MiniGrid-DoorKey-8x8-custom-diff0.3760602224432589": {
        "meanRet": 0.9514898228645324,
        "maxRet": 0.9733826518058777,
        "minRet": 0.9434380531311035
    },
    "MiniGrid-DoorKey-10x10-custom-diff0.3760602224432589": {
        "meanRet": 0.9352481135955224,
        "maxRet": 0.9733826518058777,
        "minRet": 0.9168207049369812
    },
    "MiniGrid-DoorKey-12x12-custom-diff0.3760602224432589": {
        "meanRet": 0.8911349391937256,
        "maxRet": 0.9434380531311035,
        "minRet": 0.8669131398200989
    }
}