{
    "model": "Rhea_SaRun2\\epoch_1_curric2_gen2",
    "MiniGrid-DoorKey-5x5-custom-diff0": {
        "meanRet": 0.7343200027942658,
        "maxRet": 0.8848000168800354,
        "minRet": 0.5860000252723694
    },
    "MiniGrid-DoorKey-6x6-custom-diff0": {
        "meanRet": 0.7719999969005584,
        "maxRet": 0.8774999976158142,
        "minRet": 0.6324999928474426
    },
    "MiniGrid-DoorKey-8x8-custom-diff0": {
        "meanRet": 0.06664062384516001,
        "maxRet": 0.8790624737739563,
        "minRet": 0.0
    },
    "MiniGrid-DoorKey-16x16-custom-diff0": {
        "meanRet": 0.013408202677965164,
        "maxRet": 0.42906248569488525,
        "minRet": 0.0
    }
}