{
    "model": "test12x12_100k_3step_4gen_3curric/epoch_29_curric2_gen1",
    "MiniGrid-DoorKey-6x6-custom-diff0.15": {
        "meanRet": 0.9270833432674408,
        "maxRet": 0.9583333134651184,
        "minRet": 0.9083333611488342
    },
    "MiniGrid-DoorKey-8x8-custom-diff0.15": {
        "meanRet": 0.8889880925416946,
        "maxRet": 0.9416666626930237,
        "minRet": 0.8541666865348816
    },
    "MiniGrid-DoorKey-10x10-custom-diff0.15": {
        "meanRet": 0.840666663646698,
        "maxRet": 0.9375,
        "minRet": 0.7583333253860474
    },
    "MiniGrid-DoorKey-12x12-custom-diff0.15": {
        "meanRet": 0.7115000033378601,
        "maxRet": 0.862500011920929,
        "minRet": 0.5916666388511658
    }
}