{
    "model": "test12x12_100k_3step_4gen_3curric/epoch_8_curric2_gen4",
    "MiniGrid-DoorKey-6x6-custom-diff0.94467792277423": {
        "meanRet": 0.9868872474741053,
        "maxRet": 0.9920588135719299,
        "minRet": 0.9827941060066223
    },
    "MiniGrid-DoorKey-8x8-custom-diff0.94467792277423": {
        "meanRet": 0.9810378987055558,
        "maxRet": 0.9874264597892761,
        "minRet": 0.9761765003204346
    },
    "MiniGrid-DoorKey-10x10-custom-diff0.94467792277423": {
        "meanRet": 0.9751441240310669,
        "maxRet": 0.9821323752403259,
        "minRet": 0.9662500023841858
    },
    "MiniGrid-DoorKey-12x12-custom-diff0.94467792277423": {
        "meanRet": 0.9522205853462219,
        "maxRet": 0.9781617522239685,
        "minRet": 0.9351470470428467
    }
}