{
    "model": "test12x12_75k_3step_3gen_3curric/epoch_4_curric2_gen1",
    "MiniGrid-DoorKey-6x6-custom-diff1": {
        "meanRet": 0.9886250019073486,
        "maxRet": 0.9925000071525574,
        "minRet": 0.984375
    },
    "MiniGrid-DoorKey-8x8-custom-diff1": {
        "meanRet": 0.9823749995231629,
        "maxRet": 0.9881250262260437,
        "minRet": 0.9768750071525574
    },
    "MiniGrid-DoorKey-10x10-custom-diff1": {
        "meanRet": 0.9760576968009655,
        "maxRet": 0.9881250262260437,
        "minRet": 0.9662500023841858
    },
    "MiniGrid-DoorKey-12x12-custom-diff1": {
        "meanRet": 0.9532000017166138,
        "maxRet": 0.9787499904632568,
        "minRet": 0.9350000023841858
    }
}