{
    "model": "test12x12_50k_3step_3gen_3curric/epoch_28_curric0_gen2",
    "MiniGrid-DoorKey-6x6-custom-diff0.5510602224432588": {
        "meanRet": 0.9788986863913359,
        "maxRet": 0.9863808155059814,
        "minRet": 0.9716267585754395
    },
    "MiniGrid-DoorKey-8x8-custom-diff0.5510602224432588": {
        "meanRet": 0.9666784501075745,
        "maxRet": 0.9795712232589722,
        "minRet": 0.9568726420402527
    },
    "MiniGrid-DoorKey-10x10-custom-diff0.5510602224432588": {
        "meanRet": 0.9526384702095618,
        "maxRet": 0.9795712232589722,
        "minRet": 0.9341740012168884
    },
    "MiniGrid-DoorKey-12x12-custom-diff0.5510602224432588": {
        "meanRet": 0.9248221898078919,
        "maxRet": 0.9614123702049255,
        "minRet": 0.8842370510101318
    }
}