{
    "model": "test12x12_100k_3step_3gen_3curric/epoch_19_curric1_gen2",
    "MiniGrid-DoorKey-6x6-custom-diff0.6720715046045371": {
        "meanRet": 0.9801944160461425,
        "maxRet": 0.9860392808914185,
        "minRet": 0.9748707413673401
    },
    "MiniGrid-DoorKey-8x8-custom-diff0.6720715046045371": {
        "meanRet": 0.9687852974121387,
        "maxRet": 0.9851085543632507,
        "minRet": 0.9516028761863708
    },
    "MiniGrid-DoorKey-10x10-custom-diff0.6720715046045371": {
        "meanRet": 0.9557352614402771,
        "maxRet": 0.9851085543632507,
        "minRet": 0.9329886436462402
    },
    "MiniGrid-DoorKey-12x12-custom-diff0.6720715046045371": {
        "meanRet": 0.9268459224700928,
        "maxRet": 0.9702171683311462,
        "minRet": 0.8920372128486633
    }
}