{
    "model": "DO_11_05_RHEA_PARA_ENV_1\\epoch_10_curric2_gen3",
    "MiniGrid-DoorKey-5x5-custom-diff2": {
        "meanRet": 0.6839285641908646,
        "maxRet": 0.7428571581840515,
        "minRet": 0.6464285850524902
    },
    "MiniGrid-DoorKey-6x6-custom-diff2": {
        "meanRet": 0.7097500026226043,
        "maxRet": 0.7524999976158142,
        "minRet": 0.6625000238418579
    },
    "MiniGrid-DoorKey-8x8-custom-diff2": {
        "meanRet": 0.7131868096498343,
        "maxRet": 0.8071428537368774,
        "minRet": 0.6528571248054504
    },
    "MiniGrid-DoorKey-16x16-custom-diff2": {
        "meanRet": 0.04148935992270708,
        "maxRet": 0.5468084812164307,
        "minRet": 0.0
    }
}