{
    "model": "test12x12_100k_3step_3gen_3curric/epoch_2_curric0_gen1",
    "MiniGrid-DoorKey-6x6-custom-diff1": {
        "meanRet": 0.9859722234584667,
        "maxRet": 0.9918749928474426,
        "minRet": 0.9800000190734863
    },
    "MiniGrid-DoorKey-8x8-custom-diff1": {
        "meanRet": 0.9673499989509583,
        "maxRet": 0.9850000143051147,
        "minRet": 0.9312499761581421
    },
    "MiniGrid-DoorKey-10x10-custom-diff1": {
        "meanRet": 0.9410500025749207,
        "maxRet": 0.9787499904632568,
        "minRet": 0.8918750286102295
    },
    "MiniGrid-DoorKey-12x12-custom-diff1": {
        "meanRet": 0.9027500057220459,
        "maxRet": 0.9700000286102295,
        "minRet": 0.8231250047683716
    }
}