{
    "model": "Mo_Rhea1\\epoch_7_curric1_gen4",
    "MiniGrid-DoorKey-5x5-custom-diff2": {
        "meanRet": 0.701948041265661,
        "maxRet": 0.7428571581840515,
        "minRet": 0.6785714030265808
    },
    "MiniGrid-DoorKey-6x6-custom-diff2": {
        "meanRet": 0.7299999952316284,
        "maxRet": 0.8199999928474426,
        "minRet": 0.6399999856948853
    },
    "MiniGrid-DoorKey-8x8-custom-diff2": {
        "meanRet": 0.7608571529388428,
        "maxRet": 0.8328571319580078,
        "minRet": 0.7300000190734863
    },
    "MiniGrid-DoorKey-16x16-custom-diff2": {
        "meanRet": 0.1068151593208313,
        "maxRet": 0.827659547328949,
        "minRet": 0.0
    }
}