{
    "model": "test12x12_100k_4step_3gen_3curric/epoch_8_curric2_gen2",
    "MiniGrid-DoorKey-6x6-custom-diff0.9220715046045371": {
        "meanRet": 0.9852298454002097,
        "maxRet": 0.9932177662849426,
        "minRet": 0.9769404530525208
    },
    "MiniGrid-DoorKey-8x8-custom-diff0.9220715046045371": {
        "meanRet": 0.9684105332081134,
        "maxRet": 0.9850791096687317,
        "minRet": 0.9586284756660461
    },
    "MiniGrid-DoorKey-10x10-custom-diff0.9220715046045371": {
        "meanRet": 0.9619653367996216,
        "maxRet": 0.9803315997123718,
        "minRet": 0.9403164982795715
    },
    "MiniGrid-DoorKey-12x12-custom-diff0.9220715046045371": {
        "meanRet": 0.9240391874313354,
        "maxRet": 0.9715147018432617,
        "minRet": 0.8847023248672485
    }
}