{
    "model": "test12x12_75k_3step_3gen_3curric/epoch_28_curric2_gen1",
    "MiniGrid-DoorKey-6x6-custom-diff0.45650236005558964": {
        "meanRet": 0.9736438322067261,
        "maxRet": 0.983561635017395,
        "minRet": 0.9643835425376892
    },
    "MiniGrid-DoorKey-8x8-custom-diff0.45650236005558964": {
        "meanRet": 0.9607481475059803,
        "maxRet": 0.9767123460769653,
        "minRet": 0.9506849050521851
    },
    "MiniGrid-DoorKey-10x10-custom-diff0.45650236005558964": {
        "meanRet": 0.9466849279403686,
        "maxRet": 0.9739726185798645,
        "minRet": 0.9287671446800232
    },
    "MiniGrid-DoorKey-12x12-custom-diff0.45650236005558964": {
        "meanRet": 0.9194520497322083,
        "maxRet": 0.9602739810943604,
        "minRet": 0.8753424882888794
    }
}