{
    "model": "SO_RHEA_2PARA_5GEN_14May\\epoch_7_curric2_gen5",
    "MiniGrid-DoorKey-5x5-custom-diff2": {
        "meanRet": 0.6765625029802322,
        "maxRet": 0.7428571581840515,
        "minRet": 0.6464285850524902
    },
    "MiniGrid-DoorKey-6x6-custom-diff2": {
        "meanRet": 0.6681250035762787,
        "maxRet": 0.7749999761581421,
        "minRet": 0.5950000286102295
    },
    "MiniGrid-DoorKey-8x8-custom-diff2": {
        "meanRet": 0.7440259890122847,
        "maxRet": 0.7942857146263123,
        "minRet": 0.704285740852356
    },
    "MiniGrid-DoorKey-16x16-custom-diff2": {
        "meanRet": 0.5950000077486038,
        "maxRet": 0.8180851340293884,
        "minRet": 0.38723403215408325
    }
}