{
    "model": "test12x12_100k_3step_3gen_3curric/epoch_25_curric2_gen2",
    "MiniGrid-DoorKey-6x6-custom-diff0.15": {
        "meanRet": 0.9054999995231628,
        "maxRet": 0.9375,
        "minRet": 0.875
    },
    "MiniGrid-DoorKey-8x8-custom-diff0.15": {
        "meanRet": 0.8223333311080933,
        "maxRet": 0.9291666746139526,
        "minRet": 0.7583333253860474
    },
    "MiniGrid-DoorKey-10x10-custom-diff0.15": {
        "meanRet": 0.7304487182543828,
        "maxRet": 0.8916666507720947,
        "minRet": 0.5541666746139526
    },
    "MiniGrid-DoorKey-12x12-custom-diff0.15": {
        "meanRet": 0.3187499997370383,
        "maxRet": 0.8500000238418579,
        "minRet": 0.0
    }
}