{
    "model": "test12x12_25k_3step_3gen_3curric/epoch_46_curric1_gen2",
    "MiniGrid-DoorKey-6x6-custom-diff0.28191428757446535": {
        "meanRet": 0.9555555558204651,
        "maxRet": 0.9733333587646484,
        "minRet": 0.9422222375869751
    },
    "MiniGrid-DoorKey-8x8-custom-diff0.28191428757446535": {
        "meanRet": 0.922666666507721,
        "maxRet": 0.948888897895813,
        "minRet": 0.897777795791626
    },
    "MiniGrid-DoorKey-10x10-custom-diff0.28191428757446535": {
        "meanRet": 0.8644444465637207,
        "maxRet": 0.9644444584846497,
        "minRet": 0.7955555319786072
    },
    "MiniGrid-DoorKey-12x12-custom-diff0.28191428757446535": {
        "meanRet": 0.7821333360671997,
        "maxRet": 0.9399999976158142,
        "minRet": 0.6511111259460449
    }
}