{
    "model": "test12x12_100k_4step_3gen_3curric/epoch_9_curric0_gen3",
    "MiniGrid-DoorKey-6x6-custom-diff0.8970715046045371": {
        "meanRet": 0.9847188353538513,
        "maxRet": 0.9909372329711914,
        "minRet": 0.9804802536964417
    },
    "MiniGrid-DoorKey-8x8-custom-diff0.8970715046045371": {
        "meanRet": 0.9781378769874572,
        "maxRet": 0.9874516129493713,
        "minRet": 0.972114622592926
    },
    "MiniGrid-DoorKey-10x10-custom-diff0.8970715046045371": {
        "meanRet": 0.9648365616798401,
        "maxRet": 0.9860573410987854,
        "minRet": 0.9484120607376099
    },
    "MiniGrid-DoorKey-12x12-custom-diff0.8970715046045371": {
        "meanRet": 0.9363934922218323,
        "maxRet": 0.972811758518219,
        "minRet": 0.8996127247810364
    }
}