{
    "model": "test12x12_100k_3step_3gen_3curric/epoch_17_curric1_gen3",
    "MiniGrid-DoorKey-6x6-custom-diff0.7220715046045372": {
        "meanRet": 0.9816708397865296,
        "maxRet": 0.9887391924858093,
        "minRet": 0.9748796820640564
    },
    "MiniGrid-DoorKey-8x8-custom-diff0.7220715046045372": {
        "meanRet": 0.9719345498085022,
        "maxRet": 0.9844080805778503,
        "minRet": 0.9618864059448242
    },
    "MiniGrid-DoorKey-10x10-custom-diff0.7220715046045372": {
        "meanRet": 0.9609509181976318,
        "maxRet": 0.9818094372749329,
        "minRet": 0.9419634342193604
    },
    "MiniGrid-DoorKey-12x12-custom-diff0.7220715046045372": {
        "meanRet": 0.9348257923126221,
        "maxRet": 0.9705486297607422,
        "minRet": 0.8882579207420349
    }
}