{
    "model": "test12x12_100k_4step_3gen_3curric/epoch_5_curric2_gen3",
    "MiniGrid-DoorKey-6x6-custom-diff0.9970715046045372": {
        "meanRet": 0.9863526082038879,
        "maxRet": 0.9918466806411743,
        "minRet": 0.9793031215667725
    },
    "MiniGrid-DoorKey-8x8-custom-diff0.9970715046045372": {
        "meanRet": 0.954667592048645,
        "maxRet": 0.9880836009979248,
        "minRet": 0.8958885073661804
    },
    "MiniGrid-DoorKey-10x10-custom-diff0.9970715046045372": {
        "meanRet": 0.7674174153804779,
        "maxRet": 0.9617421627044678,
        "minRet": 0.42299652099609375
    },
    "MiniGrid-DoorKey-12x12-custom-diff0.9970715046045372": {
        "meanRet": 0.1829797914624214,
        "maxRet": 0.9711498022079468,
        "minRet": 0.0
    }
}