{
    "model": "test12x12_100k_3step_3gen_3curric/epoch_1_curric0_gen2",
    "MiniGrid-DoorKey-6x6-custom-diff1.0": {
        "meanRet": 0.9471999955177307,
        "maxRet": 0.9750000238418579,
        "minRet": 0.9225000143051147
    },
    "MiniGrid-DoorKey-8x8-custom-diff1.0": {
        "meanRet": 0.9048812508583068,
        "maxRet": 0.9760937690734863,
        "minRet": 0.8031250238418579
    },
    "MiniGrid-DoorKey-10x10-custom-diff1.0": {
        "meanRet": 0.8921799945831299,
        "maxRet": 0.9675999879837036,
        "minRet": 0.7759000062942505
    },
    "MiniGrid-DoorKey-12x12-custom-diff1.0": {
        "meanRet": 0.8828500032424926,
        "maxRet": 0.9756249785423279,
        "minRet": 0.7074999809265137
    }
}