{
    "model": "test12x12_100k_3step_3gen_3curric/epoch_7_curric1_gen2",
    "MiniGrid-DoorKey-6x6-custom-diff0.9720715046045372": {
        "meanRet": 0.9857441020011902,
        "maxRet": 0.9916368722915649,
        "minRet": 0.9807004928588867
    },
    "MiniGrid-DoorKey-8x8-custom-diff0.9720715046045372": {
        "meanRet": 0.975116515159607,
        "maxRet": 0.9877769947052002,
        "minRet": 0.9646176099777222
    },
    "MiniGrid-DoorKey-10x10-custom-diff0.9720715046045372": {
        "meanRet": 0.962893500328064,
        "maxRet": 0.9845604300498962,
        "minRet": 0.9260185956954956
    },
    "MiniGrid-DoorKey-12x12-custom-diff0.9720715046045372": {
        "meanRet": 0.9334553289413452,
        "maxRet": 0.9819871187210083,
        "minRet": 0.8694067001342773
    }
}