{
    "model": "new_25k_7step_4gen_3curric/epoch_4_curric1_gen3",
    "MiniGrid-DoorKey-6x6-custom-diff1": {
        "meanRet": 0.9442500019073486,
        "maxRet": 0.9850000143051147,
        "minRet": 0.871874988079071
    },
    "MiniGrid-DoorKey-8x8-custom-diff1": {
        "meanRet": 0.8876500010490418,
        "maxRet": 0.9837499856948853,
        "minRet": 0.8050000071525574
    },
    "MiniGrid-DoorKey-10x10-custom-diff1": {
        "meanRet": 0.7276750016212463,
        "maxRet": 0.9318749904632568,
        "minRet": 0.41062501072883606
    },
    "MiniGrid-DoorKey-12x12-custom-diff1": {
        "meanRet": 0.181323529020244,
        "maxRet": 0.8031250238418579,
        "minRet": 0.0
    }
}