{
    "model": "test12x12_50k_3step_3gen_3curric/epoch_48_curric1_gen1",
    "MiniGrid-DoorKey-6x6-custom-diff0.15": {
        "meanRet": 0.9221666646003723,
        "maxRet": 0.949999988079071,
        "minRet": 0.8958333134651184
    },
    "MiniGrid-DoorKey-8x8-custom-diff0.15": {
        "meanRet": 0.8851666665077209,
        "maxRet": 0.9333333373069763,
        "minRet": 0.8541666865348816
    },
    "MiniGrid-DoorKey-10x10-custom-diff0.15": {
        "meanRet": 0.8326666712760925,
        "maxRet": 0.949999988079071,
        "minRet": 0.7833333611488342
    },
    "MiniGrid-DoorKey-12x12-custom-diff0.15": {
        "meanRet": 0.6616666650772095,
        "maxRet": 0.8291666507720947,
        "minRet": 0.512499988079071
    }
}