{
    "model": "test12x12_25k_3step_3gen_3curric/epoch_1_curric1_gen1",
    "MiniGrid-DoorKey-6x6-custom-diff1.0": {
        "meanRet": 0.0031250001241763434,
        "maxRet": 0.15000000596046448,
        "minRet": 0.0
    },
    "MiniGrid-DoorKey-8x8-custom-diff1.0": {
        "meanRet": 0.023385416716337204,
        "maxRet": 0.6189062595367432,
        "minRet": 0.0
    },
    "MiniGrid-DoorKey-10x10-custom-diff1.0": {
        "meanRet": 0.0,
        "maxRet": 0.0,
        "minRet": 0.0
    },
    "MiniGrid-DoorKey-12x12-custom-diff1.0": {
        "meanRet": 0.009075520560145378,
        "maxRet": 0.43562498688697815,
        "minRet": 0.0
    }
}