{
    "model": "test12x12_100k_3step_4gen_3curric/epoch_8_curric1_gen1",
    "MiniGrid-DoorKey-6x6-custom-diff0.94467792277423": {
        "meanRet": 0.9877705883979797,
        "maxRet": 0.9927206039428711,
        "minRet": 0.9827941060066223
    },
    "MiniGrid-DoorKey-8x8-custom-diff0.94467792277423": {
        "meanRet": 0.9820050941063807,
        "maxRet": 0.9887499809265137,
        "minRet": 0.9748529195785522
    },
    "MiniGrid-DoorKey-10x10-custom-diff0.94467792277423": {
        "meanRet": 0.9728676539201003,
        "maxRet": 0.9834558963775635,
        "minRet": 0.961617648601532
    },
    "MiniGrid-DoorKey-12x12-custom-diff0.94467792277423": {
        "meanRet": 0.9600141392304347,
        "maxRet": 0.979485273361206,
        "minRet": 0.9470587968826294
    }
}