{
    "model": "test12x12_25k_3step_3gen_3curric/epoch_23_curric2_gen1",
    "MiniGrid-DoorKey-6x6-custom-diff0.8569142875744653": {
        "meanRet": 0.9829590114263388,
        "maxRet": 0.9897810220718384,
        "minRet": 0.9781022071838379
    },
    "MiniGrid-DoorKey-8x8-custom-diff0.8569142875744653": {
        "meanRet": 0.97141606092453,
        "maxRet": 0.9883211851119995,
        "minRet": 0.9605839252471924
    },
    "MiniGrid-DoorKey-10x10-custom-diff0.8569142875744653": {
        "meanRet": 0.9572262740135193,
        "maxRet": 0.9773722887039185,
        "minRet": 0.93284672498703
    },
    "MiniGrid-DoorKey-12x12-custom-diff0.8569142875744653": {
        "meanRet": 0.926598539352417,
        "maxRet": 0.9635036587715149,
        "minRet": 0.8897809982299805
    }
}