{
    "model": "test12x12_25k_3step_3gen_3curric/epoch_46_curric1_gen1",
    "MiniGrid-DoorKey-6x6-custom-diff0.28191428757446535": {
        "meanRet": 0.962311110496521,
        "maxRet": 0.9755555391311646,
        "minRet": 0.9511111378669739
    },
    "MiniGrid-DoorKey-8x8-custom-diff0.28191428757446535": {
        "meanRet": 0.9433333346476922,
        "maxRet": 0.9688888788223267,
        "minRet": 0.9288889169692993
    },
    "MiniGrid-DoorKey-10x10-custom-diff0.28191428757446535": {
        "meanRet": 0.9205333328247071,
        "maxRet": 0.9622222185134888,
        "minRet": 0.902222216129303
    },
    "MiniGrid-DoorKey-12x12-custom-diff0.28191428757446535": {
        "meanRet": 0.8817777848243713,
        "maxRet": 0.9333333373069763,
        "minRet": 0.8244444727897644
    }
}