{
    "model": "test12x12_100k_3step_3gen_3curric/epoch_42_curric0_gen3",
    "MiniGrid-DoorKey-6x6-custom-diff0.15": {
        "meanRet": 0.905769231227728,
        "maxRet": 0.9458333253860474,
        "minRet": 0.862500011920929
    },
    "MiniGrid-DoorKey-8x8-custom-diff0.15": {
        "meanRet": 0.8603333330154419,
        "maxRet": 0.9166666865348816,
        "minRet": 0.7958333492279053
    },
    "MiniGrid-DoorKey-10x10-custom-diff0.15": {
        "meanRet": 0.7506666684150696,
        "maxRet": 0.9125000238418579,
        "minRet": 0.550000011920929
    },
    "MiniGrid-DoorKey-12x12-custom-diff0.15": {
        "meanRet": 0.6646666705608368,
        "maxRet": 0.8458333611488342,
        "minRet": 0.38333332538604736
    }
}