{
    "model": "test12x12_100k_3step_4gen_3curric/epoch_12_curric1_gen2",
    "MiniGrid-DoorKey-6x6-custom-diff0.84467792277423": {
        "meanRet": 0.9857006525993347,
        "maxRet": 0.9911184310913086,
        "minRet": 0.9814966917037964
    },
    "MiniGrid-DoorKey-8x8-custom-diff0.84467792277423": {
        "meanRet": 0.975013153553009,
        "maxRet": 0.9859374761581421,
        "minRet": 0.9674342274665833
    },
    "MiniGrid-DoorKey-10x10-custom-diff0.84467792277423": {
        "meanRet": 0.9643552613258362,
        "maxRet": 0.9881578683853149,
        "minRet": 0.9504112005233765
    },
    "MiniGrid-DoorKey-12x12-custom-diff0.84467792277423": {
        "meanRet": 0.9418142644258646,
        "maxRet": 0.9770559072494507,
        "minRet": 0.9163651466369629
    }
}