{
    "model": "test12x12_100k_3step_3gen_3curric/epoch_36_curric2_gen1",
    "MiniGrid-DoorKey-6x6-custom-diff0.15": {
        "meanRet": 0.897115381864401,
        "maxRet": 0.9375,
        "minRet": 0.8500000238418579
    },
    "MiniGrid-DoorKey-8x8-custom-diff0.15": {
        "meanRet": 0.8563333344459534,
        "maxRet": 0.9291666746139526,
        "minRet": 0.7958333492279053
    },
    "MiniGrid-DoorKey-10x10-custom-diff0.15": {
        "meanRet": 0.7949999976158142,
        "maxRet": 0.9166666865348816,
        "minRet": 0.6625000238418579
    },
    "MiniGrid-DoorKey-12x12-custom-diff0.15": {
        "meanRet": 0.6774999988079071,
        "maxRet": 0.8583333492279053,
        "minRet": 0.4583333432674408
    }
}