{
    "model": "test12x12_75k_3step_3gen_3curric/epoch_15_curric1_gen3",
    "MiniGrid-DoorKey-6x6-custom-diff0.7815023600555896": {
        "meanRet": 0.9853714257478714,
        "maxRet": 0.9904000163078308,
        "minRet": 0.9807999730110168
    },
    "MiniGrid-DoorKey-8x8-custom-diff0.7815023600555896": {
        "meanRet": 0.9778559970855712,
        "maxRet": 0.9887999892234802,
        "minRet": 0.9711999893188477
    },
    "MiniGrid-DoorKey-10x10-custom-diff0.7815023600555896": {
        "meanRet": 0.9666962954733107,
        "maxRet": 0.9919999837875366,
        "minRet": 0.9544000029563904
    },
    "MiniGrid-DoorKey-12x12-custom-diff0.7815023600555896": {
        "meanRet": 0.9463999915122986,
        "maxRet": 0.974399983882904,
        "minRet": 0.9175999760627747
    }
}