{
    "model": "DO_11_05_RHEA_PARA_ENV_1\\epoch_11_curric0_gen3",
    "MiniGrid-DoorKey-5x5-custom-diff2": {
        "meanRet": 0.7010714173316955,
        "maxRet": 0.7107142806053162,
        "minRet": 0.6785714030265808
    },
    "MiniGrid-DoorKey-6x6-custom-diff2": {
        "meanRet": 0.7277499914169312,
        "maxRet": 0.8199999928474426,
        "minRet": 0.6625000238418579
    },
    "MiniGrid-DoorKey-8x8-custom-diff2": {
        "meanRet": 0.7300000011920929,
        "maxRet": 0.8071428537368774,
        "minRet": 0.6785714030265808
    },
    "MiniGrid-DoorKey-16x16-custom-diff2": {
        "meanRet": 0.663936173915863,
        "maxRet": 0.8308510780334473,
        "minRet": 0.4925532042980194
    }
}