{
    "model": "test12x12_100k_3step_3gen_3curric/epoch_6_curric1_gen2",
    "MiniGrid-DoorKey-6x6-custom-diff0.9970715046045372": {
        "meanRet": 0.6872641107439995,
        "maxRet": 0.9548432230949402,
        "minRet": 0.1068989560008049
    },
    "MiniGrid-DoorKey-8x8-custom-diff0.9970715046045372": {
        "meanRet": 0.09097125567495823,
        "maxRet": 0.8156097531318665,
        "minRet": 0.0
    },
    "MiniGrid-DoorKey-10x10-custom-diff0.9970715046045372": {
        "meanRet": 0.04608449572697282,
        "maxRet": 0.8889895677566528,
        "minRet": 0.0
    },
    "MiniGrid-DoorKey-12x12-custom-diff0.9970715046045372": {
        "meanRet": 0.02023519203066826,
        "maxRet": 0.6475261449813843,
        "minRet": 0.0
    }
}