{
    "model": "SoRRH_2\\epoch_5_curric1",
    "MiniGrid-DoorKey-5x5-custom-diff0": {
        "meanRet": 0.9549999833106995,
        "maxRet": 0.9639999866485596,
        "minRet": 0.9459999799728394
    },
    "MiniGrid-DoorKey-6x6-custom-diff0": {
        "meanRet": 0.9609999835491181,
        "maxRet": 0.9700000286102295,
        "minRet": 0.9549999833106995
    },
    "MiniGrid-DoorKey-8x8-custom-diff0": {
        "meanRet": 0.9611874938011169,
        "maxRet": 0.9775000214576721,
        "minRet": 0.9535937309265137
    },
    "MiniGrid-DoorKey-16x16-custom-diff0": {
        "meanRet": 0.9507109344005584,
        "maxRet": 0.9838281273841858,
        "minRet": 0.9075390696525574
    }
}