{
    "model": "test12x12_75k_3step_3gen_3curric/epoch_26_curric2_gen1",
    "MiniGrid-DoorKey-6x6-custom-diff0.5065023600555897": {
        "meanRet": 0.9766419768333435,
        "maxRet": 0.9851852059364319,
        "minRet": 0.970370352268219
    },
    "MiniGrid-DoorKey-8x8-custom-diff0.5065023600555897": {
        "meanRet": 0.9614320969581605,
        "maxRet": 0.9765431880950928,
        "minRet": 0.9469135999679565
    },
    "MiniGrid-DoorKey-10x10-custom-diff0.5065023600555897": {
        "meanRet": 0.9445432043075561,
        "maxRet": 0.9765431880950928,
        "minRet": 0.9197530746459961
    },
    "MiniGrid-DoorKey-12x12-custom-diff0.5065023600555897": {
        "meanRet": 0.9103703689575195,
        "maxRet": 0.9530864357948303,
        "minRet": 0.8740741014480591
    }
}