{
    "model": "test12x12_100k_3step_4gen_3curric/epoch_5_curric2_gen2",
    "MiniGrid-DoorKey-6x6-custom-diff1": {
        "meanRet": 0.9884375012837924,
        "maxRet": 0.9918749928474426,
        "minRet": 0.984375
    },
    "MiniGrid-DoorKey-8x8-custom-diff1": {
        "meanRet": 0.9818509610799643,
        "maxRet": 0.9887499809265137,
        "minRet": 0.9775000214576721
    },
    "MiniGrid-DoorKey-10x10-custom-diff1": {
        "meanRet": 0.9738425965662356,
        "maxRet": 0.9862499833106995,
        "minRet": 0.9681249856948853
    },
    "MiniGrid-DoorKey-12x12-custom-diff1": {
        "meanRet": 0.9625250053405762,
        "maxRet": 0.9768750071525574,
        "minRet": 0.9412500262260437
    }
}