{
    "model": "MI_RHEA_PARA_ENV_2_first\\epoch_9_curric2_gen2",
    "MiniGrid-DoorKey-5x5-custom-diff1": {
        "meanRet": 0.8783536553382874,
        "maxRet": 0.9012194871902466,
        "minRet": 0.8573170900344849
    },
    "MiniGrid-DoorKey-6x6-custom-diff1": {
        "meanRet": 0.885294109582901,
        "maxRet": 0.916806697845459,
        "minRet": 0.8714285492897034
    },
    "MiniGrid-DoorKey-8x8-custom-diff1": {
        "meanRet": 0.9022835059599443,
        "maxRet": 0.9445497393608093,
        "minRet": 0.8805687427520752
    },
    "MiniGrid-DoorKey-16x16-custom-diff1": {
        "meanRet": 0.8526982188224792,
        "maxRet": 0.9179881811141968,
        "minRet": 0.815739631652832
    }
}