{
    "model": "DO_11_05_RHEA_PARA_ENV_1\\epoch_9_curric2_gen1",
    "MiniGrid-DoorKey-5x5-custom-diff2": {
        "meanRet": 0.6814935044808821,
        "maxRet": 0.7428571581840515,
        "minRet": 0.6464285850524902
    },
    "MiniGrid-DoorKey-6x6-custom-diff2": {
        "meanRet": 0.6573076935914847,
        "maxRet": 0.7749999761581421,
        "minRet": 0.5724999904632568
    },
    "MiniGrid-DoorKey-8x8-custom-diff2": {
        "meanRet": 0.7145714223384857,
        "maxRet": 0.8328571319580078,
        "minRet": 0.6271428465843201
    },
    "MiniGrid-DoorKey-16x16-custom-diff2": {
        "meanRet": 0.07307180762290955,
        "maxRet": 0.7255319356918335,
        "minRet": 0.0
    }
}