{
    "model": "test12x12_25k_3step_3gen_3curric/epoch_35_curric2_gen1",
    "MiniGrid-DoorKey-6x6-custom-diff0.5569142875744653": {
        "meanRet": 0.9791702742759998,
        "maxRet": 0.9865168333053589,
        "minRet": 0.9730337262153625
    },
    "MiniGrid-DoorKey-8x8-custom-diff0.5569142875744653": {
        "meanRet": 0.9676750141840714,
        "maxRet": 0.9820224642753601,
        "minRet": 0.9595505595207214
    },
    "MiniGrid-DoorKey-10x10-custom-diff0.5569142875744653": {
        "meanRet": 0.9531235933303833,
        "maxRet": 0.9865168333053589,
        "minRet": 0.9359550476074219
    },
    "MiniGrid-DoorKey-12x12-custom-diff0.5569142875744653": {
        "meanRet": 0.9296629214286805,
        "maxRet": 0.9617977738380432,
        "minRet": 0.8966292142868042
    }
}