{
    "model": "SO_RHEA_2PARA_5GEN_14May\\epoch_3_curric0_gen5",
    "MiniGrid-DoorKey-5x5-custom-diff2": {
        "meanRet": 0.7136363603852012,
        "maxRet": 0.7428571581840515,
        "minRet": 0.6785714030265808
    },
    "MiniGrid-DoorKey-6x6-custom-diff2": {
        "meanRet": 0.6584090861407194,
        "maxRet": 0.8199999928474426,
        "minRet": 0.550000011920929
    },
    "MiniGrid-DoorKey-8x8-custom-diff2": {
        "meanRet": 0.5744285732507706,
        "maxRet": 0.7557142972946167,
        "minRet": 0.40857142210006714
    },
    "MiniGrid-DoorKey-16x16-custom-diff2": {
        "meanRet": 0.05089760571718216,
        "maxRet": 0.4861702024936676,
        "minRet": 0.0
    }
}