{
    "model": "test12x12_100k_3step_4gen_3curric/epoch_17_curric1_gen4",
    "MiniGrid-DoorKey-6x6-custom-diff0.71967792277423": {
        "meanRet": 0.9847799229621887,
        "maxRet": 0.9895752668380737,
        "minRet": 0.9808880090713501
    },
    "MiniGrid-DoorKey-8x8-custom-diff0.71967792277423": {
        "meanRet": 0.9741814708709717,
        "maxRet": 0.9869691133499146,
        "minRet": 0.9652509689331055
    },
    "MiniGrid-DoorKey-10x10-custom-diff0.71967792277423": {
        "meanRet": 0.9622972965240478,
        "maxRet": 0.9913127422332764,
        "minRet": 0.9487451910972595
    },
    "MiniGrid-DoorKey-12x12-custom-diff0.71967792277423": {
        "meanRet": 0.933108103275299,
        "maxRet": 0.9678571224212646,
        "minRet": 0.9009652733802795
    }
}