{
    "model": "test12x12_100k_3step_3gen_3curric/epoch_39_curric1_gen3",
    "MiniGrid-DoorKey-6x6-custom-diff0.15": {
        "meanRet": 0.9126666641235351,
        "maxRet": 0.9541666507720947,
        "minRet": 0.8833333253860474
    },
    "MiniGrid-DoorKey-8x8-custom-diff0.15": {
        "meanRet": 0.8441666650772095,
        "maxRet": 0.9041666388511658,
        "minRet": 0.762499988079071
    },
    "MiniGrid-DoorKey-10x10-custom-diff0.15": {
        "meanRet": 0.7984999990463257,
        "maxRet": 0.925000011920929,
        "minRet": 0.7041666507720947
    },
    "MiniGrid-DoorKey-12x12-custom-diff0.15": {
        "meanRet": 0.688461537544544,
        "maxRet": 0.875,
        "minRet": 0.44999998807907104
    }
}