{
    "model": "test12x12_100k_4step_3gen_3curric/epoch_20_curric0_gen1",
    "MiniGrid-DoorKey-6x6-custom-diff0.22601000000000004": {
        "meanRet": 0.9340922975540161,
        "maxRet": 0.9695384502410889,
        "minRet": 0.8947692513465881
    },
    "MiniGrid-DoorKey-8x8-custom-diff0.22601000000000004": {
        "meanRet": 0.8925538516044617,
        "maxRet": 0.9390769004821777,
        "minRet": 0.8449230790138245
    },
    "MiniGrid-DoorKey-10x10-custom-diff0.22601000000000004": {
        "meanRet": 0.781784610748291,
        "maxRet": 0.9252307415008545,
        "minRet": 0.6621538400650024
    },
    "MiniGrid-DoorKey-12x12-custom-diff0.22601000000000004": {
        "meanRet": 0.22354717018469325,
        "maxRet": 0.8532307744026184,
        "minRet": 0.0
    }
}