{
    "model": "test12x12_100k_3step_4gen_3curric/epoch_19_curric1_gen1",
    "MiniGrid-DoorKey-6x6-custom-diff0.66967792277423": {
        "meanRet": 0.9829436563528501,
        "maxRet": 0.9887966513633728,
        "minRet": 0.9775933623313904
    },
    "MiniGrid-DoorKey-8x8-custom-diff0.66967792277423": {
        "meanRet": 0.9732843912564791,
        "maxRet": 0.9841286540031433,
        "minRet": 0.9645228385925293
    },
    "MiniGrid-DoorKey-10x10-custom-diff0.66967792277423": {
        "meanRet": 0.9656431484222412,
        "maxRet": 0.9757261276245117,
        "minRet": 0.9523859024047852
    },
    "MiniGrid-DoorKey-12x12-custom-diff0.66967792277423": {
        "meanRet": 0.9395394158363343,
        "maxRet": 0.9701244831085205,
        "minRet": 0.920643150806427
    }
}