{
    "model": "test12x12_50k_3step_3gen_3curric/epoch_23_curric2_gen2",
    "MiniGrid-DoorKey-6x6-custom-diff0.6760602224432589": {
        "meanRet": 0.9817965149879455,
        "maxRet": 0.9889003038406372,
        "minRet": 0.9768756628036499
    },
    "MiniGrid-DoorKey-8x8-custom-diff0.6760602224432589": {
        "meanRet": 0.9741007177918045,
        "maxRet": 0.9852004051208496,
        "minRet": 0.9667009115219116
    },
    "MiniGrid-DoorKey-10x10-custom-diff0.6760602224432589": {
        "meanRet": 0.9632065737688983,
        "maxRet": 0.981500506401062,
        "minRet": 0.9519013166427612
    },
    "MiniGrid-DoorKey-12x12-custom-diff0.6760602224432589": {
        "meanRet": 0.9377677321434021,
        "maxRet": 0.9694758653640747,
        "minRet": 0.9121274352073669
    }
}