{
    "model": "test12x12_25k_3step_3gen_3curric/epoch_32_curric2_gen3",
    "MiniGrid-DoorKey-6x6-custom-diff0.6319142875744653": {
        "meanRet": 0.979445538520813,
        "maxRet": 0.9881188273429871,
        "minRet": 0.9722772240638733
    },
    "MiniGrid-DoorKey-8x8-custom-diff0.6319142875744653": {
        "meanRet": 0.9691089129447937,
        "maxRet": 0.9851484894752502,
        "minRet": 0.9564356207847595
    },
    "MiniGrid-DoorKey-10x10-custom-diff0.6319142875744653": {
        "meanRet": 0.9483168339729309,
        "maxRet": 0.9762375950813293,
        "minRet": 0.9217821955680847
    },
    "MiniGrid-DoorKey-12x12-custom-diff0.6319142875744653": {
        "meanRet": 0.9167920708656311,
        "maxRet": 0.9613861441612244,
        "minRet": 0.8722772002220154
    }
}