{
    "model": "test12x12_75k_3step_3gen_3curric/epoch_16_curric0_gen1",
    "MiniGrid-DoorKey-6x6-custom-diff0.7565023600555896": {
        "meanRet": 0.983900830745697,
        "maxRet": 0.9917355179786682,
        "minRet": 0.9785124063491821
    },
    "MiniGrid-DoorKey-8x8-custom-diff0.7565023600555896": {
        "meanRet": 0.9746980254466717,
        "maxRet": 0.9859504103660583,
        "minRet": 0.9661157131195068
    },
    "MiniGrid-DoorKey-10x10-custom-diff0.7565023600555896": {
        "meanRet": 0.9640991687774658,
        "maxRet": 0.9859504103660583,
        "minRet": 0.9413223266601562
    },
    "MiniGrid-DoorKey-12x12-custom-diff0.7565023600555896": {
        "meanRet": 0.9358232617378235,
        "maxRet": 0.9760330319404602,
        "minRet": 0.9115702509880066
    }
}