{
    "model": "test12x12_75k_3step_3gen_3curric/epoch_42_curric0_gen3",
    "MiniGrid-DoorKey-6x6-custom-diff0.15": {
        "meanRet": 0.9283046064705684,
        "maxRet": 0.9541666507720947,
        "minRet": 0.9083333611488342
    },
    "MiniGrid-DoorKey-8x8-custom-diff0.15": {
        "meanRet": 0.8916666662251508,
        "maxRet": 0.9375,
        "minRet": 0.8541666865348816
    },
    "MiniGrid-DoorKey-10x10-custom-diff0.15": {
        "meanRet": 0.8529999995231629,
        "maxRet": 0.9416666626930237,
        "minRet": 0.7958333492279053
    },
    "MiniGrid-DoorKey-12x12-custom-diff0.15": {
        "meanRet": 0.7663333320617676,
        "maxRet": 0.887499988079071,
        "minRet": 0.6458333134651184
    }
}