{
    "model": "test12x12_25k_3step_3gen_3curric/epoch_9_curric2_gen1",
    "MiniGrid-DoorKey-6x6-custom-diff1": {
        "meanRet": 0.9852250027656555,
        "maxRet": 0.9912499785423279,
        "minRet": 0.9787499904632568
    },
    "MiniGrid-DoorKey-8x8-custom-diff1": {
        "meanRet": 0.9764663485380319,
        "maxRet": 0.9906250238418579,
        "minRet": 0.9668750166893005
    },
    "MiniGrid-DoorKey-10x10-custom-diff1": {
        "meanRet": 0.9642999982833862,
        "maxRet": 0.987500011920929,
        "minRet": 0.9443749785423279
    },
    "MiniGrid-DoorKey-12x12-custom-diff1": {
        "meanRet": 0.9413250041007996,
        "maxRet": 0.971875011920929,
        "minRet": 0.8968750238418579
    }
}