{
    "model": "test12x12_75k_3step_3gen_3curric/epoch_33_curric2_gen3",
    "MiniGrid-DoorKey-6x6-custom-diff0.15": {
        "meanRet": 0.9303333401679993,
        "maxRet": 0.9583333134651184,
        "minRet": 0.9083333611488342
    },
    "MiniGrid-DoorKey-8x8-custom-diff0.15": {
        "meanRet": 0.888333330154419,
        "maxRet": 0.9333333373069763,
        "minRet": 0.862500011920929
    },
    "MiniGrid-DoorKey-10x10-custom-diff0.15": {
        "meanRet": 0.8304487191713773,
        "maxRet": 0.9291666746139526,
        "minRet": 0.7541666626930237
    },
    "MiniGrid-DoorKey-12x12-custom-diff0.15": {
        "meanRet": 0.7421474365087656,
        "maxRet": 0.8833333253860474,
        "minRet": 0.574999988079071
    }
}