{
    "model": "test12x12_25k_3step_3gen_3curric/epoch_20_curric0_gen1",
    "MiniGrid-DoorKey-6x6-custom-diff0.9319142875744653": {
        "meanRet": 0.9875466028849283,
        "maxRet": 0.9932885766029358,
        "minRet": 0.9838926196098328
    },
    "MiniGrid-DoorKey-8x8-custom-diff0.9319142875744653": {
        "meanRet": 0.9803758406639099,
        "maxRet": 0.9899328947067261,
        "minRet": 0.972483217716217
    },
    "MiniGrid-DoorKey-10x10-custom-diff0.9319142875744653": {
        "meanRet": 0.9725864781783178,
        "maxRet": 0.9838926196098328,
        "minRet": 0.963087260723114
    },
    "MiniGrid-DoorKey-12x12-custom-diff0.9319142875744653": {
        "meanRet": 0.9555704712867736,
        "maxRet": 0.9818791747093201,
        "minRet": 0.9409396052360535
    }
}