{
    "model": "test12x12_100k_3step_3gen_3curric/epoch_32_curric0_gen3",
    "MiniGrid-DoorKey-6x6-custom-diff0.15": {
        "meanRet": 0.9126543226065459,
        "maxRet": 0.949999988079071,
        "minRet": 0.8791666626930237
    },
    "MiniGrid-DoorKey-8x8-custom-diff0.15": {
        "meanRet": 0.8685000014305114,
        "maxRet": 0.949999988079071,
        "minRet": 0.7875000238418579
    },
    "MiniGrid-DoorKey-10x10-custom-diff0.15": {
        "meanRet": 0.8105000019073486,
        "maxRet": 0.8958333134651184,
        "minRet": 0.6833333373069763
    },
    "MiniGrid-DoorKey-12x12-custom-diff0.15": {
        "meanRet": 0.6821666693687439,
        "maxRet": 0.8374999761581421,
        "minRet": 0.5208333134651184
    }
}