{
    "model": "test12x12_100k_3step_4gen_3curric/epoch_10_curric0_gen4",
    "MiniGrid-DoorKey-6x6-custom-diff0.89467792277423": {
        "meanRet": 0.9841166941019205,
        "maxRet": 0.9916148781776428,
        "minRet": 0.9783384799957275
    },
    "MiniGrid-DoorKey-8x8-custom-diff0.89467792277423": {
        "meanRet": 0.97442547082901,
        "maxRet": 0.9867236018180847,
        "minRet": 0.965062141418457
    },
    "MiniGrid-DoorKey-10x10-custom-diff0.89467792277423": {
        "meanRet": 0.960645968914032,
        "maxRet": 0.9797360301017761,
        "minRet": 0.9454969167709351
    },
    "MiniGrid-DoorKey-12x12-custom-diff0.89467792277423": {
        "meanRet": 0.9560857644447913,
        "maxRet": 0.9748446941375732,
        "minRet": 0.9378105401992798
    }
}