{
    "model": "test12x12_50k_3step_3gen_3curric/epoch_49_curric0_gen2",
    "MiniGrid-DoorKey-6x6-custom-diff0.15": {
        "meanRet": 0.9293333411216735,
        "maxRet": 0.9583333134651184,
        "minRet": 0.9125000238418579
    },
    "MiniGrid-DoorKey-8x8-custom-diff0.15": {
        "meanRet": 0.8912036992885448,
        "maxRet": 0.9541666507720947,
        "minRet": 0.862500011920929
    },
    "MiniGrid-DoorKey-10x10-custom-diff0.15": {
        "meanRet": 0.8493333387374878,
        "maxRet": 0.9333333373069763,
        "minRet": 0.7875000238418579
    },
    "MiniGrid-DoorKey-12x12-custom-diff0.15": {
        "meanRet": 0.7246666669845581,
        "maxRet": 0.8833333253860474,
        "minRet": 0.6000000238418579
    }
}