{
    "model": "test12x12_100k_3step_3gen_3curric/epoch_18_curric2_gen1",
    "MiniGrid-DoorKey-6x6-custom-diff0.6970715046045372": {
        "meanRet": 0.9799361896514892,
        "maxRet": 0.9865403771400452,
        "minRet": 0.9721834659576416
    },
    "MiniGrid-DoorKey-8x8-custom-diff0.6970715046045372": {
        "meanRet": 0.9661016883673491,
        "maxRet": 0.9829511642456055,
        "minRet": 0.9515453577041626
    },
    "MiniGrid-DoorKey-10x10-custom-diff0.6970715046045372": {
        "meanRet": 0.9613080739974975,
        "maxRet": 0.9838484525680542,
        "minRet": 0.9389830231666565
    },
    "MiniGrid-DoorKey-12x12-custom-diff0.6970715046045372": {
        "meanRet": 0.9470947122573853,
        "maxRet": 0.9730807542800903,
        "minRet": 0.9093719124794006
    }
}