{
    "model": "test12x12_25k_3step_3gen_3curric/epoch_26_curric2_gen2",
    "MiniGrid-DoorKey-6x6-custom-diff0.7819142875744653": {
        "meanRet": 0.983507690521387,
        "maxRet": 0.9896000027656555,
        "minRet": 0.9775999784469604
    },
    "MiniGrid-DoorKey-8x8-custom-diff0.7819142875744653": {
        "meanRet": 0.9766080021858216,
        "maxRet": 0.9879999756813049,
        "minRet": 0.9688000082969666
    },
    "MiniGrid-DoorKey-10x10-custom-diff0.7819142875744653": {
        "meanRet": 0.9671999955177307,
        "maxRet": 0.9807999730110168,
        "minRet": 0.9527999758720398
    },
    "MiniGrid-DoorKey-12x12-custom-diff0.7819142875744653": {
        "meanRet": 0.9461759996414184,
        "maxRet": 0.9728000164031982,
        "minRet": 0.909600019454956
    }
}