{
    "model": "test12x12_100k_3step_3gen_3curric/epoch_13_curric1_gen1",
    "MiniGrid-DoorKey-6x6-custom-diff0.8220715046045372": {
        "meanRet": 0.9815891861915589,
        "maxRet": 0.9870668053627014,
        "minRet": 0.9756551384925842
    },
    "MiniGrid-DoorKey-8x8-custom-diff0.8220715046045372": {
        "meanRet": 0.9728250169754028,
        "maxRet": 0.9832628965377808,
        "minRet": 0.9627218842506409
    },
    "MiniGrid-DoorKey-10x10-custom-diff0.8220715046045372": {
        "meanRet": 0.9600006525333111,
        "maxRet": 0.9878275394439697,
        "minRet": 0.9360947012901306
    },
    "MiniGrid-DoorKey-12x12-custom-diff0.8220715046045372": {
        "meanRet": 0.9399898505210876,
        "maxRet": 0.9710904359817505,
        "minRet": 0.906424343585968
    }
}