{
    "model": "test12x12_100k_3step_4gen_3curric/epoch_28_curric1_gen4",
    "MiniGrid-DoorKey-6x6-custom-diff0.15": {
        "meanRet": 0.9081666707992554,
        "maxRet": 0.9583333134651184,
        "minRet": 0.8708333373069763
    },
    "MiniGrid-DoorKey-8x8-custom-diff0.15": {
        "meanRet": 0.8450000047683716,
        "maxRet": 0.925000011920929,
        "minRet": 0.7916666865348816
    },
    "MiniGrid-DoorKey-10x10-custom-diff0.15": {
        "meanRet": 0.7846666693687439,
        "maxRet": 0.887499988079071,
        "minRet": 0.6875
    },
    "MiniGrid-DoorKey-12x12-custom-diff0.15": {
        "meanRet": 0.6290000021457672,
        "maxRet": 0.8500000238418579,
        "minRet": 0.4333333373069763
    }
}