{
    "model": "test12x12_50k_3step_3gen_3curric/epoch_39_curric2_gen2",
    "MiniGrid-DoorKey-6x6-custom-diff0.2760602224432589": {
        "meanRet": 0.9584685039520263,
        "maxRet": 0.9727959632873535,
        "minRet": 0.9433249235153198
    },
    "MiniGrid-DoorKey-8x8-custom-diff0.2760602224432589": {
        "meanRet": 0.9326246690750122,
        "maxRet": 0.9591939449310303,
        "minRet": 0.9138538837432861
    },
    "MiniGrid-DoorKey-10x10-custom-diff0.2760602224432589": {
        "meanRet": 0.9006878412686862,
        "maxRet": 0.9523929357528687,
        "minRet": 0.8662468791007996
    },
    "MiniGrid-DoorKey-12x12-custom-diff0.2760602224432589": {
        "meanRet": 0.8413098263740539,
        "maxRet": 0.9365239143371582,
        "minRet": 0.7438287138938904
    }
}