{
    "model": "SO_RHEA_2PARA_5GEN_14May\\epoch_1_curric2_gen4",
    "MiniGrid-DoorKey-5x5-custom-diff0": {
        "meanRet": 0.9509090727025812,
        "maxRet": 0.9675999879837036,
        "minRet": 0.9423999786376953
    },
    "MiniGrid-DoorKey-6x6-custom-diff0": {
        "meanRet": 0.9509090781211853,
        "maxRet": 0.9649999737739563,
        "minRet": 0.9399999976158142
    },
    "MiniGrid-DoorKey-8x8-custom-diff0": {
        "meanRet": 0.9378437519073486,
        "maxRet": 0.9704687595367432,
        "minRet": 0.9128124713897705
    },
    "MiniGrid-DoorKey-16x16-custom-diff0": {
        "meanRet": 0.8516054689884186,
        "maxRet": 0.9261718988418579,
        "minRet": 0.7946875095367432
    }
}