{
    "model": "test12x12_50k_3step_3gen_3curric/epoch_6_curric0_gen3",
    "MiniGrid-DoorKey-6x6-custom-diff1": {
        "meanRet": 0.9871875116458306,
        "maxRet": 0.9925000071525574,
        "minRet": 0.9825000166893005
    },
    "MiniGrid-DoorKey-8x8-custom-diff1": {
        "meanRet": 0.979254812002182,
        "maxRet": 0.9906250238418579,
        "minRet": 0.96875
    },
    "MiniGrid-DoorKey-10x10-custom-diff1": {
        "meanRet": 0.9700999999046326,
        "maxRet": 0.9850000143051147,
        "minRet": 0.9568750262260437
    },
    "MiniGrid-DoorKey-12x12-custom-diff1": {
        "meanRet": 0.9528749990463257,
        "maxRet": 0.9781249761581421,
        "minRet": 0.9256250262260437
    }
}