{
    "model": "test12x12_100k_3step_4gen_3curric/epoch_21_curric1_gen2",
    "MiniGrid-DoorKey-6x6-custom-diff0.20553": {
        "meanRet": 0.9482529346759503,
        "maxRet": 0.9633898138999939,
        "minRet": 0.9359322190284729
    },
    "MiniGrid-DoorKey-8x8-custom-diff0.20553": {
        "meanRet": 0.9089439373749953,
        "maxRet": 0.9572881460189819,
        "minRet": 0.8901695013046265
    },
    "MiniGrid-DoorKey-10x10-custom-diff0.20553": {
        "meanRet": 0.8646644067764282,
        "maxRet": 0.9542372822761536,
        "minRet": 0.8077965974807739
    },
    "MiniGrid-DoorKey-12x12-custom-diff0.20553": {
        "meanRet": 0.7706983041763306,
        "maxRet": 0.9115254282951355,
        "minRet": 0.673559308052063
    }
}