{
    "model": "DO_11_05_RHEA_PARA_ENV_1\\epoch_5_curric2_gen1",
    "MiniGrid-DoorKey-5x5-custom-diff2": {
        "meanRet": 0.688461537544544,
        "maxRet": 0.7428571581840515,
        "minRet": 0.6464285850524902
    },
    "MiniGrid-DoorKey-6x6-custom-diff2": {
        "meanRet": 0.7156818238171664,
        "maxRet": 0.7749999761581421,
        "minRet": 0.6625000238418579
    },
    "MiniGrid-DoorKey-8x8-custom-diff2": {
        "meanRet": 0.6451428532600403,
        "maxRet": 0.7171428799629211,
        "minRet": 0.5628571510314941
    },
    "MiniGrid-DoorKey-16x16-custom-diff2": {
        "meanRet": 0.0,
        "maxRet": 0.0,
        "minRet": 0.0
    }
}