{
    "model": "test12x12_25k_3step_3gen_3curric/epoch_25_curric2_gen1",
    "MiniGrid-DoorKey-6x6-custom-diff0.8069142875744653": {
        "meanRet": 0.9837829399108887,
        "maxRet": 0.9906976819038391,
        "minRet": 0.9782945513725281
    },
    "MiniGrid-DoorKey-8x8-custom-diff0.8069142875744653": {
        "meanRet": 0.9761240315437317,
        "maxRet": 0.9883720874786377,
        "minRet": 0.9674418568611145
    },
    "MiniGrid-DoorKey-10x10-custom-diff0.8069142875744653": {
        "meanRet": 0.9644031023979187,
        "maxRet": 0.9806201457977295,
        "minRet": 0.9511628150939941
    },
    "MiniGrid-DoorKey-12x12-custom-diff0.8069142875744653": {
        "meanRet": 0.9419844961166381,
        "maxRet": 0.9798449873924255,
        "minRet": 0.9038759469985962
    }
}