{
    "model": "test12x12_100k_3step_3gen_3curric/epoch_5_curric0_gen1",
    "MiniGrid-DoorKey-6x6-custom-diff1": {
        "meanRet": 0.9870500040054321,
        "maxRet": 0.9918749928474426,
        "minRet": 0.981249988079071
    },
    "MiniGrid-DoorKey-8x8-custom-diff1": {
        "meanRet": 0.9595749950408936,
        "maxRet": 0.981249988079071,
        "minRet": 0.9337499737739563
    },
    "MiniGrid-DoorKey-10x10-custom-diff1": {
        "meanRet": 0.9154749965667724,
        "maxRet": 0.9737499952316284,
        "minRet": 0.8431249856948853
    },
    "MiniGrid-DoorKey-12x12-custom-diff1": {
        "meanRet": 0.7718999981880188,
        "maxRet": 0.9443749785423279,
        "minRet": 0.6131250262260437
    }
}