{
    "model": "test12x12_100k_3step_3gen_3curric/epoch_15_curric2_gen1",
    "MiniGrid-DoorKey-6x6-custom-diff0.7720715046045372": {
        "meanRet": 0.9827701999590948,
        "maxRet": 0.9894689321517944,
        "minRet": 0.9765076637268066
    },
    "MiniGrid-DoorKey-8x8-custom-diff0.7720715046045372": {
        "meanRet": 0.9708046817779541,
        "maxRet": 0.9854185581207275,
        "minRet": 0.9611161351203918
    },
    "MiniGrid-DoorKey-10x10-custom-diff0.7720715046045372": {
        "meanRet": 0.9633843398094177,
        "maxRet": 0.9789378643035889,
        "minRet": 0.9424842596054077
    },
    "MiniGrid-DoorKey-12x12-custom-diff0.7720715046045372": {
        "meanRet": 0.9392763257026673,
        "maxRet": 0.9708370566368103,
        "minRet": 0.9027903079986572
    }
}