{
    "model": "test12x12_50k_3step_3gen_3curric/epoch_46_curric1_gen2",
    "MiniGrid-DoorKey-6x6-custom-diff0.15": {
        "meanRet": 0.928000009059906,
        "maxRet": 0.949999988079071,
        "minRet": 0.9083333611488342
    },
    "MiniGrid-DoorKey-8x8-custom-diff0.15": {
        "meanRet": 0.876833336353302,
        "maxRet": 0.9416666626930237,
        "minRet": 0.8458333611488342
    },
    "MiniGrid-DoorKey-10x10-custom-diff0.15": {
        "meanRet": 0.8441357987898367,
        "maxRet": 0.9458333253860474,
        "minRet": 0.7749999761581421
    },
    "MiniGrid-DoorKey-12x12-custom-diff0.15": {
        "meanRet": 0.7108974388012519,
        "maxRet": 0.875,
        "minRet": 0.5375000238418579
    }
}