{
    "model": "test12x12_75k_3step_3gen_3curric/epoch_13_curric0_gen2",
    "MiniGrid-DoorKey-6x6-custom-diff0.8315023600555896": {
        "meanRet": 0.9837894678115845,
        "maxRet": 0.9902255535125732,
        "minRet": 0.9781954884529114
    },
    "MiniGrid-DoorKey-8x8-custom-diff0.8315023600555896": {
        "meanRet": 0.9790052083822397,
        "maxRet": 0.9894737005233765,
        "minRet": 0.9706767201423645
    },
    "MiniGrid-DoorKey-10x10-custom-diff0.8315023600555896": {
        "meanRet": 0.9718496227264404,
        "maxRet": 0.9879699349403381,
        "minRet": 0.9571428298950195
    },
    "MiniGrid-DoorKey-12x12-custom-diff0.8315023600555896": {
        "meanRet": 0.9580751895904541,
        "maxRet": 0.976691722869873,
        "minRet": 0.9413533806800842
    }
}