{
    "model": "SO_RHEA_2PARA_5GEN_14May\\epoch_8_curric2_gen3",
    "MiniGrid-DoorKey-5x5-custom-diff1": {
        "meanRet": 0.8664634227752686,
        "maxRet": 0.9012194871902466,
        "minRet": 0.8463414907455444
    },
    "MiniGrid-DoorKey-6x6-custom-diff1": {
        "meanRet": 0.8729411602020264,
        "maxRet": 0.9016806483268738,
        "minRet": 0.8563024997711182
    },
    "MiniGrid-DoorKey-8x8-custom-diff1": {
        "meanRet": 0.8669194281101227,
        "maxRet": 0.9317535758018494,
        "minRet": 0.8379147052764893
    },
    "MiniGrid-DoorKey-16x16-custom-diff1": {
        "meanRet": 0.8166982233524323,
        "maxRet": 0.9222485423088074,
        "minRet": 0.7113609313964844
    }
}