{
    "model": "test12x12_50k_3step_3gen_3curric/epoch_44_curric0_gen2",
    "MiniGrid-DoorKey-6x6-custom-diff0.15": {
        "meanRet": 0.9238782181189611,
        "maxRet": 0.9458333253860474,
        "minRet": 0.9083333611488342
    },
    "MiniGrid-DoorKey-8x8-custom-diff0.15": {
        "meanRet": 0.8798333334922791,
        "maxRet": 0.9375,
        "minRet": 0.8416666388511658
    },
    "MiniGrid-DoorKey-10x10-custom-diff0.15": {
        "meanRet": 0.8333333349227905,
        "maxRet": 0.949999988079071,
        "minRet": 0.7541666626930237
    },
    "MiniGrid-DoorKey-12x12-custom-diff0.15": {
        "meanRet": 0.6663461465101975,
        "maxRet": 0.8583333492279053,
        "minRet": 0.5083333253860474
    }
}