{
    "model": "Rhea_SaRun2\\epoch_5_curric1_gen3",
    "MiniGrid-DoorKey-5x5-custom-diff2": {
        "meanRet": 0.699999988079071,
        "maxRet": 0.7428571581840515,
        "minRet": 0.6785714030265808
    },
    "MiniGrid-DoorKey-6x6-custom-diff2": {
        "meanRet": 0.7402272657914595,
        "maxRet": 0.8199999928474426,
        "minRet": 0.7074999809265137
    },
    "MiniGrid-DoorKey-8x8-custom-diff2": {
        "meanRet": 0.7865714311599732,
        "maxRet": 0.8585714101791382,
        "minRet": 0.7428571581840515
    },
    "MiniGrid-DoorKey-16x16-custom-diff2": {
        "meanRet": 0.6802127659320831,
        "maxRet": 0.7957446575164795,
        "minRet": 0.5276595950126648
    }
}