{
    "model": "new_25k_7step_4gen_3curric/epoch_6_curric1_gen2",
    "MiniGrid-DoorKey-6x6-custom-diff1": {
        "meanRet": 0.9845499992370605,
        "maxRet": 0.9906250238418579,
        "minRet": 0.9781249761581421
    },
    "MiniGrid-DoorKey-8x8-custom-diff1": {
        "meanRet": 0.9751500034332276,
        "maxRet": 0.9862499833106995,
        "minRet": 0.9681249856948853
    },
    "MiniGrid-DoorKey-10x10-custom-diff1": {
        "meanRet": 0.9617499995231629,
        "maxRet": 0.9862499833106995,
        "minRet": 0.9381250143051147
    },
    "MiniGrid-DoorKey-12x12-custom-diff1": {
        "meanRet": 0.9438749980926514,
        "maxRet": 0.9793750047683716,
        "minRet": 0.8837500214576721
    }
}