{
    "model": "test12x12_100k_3step_3gen_3curric/epoch_9_curric2_gen2",
    "MiniGrid-DoorKey-6x6-custom-diff0.9220715046045371": {
        "meanRet": 0.9857815759522575,
        "maxRet": 0.9925395846366882,
        "minRet": 0.9803315997123718
    },
    "MiniGrid-DoorKey-8x8-custom-diff0.9220715046045371": {
        "meanRet": 0.9786495876312256,
        "maxRet": 0.9898266792297363,
        "minRet": 0.9654107093811035
    },
    "MiniGrid-DoorKey-10x10-custom-diff0.9220715046045371": {
        "meanRet": 0.9707008337974549,
        "maxRet": 0.983044445514679,
        "minRet": 0.9545591473579407
    },
    "MiniGrid-DoorKey-12x12-custom-diff0.9220715046045371": {
        "meanRet": 0.9488892245292664,
        "maxRet": 0.9782969355583191,
        "minRet": 0.9213262796401978
    }
}