{
    "model": "test12x12_100k_4step_3gen_3curric/epoch_11_curric2_gen1",
    "MiniGrid-DoorKey-6x6-custom-diff0.6868055": {
        "meanRet": 0.2699313321534325,
        "maxRet": 0.9599190354347229,
        "minRet": 0.0
    },
    "MiniGrid-DoorKey-8x8-custom-diff0.6868055": {
        "meanRet": 0.08150045543300863,
        "maxRet": 0.8360323905944824,
        "minRet": 0.0
    },
    "MiniGrid-DoorKey-10x10-custom-diff0.6868055": {
        "meanRet": 0.0,
        "maxRet": 0.0,
        "minRet": 0.0
    },
    "MiniGrid-DoorKey-12x12-custom-diff0.6868055": {
        "meanRet": 0.0,
        "maxRet": 0.0,
        "minRet": 0.0
    }
}