{
    "model": "DO_11_05_RHEA_PARA_ENV_1\\epoch_4_curric1_gen2",
    "MiniGrid-DoorKey-5x5-custom-diff2": {
        "meanRet": 0.6437499870856603,
        "maxRet": 0.7107142806053162,
        "minRet": 0.5821428298950195
    },
    "MiniGrid-DoorKey-6x6-custom-diff2": {
        "meanRet": 0.6584090861407194,
        "maxRet": 0.7749999761581421,
        "minRet": 0.5724999904632568
    },
    "MiniGrid-DoorKey-8x8-custom-diff2": {
        "meanRet": 0.6734285652637482,
        "maxRet": 0.7814285755157471,
        "minRet": 0.6142857074737549
    },
    "MiniGrid-DoorKey-16x16-custom-diff2": {
        "meanRet": 0.5394680917263031,
        "maxRet": 0.7670212984085083,
        "minRet": 0.2914893627166748
    }
}