{
    "model": "test12x12_100k_3step_4gen_3curric/epoch_24_curric0_gen2",
    "MiniGrid-DoorKey-6x6-custom-diff0.15": {
        "meanRet": 0.9263333439826965,
        "maxRet": 0.949999988079071,
        "minRet": 0.9083333611488342
    },
    "MiniGrid-DoorKey-8x8-custom-diff0.15": {
        "meanRet": 0.8881666612625122,
        "maxRet": 0.9375,
        "minRet": 0.862500011920929
    },
    "MiniGrid-DoorKey-10x10-custom-diff0.15": {
        "meanRet": 0.8270833263030419,
        "maxRet": 0.9041666388511658,
        "minRet": 0.7708333134651184
    },
    "MiniGrid-DoorKey-12x12-custom-diff0.15": {
        "meanRet": 0.7408333349227906,
        "maxRet": 0.8833333253860474,
        "minRet": 0.6416666507720947
    }
}