{
    "model": "DO_11_05_RHEA_PARA_ENV_1\\epoch_1_curric2_gen2",
    "MiniGrid-DoorKey-5x5-custom-diff0": {
        "meanRet": 0.9545090740377252,
        "maxRet": 0.9675999879837036,
        "minRet": 0.9459999799728394
    },
    "MiniGrid-DoorKey-6x6-custom-diff0": {
        "meanRet": 0.9527272636240179,
        "maxRet": 0.9700000286102295,
        "minRet": 0.9449999928474426
    },
    "MiniGrid-DoorKey-8x8-custom-diff0": {
        "meanRet": 0.9506406307220459,
        "maxRet": 0.9690625071525574,
        "minRet": 0.9339062571525574
    },
    "MiniGrid-DoorKey-16x16-custom-diff0": {
        "meanRet": 0.6737500011920929,
        "maxRet": 0.892773449420929,
        "minRet": 0.5046484470367432
    }
}