{
    "model": "test12x12_75k_3step_3gen_3curric/epoch_10_curric1_gen2",
    "MiniGrid-DoorKey-6x6-custom-diff0.9315023600555896": {
        "meanRet": 0.98688693688466,
        "maxRet": 0.9912751913070679,
        "minRet": 0.9838926196098328
    },
    "MiniGrid-DoorKey-8x8-custom-diff0.9315023600555896": {
        "meanRet": 0.9790508151054382,
        "maxRet": 0.9892617464065552,
        "minRet": 0.9731543660163879
    },
    "MiniGrid-DoorKey-10x10-custom-diff0.9315023600555896": {
        "meanRet": 0.9679143039079813,
        "maxRet": 0.9859060645103455,
        "minRet": 0.9530201554298401
    },
    "MiniGrid-DoorKey-12x12-custom-diff0.9315023600555896": {
        "meanRet": 0.9523758435249329,
        "maxRet": 0.9778523445129395,
        "minRet": 0.9295302033424377
    }
}