{
    "model": "test12x12_25k_3step_3gen_3curric/epoch_33_curric0_gen2",
    "MiniGrid-DoorKey-6x6-custom-diff0.6069142875744653": {
        "meanRet": 0.9807295822180234,
        "maxRet": 0.9876288771629333,
        "minRet": 0.9752577543258667
    },
    "MiniGrid-DoorKey-8x8-custom-diff0.6069142875744653": {
        "meanRet": 0.9726804173909701,
        "maxRet": 0.983505129814148,
        "minRet": 0.9659793972969055
    },
    "MiniGrid-DoorKey-10x10-custom-diff0.6069142875744653": {
        "meanRet": 0.9574845337867737,
        "maxRet": 0.9752577543258667,
        "minRet": 0.9412370920181274
    },
    "MiniGrid-DoorKey-12x12-custom-diff0.6069142875744653": {
        "meanRet": 0.9402886652946472,
        "maxRet": 0.9659793972969055,
        "minRet": 0.923711359500885
    }
}