{
    "model": "test12x12_100k_3step_3gen_3curric/epoch_33_curric0_gen1",
    "MiniGrid-DoorKey-6x6-custom-diff0.15": {
        "meanRet": 0.9165000009536743,
        "maxRet": 0.9458333253860474,
        "minRet": 0.8916666507720947
    },
    "MiniGrid-DoorKey-8x8-custom-diff0.15": {
        "meanRet": 0.8591666626930237,
        "maxRet": 0.9166666865348816,
        "minRet": 0.8041666746139526
    },
    "MiniGrid-DoorKey-10x10-custom-diff0.15": {
        "meanRet": 0.8193333315849304,
        "maxRet": 0.9208333492279053,
        "minRet": 0.699999988079071
    },
    "MiniGrid-DoorKey-12x12-custom-diff0.15": {
        "meanRet": 0.6861666631698609,
        "maxRet": 0.8833333253860474,
        "minRet": 0.5083333253860474
    }
}