{
    "model": "test12x12_100k_3step_4gen_3curric/epoch_16_curric0_gen3",
    "MiniGrid-DoorKey-6x6-custom-diff0.74467792277423": {
        "meanRet": 0.9835318579123571,
        "maxRet": 0.9899253845214844,
        "minRet": 0.9773321151733398
    },
    "MiniGrid-DoorKey-8x8-custom-diff0.74467792277423": {
        "meanRet": 0.9765248252795293,
        "maxRet": 0.9865671396255493,
        "minRet": 0.968936562538147
    },
    "MiniGrid-DoorKey-10x10-custom-diff0.74467792277423": {
        "meanRet": 0.9687350702285766,
        "maxRet": 0.9790111780166626,
        "minRet": 0.9555037021636963
    },
    "MiniGrid-DoorKey-12x12-custom-diff0.74467792277423": {
        "meanRet": 0.9500298476219178,
        "maxRet": 0.9764925241470337,
        "minRet": 0.9361940026283264
    }
}