{
    "model": "test12x12_100k_3step_4gen_3curric/epoch_17_curric0_gen1",
    "MiniGrid-DoorKey-6x6-custom-diff0.71967792277423": {
        "meanRet": 0.9838764476776123,
        "maxRet": 0.9895752668380737,
        "minRet": 0.9800193309783936
    },
    "MiniGrid-DoorKey-8x8-custom-diff0.71967792277423": {
        "meanRet": 0.9751076698303223,
        "maxRet": 0.9843629598617554,
        "minRet": 0.9695945978164673
    },
    "MiniGrid-DoorKey-10x10-custom-diff0.71967792277423": {
        "meanRet": 0.964347493648529,
        "maxRet": 0.9878378510475159,
        "minRet": 0.9487451910972595
    },
    "MiniGrid-DoorKey-12x12-custom-diff0.71967792277423": {
        "meanRet": 0.9364787673950196,
        "maxRet": 0.9730694890022278,
        "minRet": 0.9096525311470032
    }
}