{
    "model": "test12x12_75k_3step_3gen_3curric/epoch_24_curric2_gen1",
    "MiniGrid-DoorKey-6x6-custom-diff0.5565023600555896": {
        "meanRet": 0.9782195343421056,
        "maxRet": 0.9865168333053589,
        "minRet": 0.9707865118980408
    },
    "MiniGrid-DoorKey-8x8-custom-diff0.5565023600555896": {
        "meanRet": 0.9676404452323913,
        "maxRet": 0.9797753095626831,
        "minRet": 0.9573033452033997
    },
    "MiniGrid-DoorKey-10x10-custom-diff0.5565023600555896": {
        "meanRet": 0.9535280871391296,
        "maxRet": 0.9808988571166992,
        "minRet": 0.9337078928947449
    },
    "MiniGrid-DoorKey-12x12-custom-diff0.5565023600555896": {
        "meanRet": 0.9225618004798889,
        "maxRet": 0.9674157500267029,
        "minRet": 0.8921348452568054
    }
}