{
    "model": "test12x12_50k_3step_3gen_3curric/epoch_28_curric2_gen2",
    "MiniGrid-DoorKey-6x6-custom-diff0.5510602224432588": {
        "meanRet": 0.9777067112071174,
        "maxRet": 0.9863808155059814,
        "minRet": 0.9727616906166077
    },
    "MiniGrid-DoorKey-8x8-custom-diff0.5510602224432588": {
        "meanRet": 0.9688121175765991,
        "maxRet": 0.9807061553001404,
        "minRet": 0.9614123702049255
    },
    "MiniGrid-DoorKey-10x10-custom-diff0.5510602224432588": {
        "meanRet": 0.9556469130516052,
        "maxRet": 0.984110951423645,
        "minRet": 0.9387137293815613
    },
    "MiniGrid-DoorKey-12x12-custom-diff0.5510602224432588": {
        "meanRet": 0.915788152217865,
        "maxRet": 0.9591425061225891,
        "minRet": 0.8706179261207581
    }
}