{
    "model": "test12x12_75k_3step_3gen_3curric/epoch_42_curric2_gen3",
    "MiniGrid-DoorKey-6x6-custom-diff0.15": {
        "meanRet": 0.9236666703224182,
        "maxRet": 0.9541666507720947,
        "minRet": 0.8999999761581421
    },
    "MiniGrid-DoorKey-8x8-custom-diff0.15": {
        "meanRet": 0.8900640996602865,
        "maxRet": 0.9416666626930237,
        "minRet": 0.8541666865348816
    },
    "MiniGrid-DoorKey-10x10-custom-diff0.15": {
        "meanRet": 0.8538333296775817,
        "maxRet": 0.9458333253860474,
        "minRet": 0.8041666746139526
    },
    "MiniGrid-DoorKey-12x12-custom-diff0.15": {
        "meanRet": 0.7710000038146972,
        "maxRet": 0.8500000238418579,
        "minRet": 0.6958333253860474
    }
}