{
    "model": "test12x12_150k_3step_3gen_3curric/epoch_28_curric1_gen1",
    "MiniGrid-DoorKey-6x6-custom-diff0.15": {
        "meanRet": 0.9123611072699229,
        "maxRet": 0.9458333253860474,
        "minRet": 0.8916666507720947
    },
    "MiniGrid-DoorKey-8x8-custom-diff0.15": {
        "meanRet": 0.8560185189600344,
        "maxRet": 0.9208333492279053,
        "minRet": 0.8166666626930237
    },
    "MiniGrid-DoorKey-10x10-custom-diff0.15": {
        "meanRet": 0.8256410245711987,
        "maxRet": 0.9125000238418579,
        "minRet": 0.7458333373069763
    },
    "MiniGrid-DoorKey-12x12-custom-diff0.15": {
        "meanRet": 0.6610000014305115,
        "maxRet": 0.8500000238418579,
        "minRet": 0.5083333253860474
    }
}