{
    "model": "test12x12_50k_3step_3gen_3curric/epoch_16_curric1_gen2",
    "MiniGrid-DoorKey-6x6-custom-diff0.8510602224432589": {
        "meanRet": 0.9858644914627075,
        "maxRet": 0.9919183850288391,
        "minRet": 0.9808979630470276
    },
    "MiniGrid-DoorKey-8x8-custom-diff0.8510602224432589": {
        "meanRet": 0.9772538733482361,
        "maxRet": 0.9867755174636841,
        "minRet": 0.9706122279167175
    },
    "MiniGrid-DoorKey-10x10-custom-diff0.8510602224432589": {
        "meanRet": 0.958533878326416,
        "maxRet": 0.9867755174636841,
        "minRet": 0.9397550821304321
    },
    "MiniGrid-DoorKey-12x12-custom-diff0.8510602224432589": {
        "meanRet": 0.9417534756660462,
        "maxRet": 0.9860408306121826,
        "minRet": 0.9162449240684509
    }
}