{
    "model": "test12x12_75k_3step_3gen_3curric/epoch_33_curric0_gen3",
    "MiniGrid-DoorKey-6x6-custom-diff0.15": {
        "meanRet": 0.9276666760444641,
        "maxRet": 0.949999988079071,
        "minRet": 0.9083333611488342
    },
    "MiniGrid-DoorKey-8x8-custom-diff0.15": {
        "meanRet": 0.8814102594669049,
        "maxRet": 0.9208333492279053,
        "minRet": 0.8583333492279053
    },
    "MiniGrid-DoorKey-10x10-custom-diff0.15": {
        "meanRet": 0.8173333311080933,
        "maxRet": 0.9333333373069763,
        "minRet": 0.7416666746139526
    },
    "MiniGrid-DoorKey-12x12-custom-diff0.15": {
        "meanRet": 0.7148333334922791,
        "maxRet": 0.8791666626930237,
        "minRet": 0.5874999761581421
    }
}