{
    "model": "test12x12_50k_3step_3gen_3curric/epoch_15_curric1_gen2",
    "MiniGrid-DoorKey-6x6-custom-diff0.8760602224432589": {
        "meanRet": 0.9842410802841186,
        "maxRet": 0.9907216429710388,
        "minRet": 0.979302167892456
    },
    "MiniGrid-DoorKey-8x8-custom-diff0.8760602224432589": {
        "meanRet": 0.9785598754882813,
        "maxRet": 0.9900079369544983,
        "minRet": 0.9721649289131165
    },
    "MiniGrid-DoorKey-10x10-custom-diff0.8760602224432589": {
        "meanRet": 0.9657985711097717,
        "maxRet": 0.9842981696128845,
        "minRet": 0.9543219804763794
    },
    "MiniGrid-DoorKey-12x12-custom-diff0.8760602224432589": {
        "meanRet": 0.9480412411689758,
        "maxRet": 0.9771609902381897,
        "minRet": 0.9279143810272217
    }
}