{
    "model": "test12x12_100k_4step_3gen_3curric/epoch_20_curric0_gen2",
    "MiniGrid-DoorKey-6x6-custom-diff0.22601000000000004": {
        "meanRet": 0.9326522946357727,
        "maxRet": 0.9667692184448242,
        "minRet": 0.911384642124176
    },
    "MiniGrid-DoorKey-8x8-custom-diff0.22601000000000004": {
        "meanRet": 0.8776000046730041,
        "maxRet": 0.9473845958709717,
        "minRet": 0.8199999928474426
    },
    "MiniGrid-DoorKey-10x10-custom-diff0.22601000000000004": {
        "meanRet": 0.7704861521720886,
        "maxRet": 0.9612307548522949,
        "minRet": 0.6150768995285034
    },
    "MiniGrid-DoorKey-12x12-custom-diff0.22601000000000004": {
        "meanRet": 0.531889232993126,
        "maxRet": 0.8670769333839417,
        "minRet": 0.24400000274181366
    }
}