{
    "model": "test12x12_25k_3step_3gen_3curric/epoch_23_curric2_gen1",
    "MiniGrid-DoorKey-6x6-custom-diff0.8569142875744653": {
        "meanRet": 0.9859067981059735,
        "maxRet": 0.9927007555961609,
        "minRet": 0.9810218811035156
    },
    "MiniGrid-DoorKey-8x8-custom-diff0.8569142875744653": {
        "meanRet": 0.977810218334198,
        "maxRet": 0.9846715331077576,
        "minRet": 0.970802903175354
    },
    "MiniGrid-DoorKey-10x10-custom-diff0.8569142875744653": {
        "meanRet": 0.9665985417366028,
        "maxRet": 0.9802919626235962,
        "minRet": 0.956204354763031
    },
    "MiniGrid-DoorKey-12x12-custom-diff0.8569142875744653": {
        "meanRet": 0.9518248209586511,
        "maxRet": 0.970802903175354,
        "minRet": 0.9291970729827881
    }
}