{
    "model": "test12x12_25k_3step_3gen_3curric/epoch_44_curric1_gen1",
    "MiniGrid-DoorKey-6x6-custom-diff0.3319142875744653": {
        "meanRet": 0.9621886801719666,
        "maxRet": 0.9773585200309753,
        "minRet": 0.9509434103965759
    },
    "MiniGrid-DoorKey-8x8-custom-diff0.3319142875744653": {
        "meanRet": 0.937811324596405,
        "maxRet": 0.9716981053352356,
        "minRet": 0.9207547307014465
    },
    "MiniGrid-DoorKey-10x10-custom-diff0.3319142875744653": {
        "meanRet": 0.9035471725463867,
        "maxRet": 0.9698113203048706,
        "minRet": 0.8660377264022827
    },
    "MiniGrid-DoorKey-12x12-custom-diff0.3319142875744653": {
        "meanRet": 0.8558490610122681,
        "maxRet": 0.9339622855186462,
        "minRet": 0.7773584723472595
    }
}