{
    "model": "test12x12_75k_3step_3gen_3curric/epoch_37_curric2_gen2",
    "MiniGrid-DoorKey-6x6-custom-diff0.15": {
        "meanRet": 0.928833339214325,
        "maxRet": 0.9583333134651184,
        "minRet": 0.9041666388511658
    },
    "MiniGrid-DoorKey-8x8-custom-diff0.15": {
        "meanRet": 0.8881410222787124,
        "maxRet": 0.9416666626930237,
        "minRet": 0.862500011920929
    },
    "MiniGrid-DoorKey-10x10-custom-diff0.15": {
        "meanRet": 0.8458333277702331,
        "maxRet": 0.9333333373069763,
        "minRet": 0.7708333134651184
    },
    "MiniGrid-DoorKey-12x12-custom-diff0.15": {
        "meanRet": 0.741833336353302,
        "maxRet": 0.887499988079071,
        "minRet": 0.637499988079071
    }
}