{
    "model": "test12x12_150k_3step_3gen_3curric/epoch_27_curric2_gen1",
    "MiniGrid-DoorKey-6x6-custom-diff0.15": {
        "meanRet": 0.9120000004768372,
        "maxRet": 0.949999988079071,
        "minRet": 0.8791666626930237
    },
    "MiniGrid-DoorKey-8x8-custom-diff0.15": {
        "meanRet": 0.8674679444386408,
        "maxRet": 0.9416666626930237,
        "minRet": 0.824999988079071
    },
    "MiniGrid-DoorKey-10x10-custom-diff0.15": {
        "meanRet": 0.8046474342162793,
        "maxRet": 0.9375,
        "minRet": 0.7291666865348816
    },
    "MiniGrid-DoorKey-12x12-custom-diff0.15": {
        "meanRet": 0.688833327293396,
        "maxRet": 0.8333333134651184,
        "minRet": 0.5874999761581421
    }
}