{
    "model": "test12x12_25k_3step_3gen_3curric/epoch_39_curric0_gen1",
    "MiniGrid-DoorKey-6x6-custom-diff0.4569142875744653": {
        "meanRet": 0.974849317073822,
        "maxRet": 0.983561635017395,
        "minRet": 0.965753436088562
    },
    "MiniGrid-DoorKey-8x8-custom-diff0.4569142875744653": {
        "meanRet": 0.9615890359878541,
        "maxRet": 0.9753424525260925,
        "minRet": 0.9506849050521851
    },
    "MiniGrid-DoorKey-10x10-custom-diff0.4569142875744653": {
        "meanRet": 0.9408767175674438,
        "maxRet": 0.9726027250289917,
        "minRet": 0.9178082346916199
    },
    "MiniGrid-DoorKey-12x12-custom-diff0.4569142875744653": {
        "meanRet": 0.8978630113601684,
        "maxRet": 0.9616438150405884,
        "minRet": 0.8616438508033752
    }
}