{
    "model": "test12x12_50k_3step_3gen_3curric/epoch_43_curric0_gen3",
    "MiniGrid-DoorKey-6x6-custom-diff0.15": {
        "meanRet": 0.928000009059906,
        "maxRet": 0.949999988079071,
        "minRet": 0.9125000238418579
    },
    "MiniGrid-DoorKey-8x8-custom-diff0.15": {
        "meanRet": 0.882333333492279,
        "maxRet": 0.9416666626930237,
        "minRet": 0.8500000238418579
    },
    "MiniGrid-DoorKey-10x10-custom-diff0.15": {
        "meanRet": 0.8169871797928443,
        "maxRet": 0.9375,
        "minRet": 0.7541666626930237
    },
    "MiniGrid-DoorKey-12x12-custom-diff0.15": {
        "meanRet": 0.7373333358764649,
        "maxRet": 0.8666666746139526,
        "minRet": 0.6166666746139526
    }
}