{
    "model": "test12x12_50k_3step_3gen_3curric/epoch_13_curric1_gen1",
    "MiniGrid-DoorKey-6x6-custom-diff0.9260602224432589": {
        "meanRet": 0.9858464598655701,
        "maxRet": 0.9918980002403259,
        "minRet": 0.9817704558372498
    },
    "MiniGrid-DoorKey-8x8-custom-diff0.9260602224432589": {
        "meanRet": 0.9800420141220093,
        "maxRet": 0.989197313785553,
        "minRet": 0.9736683964729309
    },
    "MiniGrid-DoorKey-10x10-custom-diff0.9260602224432589": {
        "meanRet": 0.9699684882164001,
        "maxRet": 0.9878469705581665,
        "minRet": 0.9581395387649536
    },
    "MiniGrid-DoorKey-12x12-custom-diff0.9260602224432589": {
        "meanRet": 0.957761447429657,
        "maxRet": 0.978394627571106,
        "minRet": 0.9372093081474304
    }
}