{
    "model": "test12x12_50k_3step_3gen_3curric/epoch_27_curric0_gen3",
    "MiniGrid-DoorKey-6x6-custom-diff0.5760602224432588": {
        "meanRet": 0.9791556096076965,
        "maxRet": 0.9869722723960876,
        "minRet": 0.9717732071876526
    },
    "MiniGrid-DoorKey-8x8-custom-diff0.5760602224432588": {
        "meanRet": 0.9692979454994202,
        "maxRet": 0.981544017791748,
        "minRet": 0.9587454795837402
    },
    "MiniGrid-DoorKey-10x10-custom-diff0.5760602224432588": {
        "meanRet": 0.9590928769111633,
        "maxRet": 0.9750301837921143,
        "minRet": 0.9424607753753662
    },
    "MiniGrid-DoorKey-12x12-custom-diff0.5760602224432588": {
        "meanRet": 0.9345138716697693,
        "maxRet": 0.9696019291877747,
        "minRet": 0.9012062549591064
    }
}