{
    "model": "test12x12_25k_3step_3gen_3curric/epoch_48_curric2_gen1",
    "MiniGrid-DoorKey-6x6-custom-diff0.2319142875744653": {
        "meanRet": 0.9469854419048016,
        "maxRet": 0.9702702760696411,
        "minRet": 0.929729700088501
    },
    "MiniGrid-DoorKey-8x8-custom-diff0.2319142875744653": {
        "meanRet": 0.9260540533065796,
        "maxRet": 0.954054057598114,
        "minRet": 0.8972973227500916
    },
    "MiniGrid-DoorKey-10x10-custom-diff0.2319142875744653": {
        "meanRet": 0.8806652862292069,
        "maxRet": 0.9405405521392822,
        "minRet": 0.8324324488639832
    },
    "MiniGrid-DoorKey-12x12-custom-diff0.2319142875744653": {
        "meanRet": 0.816972975730896,
        "maxRet": 0.9162161946296692,
        "minRet": 0.7405405640602112
    }
}