{
    "model": "test12x12_100k_3step_3gen_3curric/epoch_43_curric1_gen3",
    "MiniGrid-DoorKey-6x6-custom-diff0.15": {
        "meanRet": 0.917666666507721,
        "maxRet": 0.9541666507720947,
        "minRet": 0.8916666507720947
    },
    "MiniGrid-DoorKey-8x8-custom-diff0.15": {
        "meanRet": 0.8543333292007447,
        "maxRet": 0.9208333492279053,
        "minRet": 0.7666666507720947
    },
    "MiniGrid-DoorKey-10x10-custom-diff0.15": {
        "meanRet": 0.7896666622161865,
        "maxRet": 0.9333333373069763,
        "minRet": 0.675000011920929
    },
    "MiniGrid-DoorKey-12x12-custom-diff0.15": {
        "meanRet": 0.6580000042915344,
        "maxRet": 0.8500000238418579,
        "minRet": 0.38749998807907104
    }
}