{
    "model": "test12x12_100k_3step_4gen_3curric/epoch_6_curric2_gen1",
    "MiniGrid-DoorKey-6x6-custom-diff0.99467792277423": {
        "meanRet": 0.9879581093788147,
        "maxRet": 0.9924581050872803,
        "minRet": 0.9836592078208923
    },
    "MiniGrid-DoorKey-8x8-custom-diff0.99467792277423": {
        "meanRet": 0.9799966236640667,
        "maxRet": 0.9893156290054321,
        "minRet": 0.973603367805481
    },
    "MiniGrid-DoorKey-10x10-custom-diff0.99467792277423": {
        "meanRet": 0.9737242116377904,
        "maxRet": 0.9830307364463806,
        "minRet": 0.964804470539093
    },
    "MiniGrid-DoorKey-12x12-custom-diff0.99467792277423": {
        "meanRet": 0.961184356212616,
        "maxRet": 0.9780027866363525,
        "minRet": 0.9428072571754456
    }
}