{
    "model": "Rhea_SaRun2\\epoch_1_curric1_gen1",
    "MiniGrid-DoorKey-5x5-custom-diff0": {
        "meanRet": 0.958959984779358,
        "maxRet": 0.9675999879837036,
        "minRet": 0.9495999813079834
    },
    "MiniGrid-DoorKey-6x6-custom-diff0": {
        "meanRet": 0.8762499988079071,
        "maxRet": 0.9325000047683716,
        "minRet": 0.8374999761581421
    },
    "MiniGrid-DoorKey-8x8-custom-diff0": {
        "meanRet": 0.6627812594175339,
        "maxRet": 0.8734375238418579,
        "minRet": 0.30671873688697815
    },
    "MiniGrid-DoorKey-16x16-custom-diff0": {
        "meanRet": 0.024482421576976776,
        "maxRet": 0.7834374904632568,
        "minRet": 0.0
    }
}