{
    "model": "test12x12_100k_4step_3gen_3curric/epoch_13_curric2_gen1",
    "MiniGrid-DoorKey-6x6-custom-diff0.5844064999999999": {
        "meanRet": 0.22810463547706605,
        "maxRet": 0.9561236500740051,
        "minRet": 0.0
    },
    "MiniGrid-DoorKey-8x8-custom-diff0.5844064999999999": {
        "meanRet": 0.06547265127301216,
        "maxRet": 0.7699167728424072,
        "minRet": 0.0
    },
    "MiniGrid-DoorKey-10x10-custom-diff0.5844064999999999": {
        "meanRet": 0.0,
        "maxRet": 0.0,
        "minRet": 0.0
    },
    "MiniGrid-DoorKey-12x12-custom-diff0.5844064999999999": {
        "meanRet": 0.01250495451192061,
        "maxRet": 0.4831153452396393,
        "minRet": 0.0
    }
}