{
    "model": "SO_RHEA_2PARA_5GEN_14May\\epoch_1_curric0_gen5",
    "MiniGrid-DoorKey-5x5-custom-diff0": {
        "meanRet": 0.8847999952056191,
        "maxRet": 0.9567999839782715,
        "minRet": 0.8055999875068665
    },
    "MiniGrid-DoorKey-6x6-custom-diff0": {
        "meanRet": 0.8302500009536743,
        "maxRet": 0.9275000095367432,
        "minRet": 0.6424999833106995
    },
    "MiniGrid-DoorKey-8x8-custom-diff0": {
        "meanRet": 0.7963749885559082,
        "maxRet": 0.9493749737739563,
        "minRet": 0.6850000023841858
    },
    "MiniGrid-DoorKey-16x16-custom-diff0": {
        "meanRet": 0.0976477051153779,
        "maxRet": 0.7563672065734863,
        "minRet": 0.0
    }
}