{
    "model": "test12x12_100k_3step_4gen_3curric/epoch_25_curric0_gen4",
    "MiniGrid-DoorKey-6x6-custom-diff0.15": {
        "meanRet": 0.9235577056041131,
        "maxRet": 0.949999988079071,
        "minRet": 0.9083333611488342
    },
    "MiniGrid-DoorKey-8x8-custom-diff0.15": {
        "meanRet": 0.8614999985694886,
        "maxRet": 0.9125000238418579,
        "minRet": 0.8208333253860474
    },
    "MiniGrid-DoorKey-10x10-custom-diff0.15": {
        "meanRet": 0.7596666598320008,
        "maxRet": 0.9041666388511658,
        "minRet": 0.6458333134651184
    },
    "MiniGrid-DoorKey-12x12-custom-diff0.15": {
        "meanRet": 0.6353333365917205,
        "maxRet": 0.8666666746139526,
        "minRet": 0.4124999940395355
    }
}