{
    "model": "test12x12_150k_3step_3gen_3curric/epoch_5_curric1_gen3",
    "MiniGrid-DoorKey-6x6-custom-diff0.9813807381558474": {
        "meanRet": 0.9835338570453502,
        "maxRet": 0.9923567175865173,
        "minRet": 0.9783439636230469
    },
    "MiniGrid-DoorKey-8x8-custom-diff0.9813807381558474": {
        "meanRet": 0.9756246988589947,
        "maxRet": 0.9866241812705994,
        "minRet": 0.9681528806686401
    },
    "MiniGrid-DoorKey-10x10-custom-diff0.9813807381558474": {
        "meanRet": 0.9654267573356629,
        "maxRet": 0.9910827875137329,
        "minRet": 0.9509553909301758
    },
    "MiniGrid-DoorKey-12x12-custom-diff0.9813807381558474": {
        "meanRet": 0.9532229280471802,
        "maxRet": 0.9808917045593262,
        "minRet": 0.9101910591125488
    }
}