{
    "model": "test12x12_150k_3step_3gen_3curric/epoch_7_curric1_gen3",
    "MiniGrid-DoorKey-6x6-custom-diff0.9313807381558473": {
        "meanRet": 0.9873257623269007,
        "maxRet": 0.991946280002594,
        "minRet": 0.9832214713096619
    },
    "MiniGrid-DoorKey-8x8-custom-diff0.9313807381558473": {
        "meanRet": 0.9798409144083658,
        "maxRet": 0.9879194498062134,
        "minRet": 0.9738255143165588
    },
    "MiniGrid-DoorKey-10x10-custom-diff0.9313807381558473": {
        "meanRet": 0.9724026846885682,
        "maxRet": 0.990604043006897,
        "minRet": 0.9597315192222595
    },
    "MiniGrid-DoorKey-12x12-custom-diff0.9313807381558473": {
        "meanRet": 0.9596241617202759,
        "maxRet": 0.9791946411132812,
        "minRet": 0.9395973086357117
    }
}