{
    "model": "test12x12_100k_4step_3gen_3curric/epoch_4_curric0_gen1",
    "MiniGrid-DoorKey-6x6-custom-diff1": {
        "meanRet": 0.9868999981880188,
        "maxRet": 0.9931250214576721,
        "minRet": 0.9818750023841858
    },
    "MiniGrid-DoorKey-8x8-custom-diff1": {
        "meanRet": 0.9771500062942505,
        "maxRet": 0.9887499809265137,
        "minRet": 0.9643750190734863
    },
    "MiniGrid-DoorKey-10x10-custom-diff1": {
        "meanRet": 0.9669999980926514,
        "maxRet": 0.9837499856948853,
        "minRet": 0.9399999976158142
    },
    "MiniGrid-DoorKey-12x12-custom-diff1": {
        "meanRet": 0.9457000041007996,
        "maxRet": 0.9768750071525574,
        "minRet": 0.9043750166893005
    }
}