{
    "model": "test12x12_50k_3step_3gen_3curric/epoch_24_curric0_gen2",
    "MiniGrid-DoorKey-6x6-custom-diff0.6510602224432589": {
        "meanRet": 0.9817886853218079,
        "maxRet": 0.9884738326072693,
        "minRet": 0.9759871959686279
    },
    "MiniGrid-DoorKey-8x8-custom-diff0.6510602224432589": {
        "meanRet": 0.9729633618284155,
        "maxRet": 0.9836713075637817,
        "minRet": 0.9644610285758972
    },
    "MiniGrid-DoorKey-10x10-custom-diff0.6510602224432589": {
        "meanRet": 0.9626139058516576,
        "maxRet": 0.9817502498626709,
        "minRet": 0.9490928649902344
    },
    "MiniGrid-DoorKey-12x12-custom-diff0.6510602224432589": {
        "meanRet": 0.9366061825018662,
        "maxRet": 0.9683030843734741,
        "minRet": 0.9068303108215332
    }
}