{
    "model": "test12x12_75k_3step_3gen_3curric/epoch_24_curric2_gen2",
    "MiniGrid-DoorKey-6x6-custom-diff0.5565023600555896": {
        "meanRet": 0.9783306568861008,
        "maxRet": 0.9865168333053589,
        "minRet": 0.9707865118980408
    },
    "MiniGrid-DoorKey-8x8-custom-diff0.5565023600555896": {
        "meanRet": 0.9699325776100158,
        "maxRet": 0.9808988571166992,
        "minRet": 0.9629213213920593
    },
    "MiniGrid-DoorKey-10x10-custom-diff0.5565023600555896": {
        "meanRet": 0.9524044895172119,
        "maxRet": 0.9853932857513428,
        "minRet": 0.934831440448761
    },
    "MiniGrid-DoorKey-12x12-custom-diff0.5565023600555896": {
        "meanRet": 0.9133534958729377,
        "maxRet": 0.968539297580719,
        "minRet": 0.8629213571548462
    }
}