{
    "model": "test12x12_150k_3step_3gen_3curric/epoch_18_curric2_gen1",
    "MiniGrid-DoorKey-6x6-custom-diff0.6563807381558474": {
        "meanRet": 0.982552375793457,
        "maxRet": 0.9885714054107666,
        "minRet": 0.9780952334403992
    },
    "MiniGrid-DoorKey-8x8-custom-diff0.6563807381558474": {
        "meanRet": 0.9743223419556251,
        "maxRet": 0.9866666793823242,
        "minRet": 0.9685714244842529
    },
    "MiniGrid-DoorKey-10x10-custom-diff0.6563807381558474": {
        "meanRet": 0.9619428539276123,
        "maxRet": 0.9857142567634583,
        "minRet": 0.9495238065719604
    },
    "MiniGrid-DoorKey-12x12-custom-diff0.6563807381558474": {
        "meanRet": 0.9433904767036438,
        "maxRet": 0.9638095498085022,
        "minRet": 0.9247618913650513
    }
}