{
    "model": "test12x12_100k_3step_4gen_3curric/epoch_5_curric0_gen2",
    "MiniGrid-DoorKey-6x6-custom-diff1": {
        "meanRet": 0.9878365397453308,
        "maxRet": 0.9925000071525574,
        "minRet": 0.984375
    },
    "MiniGrid-DoorKey-8x8-custom-diff1": {
        "meanRet": 0.9797749924659729,
        "maxRet": 0.9887499809265137,
        "minRet": 0.9731249809265137
    },
    "MiniGrid-DoorKey-10x10-custom-diff1": {
        "meanRet": 0.967350001335144,
        "maxRet": 0.9868749976158142,
        "minRet": 0.9537500143051147
    },
    "MiniGrid-DoorKey-12x12-custom-diff1": {
        "meanRet": 0.9361749982833862,
        "maxRet": 0.9731249809265137,
        "minRet": 0.9049999713897705
    }
}