{
    "model": "test12x12_100k_3step_4gen_3curric/epoch_24_curric2_gen3",
    "MiniGrid-DoorKey-6x6-custom-diff0.15": {
        "meanRet": 0.9308333396911621,
        "maxRet": 0.9541666507720947,
        "minRet": 0.9125000238418579
    },
    "MiniGrid-DoorKey-8x8-custom-diff0.15": {
        "meanRet": 0.8753333330154419,
        "maxRet": 0.9416666626930237,
        "minRet": 0.8291666507720947
    },
    "MiniGrid-DoorKey-10x10-custom-diff0.15": {
        "meanRet": 0.8111666679382324,
        "maxRet": 0.9083333611488342,
        "minRet": 0.7083333134651184
    },
    "MiniGrid-DoorKey-12x12-custom-diff0.15": {
        "meanRet": 0.6816666650772095,
        "maxRet": 0.887499988079071,
        "minRet": 0.5249999761581421
    }
}