{
    "model": "test12x12_75k_3step_3gen_3curric/epoch_34_curric2_gen1",
    "MiniGrid-DoorKey-6x6-custom-diff0.15": {
        "meanRet": 0.9181666803359986,
        "maxRet": 0.9458333253860474,
        "minRet": 0.9041666388511658
    },
    "MiniGrid-DoorKey-8x8-custom-diff0.15": {
        "meanRet": 0.8736111058129205,
        "maxRet": 0.9333333373069763,
        "minRet": 0.8333333134651184
    },
    "MiniGrid-DoorKey-10x10-custom-diff0.15": {
        "meanRet": 0.8356666684150695,
        "maxRet": 0.9083333611488342,
        "minRet": 0.762499988079071
    },
    "MiniGrid-DoorKey-12x12-custom-diff0.15": {
        "meanRet": 0.7328333353996277,
        "maxRet": 0.8916666507720947,
        "minRet": 0.625
    }
}