{
    "model": "test12x12_100k_3step_3gen_3curric/epoch_33_curric1_gen3",
    "MiniGrid-DoorKey-6x6-custom-diff0.15": {
        "meanRet": 0.9059999942779541,
        "maxRet": 0.9375,
        "minRet": 0.8791666626930237
    },
    "MiniGrid-DoorKey-8x8-custom-diff0.15": {
        "meanRet": 0.815,
        "maxRet": 0.9083333611488342,
        "minRet": 0.6916666626930237
    },
    "MiniGrid-DoorKey-10x10-custom-diff0.15": {
        "meanRet": 0.6791666638851166,
        "maxRet": 0.8999999761581421,
        "minRet": 0.3583333194255829
    },
    "MiniGrid-DoorKey-12x12-custom-diff0.15": {
        "meanRet": 0.22669270588085055,
        "maxRet": 0.7416666746139526,
        "minRet": 0.0
    }
}