{
    "model": "test12x12_100k_3step_3gen_3curric/epoch_17_curric0_gen1",
    "MiniGrid-DoorKey-6x6-custom-diff0.7220715046045372": {
        "meanRet": 0.9824677586555481,
        "maxRet": 0.9896053671836853,
        "minRet": 0.9722810387611389
    },
    "MiniGrid-DoorKey-8x8-custom-diff0.7220715046045372": {
        "meanRet": 0.9704153400201064,
        "maxRet": 0.9844080805778503,
        "minRet": 0.9601539969444275
    },
    "MiniGrid-DoorKey-10x10-custom-diff0.7220715046045372": {
        "meanRet": 0.9567224337504461,
        "maxRet": 0.9800769686698914,
        "minRet": 0.9402309656143188
    },
    "MiniGrid-DoorKey-12x12-custom-diff0.7220715046045372": {
        "meanRet": 0.9356227207183838,
        "maxRet": 0.9662175178527832,
        "minRet": 0.8951876759529114
    }
}