{
    "model": "SO_RHEA_2PARA_5GEN_14May\\epoch_3_curric2_gen4",
    "MiniGrid-DoorKey-5x5-custom-diff2": {
        "meanRet": 0.6705357134342194,
        "maxRet": 0.7428571581840515,
        "minRet": 0.6142857074737549
    },
    "MiniGrid-DoorKey-6x6-custom-diff2": {
        "meanRet": 0.7097500026226043,
        "maxRet": 0.7749999761581421,
        "minRet": 0.6399999856948853
    },
    "MiniGrid-DoorKey-8x8-custom-diff2": {
        "meanRet": 0.7124675241383639,
        "maxRet": 0.845714271068573,
        "minRet": 0.6528571248054504
    },
    "MiniGrid-DoorKey-16x16-custom-diff2": {
        "meanRet": 0.44372340440750124,
        "maxRet": 0.7095744609832764,
        "minRet": 0.24042552709579468
    }
}