{
    "model": "test12x12_25k_3step_3gen_3curric/epoch_2_curric1_gen2",
    "MiniGrid-DoorKey-6x6-custom-diff1": {
        "meanRet": 0.7709499955177307,
        "maxRet": 0.9831249713897705,
        "minRet": 0.5
    },
    "MiniGrid-DoorKey-8x8-custom-diff1": {
        "meanRet": 0.10084183726991926,
        "maxRet": 0.8799999952316284,
        "minRet": 0.0
    },
    "MiniGrid-DoorKey-10x10-custom-diff1": {
        "meanRet": 0.03552083329608043,
        "maxRet": 0.6968749761581421,
        "minRet": 0.0
    },
    "MiniGrid-DoorKey-12x12-custom-diff1": {
        "meanRet": 0.010390625024835268,
        "maxRet": 0.4987500011920929,
        "minRet": 0.0
    }
}