{
    "model": "test12x12_100k_3step_3gen_3curric/epoch_27_curric1_gen2",
    "MiniGrid-DoorKey-6x6-custom-diff0.15": {
        "meanRet": 0.9134615430465112,
        "maxRet": 0.9458333253860474,
        "minRet": 0.887499988079071
    },
    "MiniGrid-DoorKey-8x8-custom-diff0.15": {
        "meanRet": 0.8571666646003723,
        "maxRet": 0.9333333373069763,
        "minRet": 0.8083333373069763
    },
    "MiniGrid-DoorKey-10x10-custom-diff0.15": {
        "meanRet": 0.8139999961853027,
        "maxRet": 0.9375,
        "minRet": 0.7083333134651184
    },
    "MiniGrid-DoorKey-12x12-custom-diff0.15": {
        "meanRet": 0.7044999992847443,
        "maxRet": 0.8374999761581421,
        "minRet": 0.40416666865348816
    }
}