{
    "model": "SO_RHEA_2PARA_5GEN_14May\\epoch_2_curric2_gen4",
    "MiniGrid-DoorKey-5x5-custom-diff2": {
        "meanRet": 0.6118131830142095,
        "maxRet": 0.7107142806053162,
        "minRet": 0.550000011920929
    },
    "MiniGrid-DoorKey-6x6-custom-diff2": {
        "meanRet": 0.6917499959468841,
        "maxRet": 0.7524999976158142,
        "minRet": 0.6175000071525574
    },
    "MiniGrid-DoorKey-8x8-custom-diff2": {
        "meanRet": 0.6972727179527283,
        "maxRet": 0.845714271068573,
        "minRet": 0.6142857074737549
    },
    "MiniGrid-DoorKey-16x16-custom-diff2": {
        "meanRet": 0.09125664969906211,
        "maxRet": 0.7223404049873352,
        "minRet": 0.0
    }
}