{
    "model": "test12x12_75k_3step_3gen_3curric/epoch_12_curric2_gen1",
    "MiniGrid-DoorKey-6x6-custom-diff0.8565023600555897": {
        "meanRet": 0.9837372279167176,
        "maxRet": 0.989051103591919,
        "minRet": 0.9788321256637573
    },
    "MiniGrid-DoorKey-8x8-custom-diff0.8565023600555897": {
        "meanRet": 0.9800583982467651,
        "maxRet": 0.9897810220718384,
        "minRet": 0.9722627997398376
    },
    "MiniGrid-DoorKey-10x10-custom-diff0.8565023600555897": {
        "meanRet": 0.9716496396064759,
        "maxRet": 0.9875912666320801,
        "minRet": 0.959854006767273
    },
    "MiniGrid-DoorKey-12x12-custom-diff0.8565023600555897": {
        "meanRet": 0.9542189741134643,
        "maxRet": 0.974452555179596,
        "minRet": 0.9386861324310303
    }
}