{
    "model": "test12x12_75k_3step_3gen_3curric/epoch_45_curric2_gen3",
    "MiniGrid-DoorKey-6x6-custom-diff0.15": {
        "meanRet": 0.9216666698455811,
        "maxRet": 0.949999988079071,
        "minRet": 0.8999999761581421
    },
    "MiniGrid-DoorKey-8x8-custom-diff0.15": {
        "meanRet": 0.8603333330154419,
        "maxRet": 0.9375,
        "minRet": 0.8125
    },
    "MiniGrid-DoorKey-10x10-custom-diff0.15": {
        "meanRet": 0.7318333339691162,
        "maxRet": 0.887499988079071,
        "minRet": 0.5874999761581421
    },
    "MiniGrid-DoorKey-12x12-custom-diff0.15": {
        "meanRet": 0.536057694027057,
        "maxRet": 0.887499988079071,
        "minRet": 0.20000000298023224
    }
}