{
    "model": "test12x12_50k_3step_3gen_3curric/epoch_22_curric0_gen2",
    "MiniGrid-DoorKey-6x6-custom-diff0.7010602224432589": {
        "meanRet": 0.980983157157898,
        "maxRet": 0.9875124096870422,
        "minRet": 0.9759167432785034
    },
    "MiniGrid-DoorKey-8x8-custom-diff0.7010602224432589": {
        "meanRet": 0.9742398428916931,
        "maxRet": 0.9866204261779785,
        "minRet": 0.966105043888092
    },
    "MiniGrid-DoorKey-10x10-custom-diff0.7010602224432589": {
        "meanRet": 0.9566237220057735,
        "maxRet": 0.9830525517463684,
        "minRet": 0.9402378797531128
    },
    "MiniGrid-DoorKey-12x12-custom-diff0.7010602224432589": {
        "meanRet": 0.9397026777267456,
        "maxRet": 0.9687809944152832,
        "minRet": 0.9054509401321411
    }
}