{
    "model": "test12x12_150k_3step_3gen_3curric/epoch_22_curric2_gen2",
    "MiniGrid-DoorKey-6x6-custom-diff0.15": {
        "meanRet": 0.9226666760444641,
        "maxRet": 0.949999988079071,
        "minRet": 0.9041666388511658
    },
    "MiniGrid-DoorKey-8x8-custom-diff0.15": {
        "meanRet": 0.8729938268661499,
        "maxRet": 0.9416666626930237,
        "minRet": 0.8374999761581421
    },
    "MiniGrid-DoorKey-10x10-custom-diff0.15": {
        "meanRet": 0.8318910277806796,
        "maxRet": 0.8833333253860474,
        "minRet": 0.7833333611488342
    },
    "MiniGrid-DoorKey-12x12-custom-diff0.15": {
        "meanRet": 0.7416666674613953,
        "maxRet": 0.8791666626930237,
        "minRet": 0.6333333253860474
    }
}