{
    "model": "SO_RHEA_2PARA_5GEN_14May\\epoch_8_curric0_gen1",
    "MiniGrid-DoorKey-5x5-custom-diff1": {
        "meanRet": 0.8902438879013062,
        "maxRet": 0.9012194871902466,
        "minRet": 0.8792682886123657
    },
    "MiniGrid-DoorKey-6x6-custom-diff1": {
        "meanRet": 0.8961802829395641,
        "maxRet": 0.924369752407074,
        "minRet": 0.8789916038513184
    },
    "MiniGrid-DoorKey-8x8-custom-diff1": {
        "meanRet": 0.9138388633728027,
        "maxRet": 0.9317535758018494,
        "minRet": 0.8976303339004517
    },
    "MiniGrid-DoorKey-16x16-custom-diff1": {
        "meanRet": 0.8516331315040588,
        "maxRet": 0.9499408006668091,
        "minRet": 0.7379881739616394
    }
}