{
    "model": "test12x12_75k_3step_3gen_3curric/epoch_8_curric1_gen1",
    "MiniGrid-DoorKey-6x6-custom-diff0.9815023600555897": {
        "meanRet": 0.987031855583191,
        "maxRet": 0.9910827875137329,
        "minRet": 0.9821656346321106
    },
    "MiniGrid-DoorKey-8x8-custom-diff0.9815023600555897": {
        "meanRet": 0.9812484121322632,
        "maxRet": 0.9904458522796631,
        "minRet": 0.9745222926139832
    },
    "MiniGrid-DoorKey-10x10-custom-diff0.9815023600555897": {
        "meanRet": 0.9722293066978455,
        "maxRet": 0.9898089170455933,
        "minRet": 0.9624204039573669
    },
    "MiniGrid-DoorKey-12x12-custom-diff0.9815023600555897": {
        "meanRet": 0.9543949055671692,
        "maxRet": 0.9821656346321106,
        "minRet": 0.9273885488510132
    }
}