{
    "model": "test12x12_25k_3step_3gen_3curric/epoch_24_curric2_gen2",
    "MiniGrid-DoorKey-6x6-custom-diff0.8319142875744653": {
        "meanRet": 0.9866396716007819,
        "maxRet": 0.9924812316894531,
        "minRet": 0.9834586381912231
    },
    "MiniGrid-DoorKey-8x8-custom-diff0.8319142875744653": {
        "meanRet": 0.9788571381568909,
        "maxRet": 0.9887217879295349,
        "minRet": 0.9721804261207581
    },
    "MiniGrid-DoorKey-10x10-custom-diff0.8319142875744653": {
        "meanRet": 0.9672481226921081,
        "maxRet": 0.9774436354637146,
        "minRet": 0.9578947424888611
    },
    "MiniGrid-DoorKey-12x12-custom-diff0.8319142875744653": {
        "meanRet": 0.945344131726485,
        "maxRet": 0.9729323387145996,
        "minRet": 0.9127819538116455
    }
}