{
    "model": "test12x12_50k_3step_3gen_3curric/epoch_31_curric0_gen2",
    "MiniGrid-DoorKey-6x6-custom-diff0.47606022244325885": {
        "meanRet": 0.9725603644664471,
        "maxRet": 0.9829196929931641,
        "minRet": 0.9632116556167603
    },
    "MiniGrid-DoorKey-8x8-custom-diff0.47606022244325885": {
        "meanRet": 0.9604866195608068,
        "maxRet": 0.9802919626235962,
        "minRet": 0.9513868689537048
    },
    "MiniGrid-DoorKey-10x10-custom-diff0.47606022244325885": {
        "meanRet": 0.9450277376174927,
        "maxRet": 0.9789780974388123,
        "minRet": 0.9185401201248169
    },
    "MiniGrid-DoorKey-12x12-custom-diff0.47606022244325885": {
        "meanRet": 0.9145985383253831,
        "maxRet": 0.9605839252471924,
        "minRet": 0.8738685846328735
    }
}