{
    "model": "test12x12_50k_3step_3gen_3curric/epoch_33_curric0_gen1",
    "MiniGrid-DoorKey-6x6-custom-diff0.4260602224432588": {
        "meanRet": 0.9715961882701287,
        "maxRet": 0.9779771566390991,
        "minRet": 0.9647634625434875
    },
    "MiniGrid-DoorKey-8x8-custom-diff0.4260602224432588": {
        "meanRet": 0.9574225155206827,
        "maxRet": 0.9779771566390991,
        "minRet": 0.9471451640129089
    },
    "MiniGrid-DoorKey-10x10-custom-diff0.4260602224432588": {
        "meanRet": 0.9391582322120666,
        "maxRet": 0.9823817014694214,
        "minRet": 0.9207177758216858
    },
    "MiniGrid-DoorKey-12x12-custom-diff0.4260602224432588": {
        "meanRet": 0.8897096276283264,
        "maxRet": 0.9544861316680908,
        "minRet": 0.8355628252029419
    }
}