{
    "model": "test12x12_75k_3step_3gen_3curric/epoch_19_curric0_gen2",
    "MiniGrid-DoorKey-6x6-custom-diff0.6815023600555896": {
        "meanRet": 0.9788990831375122,
        "maxRet": 0.9880734086036682,
        "minRet": 0.9724770784378052
    },
    "MiniGrid-DoorKey-8x8-custom-diff0.6815023600555896": {
        "meanRet": 0.9683302736282349,
        "maxRet": 0.9853211045265198,
        "minRet": 0.957798182964325
    },
    "MiniGrid-DoorKey-10x10-custom-diff0.6815023600555896": {
        "meanRet": 0.9542018365859986,
        "maxRet": 0.9770641922950745,
        "minRet": 0.9284403920173645
    },
    "MiniGrid-DoorKey-12x12-custom-diff0.6815023600555896": {
        "meanRet": 0.933577983379364,
        "maxRet": 0.9623852968215942,
        "minRet": 0.9045871496200562
    }
}