{
    "model": "SoRRH_2\\epoch_8_curric0",
    "MiniGrid-DoorKey-5x5-custom-diff0": {
        "meanRet": 0.9585999846458435,
        "maxRet": 0.9675999879837036,
        "minRet": 0.9495999813079834
    },
    "MiniGrid-DoorKey-6x6-custom-diff0": {
        "meanRet": 0.9622499823570252,
        "maxRet": 0.9700000286102295,
        "minRet": 0.9574999809265137
    },
    "MiniGrid-DoorKey-8x8-custom-diff0": {
        "meanRet": 0.96582812666893,
        "maxRet": 0.9803125262260437,
        "minRet": 0.957812488079071
    },
    "MiniGrid-DoorKey-16x16-custom-diff0": {
        "meanRet": 0.9440664052963257,
        "maxRet": 0.9690625071525574,
        "minRet": 0.9145703315734863
    }
}