{
    "model": "Rhea_SaRun2\\epoch_4_curric0_gen2",
    "MiniGrid-DoorKey-5x5-custom-diff2": {
        "meanRet": 0.7057692225162799,
        "maxRet": 0.7428571581840515,
        "minRet": 0.6785714030265808
    },
    "MiniGrid-DoorKey-6x6-custom-diff2": {
        "meanRet": 0.738999992609024,
        "maxRet": 0.8199999928474426,
        "minRet": 0.7074999809265137
    },
    "MiniGrid-DoorKey-8x8-custom-diff2": {
        "meanRet": 0.7518571436405181,
        "maxRet": 0.8585714101791382,
        "minRet": 0.6785714030265808
    },
    "MiniGrid-DoorKey-16x16-custom-diff2": {
        "meanRet": 0.08430851064622402,
        "maxRet": 0.6840425729751587,
        "minRet": 0.0
    }
}