{
    "model": "test12x12_50k_3step_3gen_3curric/epoch_23_curric2_gen3",
    "MiniGrid-DoorKey-6x6-custom-diff0.6760602224432589": {
        "meanRet": 0.9808245736819047,
        "maxRet": 0.9889003038406372,
        "minRet": 0.9741007089614868
    },
    "MiniGrid-DoorKey-8x8-custom-diff0.6760602224432589": {
        "meanRet": 0.9744337105751038,
        "maxRet": 0.9842754602432251,
        "minRet": 0.9648509621620178
    },
    "MiniGrid-DoorKey-10x10-custom-diff0.6760602224432589": {
        "meanRet": 0.9654429626464843,
        "maxRet": 0.9833504557609558,
        "minRet": 0.9509763717651367
    },
    "MiniGrid-DoorKey-12x12-custom-diff0.6760602224432589": {
        "meanRet": 0.939728672504425,
        "maxRet": 0.9704008102416992,
        "minRet": 0.9112024903297424
    }
}