{
    "model": "test12x12_150k_3step_3gen_3curric/epoch_13_curric2_gen1",
    "MiniGrid-DoorKey-6x6-custom-diff0.7813807381558474": {
        "meanRet": 0.983775999546051,
        "maxRet": 0.9904000163078308,
        "minRet": 0.9800000190734863
    },
    "MiniGrid-DoorKey-8x8-custom-diff0.7813807381558474": {
        "meanRet": 0.9750399971008301,
        "maxRet": 0.9847999811172485,
        "minRet": 0.9688000082969666
    },
    "MiniGrid-DoorKey-10x10-custom-diff0.7813807381558474": {
        "meanRet": 0.9626880025863648,
        "maxRet": 0.984000027179718,
        "minRet": 0.9480000138282776
    },
    "MiniGrid-DoorKey-12x12-custom-diff0.7813807381558474": {
        "meanRet": 0.9362559962272644,
        "maxRet": 0.9639999866485596,
        "minRet": 0.9071999788284302
    }
}