{
    "model": "test12x12_75k_3step_3gen_3curric/epoch_16_curric2_gen3",
    "MiniGrid-DoorKey-6x6-custom-diff0.7565023600555896": {
        "meanRet": 0.982578513622284,
        "maxRet": 0.9917355179786682,
        "minRet": 0.9760330319404602
    },
    "MiniGrid-DoorKey-8x8-custom-diff0.7565023600555896": {
        "meanRet": 0.9746446299552918,
        "maxRet": 0.9884297251701355,
        "minRet": 0.9661157131195068
    },
    "MiniGrid-DoorKey-10x10-custom-diff0.7565023600555896": {
        "meanRet": 0.966401776442161,
        "maxRet": 0.984297513961792,
        "minRet": 0.9545454382896423
    },
    "MiniGrid-DoorKey-12x12-custom-diff0.7565023600555896": {
        "meanRet": 0.9379504084587097,
        "maxRet": 0.9719008207321167,
        "minRet": 0.9190082550048828
    }
}