{
    "model": "test12x12_50k_3step_3gen_3curric/epoch_5_curric2_gen1",
    "MiniGrid-DoorKey-6x6-custom-diff1": {
        "meanRet": 0.9888425910914386,
        "maxRet": 0.9931250214576721,
        "minRet": 0.9862499833106995
    },
    "MiniGrid-DoorKey-8x8-custom-diff1": {
        "meanRet": 0.9823249983787536,
        "maxRet": 0.9906250238418579,
        "minRet": 0.9762499928474426
    },
    "MiniGrid-DoorKey-10x10-custom-diff1": {
        "meanRet": 0.9741750001907349,
        "maxRet": 0.9850000143051147,
        "minRet": 0.9643750190734863
    },
    "MiniGrid-DoorKey-12x12-custom-diff1": {
        "meanRet": 0.9593000030517578,
        "maxRet": 0.9831249713897705,
        "minRet": 0.9287499785423279
    }
}