{
    "model": "SO_RHEA_2PARA_5GEN_14May\\epoch_4_curric2_gen1",
    "MiniGrid-DoorKey-5x5-custom-diff2": {
        "meanRet": 0.7053571343421936,
        "maxRet": 0.7428571581840515,
        "minRet": 0.6785714030265808
    },
    "MiniGrid-DoorKey-6x6-custom-diff2": {
        "meanRet": 0.7277499914169312,
        "maxRet": 0.7975000143051147,
        "minRet": 0.6850000023841858
    },
    "MiniGrid-DoorKey-8x8-custom-diff2": {
        "meanRet": 0.6477142870426178,
        "maxRet": 0.7942857146263123,
        "minRet": 0.5242857336997986
    },
    "MiniGrid-DoorKey-16x16-custom-diff2": {
        "meanRet": 0.008311170153319836,
        "maxRet": 0.26595744490623474,
        "minRet": 0.0
    }
}