{
    "model": "test12x12_150k_3step_3gen_3curric/epoch_6_curric2_gen3",
    "MiniGrid-DoorKey-6x6-custom-diff0.9563807381558473": {
        "meanRet": 0.9876339745521545,
        "maxRet": 0.9915032386779785,
        "minRet": 0.9843137264251709
    },
    "MiniGrid-DoorKey-8x8-custom-diff0.9563807381558473": {
        "meanRet": 0.9799396556157333,
        "maxRet": 0.9875816702842712,
        "minRet": 0.9718953967094421
    },
    "MiniGrid-DoorKey-10x10-custom-diff0.9563807381558473": {
        "meanRet": 0.9696470427513123,
        "maxRet": 0.983660101890564,
        "minRet": 0.95686274766922
    },
    "MiniGrid-DoorKey-12x12-custom-diff0.9563807381558473": {
        "meanRet": 0.9506143641471863,
        "maxRet": 0.9777777791023254,
        "minRet": 0.9215686321258545
    }
}