{
    "model": "SO_RHEA_2PARA_5GEN_14May\\epoch_2_curric1_gen3",
    "MiniGrid-DoorKey-5x5-custom-diff2": {
        "meanRet": 0.6560714244842529,
        "maxRet": 0.7107142806053162,
        "minRet": 0.5821428298950195
    },
    "MiniGrid-DoorKey-6x6-custom-diff2": {
        "meanRet": 0.6377500116825103,
        "maxRet": 0.7300000190734863,
        "minRet": 0.550000011920929
    },
    "MiniGrid-DoorKey-8x8-custom-diff2": {
        "meanRet": 0.6189610362052917,
        "maxRet": 0.7942857146263123,
        "minRet": 0.48571428656578064
    },
    "MiniGrid-DoorKey-16x16-custom-diff2": {
        "meanRet": 0.10169547842815518,
        "maxRet": 0.7989361882209778,
        "minRet": 0.0
    }
}