{
    "model": "test12x12_50k_3step_3gen_3curric/epoch_36_curric0_gen3",
    "MiniGrid-DoorKey-6x6-custom-diff0.35106022244325885": {
        "meanRet": 0.9647676944732666,
        "maxRet": 0.9786138534545898,
        "minRet": 0.9554455280303955
    },
    "MiniGrid-DoorKey-8x8-custom-diff0.35106022244325885": {
        "meanRet": 0.9375552030710074,
        "maxRet": 0.9679207801818848,
        "minRet": 0.9162376523017883
    },
    "MiniGrid-DoorKey-10x10-custom-diff0.35106022244325885": {
        "meanRet": 0.9048316884040832,
        "maxRet": 0.9554455280303955,
        "minRet": 0.8574257493019104
    },
    "MiniGrid-DoorKey-12x12-custom-diff0.35106022244325885": {
        "meanRet": 0.8480158424377442,
        "maxRet": 0.9483168125152588,
        "minRet": 0.7576237916946411
    }
}