{
    "model": "test12x12_75k_3step_3gen_3curric/epoch_26_curric1_gen2",
    "MiniGrid-DoorKey-6x6-custom-diff0.5065023600555897": {
        "meanRet": 0.9768632849057516,
        "maxRet": 0.9851852059364319,
        "minRet": 0.970370352268219
    },
    "MiniGrid-DoorKey-8x8-custom-diff0.5065023600555897": {
        "meanRet": 0.9656790113449096,
        "maxRet": 0.9777777791023254,
        "minRet": 0.9567901492118835
    },
    "MiniGrid-DoorKey-10x10-custom-diff0.5065023600555897": {
        "meanRet": 0.950332387135579,
        "maxRet": 0.9839506149291992,
        "minRet": 0.9283950328826904
    },
    "MiniGrid-DoorKey-12x12-custom-diff0.5065023600555897": {
        "meanRet": 0.9226172852516175,
        "maxRet": 0.9629629850387573,
        "minRet": 0.8925926089286804
    }
}