{
    "model": "test12x12_25k_3step_3gen_3curric/epoch_9_curric1_gen1",
    "MiniGrid-DoorKey-6x6-custom-diff1": {
        "meanRet": 0.9876749992370606,
        "maxRet": 0.9925000071525574,
        "minRet": 0.9825000166893005
    },
    "MiniGrid-DoorKey-8x8-custom-diff1": {
        "meanRet": 0.9802250051498413,
        "maxRet": 0.9906250238418579,
        "minRet": 0.9725000262260437
    },
    "MiniGrid-DoorKey-10x10-custom-diff1": {
        "meanRet": 0.9727499985694885,
        "maxRet": 0.984375,
        "minRet": 0.9599999785423279
    },
    "MiniGrid-DoorKey-12x12-custom-diff1": {
        "meanRet": 0.9540384618135599,
        "maxRet": 0.9800000190734863,
        "minRet": 0.9275000095367432
    }
}