{
    "model": "test12x12_50k_3step_3gen_3curric/epoch_12_curric1_gen2",
    "MiniGrid-DoorKey-6x6-custom-diff0.9510602224432589": {
        "meanRet": 0.986023865364216,
        "maxRet": 0.9921110272407532,
        "minRet": 0.982907235622406
    },
    "MiniGrid-DoorKey-8x8-custom-diff0.9510602224432589": {
        "meanRet": 0.9780777624020209,
        "maxRet": 0.9881665706634521,
        "minRet": 0.969758927822113
    },
    "MiniGrid-DoorKey-10x10-custom-diff0.9510602224432589": {
        "meanRet": 0.9659459495544434,
        "maxRet": 0.9848794937133789,
        "minRet": 0.9480642676353455
    },
    "MiniGrid-DoorKey-12x12-custom-diff0.9510602224432589": {
        "meanRet": 0.9447509098052979,
        "maxRet": 0.9796201586723328,
        "minRet": 0.920452892780304
    }
}