{
    "model": "test12x12_150k_3step_3gen_3curric/epoch_5_curric0_gen3",
    "MiniGrid-DoorKey-6x6-custom-diff0.9813807381558474": {
        "meanRet": 0.9878471374511719,
        "maxRet": 0.993630588054657,
        "minRet": 0.9840764403343201
    },
    "MiniGrid-DoorKey-8x8-custom-diff0.9813807381558474": {
        "meanRet": 0.9783911329728586,
        "maxRet": 0.9885350465774536,
        "minRet": 0.9668790102005005
    },
    "MiniGrid-DoorKey-10x10-custom-diff0.9813807381558474": {
        "meanRet": 0.9659108281135559,
        "maxRet": 0.9840764403343201,
        "minRet": 0.9490445852279663
    },
    "MiniGrid-DoorKey-12x12-custom-diff0.9813807381558474": {
        "meanRet": 0.9438216519355774,
        "maxRet": 0.9796178340911865,
        "minRet": 0.9203821420669556
    }
}