{
    "model": "test12x12_100k_3step_3gen_3curric/epoch_12_curric2_gen2",
    "MiniGrid-DoorKey-6x6-custom-diff0.8470715046045372": {
        "meanRet": 0.9830756623011369,
        "maxRet": 0.9918785691261292,
        "minRet": 0.9756357669830322
    },
    "MiniGrid-DoorKey-8x8-custom-diff0.8470715046045372": {
        "meanRet": 0.9695816206932067,
        "maxRet": 0.9844954609870911,
        "minRet": 0.956439733505249
    },
    "MiniGrid-DoorKey-10x10-custom-diff0.8470715046045372": {
        "meanRet": 0.9594815421104431,
        "maxRet": 0.9822805523872375,
        "minRet": 0.9350287318229675
    },
    "MiniGrid-DoorKey-12x12-custom-diff0.8470715046045372": {
        "meanRet": 0.9142378950119019,
        "maxRet": 0.9719442129135132,
        "minRet": 0.8619360327720642
    }
}