{
    "model": "test12x12_50k_3step_3gen_3curric/epoch_41_curric0_gen2",
    "MiniGrid-DoorKey-6x6-custom-diff0.15": {
        "meanRet": 0.9276666760444641,
        "maxRet": 0.949999988079071,
        "minRet": 0.9083333611488342
    },
    "MiniGrid-DoorKey-8x8-custom-diff0.15": {
        "meanRet": 0.8754999995231628,
        "maxRet": 0.925000011920929,
        "minRet": 0.8416666388511658
    },
    "MiniGrid-DoorKey-10x10-custom-diff0.15": {
        "meanRet": 0.8271604952988801,
        "maxRet": 0.949999988079071,
        "minRet": 0.75
    },
    "MiniGrid-DoorKey-12x12-custom-diff0.15": {
        "meanRet": 0.707333333492279,
        "maxRet": 0.8791666626930237,
        "minRet": 0.5541666746139526
    }
}