{
    "model": "test12x12_100k_3step_3gen_3curric/epoch_23_curric1_gen1",
    "MiniGrid-DoorKey-6x6-custom-diff0.15": {
        "meanRet": 0.9121666693687439,
        "maxRet": 0.9458333253860474,
        "minRet": 0.8708333373069763
    },
    "MiniGrid-DoorKey-8x8-custom-diff0.15": {
        "meanRet": 0.8663333296775818,
        "maxRet": 0.9208333492279053,
        "minRet": 0.8083333373069763
    },
    "MiniGrid-DoorKey-10x10-custom-diff0.15": {
        "meanRet": 0.8078333306312561,
        "maxRet": 0.9458333253860474,
        "minRet": 0.6958333253860474
    },
    "MiniGrid-DoorKey-12x12-custom-diff0.15": {
        "meanRet": 0.6711666643619537,
        "maxRet": 0.824999988079071,
        "minRet": 0.4833333194255829
    }
}