{
    "model": "DO_11_05_RHEA_PARA_ENV_1\\epoch_4_curric2_gen2",
    "MiniGrid-DoorKey-5x5-custom-diff2": {
        "meanRet": 0.6711538434028625,
        "maxRet": 0.7107142806053162,
        "minRet": 0.6464285850524902
    },
    "MiniGrid-DoorKey-6x6-custom-diff2": {
        "meanRet": 0.684999997417132,
        "maxRet": 0.7749999761581421,
        "minRet": 0.6399999856948853
    },
    "MiniGrid-DoorKey-8x8-custom-diff2": {
        "meanRet": 0.7023076873559219,
        "maxRet": 0.8071428537368774,
        "minRet": 0.6399999856948853
    },
    "MiniGrid-DoorKey-16x16-custom-diff2": {
        "meanRet": 0.5282978728413582,
        "maxRet": 0.7829787135124207,
        "minRet": 0.2117021232843399
    }
}