{
    "model": "test12x12_75k_3step_3gen_3curric/epoch_49_curric1_gen1",
    "MiniGrid-DoorKey-6x6-custom-diff0.15": {
        "meanRet": 0.9196666669845581,
        "maxRet": 0.949999988079071,
        "minRet": 0.8999999761581421
    },
    "MiniGrid-DoorKey-8x8-custom-diff0.15": {
        "meanRet": 0.8852564096450806,
        "maxRet": 0.9375,
        "minRet": 0.8416666388511658
    },
    "MiniGrid-DoorKey-10x10-custom-diff0.15": {
        "meanRet": 0.8227564073525943,
        "maxRet": 0.8999999761581421,
        "minRet": 0.7666666507720947
    },
    "MiniGrid-DoorKey-12x12-custom-diff0.15": {
        "meanRet": 0.7231666660308838,
        "maxRet": 0.8708333373069763,
        "minRet": 0.5541666746139526
    }
}