{
    "model": "test12x12_75k_3step_3gen_3curric/epoch_24_curric1_gen2",
    "MiniGrid-DoorKey-6x6-custom-diff0.5565023600555896": {
        "meanRet": 0.978786518573761,
        "maxRet": 0.9865168333053589,
        "minRet": 0.9741572737693787
    },
    "MiniGrid-DoorKey-8x8-custom-diff0.5565023600555896": {
        "meanRet": 0.9657303324112525,
        "maxRet": 0.9808988571166992,
        "minRet": 0.9539325833320618
    },
    "MiniGrid-DoorKey-10x10-custom-diff0.5565023600555896": {
        "meanRet": 0.9528988742828369,
        "maxRet": 0.9775280952453613,
        "minRet": 0.9337078928947449
    },
    "MiniGrid-DoorKey-12x12-custom-diff0.5565023600555896": {
        "meanRet": 0.9319101119041443,
        "maxRet": 0.9674157500267029,
        "minRet": 0.8955056071281433
    }
}