{
    "model": "test12x12_25k_3step_3gen_3curric/epoch_26_curric2_gen1",
    "MiniGrid-DoorKey-6x6-custom-diff0.7819142875744653": {
        "meanRet": 0.9835555531360485,
        "maxRet": 0.9904000163078308,
        "minRet": 0.9775999784469604
    },
    "MiniGrid-DoorKey-8x8-custom-diff0.7819142875744653": {
        "meanRet": 0.9729538422364455,
        "maxRet": 0.9864000082015991,
        "minRet": 0.9639999866485596
    },
    "MiniGrid-DoorKey-10x10-custom-diff0.7819142875744653": {
        "meanRet": 0.9611692268114823,
        "maxRet": 0.9815999865531921,
        "minRet": 0.9472000002861023
    },
    "MiniGrid-DoorKey-12x12-custom-diff0.7819142875744653": {
        "meanRet": 0.9407384624847999,
        "maxRet": 0.967199981212616,
        "minRet": 0.9168000221252441
    }
}