{
    "model": "test12x12_150k_3step_3gen_3curric/epoch_12_curric0_gen3",
    "MiniGrid-DoorKey-6x6-custom-diff0.8063807381558474": {
        "meanRet": 0.9852713203430176,
        "maxRet": 0.9899224638938904,
        "minRet": 0.9813953638076782
    },
    "MiniGrid-DoorKey-8x8-custom-diff0.8063807381558474": {
        "meanRet": 0.9789457368850708,
        "maxRet": 0.986821711063385,
        "minRet": 0.9728682041168213
    },
    "MiniGrid-DoorKey-10x10-custom-diff0.8063807381558474": {
        "meanRet": 0.9687835344901452,
        "maxRet": 0.9899224638938904,
        "minRet": 0.9596899151802063
    },
    "MiniGrid-DoorKey-12x12-custom-diff0.8063807381558474": {
        "meanRet": 0.9457984471321106,
        "maxRet": 0.97364342212677,
        "minRet": 0.9232558012008667
    }
}