{
    "model": "test12x12_100k_3step_4gen_3curric/epoch_14_curric2_gen4",
    "MiniGrid-DoorKey-6x6-custom-diff0.79467792277423": {
        "meanRet": 0.9857447648048401,
        "maxRet": 0.9897727370262146,
        "minRet": 0.982692301273346
    },
    "MiniGrid-DoorKey-8x8-custom-diff0.79467792277423": {
        "meanRet": 0.9764615392684937,
        "maxRet": 0.9834790229797363,
        "minRet": 0.9708915948867798
    },
    "MiniGrid-DoorKey-10x10-custom-diff0.79467792277423": {
        "meanRet": 0.9648399651050568,
        "maxRet": 0.9897727370262146,
        "minRet": 0.9488636255264282
    },
    "MiniGrid-DoorKey-12x12-custom-diff0.79467792277423": {
        "meanRet": 0.9403671336174011,
        "maxRet": 0.9716783165931702,
        "minRet": 0.910314679145813
    }
}