{
    "model": "SO_RHEA_2PARA_5GEN_14May\\epoch_9_curric0_gen3",
    "MiniGrid-DoorKey-5x5-custom-diff2": {
        "meanRet": 0.6785714259514442,
        "maxRet": 0.7428571581840515,
        "minRet": 0.6464285850524902
    },
    "MiniGrid-DoorKey-6x6-custom-diff2": {
        "meanRet": 0.7013636285608466,
        "maxRet": 0.7749999761581421,
        "minRet": 0.6399999856948853
    },
    "MiniGrid-DoorKey-8x8-custom-diff2": {
        "meanRet": 0.7390000104904175,
        "maxRet": 0.7942857146263123,
        "minRet": 0.6785714030265808
    },
    "MiniGrid-DoorKey-16x16-custom-diff2": {
        "meanRet": 0.5838297814130783,
        "maxRet": 0.7319148778915405,
        "minRet": 0.3010638356208801
    }
}