{
    "model": "DO_11_05_RHEA_PARA_ENV_1\\epoch_5_curric1_gen1",
    "MiniGrid-DoorKey-5x5-custom-diff2": {
        "meanRet": 0.6340659214900091,
        "maxRet": 0.7107142806053162,
        "minRet": 0.5821428298950195
    },
    "MiniGrid-DoorKey-6x6-custom-diff2": {
        "meanRet": 0.7052499949932098,
        "maxRet": 0.7749999761581421,
        "minRet": 0.6399999856948853
    },
    "MiniGrid-DoorKey-8x8-custom-diff2": {
        "meanRet": 0.5384285807609558,
        "maxRet": 0.7942857146263123,
        "minRet": 0.2800000011920929
    },
    "MiniGrid-DoorKey-16x16-custom-diff2": {
        "meanRet": 0.12237367033958435,
        "maxRet": 0.7861701846122742,
        "minRet": 0.0
    }
}