{
    "model": "Rhea_Fr2\\epoch_2_curric1_gen2",
    "MiniGrid-DoorKey-5x5-custom-diff1": {
        "meanRet": 0.886951208114624,
        "maxRet": 0.9012194871902466,
        "minRet": 0.8682926893234253
    },
    "MiniGrid-DoorKey-6x6-custom-diff1": {
        "meanRet": 0.8684033453464508,
        "maxRet": 0.916806697845459,
        "minRet": 0.8336134552955627
    },
    "MiniGrid-DoorKey-8x8-custom-diff1": {
        "meanRet": 0.8106161117553711,
        "maxRet": 0.9061611294746399,
        "minRet": 0.7270142436027527
    },
    "MiniGrid-DoorKey-16x16-custom-diff1": {
        "meanRet": 0.13739645015448332,
        "maxRet": 0.8689940571784973,
        "minRet": 0.0
    }
}