{
    "model": "test12x12_100k_3step_3gen_3curric/epoch_19_curric2_gen1",
    "MiniGrid-DoorKey-6x6-custom-diff0.6720715046045371": {
        "meanRet": 0.9783430099487305,
        "maxRet": 0.9860392808914185,
        "minRet": 0.9702171683311462
    },
    "MiniGrid-DoorKey-8x8-custom-diff0.6720715046045371": {
        "meanRet": 0.9704777717590332,
        "maxRet": 0.9879007339477539,
        "minRet": 0.9581179022789001
    },
    "MiniGrid-DoorKey-10x10-custom-diff0.6720715046045371": {
        "meanRet": 0.9603730806937585,
        "maxRet": 0.9860392808914185,
        "minRet": 0.9301964640617371
    },
    "MiniGrid-DoorKey-12x12-custom-diff0.6720715046045371": {
        "meanRet": 0.9347383618354798,
        "maxRet": 0.9730092883110046,
        "minRet": 0.8966907858848572
    }
}