{
    "model": "Rhea_SaRun2\\epoch_4_curric0_gen1",
    "MiniGrid-DoorKey-5x5-custom-diff2": {
        "meanRet": 0.6756493449211121,
        "maxRet": 0.7107142806053162,
        "minRet": 0.6464285850524902
    },
    "MiniGrid-DoorKey-6x6-custom-diff2": {
        "meanRet": 0.6894999980926514,
        "maxRet": 0.7524999976158142,
        "minRet": 0.6175000071525574
    },
    "MiniGrid-DoorKey-8x8-custom-diff2": {
        "meanRet": 0.7235714375972748,
        "maxRet": 0.8071428537368774,
        "minRet": 0.6528571248054504
    },
    "MiniGrid-DoorKey-16x16-custom-diff2": {
        "meanRet": 0.09271941566839814,
        "maxRet": 0.6202127933502197,
        "minRet": 0.0
    }
}