{
    "model": "test12x12_100k_4step_3gen_3curric/epoch_4_curric2_gen1",
    "MiniGrid-DoorKey-6x6-custom-diff1": {
        "meanRet": 0.7617499983310699,
        "maxRet": 0.9775000214576721,
        "minRet": 0.30562499165534973
    },
    "MiniGrid-DoorKey-8x8-custom-diff1": {
        "meanRet": 0.10535984870159265,
        "maxRet": 0.949999988079071,
        "minRet": 0.0
    },
    "MiniGrid-DoorKey-10x10-custom-diff1": {
        "meanRet": 0.02656250074505806,
        "maxRet": 0.8500000238418579,
        "minRet": 0.0
    },
    "MiniGrid-DoorKey-12x12-custom-diff1": {
        "meanRet": 0.0,
        "maxRet": 0.0,
        "minRet": 0.0
    }
}