{
    "model": "Rhea_Fr2\\epoch_4_curric3_gen2",
    "MiniGrid-DoorKey-5x5-custom-diff1": {
        "meanRet": 0.8287804901599884,
        "maxRet": 0.8682926893234253,
        "minRet": 0.7804877758026123
    },
    "MiniGrid-DoorKey-6x6-custom-diff1": {
        "meanRet": 0.8359405260819656,
        "maxRet": 0.9092437028884888,
        "minRet": 0.7957983016967773
    },
    "MiniGrid-DoorKey-8x8-custom-diff1": {
        "meanRet": 0.8618009507656097,
        "maxRet": 0.9146919250488281,
        "minRet": 0.820853054523468
    },
    "MiniGrid-DoorKey-16x16-custom-diff1": {
        "meanRet": 0.8245798826217652,
        "maxRet": 0.8977514505386353,
        "minRet": 0.7134911417961121
    }
}