{
    "model": "test12x12_75k_3step_3gen_3curric/epoch_19_curric0_gen1",
    "MiniGrid-DoorKey-6x6-custom-diff0.6815023600555896": {
        "meanRet": 0.9836979508399963,
        "maxRet": 0.988990843296051,
        "minRet": 0.9788990616798401
    },
    "MiniGrid-DoorKey-8x8-custom-diff0.6815023600555896": {
        "meanRet": 0.9739187444959369,
        "maxRet": 0.984403669834137,
        "minRet": 0.9688073396682739
    },
    "MiniGrid-DoorKey-10x10-custom-diff0.6815023600555896": {
        "meanRet": 0.9592448839774499,
        "maxRet": 0.9871559739112854,
        "minRet": 0.9449541568756104
    },
    "MiniGrid-DoorKey-12x12-custom-diff0.6815023600555896": {
        "meanRet": 0.9380183553695679,
        "maxRet": 0.9743119478225708,
        "minRet": 0.9091743230819702
    }
}