{
    "model": "test12x12_100k_3step_3gen_3curric/epoch_7_curric1_gen1",
    "MiniGrid-DoorKey-6x6-custom-diff0.9720715046045372": {
        "meanRet": 0.5543874230980873,
        "maxRet": 0.9633309245109558,
        "minRet": 0.11286633461713791
    },
    "MiniGrid-DoorKey-8x8-custom-diff0.9720715046045372": {
        "meanRet": 0.06276777657595548,
        "maxRet": 0.8089349269866943,
        "minRet": 0.0
    },
    "MiniGrid-DoorKey-10x10-custom-diff0.9720715046045372": {
        "meanRet": 0.0,
        "maxRet": 0.0,
        "minRet": 0.0
    },
    "MiniGrid-DoorKey-12x12-custom-diff0.9720715046045372": {
        "meanRet": 0.015146980062127113,
        "maxRet": 0.4847033619880676,
        "minRet": 0.0
    }
}