{
    "model": "test12x12_75k_3step_3gen_3curric/epoch_47_curric0_gen1",
    "MiniGrid-DoorKey-6x6-custom-diff0.15": {
        "meanRet": 0.9296474433862246,
        "maxRet": 0.9541666507720947,
        "minRet": 0.9125000238418579
    },
    "MiniGrid-DoorKey-8x8-custom-diff0.15": {
        "meanRet": 0.8866071488176074,
        "maxRet": 0.9416666626930237,
        "minRet": 0.8541666865348816
    },
    "MiniGrid-DoorKey-10x10-custom-diff0.15": {
        "meanRet": 0.8354166677364936,
        "maxRet": 0.9333333373069763,
        "minRet": 0.7541666626930237
    },
    "MiniGrid-DoorKey-12x12-custom-diff0.15": {
        "meanRet": 0.7273333311080933,
        "maxRet": 0.875,
        "minRet": 0.5249999761581421
    }
}