{
    "model": "Mo_Rhea1\\epoch_2_curric1_gen1",
    "MiniGrid-DoorKey-5x5-custom-diff2": {
        "meanRet": 0.6399999916553497,
        "maxRet": 0.7107142806053162,
        "minRet": 0.550000011920929
    },
    "MiniGrid-DoorKey-6x6-custom-diff2": {
        "meanRet": 0.651250010728836,
        "maxRet": 0.7300000190734863,
        "minRet": 0.5950000286102295
    },
    "MiniGrid-DoorKey-8x8-custom-diff2": {
        "meanRet": 0.6040000021457672,
        "maxRet": 0.7557142972946167,
        "minRet": 0.47285714745521545
    },
    "MiniGrid-DoorKey-16x16-custom-diff2": {
        "meanRet": 0.043583777733147144,
        "maxRet": 0.6521276831626892,
        "minRet": 0.0
    }
}