{
    "model": "test12x12_150k_3step_3gen_3curric/epoch_20_curric1_gen2",
    "MiniGrid-DoorKey-6x6-custom-diff0.15": {
        "meanRet": 0.9058035718543189,
        "maxRet": 0.9416666626930237,
        "minRet": 0.8833333253860474
    },
    "MiniGrid-DoorKey-8x8-custom-diff0.15": {
        "meanRet": 0.8359567832063746,
        "maxRet": 0.9375,
        "minRet": 0.7708333134651184
    },
    "MiniGrid-DoorKey-10x10-custom-diff0.15": {
        "meanRet": 0.7793333315849305,
        "maxRet": 0.925000011920929,
        "minRet": 0.6416666507720947
    },
    "MiniGrid-DoorKey-12x12-custom-diff0.15": {
        "meanRet": 0.5330000001192093,
        "maxRet": 0.8916666507720947,
        "minRet": 0.23749999701976776
    }
}