{
    "model": "new_25k_7step_4gen_3curric/epoch_6_curric1_gen1",
    "MiniGrid-DoorKey-6x6-custom-diff1": {
        "meanRet": 0.9834374968822186,
        "maxRet": 0.9943749904632568,
        "minRet": 0.9681249856948853
    },
    "MiniGrid-DoorKey-8x8-custom-diff1": {
        "meanRet": 0.9515250015258789,
        "maxRet": 0.9862499833106995,
        "minRet": 0.9275000095367432
    },
    "MiniGrid-DoorKey-10x10-custom-diff1": {
        "meanRet": 0.8861499953269959,
        "maxRet": 0.9818750023841858,
        "minRet": 0.7868750095367432
    },
    "MiniGrid-DoorKey-12x12-custom-diff1": {
        "meanRet": 0.7207750034332275,
        "maxRet": 0.8956249952316284,
        "minRet": 0.5218750238418579
    }
}