{
    "model": "MI_RHEA_PARA_ENV_2_first\\epoch_9_curric2_gen3",
    "MiniGrid-DoorKey-5x5-custom-diff1": {
        "meanRet": 0.8902438879013062,
        "maxRet": 0.9012194871902466,
        "minRet": 0.8792682886123657
    },
    "MiniGrid-DoorKey-6x6-custom-diff1": {
        "meanRet": 0.887242154641585,
        "maxRet": 0.916806697845459,
        "minRet": 0.8714285492897034
    },
    "MiniGrid-DoorKey-8x8-custom-diff1": {
        "meanRet": 0.9097156474987665,
        "maxRet": 0.9317535758018494,
        "minRet": 0.8976303339004517
    },
    "MiniGrid-DoorKey-16x16-custom-diff1": {
        "meanRet": 0.8791124224662781,
        "maxRet": 0.9456804990768433,
        "minRet": 0.8295857906341553
    }
}