{
    "model": "test12x12_50k_3step_3gen_3curric/epoch_24_curric1_gen2",
    "MiniGrid-DoorKey-6x6-custom-diff0.6510602224432589": {
        "meanRet": 0.9828260374069214,
        "maxRet": 0.9884738326072693,
        "minRet": 0.977908194065094
    },
    "MiniGrid-DoorKey-8x8-custom-diff0.6510602224432589": {
        "meanRet": 0.9734514403343201,
        "maxRet": 0.9846317768096924,
        "minRet": 0.9673425555229187
    },
    "MiniGrid-DoorKey-10x10-custom-diff0.6510602224432589": {
        "meanRet": 0.9601756838651804,
        "maxRet": 0.9865528345108032,
        "minRet": 0.9404482245445251
    },
    "MiniGrid-DoorKey-12x12-custom-diff0.6510602224432589": {
        "meanRet": 0.9315731072425842,
        "maxRet": 0.9644610285758972,
        "minRet": 0.9077908396720886
    }
}