{
    "model": "test12x12_25k_3step_3gen_3curric/epoch_48_curric2_gen3",
    "MiniGrid-DoorKey-6x6-custom-diff0.2319142875744653": {
        "meanRet": 0.9304864835739136,
        "maxRet": 0.9648648500442505,
        "minRet": 0.8972973227500916
    },
    "MiniGrid-DoorKey-8x8-custom-diff0.2319142875744653": {
        "meanRet": 0.8931891870498657,
        "maxRet": 0.9405405521392822,
        "minRet": 0.8405405282974243
    },
    "MiniGrid-DoorKey-10x10-custom-diff0.2319142875744653": {
        "meanRet": 0.8379459428787231,
        "maxRet": 0.9270270466804504,
        "minRet": 0.7486486434936523
    },
    "MiniGrid-DoorKey-12x12-custom-diff0.2319142875744653": {
        "meanRet": 0.7758918857574463,
        "maxRet": 0.8891891837120056,
        "minRet": 0.6486486196517944
    }
}