{
    "model": "test12x12_100k_3step_4gen_3curric/epoch_26_curric2_gen3",
    "MiniGrid-DoorKey-6x6-custom-diff0.15": {
        "meanRet": 0.918364198119552,
        "maxRet": 0.949999988079071,
        "minRet": 0.8958333134651184
    },
    "MiniGrid-DoorKey-8x8-custom-diff0.15": {
        "meanRet": 0.8597222191316111,
        "maxRet": 0.9333333373069763,
        "minRet": 0.8208333253860474
    },
    "MiniGrid-DoorKey-10x10-custom-diff0.15": {
        "meanRet": 0.7958333277702332,
        "maxRet": 0.9333333373069763,
        "minRet": 0.6875
    },
    "MiniGrid-DoorKey-12x12-custom-diff0.15": {
        "meanRet": 0.6308333325386047,
        "maxRet": 0.7583333253860474,
        "minRet": 0.46666666865348816
    }
}