{
    "model": "test12x12_25k_3step_3gen_3curric/epoch_7_curric1_gen3",
    "MiniGrid-DoorKey-6x6-custom-diff1": {
        "meanRet": 0.9852000021934509,
        "maxRet": 0.9925000071525574,
        "minRet": 0.9787499904632568
    },
    "MiniGrid-DoorKey-8x8-custom-diff1": {
        "meanRet": 0.9682500004768372,
        "maxRet": 0.9925000071525574,
        "minRet": 0.9506250023841858
    },
    "MiniGrid-DoorKey-10x10-custom-diff1": {
        "meanRet": 0.9345000004768371,
        "maxRet": 0.9837499856948853,
        "minRet": 0.8962500095367432
    },
    "MiniGrid-DoorKey-12x12-custom-diff1": {
        "meanRet": 0.8712750029563904,
        "maxRet": 0.9643750190734863,
        "minRet": 0.8075000047683716
    }
}