{
    "model": "test12x12_50k_3step_3gen_3curric/epoch_38_curric0_gen1",
    "MiniGrid-DoorKey-6x6-custom-diff0.3010602224432588": {
        "meanRet": 0.9633564242610225,
        "maxRet": 0.9792147874832153,
        "minRet": 0.9521939754486084
    },
    "MiniGrid-DoorKey-8x8-custom-diff0.3010602224432588": {
        "meanRet": 0.9393231479021219,
        "maxRet": 0.9709007143974304,
        "minRet": 0.918937623500824
    },
    "MiniGrid-DoorKey-10x10-custom-diff0.3010602224432588": {
        "meanRet": 0.908711314201355,
        "maxRet": 0.9605081081390381,
        "minRet": 0.8794457316398621
    },
    "MiniGrid-DoorKey-12x12-custom-diff0.3010602224432588": {
        "meanRet": 0.8469088673591614,
        "maxRet": 0.9397228360176086,
        "minRet": 0.7817552089691162
    }
}