{
    "model": "Rhea_SaRun2\\epoch_4_curric2_gen3",
    "MiniGrid-DoorKey-5x5-custom-diff2": {
        "meanRet": 0.6764285683631897,
        "maxRet": 0.7428571581840515,
        "minRet": 0.6464285850524902
    },
    "MiniGrid-DoorKey-6x6-custom-diff2": {
        "meanRet": 0.7210000097751618,
        "maxRet": 0.7524999976158142,
        "minRet": 0.6850000023841858
    },
    "MiniGrid-DoorKey-8x8-custom-diff2": {
        "meanRet": 0.7492857217788697,
        "maxRet": 0.8071428537368774,
        "minRet": 0.691428542137146
    },
    "MiniGrid-DoorKey-16x16-custom-diff2": {
        "meanRet": 0.08347739465534687,
        "maxRet": 0.6840425729751587,
        "minRet": 0.0
    }
}