{
    "model": "test12x12_50k_3step_3gen_3curric/epoch_34_curric2_gen2",
    "MiniGrid-DoorKey-6x6-custom-diff0.4010602224432589": {
        "meanRet": 0.9695528721809388,
        "maxRet": 0.9812824726104736,
        "minRet": 0.9610052108764648
    },
    "MiniGrid-DoorKey-8x8-custom-diff0.4010602224432589": {
        "meanRet": 0.9520508382055495,
        "maxRet": 0.9719237685203552,
        "minRet": 0.9376083016395569
    },
    "MiniGrid-DoorKey-10x10-custom-diff0.4010602224432589": {
        "meanRet": 0.9348006916046142,
        "maxRet": 0.9750433564186096,
        "minRet": 0.9032928943634033
    },
    "MiniGrid-DoorKey-12x12-custom-diff0.4010602224432589": {
        "meanRet": 0.8948076248168946,
        "maxRet": 0.9610052108764648,
        "minRet": 0.8440207839012146
    }
}