{
    "model": "new_25k_7step_4gen_3curric/epoch_4_curric2_gen4",
    "MiniGrid-DoorKey-6x6-custom-diff1": {
        "meanRet": 0.981025002002716,
        "maxRet": 0.9918749928474426,
        "minRet": 0.9662500023841858
    },
    "MiniGrid-DoorKey-8x8-custom-diff1": {
        "meanRet": 0.9681249976158142,
        "maxRet": 0.9856250286102295,
        "minRet": 0.9468749761581421
    },
    "MiniGrid-DoorKey-10x10-custom-diff1": {
        "meanRet": 0.9488499999046326,
        "maxRet": 0.9750000238418579,
        "minRet": 0.9037500023841858
    },
    "MiniGrid-DoorKey-12x12-custom-diff1": {
        "meanRet": 0.8877249979972839,
        "maxRet": 0.9831249713897705,
        "minRet": 0.8174999952316284
    }
}