{
    "model": "SoRRH_2\\epoch_7_curric0",
    "MiniGrid-DoorKey-5x5-custom-diff0": {
        "meanRet": 0.9512363455512307,
        "maxRet": 0.9675999879837036,
        "minRet": 0.9423999786376953
    },
    "MiniGrid-DoorKey-6x6-custom-diff0": {
        "meanRet": 0.9595454335212708,
        "maxRet": 0.9674999713897705,
        "minRet": 0.9524999856948853
    },
    "MiniGrid-DoorKey-8x8-custom-diff0": {
        "meanRet": 0.9602734297513962,
        "maxRet": 0.9690625071525574,
        "minRet": 0.9521874785423279
    },
    "MiniGrid-DoorKey-16x16-custom-diff0": {
        "meanRet": 0.9303554713726043,
        "maxRet": 0.9701172113418579,
        "minRet": 0.8976953029632568
    }
}