{
    "model": "test12x12_25k_3step_3gen_3curric/epoch_15_curric2_gen3",
    "MiniGrid-DoorKey-6x6-custom-diff1": {
        "meanRet": 0.9874500036239624,
        "maxRet": 0.9925000071525574,
        "minRet": 0.9825000166893005
    },
    "MiniGrid-DoorKey-8x8-custom-diff1": {
        "meanRet": 0.9769249963760376,
        "maxRet": 0.9887499809265137,
        "minRet": 0.9674999713897705
    },
    "MiniGrid-DoorKey-10x10-custom-diff1": {
        "meanRet": 0.963899998664856,
        "maxRet": 0.9881250262260437,
        "minRet": 0.9412500262260437
    },
    "MiniGrid-DoorKey-12x12-custom-diff1": {
        "meanRet": 0.9207500004768372,
        "maxRet": 0.9631249904632568,
        "minRet": 0.8656250238418579
    }
}