{
    "model": "Rhea_Fr2\\epoch_2_curric0_gen1",
    "MiniGrid-DoorKey-5x5-custom-diff1": {
        "meanRet": 0.8692073225975037,
        "maxRet": 0.8902438879013062,
        "minRet": 0.8463414907455444
    },
    "MiniGrid-DoorKey-6x6-custom-diff1": {
        "meanRet": 0.8758403211832047,
        "maxRet": 0.916806697845459,
        "minRet": 0.8563024997711182
    },
    "MiniGrid-DoorKey-8x8-custom-diff1": {
        "meanRet": 0.8739767345515165,
        "maxRet": 0.9232227206230164,
        "minRet": 0.8379147052764893
    },
    "MiniGrid-DoorKey-16x16-custom-diff1": {
        "meanRet": 0.7490650892257691,
        "maxRet": 0.8476923108100891,
        "minRet": 0.5537278056144714
    }
}