{
    "model": "Mo_Rhea1\\epoch_5_curric0_gen4",
    "MiniGrid-DoorKey-5x5-custom-diff2": {
        "meanRet": 0.6207142829895019,
        "maxRet": 0.7107142806053162,
        "minRet": 0.5178571343421936
    },
    "MiniGrid-DoorKey-6x6-custom-diff2": {
        "meanRet": 0.5430769255528083,
        "maxRet": 0.6850000023841858,
        "minRet": 0.46000000834465027
    },
    "MiniGrid-DoorKey-8x8-custom-diff2": {
        "meanRet": 0.6645454547621987,
        "maxRet": 0.7557142972946167,
        "minRet": 0.5885714292526245
    },
    "MiniGrid-DoorKey-16x16-custom-diff2": {
        "meanRet": 0.10518617043271661,
        "maxRet": 0.6680850982666016,
        "minRet": 0.0
    }
}