{
    "model": "Rhea_Fr2\\epoch_4_curric3_gen1",
    "MiniGrid-DoorKey-5x5-custom-diff1": {
        "meanRet": 0.8584146440029145,
        "maxRet": 0.8792682886123657,
        "minRet": 0.8353658318519592
    },
    "MiniGrid-DoorKey-6x6-custom-diff1": {
        "meanRet": 0.870053464716131,
        "maxRet": 0.9016806483268738,
        "minRet": 0.8563024997711182
    },
    "MiniGrid-DoorKey-8x8-custom-diff1": {
        "meanRet": 0.8662214604291049,
        "maxRet": 0.9104265570640564,
        "minRet": 0.8251184821128845
    },
    "MiniGrid-DoorKey-16x16-custom-diff1": {
        "meanRet": 0.6994319498538971,
        "maxRet": 0.8125444054603577,
        "minRet": 0.5590532422065735
    }
}