{
    "model": "test12x12_150k_3step_3gen_3curric/epoch_4_curric2_gen1",
    "MiniGrid-DoorKey-6x6-custom-diff1": {
        "meanRet": 0.9865509271621704,
        "maxRet": 0.9918749928474426,
        "minRet": 0.9831249713897705
    },
    "MiniGrid-DoorKey-8x8-custom-diff1": {
        "meanRet": 0.9799759640143468,
        "maxRet": 0.9887499809265137,
        "minRet": 0.9743750095367432
    },
    "MiniGrid-DoorKey-10x10-custom-diff1": {
        "meanRet": 0.9725961616406074,
        "maxRet": 0.9850000143051147,
        "minRet": 0.9643750190734863
    },
    "MiniGrid-DoorKey-12x12-custom-diff1": {
        "meanRet": 0.9556490366275494,
        "maxRet": 0.9787499904632568,
        "minRet": 0.9318749904632568
    }
}