{
    "model": "test12x12_75k_3step_3gen_3curric/epoch_18_curric0_gen2",
    "MiniGrid-DoorKey-6x6-custom-diff0.7065023600555896": {
        "meanRet": 0.9843771205498622,
        "maxRet": 0.9893805384635925,
        "minRet": 0.9805309772491455
    },
    "MiniGrid-DoorKey-8x8-custom-diff0.7065023600555896": {
        "meanRet": 0.976743357181549,
        "maxRet": 0.9876106381416321,
        "minRet": 0.9637168049812317
    },
    "MiniGrid-DoorKey-10x10-custom-diff0.7065023600555896": {
        "meanRet": 0.9625840663909913,
        "maxRet": 0.9840707778930664,
        "minRet": 0.943362832069397
    },
    "MiniGrid-DoorKey-12x12-custom-diff0.7065023600555896": {
        "meanRet": 0.9233492200191205,
        "maxRet": 0.9734513163566589,
        "minRet": 0.886725664138794
    }
}