{
    "model": "test12x12_100k_3step_4gen_3curric/epoch_3_curric0_gen2",
    "MiniGrid-DoorKey-6x6-custom-diff1": {
        "meanRet": 0.9887249994277955,
        "maxRet": 0.9925000071525574,
        "minRet": 0.9862499833106995
    },
    "MiniGrid-DoorKey-8x8-custom-diff1": {
        "meanRet": 0.9782000017166138,
        "maxRet": 0.9906250238418579,
        "minRet": 0.9674999713897705
    },
    "MiniGrid-DoorKey-10x10-custom-diff1": {
        "meanRet": 0.9565500044822692,
        "maxRet": 0.9825000166893005,
        "minRet": 0.9275000095367432
    },
    "MiniGrid-DoorKey-12x12-custom-diff1": {
        "meanRet": 0.9291750001907348,
        "maxRet": 0.9712499976158142,
        "minRet": 0.8793749809265137
    }
}