{
    "model": "test12x12_100k_3step_4gen_3curric/epoch_34_curric2_gen1",
    "MiniGrid-DoorKey-6x6-custom-diff0.15": {
        "meanRet": 0.9134259290165372,
        "maxRet": 0.949999988079071,
        "minRet": 0.8833333253860474
    },
    "MiniGrid-DoorKey-8x8-custom-diff0.15": {
        "meanRet": 0.8722222204561587,
        "maxRet": 0.9291666746139526,
        "minRet": 0.8416666388511658
    },
    "MiniGrid-DoorKey-10x10-custom-diff0.15": {
        "meanRet": 0.7936666679382324,
        "maxRet": 0.9166666865348816,
        "minRet": 0.7208333611488342
    },
    "MiniGrid-DoorKey-12x12-custom-diff0.15": {
        "meanRet": 0.6729999959468842,
        "maxRet": 0.887499988079071,
        "minRet": 0.4791666567325592
    }
}