{
    "model": "test12x12_100k_3step_4gen_3curric/epoch_35_curric2_gen2",
    "MiniGrid-DoorKey-6x6-custom-diff0.15": {
        "meanRet": 0.9173333311080932,
        "maxRet": 0.9458333253860474,
        "minRet": 0.8958333134651184
    },
    "MiniGrid-DoorKey-8x8-custom-diff0.15": {
        "meanRet": 0.8713141014942756,
        "maxRet": 0.9291666746139526,
        "minRet": 0.8374999761581421
    },
    "MiniGrid-DoorKey-10x10-custom-diff0.15": {
        "meanRet": 0.8341666674613952,
        "maxRet": 0.9291666746139526,
        "minRet": 0.7708333134651184
    },
    "MiniGrid-DoorKey-12x12-custom-diff0.15": {
        "meanRet": 0.6979999995231628,
        "maxRet": 0.8500000238418579,
        "minRet": 0.5874999761581421
    }
}