{
    "model": "test12x12_25k_3step_3gen_3curric/epoch_9_curric1_gen2",
    "MiniGrid-DoorKey-6x6-custom-diff1": {
        "meanRet": 0.9819471148344187,
        "maxRet": 0.9912499785423279,
        "minRet": 0.9674999713897705
    },
    "MiniGrid-DoorKey-8x8-custom-diff1": {
        "meanRet": 0.9598750019073486,
        "maxRet": 0.9862499833106995,
        "minRet": 0.940625011920929
    },
    "MiniGrid-DoorKey-10x10-custom-diff1": {
        "meanRet": 0.9165750026702881,
        "maxRet": 0.9706249833106995,
        "minRet": 0.8500000238418579
    },
    "MiniGrid-DoorKey-12x12-custom-diff1": {
        "meanRet": 0.781875,
        "maxRet": 0.9787499904632568,
        "minRet": 0.5337499976158142
    }
}