{
    "model": "Di_Rhea1\\epoch_1_curric0_gen3",
    "MiniGrid-DoorKey-5x5-custom-diff0": {
        "meanRet": 0.96075998544693,
        "maxRet": 0.9639999866485596,
        "minRet": 0.9567999839782715
    },
    "MiniGrid-DoorKey-6x6-custom-diff0": {
        "meanRet": 0.9620833247900009,
        "maxRet": 0.9725000262260437,
        "minRet": 0.9524999856948853
    },
    "MiniGrid-DoorKey-8x8-custom-diff0": {
        "meanRet": 0.959499990940094,
        "maxRet": 0.9732812643051147,
        "minRet": 0.9549999833106995
    },
    "MiniGrid-DoorKey-16x16-custom-diff0": {
        "meanRet": 0.894601559638977,
        "maxRet": 0.9504296779632568,
        "minRet": 0.8076953291893005
    }
}