{
    "model": "test12x12_100k_3step_3gen_3curric/epoch_7_curric2_gen1",
    "MiniGrid-DoorKey-6x6-custom-diff0.9720715046045372": {
        "meanRet": 0.3306120943866278,
        "maxRet": 0.9826304316520691,
        "minRet": 0.0
    },
    "MiniGrid-DoorKey-8x8-custom-diff0.9720715046045372": {
        "meanRet": 0.0545166190713644,
        "maxRet": 0.5606147050857544,
        "minRet": 0.0
    },
    "MiniGrid-DoorKey-10x10-custom-diff0.9720715046045372": {
        "meanRet": 0.025699160527437925,
        "maxRet": 0.39656898379325867,
        "minRet": 0.0
    },
    "MiniGrid-DoorKey-12x12-custom-diff0.9720715046045372": {
        "meanRet": 0.0,
        "maxRet": 0.0,
        "minRet": 0.0
    }
}