{
    "model": "test12x12_25k_3step_3gen_3curric/epoch_37_curric1_gen1",
    "MiniGrid-DoorKey-6x6-custom-diff0.5069142875744653": {
        "meanRet": 0.9771130130841181,
        "maxRet": 0.9876543283462524,
        "minRet": 0.970370352268219
    },
    "MiniGrid-DoorKey-8x8-custom-diff0.5069142875744653": {
        "meanRet": 0.9644938278198242,
        "maxRet": 0.980246901512146,
        "minRet": 0.9543209671974182
    },
    "MiniGrid-DoorKey-10x10-custom-diff0.5069142875744653": {
        "meanRet": 0.9505698038981512,
        "maxRet": 0.9753086566925049,
        "minRet": 0.934567928314209
    },
    "MiniGrid-DoorKey-12x12-custom-diff0.5069142875744653": {
        "meanRet": 0.9210864210128784,
        "maxRet": 0.9641975164413452,
        "minRet": 0.8901234865188599
    }
}