{
    "model": "test12x12_100k_3step_3gen_3curric/epoch_16_curric1_gen3",
    "MiniGrid-DoorKey-6x6-custom-diff0.7470715046045372": {
        "meanRet": 0.9800035793047684,
        "maxRet": 0.9907907247543335,
        "minRet": 0.9732093214988708
    },
    "MiniGrid-DoorKey-8x8-custom-diff0.7470715046045372": {
        "meanRet": 0.9710387609623097,
        "maxRet": 0.9874418377876282,
        "minRet": 0.9581395387649536
    },
    "MiniGrid-DoorKey-10x10-custom-diff0.7470715046045372": {
        "meanRet": 0.960818600654602,
        "maxRet": 0.9907907247543335,
        "minRet": 0.9422325491905212
    },
    "MiniGrid-DoorKey-12x12-custom-diff0.7470715046045372": {
        "meanRet": 0.9389172124862671,
        "maxRet": 0.9706977009773254,
        "minRet": 0.8819534778594971
    }
}