{
    "model": "test12x12_100k_3step_3gen_3curric/epoch_47_curric1_gen1",
    "MiniGrid-DoorKey-6x6-custom-diff0.15": {
        "meanRet": 0.90128205372737,
        "maxRet": 0.9375,
        "minRet": 0.8583333492279053
    },
    "MiniGrid-DoorKey-8x8-custom-diff0.15": {
        "meanRet": 0.8526666641235352,
        "maxRet": 0.9291666746139526,
        "minRet": 0.800000011920929
    },
    "MiniGrid-DoorKey-10x10-custom-diff0.15": {
        "meanRet": 0.8006666660308838,
        "maxRet": 0.9041666388511658,
        "minRet": 0.7124999761581421
    },
    "MiniGrid-DoorKey-12x12-custom-diff0.15": {
        "meanRet": 0.6591666626930237,
        "maxRet": 0.875,
        "minRet": 0.40416666865348816
    }
}