{
    "model": "SO_RHEA_2PARA_5GEN_14May\\epoch_5_curric0_gen3",
    "MiniGrid-DoorKey-5x5-custom-diff0": {
        "meanRet": 0.9564999838670095,
        "maxRet": 0.9675999879837036,
        "minRet": 0.9495999813079834
    },
    "MiniGrid-DoorKey-6x6-custom-diff0": {
        "meanRet": 0.961590896953236,
        "maxRet": 0.9725000262260437,
        "minRet": 0.9549999833106995
    },
    "MiniGrid-DoorKey-8x8-custom-diff0": {
        "meanRet": 0.9606249928474426,
        "maxRet": 0.9676562547683716,
        "minRet": 0.9549999833106995
    },
    "MiniGrid-DoorKey-16x16-custom-diff0": {
        "meanRet": 0.9327812433242798,
        "maxRet": 0.9725781083106995,
        "minRet": 0.9089453220367432
    }
}