{
    "model": "SO_RHEA_2PARA_5GEN_14May\\epoch_10_curric2_gen4",
    "MiniGrid-DoorKey-5x5-custom-diff1": {
        "meanRet": 0.8812638521194458,
        "maxRet": 0.9012194871902466,
        "minRet": 0.8573170900344849
    },
    "MiniGrid-DoorKey-6x6-custom-diff1": {
        "meanRet": 0.8920549967072227,
        "maxRet": 0.924369752407074,
        "minRet": 0.8714285492897034
    },
    "MiniGrid-DoorKey-8x8-custom-diff1": {
        "meanRet": 0.8876777291297913,
        "maxRet": 0.9274881482124329,
        "minRet": 0.8592417240142822
    },
    "MiniGrid-DoorKey-16x16-custom-diff1": {
        "meanRet": 0.6414911329746247,
        "maxRet": 0.865798830986023,
        "minRet": 0.31301775574684143
    }
}