{
    "model": "Di_Rhea1\\epoch_6_curric2_gen2",
    "MiniGrid-DoorKey-5x5-custom-diff2": {
        "meanRet": 0.676098896906926,
        "maxRet": 0.7107142806053162,
        "minRet": 0.6464285850524902
    },
    "MiniGrid-DoorKey-6x6-custom-diff2": {
        "meanRet": 0.6936538402850811,
        "maxRet": 0.7749999761581421,
        "minRet": 0.6399999856948853
    },
    "MiniGrid-DoorKey-8x8-custom-diff2": {
        "meanRet": 0.7416883273558184,
        "maxRet": 0.8071428537368774,
        "minRet": 0.704285740852356
    },
    "MiniGrid-DoorKey-16x16-custom-diff2": {
        "meanRet": 0.1320478729903698,
        "maxRet": 0.8085106611251831,
        "minRet": 0.0
    }
}