{
    "model": "test12x12_50k_3step_3gen_3curric/epoch_7_curric1_gen2",
    "MiniGrid-DoorKey-6x6-custom-diff1": {
        "meanRet": 0.987250006198883,
        "maxRet": 0.9918749928474426,
        "minRet": 0.9831249713897705
    },
    "MiniGrid-DoorKey-8x8-custom-diff1": {
        "meanRet": 0.9784249997138977,
        "maxRet": 0.9881250262260437,
        "minRet": 0.9681249856948853
    },
    "MiniGrid-DoorKey-10x10-custom-diff1": {
        "meanRet": 0.9632932658378894,
        "maxRet": 0.9825000166893005,
        "minRet": 0.9474999904632568
    },
    "MiniGrid-DoorKey-12x12-custom-diff1": {
        "meanRet": 0.9274999976158143,
        "maxRet": 0.9668750166893005,
        "minRet": 0.8893749713897705
    }
}