{
    "model": "test12x12_150k_3step_3gen_3curric/epoch_19_curric2_gen3",
    "MiniGrid-DoorKey-6x6-custom-diff0.15": {
        "meanRet": 0.9297839579758821,
        "maxRet": 0.949999988079071,
        "minRet": 0.9125000238418579
    },
    "MiniGrid-DoorKey-8x8-custom-diff0.15": {
        "meanRet": 0.8891975305698536,
        "maxRet": 0.9416666626930237,
        "minRet": 0.8583333492279053
    },
    "MiniGrid-DoorKey-10x10-custom-diff0.15": {
        "meanRet": 0.8309294833586767,
        "maxRet": 0.9291666746139526,
        "minRet": 0.7458333373069763
    },
    "MiniGrid-DoorKey-12x12-custom-diff0.15": {
        "meanRet": 0.6900640978262975,
        "maxRet": 0.862500011920929,
        "minRet": 0.4958333373069763
    }
}