{
    "model": "Rhea_SaRun2\\epoch_4_curric0_gen1",
    "MiniGrid-DoorKey-5x5-custom-diff2": {
        "meanRet": 0.6721428513526917,
        "maxRet": 0.7428571581840515,
        "minRet": 0.6142857074737549
    },
    "MiniGrid-DoorKey-6x6-custom-diff2": {
        "meanRet": 0.6420454653826627,
        "maxRet": 0.7749999761581421,
        "minRet": 0.5950000286102295
    },
    "MiniGrid-DoorKey-8x8-custom-diff2": {
        "meanRet": 0.5897402627901598,
        "maxRet": 0.8199999928474426,
        "minRet": 0.4471428692340851
    },
    "MiniGrid-DoorKey-16x16-custom-diff2": {
        "meanRet": 0.054222074802964926,
        "maxRet": 0.6329787373542786,
        "minRet": 0.0
    }
}