{
    "model": "test12x12_50k_3step_3gen_3curric/epoch_27_curric0_gen2",
    "MiniGrid-DoorKey-6x6-custom-diff0.5760602224432588": {
        "meanRet": 0.9796542039623967,
        "maxRet": 0.9869722723960876,
        "minRet": 0.9739444851875305
    },
    "MiniGrid-DoorKey-8x8-custom-diff0.5760602224432588": {
        "meanRet": 0.9673872089385986,
        "maxRet": 0.9793727397918701,
        "minRet": 0.9576598405838013
    },
    "MiniGrid-DoorKey-10x10-custom-diff0.5760602224432588": {
        "meanRet": 0.9501438232568594,
        "maxRet": 0.9761158227920532,
        "minRet": 0.926176130771637
    },
    "MiniGrid-DoorKey-12x12-custom-diff0.5760602224432588": {
        "meanRet": 0.9191845607757568,
        "maxRet": 0.9620023965835571,
        "minRet": 0.8762364387512207
    }
}