{
    "model": "test12x12_100k_3step_4gen_3curric/epoch_20_curric2_gen1",
    "MiniGrid-DoorKey-6x6-custom-diff0.64467792277423": {
        "meanRet": 0.9805675369721872,
        "maxRet": 0.9883620738983154,
        "minRet": 0.9747844934463501
    },
    "MiniGrid-DoorKey-8x8-custom-diff0.64467792277423": {
        "meanRet": 0.9728448390960693,
        "maxRet": 0.9835129380226135,
        "minRet": 0.9631465673446655
    },
    "MiniGrid-DoorKey-10x10-custom-diff0.64467792277423": {
        "meanRet": 0.9612457060813904,
        "maxRet": 0.9757543206214905,
        "minRet": 0.9476293325424194
    },
    "MiniGrid-DoorKey-12x12-custom-diff0.64467792277423": {
        "meanRet": 0.9367747054650233,
        "maxRet": 0.9650862216949463,
        "minRet": 0.9059267044067383
    }
}