{
    "model": "test12x12_50k_3step_3gen_3curric/epoch_47_curric2_gen1",
    "MiniGrid-DoorKey-6x6-custom-diff0.15": {
        "meanRet": 0.883173080591055,
        "maxRet": 0.9416666626930237,
        "minRet": 0.8416666388511658
    },
    "MiniGrid-DoorKey-8x8-custom-diff0.15": {
        "meanRet": 0.8220000004768372,
        "maxRet": 0.9416666626930237,
        "minRet": 0.7333333492279053
    },
    "MiniGrid-DoorKey-10x10-custom-diff0.15": {
        "meanRet": 0.6218333327770234,
        "maxRet": 0.9041666388511658,
        "minRet": 0.32083332538604736
    },
    "MiniGrid-DoorKey-12x12-custom-diff0.15": {
        "meanRet": 0.11631944449618459,
        "maxRet": 0.8208333253860474,
        "minRet": 0.0
    }
}