{
    "model": "test12x12_75k_3step_3gen_3curric/epoch_37_curric1_gen2",
    "MiniGrid-DoorKey-6x6-custom-diff0.15": {
        "meanRet": 0.9179012422208432,
        "maxRet": 0.949999988079071,
        "minRet": 0.8999999761581421
    },
    "MiniGrid-DoorKey-8x8-custom-diff0.15": {
        "meanRet": 0.8601666617393494,
        "maxRet": 0.9208333492279053,
        "minRet": 0.8125
    },
    "MiniGrid-DoorKey-10x10-custom-diff0.15": {
        "meanRet": 0.8028333330154419,
        "maxRet": 0.9291666746139526,
        "minRet": 0.6958333253860474
    },
    "MiniGrid-DoorKey-12x12-custom-diff0.15": {
        "meanRet": 0.6890000021457672,
        "maxRet": 0.9166666865348816,
        "minRet": 0.4791666567325592
    }
}