{
    "model": "test12x12_25k_3step_3gen_3curric/epoch_16_curric2_gen3",
    "MiniGrid-DoorKey-6x6-custom-diff1": {
        "meanRet": 0.9859249997138977,
        "maxRet": 0.9918749928474426,
        "minRet": 0.981249988079071
    },
    "MiniGrid-DoorKey-8x8-custom-diff1": {
        "meanRet": 0.9766435137501469,
        "maxRet": 0.9881250262260437,
        "minRet": 0.9674999713897705
    },
    "MiniGrid-DoorKey-10x10-custom-diff1": {
        "meanRet": 0.9667749977111817,
        "maxRet": 0.984375,
        "minRet": 0.9524999856948853
    },
    "MiniGrid-DoorKey-12x12-custom-diff1": {
        "meanRet": 0.9454250025749207,
        "maxRet": 0.9693750143051147,
        "minRet": 0.9200000166893005
    }
}