{
    "model": "Rhea_mi1\\epoch_1_curric0_gen2",
    "MiniGrid-DoorKey-5x5-custom": {
        "meanRet": 0.9017500231663386,
        "maxRet": 0.9190000295639038,
        "minRet": 0.8830000162124634
    },
    "MiniGrid-DoorKey-6x6-custom": {
        "meanRet": 0.7872727350755171,
        "maxRet": 0.8992000222206116,
        "minRet": 0.6976000070571899
    },
    "MiniGrid-DoorKey-8x8-custom": {
        "meanRet": 0.07778125116601586,
        "maxRet": 0.847000002861023,
        "minRet": 0.0
    },
    "MiniGrid-DoorKey-16x16-custom": {
        "meanRet": 0.0,
        "maxRet": 0.0,
        "minRet": 0.0
    }
}