{
    "model": "test12x12_25k_3step_3gen_3curric/epoch_5_curric0_gen3",
    "MiniGrid-DoorKey-6x6-custom-diff1": {
        "meanRet": 0.9638499999046326,
        "maxRet": 0.9856250286102295,
        "minRet": 0.9424999952316284
    },
    "MiniGrid-DoorKey-8x8-custom-diff1": {
        "meanRet": 0.8610500001907349,
        "maxRet": 0.9731249809265137,
        "minRet": 0.7537500262260437
    },
    "MiniGrid-DoorKey-10x10-custom-diff1": {
        "meanRet": 0.6791750037670136,
        "maxRet": 0.9543750286102295,
        "minRet": 0.4543749988079071
    },
    "MiniGrid-DoorKey-12x12-custom-diff1": {
        "meanRet": 0.2196936288885042,
        "maxRet": 0.8412500023841858,
        "minRet": 0.0
    }
}