{
    "model": "test12x12_50k_3step_3gen_3curric/epoch_25_curric2_gen3",
    "MiniGrid-DoorKey-6x6-custom-diff0.6260602224432589": {
        "meanRet": 0.9819047175920926,
        "maxRet": 0.9880133271217346,
        "minRet": 0.9760266542434692
    },
    "MiniGrid-DoorKey-8x8-custom-diff0.6260602224432589": {
        "meanRet": 0.9723107647895813,
        "maxRet": 0.9840177297592163,
        "minRet": 0.9640399813652039
    },
    "MiniGrid-DoorKey-10x10-custom-diff0.6260602224432589": {
        "meanRet": 0.9610832381248474,
        "maxRet": 0.9880133271217346,
        "minRet": 0.9450610280036926
    },
    "MiniGrid-DoorKey-12x12-custom-diff0.6260602224432589": {
        "meanRet": 0.9345127630233765,
        "maxRet": 0.9630410671234131,
        "minRet": 0.89012211561203
    }
}