{
    "model": "test12x12_75k_3step_3gen_3curric/epoch_23_curric0_gen1",
    "MiniGrid-DoorKey-6x6-custom-diff0.5815023600555896": {
        "meanRet": 0.9789247512817383,
        "maxRet": 0.9870967864990234,
        "minRet": 0.9731183052062988
    },
    "MiniGrid-DoorKey-8x8-custom-diff0.5815023600555896": {
        "meanRet": 0.9689032244682312,
        "maxRet": 0.9827957153320312,
        "minRet": 0.9569892287254333
    },
    "MiniGrid-DoorKey-10x10-custom-diff0.5815023600555896": {
        "meanRet": 0.9531660631850913,
        "maxRet": 0.9784946441650391,
        "minRet": 0.9279569983482361
    },
    "MiniGrid-DoorKey-12x12-custom-diff0.5815023600555896": {
        "meanRet": 0.9249032258987426,
        "maxRet": 0.9709677696228027,
        "minRet": 0.8860214948654175
    }
}