{
    "model": "SO_RHEA_2PARA_5GEN_14May\\epoch_8_curric0_gen1",
    "MiniGrid-DoorKey-5x5-custom-diff1": {
        "meanRet": 0.8737804889678955,
        "maxRet": 0.9012194871902466,
        "minRet": 0.8573170900344849
    },
    "MiniGrid-DoorKey-6x6-custom-diff1": {
        "meanRet": 0.8824293288317594,
        "maxRet": 0.916806697845459,
        "minRet": 0.8638655543327332
    },
    "MiniGrid-DoorKey-8x8-custom-diff1": {
        "meanRet": 0.8989099562168121,
        "maxRet": 0.9402843713760376,
        "minRet": 0.8805687427520752
    },
    "MiniGrid-DoorKey-16x16-custom-diff1": {
        "meanRet": 0.771005916595459,
        "maxRet": 0.8913609385490417,
        "minRet": 0.6581065058708191
    }
}