{
    "model": "test12x12_150k_3step_3gen_3curric/epoch_25_curric0_gen2",
    "MiniGrid-DoorKey-6x6-custom-diff0.15": {
        "meanRet": 0.9070987613112839,
        "maxRet": 0.949999988079071,
        "minRet": 0.875
    },
    "MiniGrid-DoorKey-8x8-custom-diff0.15": {
        "meanRet": 0.8790000033378601,
        "maxRet": 0.9375,
        "minRet": 0.8291666507720947
    },
    "MiniGrid-DoorKey-10x10-custom-diff0.15": {
        "meanRet": 0.8335000014305115,
        "maxRet": 0.8916666507720947,
        "minRet": 0.7666666507720947
    },
    "MiniGrid-DoorKey-12x12-custom-diff0.15": {
        "meanRet": 0.7222756422483004,
        "maxRet": 0.862500011920929,
        "minRet": 0.625
    }
}