{
    "model": "Rhea_mi1\\epoch_1_curric1_gen1",
    "MiniGrid-DoorKey-5x5-custom": {
        "meanRet": 0.9010000228881836,
        "maxRet": 0.9190000295639038,
        "minRet": 0.8830000162124634
    },
    "MiniGrid-DoorKey-6x6-custom": {
        "meanRet": 0.7854400038719177,
        "maxRet": 0.8776000142097473,
        "minRet": 0.6255999803543091
    },
    "MiniGrid-DoorKey-8x8-custom": {
        "meanRet": 0.08849999983794987,
        "maxRet": 0.734499990940094,
        "minRet": 0.0
    },
    "MiniGrid-DoorKey-16x16-custom": {
        "meanRet": 0.0,
        "maxRet": 0.0,
        "minRet": 0.0
    }
}