{
    "model": "test12x12_50k_3step_3gen_3curric/epoch_43_curric1_gen2",
    "MiniGrid-DoorKey-6x6-custom-diff0.15": {
        "meanRet": 0.9181089768042932,
        "maxRet": 0.9416666626930237,
        "minRet": 0.8916666507720947
    },
    "MiniGrid-DoorKey-8x8-custom-diff0.15": {
        "meanRet": 0.866666663151521,
        "maxRet": 0.9291666746139526,
        "minRet": 0.824999988079071
    },
    "MiniGrid-DoorKey-10x10-custom-diff0.15": {
        "meanRet": 0.7628333353996277,
        "maxRet": 0.9333333373069763,
        "minRet": 0.637499988079071
    },
    "MiniGrid-DoorKey-12x12-custom-diff0.15": {
        "meanRet": 0.5695000040531158,
        "maxRet": 0.8458333611488342,
        "minRet": 0.36250001192092896
    }
}