{
    "model": "DO_11_05_RHEA_PARA_ENV_1\\epoch_11_curric2_gen1",
    "MiniGrid-DoorKey-5x5-custom-diff2": {
        "meanRet": 0.6689285695552826,
        "maxRet": 0.7107142806053162,
        "minRet": 0.6464285850524902
    },
    "MiniGrid-DoorKey-6x6-custom-diff2": {
        "meanRet": 0.6602499961853028,
        "maxRet": 0.7300000190734863,
        "minRet": 0.6175000071525574
    },
    "MiniGrid-DoorKey-8x8-custom-diff2": {
        "meanRet": 0.7029999971389771,
        "maxRet": 0.7814285755157471,
        "minRet": 0.6014285683631897
    },
    "MiniGrid-DoorKey-16x16-custom-diff2": {
        "meanRet": 0.0778922876343131,
        "maxRet": 0.7414893507957458,
        "minRet": 0.0
    }
}