{
    "model": "test12x12_100k_3step_3gen_3curric/epoch_45_curric1_gen3",
    "MiniGrid-DoorKey-6x6-custom-diff0.15": {
        "meanRet": 0.9131666660308838,
        "maxRet": 0.9458333253860474,
        "minRet": 0.8833333253860474
    },
    "MiniGrid-DoorKey-8x8-custom-diff0.15": {
        "meanRet": 0.8630000042915345,
        "maxRet": 0.9208333492279053,
        "minRet": 0.800000011920929
    },
    "MiniGrid-DoorKey-10x10-custom-diff0.15": {
        "meanRet": 0.8314999938011169,
        "maxRet": 0.9375,
        "minRet": 0.7583333253860474
    },
    "MiniGrid-DoorKey-12x12-custom-diff0.15": {
        "meanRet": 0.7236666679382324,
        "maxRet": 0.862500011920929,
        "minRet": 0.5041666626930237
    }
}