{
    "model": "test12x12_100k_3step_3gen_3curric/epoch_14_curric1_gen2",
    "MiniGrid-DoorKey-6x6-custom-diff0.7970715046045371": {
        "meanRet": 0.9839447415792025,
        "maxRet": 0.990584135055542,
        "minRet": 0.9772449731826782
    },
    "MiniGrid-DoorKey-8x8-custom-diff0.7970715046045371": {
        "meanRet": 0.9737611269950867,
        "maxRet": 0.9850915670394897,
        "minRet": 0.9599825739860535
    },
    "MiniGrid-DoorKey-10x10-custom-diff0.7970715046045371": {
        "meanRet": 0.9622423720359802,
        "maxRet": 0.9882301688194275,
        "minRet": 0.9419354796409607
    },
    "MiniGrid-DoorKey-12x12-custom-diff0.7970715046045371": {
        "meanRet": 0.933523976802826,
        "maxRet": 0.9725370407104492,
        "minRet": 0.8862249255180359
    }
}