{
    "model": "test12x12_25k_3step_3gen_3curric/epoch_43_curric1_gen1",
    "MiniGrid-DoorKey-6x6-custom-diff0.3569142875744653": {
        "meanRet": 0.9680701732635498,
        "maxRet": 0.9789473414421082,
        "minRet": 0.9578947424888611
    },
    "MiniGrid-DoorKey-8x8-custom-diff0.3569142875744653": {
        "meanRet": 0.9491929769515991,
        "maxRet": 0.9736841917037964,
        "minRet": 0.9315789341926575
    },
    "MiniGrid-DoorKey-10x10-custom-diff0.3569142875744653": {
        "meanRet": 0.9283508801460266,
        "maxRet": 0.9684210419654846,
        "minRet": 0.9017543792724609
    },
    "MiniGrid-DoorKey-12x12-custom-diff0.3569142875744653": {
        "meanRet": 0.8807017588615418,
        "maxRet": 0.9385964870452881,
        "minRet": 0.8175438642501831
    }
}