{
    "model": "Rhea_Fr2\\epoch_2_curric3_gen2",
    "MiniGrid-DoorKey-5x5-custom-diff1": {
        "meanRet": 0.8891463279724121,
        "maxRet": 0.9012194871902466,
        "minRet": 0.8792682886123657
    },
    "MiniGrid-DoorKey-6x6-custom-diff1": {
        "meanRet": 0.8835294067859649,
        "maxRet": 0.924369752407074,
        "minRet": 0.8563024997711182
    },
    "MiniGrid-DoorKey-8x8-custom-diff1": {
        "meanRet": 0.8238388657569885,
        "maxRet": 0.9360189437866211,
        "minRet": 0.7355450391769409
    },
    "MiniGrid-DoorKey-16x16-custom-diff1": {
        "meanRet": 0.16676707656094522,
        "maxRet": 0.9020118117332458,
        "minRet": 0.0
    }
}