{
    "model": "test12x12_25k_3step_3gen_3curric/epoch_34_curric2_gen3",
    "MiniGrid-DoorKey-6x6-custom-diff0.5819142875744653": {
        "meanRet": 0.980731201171875,
        "maxRet": 0.9870967864990234,
        "minRet": 0.976344108581543
    },
    "MiniGrid-DoorKey-8x8-custom-diff0.5819142875744653": {
        "meanRet": 0.9691182851791382,
        "maxRet": 0.9838709831237793,
        "minRet": 0.9580644965171814
    },
    "MiniGrid-DoorKey-10x10-custom-diff0.5819142875744653": {
        "meanRet": 0.9547096681594849,
        "maxRet": 0.977419376373291,
        "minRet": 0.9419354796409607
    },
    "MiniGrid-DoorKey-12x12-custom-diff0.5819142875744653": {
        "meanRet": 0.937247314453125,
        "maxRet": 0.9688172340393066,
        "minRet": 0.9075269103050232
    }
}