{
    "model": "test12x12_100k_3step_3gen_3curric/epoch_40_curric1_gen2",
    "MiniGrid-DoorKey-6x6-custom-diff0.15": {
        "meanRet": 0.9186666655540466,
        "maxRet": 0.9541666507720947,
        "minRet": 0.887499988079071
    },
    "MiniGrid-DoorKey-8x8-custom-diff0.15": {
        "meanRet": 0.8628333306312561,
        "maxRet": 0.9166666865348816,
        "minRet": 0.7916666865348816
    },
    "MiniGrid-DoorKey-10x10-custom-diff0.15": {
        "meanRet": 0.805166666507721,
        "maxRet": 0.9416666626930237,
        "minRet": 0.6833333373069763
    },
    "MiniGrid-DoorKey-12x12-custom-diff0.15": {
        "meanRet": 0.6495000016689301,
        "maxRet": 0.8458333611488342,
        "minRet": 0.4166666567325592
    }
}