{
    "model": "test12x12_100k_3step_3gen_3curric/epoch_34_curric0_gen1",
    "MiniGrid-DoorKey-6x6-custom-diff0.15": {
        "meanRet": 0.9041666663610018,
        "maxRet": 0.9375,
        "minRet": 0.8708333373069763
    },
    "MiniGrid-DoorKey-8x8-custom-diff0.15": {
        "meanRet": 0.8653333330154419,
        "maxRet": 0.9208333492279053,
        "minRet": 0.800000011920929
    },
    "MiniGrid-DoorKey-10x10-custom-diff0.15": {
        "meanRet": 0.8089999961853027,
        "maxRet": 0.9416666626930237,
        "minRet": 0.6958333253860474
    },
    "MiniGrid-DoorKey-12x12-custom-diff0.15": {
        "meanRet": 0.7078525653252234,
        "maxRet": 0.8208333253860474,
        "minRet": 0.5208333134651184
    }
}