{
    "model": "test12x12_50k_3step_3gen_3curric/epoch_10_curric2_gen2",
    "MiniGrid-DoorKey-6x6-custom-diff1": {
        "meanRet": 0.9871749973297119,
        "maxRet": 0.9925000071525574,
        "minRet": 0.9831249713897705
    },
    "MiniGrid-DoorKey-8x8-custom-diff1": {
        "meanRet": 0.9804999971389771,
        "maxRet": 0.9893749952316284,
        "minRet": 0.9743750095367432
    },
    "MiniGrid-DoorKey-10x10-custom-diff1": {
        "meanRet": 0.9670000004768372,
        "maxRet": 0.984375,
        "minRet": 0.9487500190734863
    },
    "MiniGrid-DoorKey-12x12-custom-diff1": {
        "meanRet": 0.9439999985694886,
        "maxRet": 0.9712499976158142,
        "minRet": 0.9118750095367432
    }
}