{
    "model": "test12x12_75k_3step_3gen_3curric/epoch_19_curric2_gen3",
    "MiniGrid-DoorKey-6x6-custom-diff0.6815023600555896": {
        "meanRet": 0.9827099442481995,
        "maxRet": 0.9880734086036682,
        "minRet": 0.9779816269874573
    },
    "MiniGrid-DoorKey-8x8-custom-diff0.6815023600555896": {
        "meanRet": 0.9743446984461376,
        "maxRet": 0.9825688004493713,
        "minRet": 0.9697247743606567
    },
    "MiniGrid-DoorKey-10x10-custom-diff0.6815023600555896": {
        "meanRet": 0.9678546213186704,
        "maxRet": 0.9862385392189026,
        "minRet": 0.9596330523490906
    },
    "MiniGrid-DoorKey-12x12-custom-diff0.6815023600555896": {
        "meanRet": 0.9485532801884872,
        "maxRet": 0.9688073396682739,
        "minRet": 0.9183486104011536
    }
}