{
    "model": "test12x12_75k_3step_3gen_3curric/epoch_46_curric0_gen1",
    "MiniGrid-DoorKey-6x6-custom-diff0.15": {
        "meanRet": 0.9321666717529297,
        "maxRet": 0.9583333134651184,
        "minRet": 0.9125000238418579
    },
    "MiniGrid-DoorKey-8x8-custom-diff0.15": {
        "meanRet": 0.8820402355029665,
        "maxRet": 0.9541666507720947,
        "minRet": 0.8500000238418579
    },
    "MiniGrid-DoorKey-10x10-custom-diff0.15": {
        "meanRet": 0.8285256394973168,
        "maxRet": 0.9416666626930237,
        "minRet": 0.75
    },
    "MiniGrid-DoorKey-12x12-custom-diff0.15": {
        "meanRet": 0.7296666669845581,
        "maxRet": 0.887499988079071,
        "minRet": 0.5958333611488342
    }
}