{
    "model": "test12x12_100k_4step_3gen_3curric/epoch_1_curric2_gen1",
    "MiniGrid-DoorKey-6x6-custom-diff1.0": {
        "meanRet": 0.0685937493108213,
        "maxRet": 0.8824999928474426,
        "minRet": 0.0
    },
    "MiniGrid-DoorKey-8x8-custom-diff1.0": {
        "meanRet": 0.07393554551526904,
        "maxRet": 0.9507812261581421,
        "minRet": 0.0
    },
    "MiniGrid-DoorKey-10x10-custom-diff1.0": {
        "meanRet": 0.011815625242888927,
        "maxRet": 0.3781000077724457,
        "minRet": 0.0
    },
    "MiniGrid-DoorKey-12x12-custom-diff1.0": {
        "meanRet": 0.0,
        "maxRet": 0.0,
        "minRet": 0.0
    }
}