{
    "model": "test12x12_75k_3step_3gen_3curric/epoch_29_curric2_gen2",
    "MiniGrid-DoorKey-6x6-custom-diff0.15": {
        "meanRet": 0.9149038447783544,
        "maxRet": 0.949999988079071,
        "minRet": 0.8833333253860474
    },
    "MiniGrid-DoorKey-8x8-custom-diff0.15": {
        "meanRet": 0.8628333282470703,
        "maxRet": 0.9375,
        "minRet": 0.8166666626930237
    },
    "MiniGrid-DoorKey-10x10-custom-diff0.15": {
        "meanRet": 0.803685901256708,
        "maxRet": 0.8958333134651184,
        "minRet": 0.7208333611488342
    },
    "MiniGrid-DoorKey-12x12-custom-diff0.15": {
        "meanRet": 0.6835000014305115,
        "maxRet": 0.8333333134651184,
        "minRet": 0.5583333373069763
    }
}