{
    "model": "test12x12_75k_3step_3gen_3curric/epoch_21_curric1_gen2",
    "MiniGrid-DoorKey-6x6-custom-diff0.6315023600555896": {
        "meanRet": 0.9816648341991283,
        "maxRet": 0.9891089200973511,
        "minRet": 0.9762375950813293
    },
    "MiniGrid-DoorKey-8x8-custom-diff0.6315023600555896": {
        "meanRet": 0.9728712844848633,
        "maxRet": 0.9851484894752502,
        "minRet": 0.9663366079330444
    },
    "MiniGrid-DoorKey-10x10-custom-diff0.6315023600555896": {
        "meanRet": 0.9579969506997329,
        "maxRet": 0.986138641834259,
        "minRet": 0.9376237392425537
    },
    "MiniGrid-DoorKey-12x12-custom-diff0.6315023600555896": {
        "meanRet": 0.940633659362793,
        "maxRet": 0.9683168530464172,
        "minRet": 0.9029703140258789
    }
}