{
    "model": "Di_Rhea1\\epoch_6_curric0_gen2",
    "MiniGrid-DoorKey-5x5-custom-diff2": {
        "meanRet": 0.6241758236518273,
        "maxRet": 0.7107142806053162,
        "minRet": 0.550000011920929
    },
    "MiniGrid-DoorKey-6x6-custom-diff2": {
        "meanRet": 0.6602500081062317,
        "maxRet": 0.7524999976158142,
        "minRet": 0.5950000286102295
    },
    "MiniGrid-DoorKey-8x8-custom-diff2": {
        "meanRet": 0.6902597329833291,
        "maxRet": 0.7942857146263123,
        "minRet": 0.6399999856948853
    },
    "MiniGrid-DoorKey-16x16-custom-diff2": {
        "meanRet": 0.04581117024645209,
        "maxRet": 0.4797872304916382,
        "minRet": 0.0
    }
}