{
    "model": "test12x12_75k_3step_3gen_3curric/epoch_22_curric0_gen2",
    "MiniGrid-DoorKey-6x6-custom-diff0.6065023600555897": {
        "meanRet": 0.979857263656763,
        "maxRet": 0.9876288771629333,
        "minRet": 0.9752577543258667
    },
    "MiniGrid-DoorKey-8x8-custom-diff0.6065023600555897": {
        "meanRet": 0.970639169216156,
        "maxRet": 0.9793814420700073,
        "minRet": 0.9618556499481201
    },
    "MiniGrid-DoorKey-10x10-custom-diff0.6065023600555897": {
        "meanRet": 0.958151967437179,
        "maxRet": 0.9886597990989685,
        "minRet": 0.9340206384658813
    },
    "MiniGrid-DoorKey-12x12-custom-diff0.6065023600555897": {
        "meanRet": 0.9376907253265381,
        "maxRet": 0.9659793972969055,
        "minRet": 0.9123711585998535
    }
}