{
    "model": "test12x12_75k_3step_3gen_3curric/epoch_15_curric2_gen1",
    "MiniGrid-DoorKey-6x6-custom-diff0.7815023600555896": {
        "meanRet": 0.9827199983596802,
        "maxRet": 0.9887999892234802,
        "minRet": 0.9775999784469604
    },
    "MiniGrid-DoorKey-8x8-custom-diff0.7815023600555896": {
        "meanRet": 0.9756159996986389,
        "maxRet": 0.9864000082015991,
        "minRet": 0.9656000137329102
    },
    "MiniGrid-DoorKey-10x10-custom-diff0.7815023600555896": {
        "meanRet": 0.9617279958724976,
        "maxRet": 0.9807999730110168,
        "minRet": 0.9503999948501587
    },
    "MiniGrid-DoorKey-12x12-custom-diff0.7815023600555896": {
        "meanRet": 0.9454080009460449,
        "maxRet": 0.9728000164031982,
        "minRet": 0.9160000085830688
    }
}