{
    "model": "new_25k_7step_4gen_3curric/epoch_5_curric2_gen3",
    "MiniGrid-DoorKey-6x6-custom-diff1": {
        "meanRet": 0.9840740738091646,
        "maxRet": 0.9925000071525574,
        "minRet": 0.9762499928474426
    },
    "MiniGrid-DoorKey-8x8-custom-diff1": {
        "meanRet": 0.9745432619865124,
        "maxRet": 0.9912499785423279,
        "minRet": 0.9612500071525574
    },
    "MiniGrid-DoorKey-10x10-custom-diff1": {
        "meanRet": 0.9589499998092651,
        "maxRet": 0.9850000143051147,
        "minRet": 0.9212499856948853
    },
    "MiniGrid-DoorKey-12x12-custom-diff1": {
        "meanRet": 0.9072596247379596,
        "maxRet": 0.9643750190734863,
        "minRet": 0.8456249833106995
    }
}