{
    "model": "test12x12_100k_3step_4gen_3curric/epoch_21_curric1_gen1",
    "MiniGrid-DoorKey-6x6-custom-diff0.20553": {
        "meanRet": 0.932316384933613,
        "maxRet": 0.9633898138999939,
        "minRet": 0.9145762920379639
    },
    "MiniGrid-DoorKey-8x8-custom-diff0.20553": {
        "meanRet": 0.9101830458641053,
        "maxRet": 0.9542372822761536,
        "minRet": 0.8840677738189697
    },
    "MiniGrid-DoorKey-10x10-custom-diff0.20553": {
        "meanRet": 0.8696677947044372,
        "maxRet": 0.9420338869094849,
        "minRet": 0.801694929599762
    },
    "MiniGrid-DoorKey-12x12-custom-diff0.20553": {
        "meanRet": 0.7936406779289246,
        "maxRet": 0.9084745645523071,
        "minRet": 0.694915235042572
    }
}