{
    "model": "test12x12_75k_3step_3gen_3curric/epoch_48_curric2_gen2",
    "MiniGrid-DoorKey-6x6-custom-diff0.15": {
        "meanRet": 0.9195512854135953,
        "maxRet": 0.949999988079071,
        "minRet": 0.887499988079071
    },
    "MiniGrid-DoorKey-8x8-custom-diff0.15": {
        "meanRet": 0.8806666684150696,
        "maxRet": 0.9333333373069763,
        "minRet": 0.8500000238418579
    },
    "MiniGrid-DoorKey-10x10-custom-diff0.15": {
        "meanRet": 0.8151666712760925,
        "maxRet": 0.9125000238418579,
        "minRet": 0.75
    },
    "MiniGrid-DoorKey-12x12-custom-diff0.15": {
        "meanRet": 0.6696666669845581,
        "maxRet": 0.8583333492279053,
        "minRet": 0.5041666626930237
    }
}