{
    "model": "test12x12_75k_3step_3gen_3curric/epoch_26_curric2_gen3",
    "MiniGrid-DoorKey-6x6-custom-diff0.5065023600555897": {
        "meanRet": 0.9786172890663147,
        "maxRet": 0.9876543283462524,
        "minRet": 0.9728395342826843
    },
    "MiniGrid-DoorKey-8x8-custom-diff0.5065023600555897": {
        "meanRet": 0.9667654299736023,
        "maxRet": 0.9814814925193787,
        "minRet": 0.9555555582046509
    },
    "MiniGrid-DoorKey-10x10-custom-diff0.5065023600555897": {
        "meanRet": 0.9516815748708002,
        "maxRet": 0.9851852059364319,
        "minRet": 0.9370370507240295
    },
    "MiniGrid-DoorKey-12x12-custom-diff0.5065023600555897": {
        "meanRet": 0.9256296253204346,
        "maxRet": 0.9641975164413452,
        "minRet": 0.8901234865188599
    }
}