{
    "model": "MI_RHEA_PARA_ENV_2_first\\epoch_6_curric0_gen1",
    "MiniGrid-DoorKey-5x5-custom-diff1": {
        "meanRet": 0.8704878091812134,
        "maxRet": 0.9012194871902466,
        "minRet": 0.8463414907455444
    },
    "MiniGrid-DoorKey-6x6-custom-diff1": {
        "meanRet": 0.8679908243092623,
        "maxRet": 0.8941176533699036,
        "minRet": 0.848739504814148
    },
    "MiniGrid-DoorKey-8x8-custom-diff1": {
        "meanRet": 0.8852606654167176,
        "maxRet": 0.9445497393608093,
        "minRet": 0.8549762964248657
    },
    "MiniGrid-DoorKey-16x16-custom-diff1": {
        "meanRet": 0.7032275308262218,
        "maxRet": 0.9201183319091797,
        "minRet": 0.5824851989746094
    }
}