{
    "model": "test12x12_50k_3step_3gen_3curric/epoch_49_curric2_gen3",
    "MiniGrid-DoorKey-6x6-custom-diff0.15": {
        "meanRet": 0.9245192316862253,
        "maxRet": 0.9583333134651184,
        "minRet": 0.8958333134651184
    },
    "MiniGrid-DoorKey-8x8-custom-diff0.15": {
        "meanRet": 0.8716666603088379,
        "maxRet": 0.9208333492279053,
        "minRet": 0.8333333134651184
    },
    "MiniGrid-DoorKey-10x10-custom-diff0.15": {
        "meanRet": 0.8215000033378601,
        "maxRet": 0.9125000238418579,
        "minRet": 0.75
    },
    "MiniGrid-DoorKey-12x12-custom-diff0.15": {
        "meanRet": 0.6511666607856751,
        "maxRet": 0.8500000238418579,
        "minRet": 0.5041666626930237
    }
}