{
    "model": "test12x12_100k_3step_3gen_3curric/epoch_41_curric0_gen1",
    "MiniGrid-DoorKey-6x6-custom-diff0.15": {
        "meanRet": 0.9156666684150696,
        "maxRet": 0.9458333253860474,
        "minRet": 0.887499988079071
    },
    "MiniGrid-DoorKey-8x8-custom-diff0.15": {
        "meanRet": 0.8618589708438287,
        "maxRet": 0.9208333492279053,
        "minRet": 0.8125
    },
    "MiniGrid-DoorKey-10x10-custom-diff0.15": {
        "meanRet": 0.818166663646698,
        "maxRet": 0.9166666865348816,
        "minRet": 0.7124999761581421
    },
    "MiniGrid-DoorKey-12x12-custom-diff0.15": {
        "meanRet": 0.6788333332538605,
        "maxRet": 0.862500011920929,
        "minRet": 0.4583333432674408
    }
}