{
    "model": "test12x12_50k_3step_3gen_3curric/epoch_22_curric2_gen1",
    "MiniGrid-DoorKey-6x6-custom-diff0.7010602224432589": {
        "meanRet": 0.9832177118018821,
        "maxRet": 0.9892963171005249,
        "minRet": 0.9777007102966309
    },
    "MiniGrid-DoorKey-8x8-custom-diff0.7010602224432589": {
        "meanRet": 0.9733121848106384,
        "maxRet": 0.9839444756507874,
        "minRet": 0.9652130603790283
    },
    "MiniGrid-DoorKey-10x10-custom-diff0.7010602224432589": {
        "meanRet": 0.9627869200706481,
        "maxRet": 0.9821605682373047,
        "minRet": 0.9500495791435242
    },
    "MiniGrid-DoorKey-12x12-custom-diff0.7010602224432589": {
        "meanRet": 0.9327933238102839,
        "maxRet": 0.973240852355957,
        "minRet": 0.9027750492095947
    }
}