{
    "model": "test12x12_100k_3step_3gen_3curric/epoch_40_curric1_gen2",
    "MiniGrid-DoorKey-6x6-custom-diff0.15": {
        "meanRet": 0.9078703655136956,
        "maxRet": 0.9375,
        "minRet": 0.8666666746139526
    },
    "MiniGrid-DoorKey-8x8-custom-diff0.15": {
        "meanRet": 0.8584999966621399,
        "maxRet": 0.9208333492279053,
        "minRet": 0.8166666626930237
    },
    "MiniGrid-DoorKey-10x10-custom-diff0.15": {
        "meanRet": 0.8229999971389771,
        "maxRet": 0.9375,
        "minRet": 0.7083333134651184
    },
    "MiniGrid-DoorKey-12x12-custom-diff0.15": {
        "meanRet": 0.7336666655540466,
        "maxRet": 0.8541666865348816,
        "minRet": 0.5708333253860474
    }
}