{
    "model": "DO_11_05_RHEA_PARA_ENV_1\\epoch_8_curric2_gen3",
    "MiniGrid-DoorKey-5x5-custom-diff2": {
        "meanRet": 0.6812499910593033,
        "maxRet": 0.7107142806053162,
        "minRet": 0.6464285850524902
    },
    "MiniGrid-DoorKey-6x6-custom-diff2": {
        "meanRet": 0.7097499966621399,
        "maxRet": 0.7749999761581421,
        "minRet": 0.6399999856948853
    },
    "MiniGrid-DoorKey-8x8-custom-diff2": {
        "meanRet": 0.7287142872810364,
        "maxRet": 0.8071428537368774,
        "minRet": 0.6785714030265808
    },
    "MiniGrid-DoorKey-16x16-custom-diff2": {
        "meanRet": 0.5745744705200195,
        "maxRet": 0.8180851340293884,
        "minRet": 0.4063829779624939
    }
}