{
    "model": "test12x12_150k_3step_3gen_3curric/epoch_6_curric1_gen3",
    "MiniGrid-DoorKey-6x6-custom-diff0.9563807381558473": {
        "meanRet": 0.9846012973785401,
        "maxRet": 0.9915032386779785,
        "minRet": 0.9784313440322876
    },
    "MiniGrid-DoorKey-8x8-custom-diff0.9563807381558473": {
        "meanRet": 0.9782302494232471,
        "maxRet": 0.9875816702842712,
        "minRet": 0.9718953967094421
    },
    "MiniGrid-DoorKey-10x10-custom-diff0.9563807381558473": {
        "meanRet": 0.9701699209213257,
        "maxRet": 0.9869281053543091,
        "minRet": 0.9503268003463745
    },
    "MiniGrid-DoorKey-12x12-custom-diff0.9563807381558473": {
        "meanRet": 0.949307177066803,
        "maxRet": 0.9771241545677185,
        "minRet": 0.9228758215904236
    }
}