{
    "model": "test12x12_50k_3step_3gen_3curric/epoch_47_curric1_gen3",
    "MiniGrid-DoorKey-6x6-custom-diff0.15": {
        "meanRet": 0.9264367921599026,
        "maxRet": 0.9583333134651184,
        "minRet": 0.9083333611488342
    },
    "MiniGrid-DoorKey-8x8-custom-diff0.15": {
        "meanRet": 0.8751666617393493,
        "maxRet": 0.9291666746139526,
        "minRet": 0.8374999761581421
    },
    "MiniGrid-DoorKey-10x10-custom-diff0.15": {
        "meanRet": 0.8128333330154419,
        "maxRet": 0.9166666865348816,
        "minRet": 0.7124999761581421
    },
    "MiniGrid-DoorKey-12x12-custom-diff0.15": {
        "meanRet": 0.684333336353302,
        "maxRet": 0.8666666746139526,
        "minRet": 0.5874999761581421
    }
}