{
    "model": "Rhea_SaRun2\\epoch_1_curric0_gen2",
    "MiniGrid-DoorKey-5x5-custom-diff0": {
        "meanRet": 0.954639983177185,
        "maxRet": 0.9639999866485596,
        "minRet": 0.9495999813079834
    },
    "MiniGrid-DoorKey-6x6-custom-diff0": {
        "meanRet": 0.9604999899864197,
        "maxRet": 0.9700000286102295,
        "minRet": 0.9549999833106995
    },
    "MiniGrid-DoorKey-8x8-custom-diff0": {
        "meanRet": 0.96484375,
        "maxRet": 0.9746875166893005,
        "minRet": 0.9564062356948853
    },
    "MiniGrid-DoorKey-16x16-custom-diff0": {
        "meanRet": 0.9622070372104645,
        "maxRet": 0.9775000214576721,
        "minRet": 0.9518359303474426
    }
}