{
    "model": "Rhea_Fr2\\epoch_2_curric3_gen2",
    "MiniGrid-DoorKey-5x5-custom-diff1": {
        "meanRet": 0.8810975551605225,
        "maxRet": 0.9012194871902466,
        "minRet": 0.8682926893234253
    },
    "MiniGrid-DoorKey-6x6-custom-diff1": {
        "meanRet": 0.8941176354885101,
        "maxRet": 0.916806697845459,
        "minRet": 0.8714285492897034
    },
    "MiniGrid-DoorKey-8x8-custom-diff1": {
        "meanRet": 0.8967772483825683,
        "maxRet": 0.9402843713760376,
        "minRet": 0.863507091999054
    },
    "MiniGrid-DoorKey-16x16-custom-diff1": {
        "meanRet": 0.7813372850418091,
        "maxRet": 0.9467455744743347,
        "minRet": 0.6623668670654297
    }
}