{
    "model": "test12x12_75k_3step_3gen_3curric/epoch_27_curric1_gen2",
    "MiniGrid-DoorKey-6x6-custom-diff0.48150236005558966": {
        "meanRet": 0.9765734328673437,
        "maxRet": 0.984415590763092,
        "minRet": 0.9688311815261841
    },
    "MiniGrid-DoorKey-8x8-custom-diff0.48150236005558966": {
        "meanRet": 0.9623896145820617,
        "maxRet": 0.9779220819473267,
        "minRet": 0.9493506550788879
    },
    "MiniGrid-DoorKey-10x10-custom-diff0.48150236005558966": {
        "meanRet": 0.9442597365379334,
        "maxRet": 0.9727272987365723,
        "minRet": 0.9194805026054382
    },
    "MiniGrid-DoorKey-12x12-custom-diff0.48150236005558966": {
        "meanRet": 0.911438565987807,
        "maxRet": 0.9584415555000305,
        "minRet": 0.8701298832893372
    }
}