{
    "model": "test12x12_100k_3step_4gen_3curric/epoch_18_curric1_gen4",
    "MiniGrid-DoorKey-6x6-custom-diff0.69467792277423": {
        "meanRet": 0.982108006477356,
        "maxRet": 0.9891999959945679,
        "minRet": 0.9775000214576721
    },
    "MiniGrid-DoorKey-8x8-custom-diff0.69467792277423": {
        "meanRet": 0.972228582416262,
        "maxRet": 0.9837999939918518,
        "minRet": 0.9613000154495239
    },
    "MiniGrid-DoorKey-10x10-custom-diff0.69467792277423": {
        "meanRet": 0.9627760028839112,
        "maxRet": 0.9811000227928162,
        "minRet": 0.9469000101089478
    },
    "MiniGrid-DoorKey-12x12-custom-diff0.69467792277423": {
        "meanRet": 0.9443439984321594,
        "maxRet": 0.9775000214576721,
        "minRet": 0.9253000020980835
    }
}