{
    "model": "test12x12_150k_3step_3gen_3curric/epoch_30_curric2_gen1",
    "MiniGrid-DoorKey-6x6-custom-diff0.15": {
        "meanRet": 0.9129807651042938,
        "maxRet": 0.949999988079071,
        "minRet": 0.8833333253860474
    },
    "MiniGrid-DoorKey-8x8-custom-diff0.15": {
        "meanRet": 0.8638333320617676,
        "maxRet": 0.9416666626930237,
        "minRet": 0.8208333253860474
    },
    "MiniGrid-DoorKey-10x10-custom-diff0.15": {
        "meanRet": 0.8128333353996277,
        "maxRet": 0.8916666507720947,
        "minRet": 0.7250000238418579
    },
    "MiniGrid-DoorKey-12x12-custom-diff0.15": {
        "meanRet": 0.6987179494821109,
        "maxRet": 0.8666666746139526,
        "minRet": 0.612500011920929
    }
}