{
    "model": "test12x12_75k_3step_3gen_3curric/epoch_47_curric1_gen1",
    "MiniGrid-DoorKey-6x6-custom-diff0.15": {
        "meanRet": 0.9164999985694885,
        "maxRet": 0.9583333134651184,
        "minRet": 0.8791666626930237
    },
    "MiniGrid-DoorKey-8x8-custom-diff0.15": {
        "meanRet": 0.8631666612625122,
        "maxRet": 0.9416666626930237,
        "minRet": 0.8166666626930237
    },
    "MiniGrid-DoorKey-10x10-custom-diff0.15": {
        "meanRet": 0.8048333382606506,
        "maxRet": 0.887499988079071,
        "minRet": 0.7208333611488342
    },
    "MiniGrid-DoorKey-12x12-custom-diff0.15": {
        "meanRet": 0.6991666674613952,
        "maxRet": 0.8291666507720947,
        "minRet": 0.5083333253860474
    }
}