{
    "model": "test12x12_25k_3step_3gen_3curric/epoch_29_curric0_gen1",
    "MiniGrid-DoorKey-6x6-custom-diff0.7069142875744653": {
        "meanRet": 0.9818584001981295,
        "maxRet": 0.9893805384635925,
        "minRet": 0.9752212166786194
    },
    "MiniGrid-DoorKey-8x8-custom-diff0.7069142875744653": {
        "meanRet": 0.976424777507782,
        "maxRet": 0.9849557280540466,
        "minRet": 0.9672566652297974
    },
    "MiniGrid-DoorKey-10x10-custom-diff0.7069142875744653": {
        "meanRet": 0.9666548633575439,
        "maxRet": 0.9769911766052246,
        "minRet": 0.9548672437667847
    },
    "MiniGrid-DoorKey-12x12-custom-diff0.7069142875744653": {
        "meanRet": 0.93851327419281,
        "maxRet": 0.9672566652297974,
        "minRet": 0.9168141484260559
    }
}