{
    "model": "test12x12_50k_3step_3gen_3curric/epoch_17_curric1_gen3",
    "MiniGrid-DoorKey-6x6-custom-diff0.8260602224432589": {
        "meanRet": 0.9851696093877157,
        "maxRet": 0.9909167289733887,
        "minRet": 0.9810765385627747
    },
    "MiniGrid-DoorKey-8x8-custom-diff0.8260602224432589": {
        "meanRet": 0.9775247550927676,
        "maxRet": 0.9886459112167358,
        "minRet": 0.9712363481521606
    },
    "MiniGrid-DoorKey-10x10-custom-diff0.8260602224432589": {
        "meanRet": 0.9677846932411194,
        "maxRet": 0.9841042757034302,
        "minRet": 0.956854522228241
    },
    "MiniGrid-DoorKey-12x12-custom-diff0.8260602224432589": {
        "meanRet": 0.9480437350273132,
        "maxRet": 0.972750186920166,
        "minRet": 0.919764518737793
    }
}