{
    "model": "test12x12_25k_3step_3gen_3curric/epoch_17_curric1_gen3",
    "MiniGrid-DoorKey-6x6-custom-diff1": {
        "meanRet": 0.9875500011444092,
        "maxRet": 0.9925000071525574,
        "minRet": 0.9831249713897705
    },
    "MiniGrid-DoorKey-8x8-custom-diff1": {
        "meanRet": 0.9802500009536743,
        "maxRet": 0.9887499809265137,
        "minRet": 0.9725000262260437
    },
    "MiniGrid-DoorKey-10x10-custom-diff1": {
        "meanRet": 0.9699074096149869,
        "maxRet": 0.9850000143051147,
        "minRet": 0.9612500071525574
    },
    "MiniGrid-DoorKey-12x12-custom-diff1": {
        "meanRet": 0.9592750048637391,
        "maxRet": 0.9775000214576721,
        "minRet": 0.9456250071525574
    }
}