{
    "model": "test12x12_75k_3step_3gen_3curric/epoch_21_curric2_gen3",
    "MiniGrid-DoorKey-6x6-custom-diff0.6315023600555896": {
        "meanRet": 0.9818354913821588,
        "maxRet": 0.987128734588623,
        "minRet": 0.9772277474403381
    },
    "MiniGrid-DoorKey-8x8-custom-diff0.6315023600555896": {
        "meanRet": 0.972356436252594,
        "maxRet": 0.9831683039665222,
        "minRet": 0.9623762369155884
    },
    "MiniGrid-DoorKey-10x10-custom-diff0.6315023600555896": {
        "meanRet": 0.9595643568038941,
        "maxRet": 0.9811881184577942,
        "minRet": 0.9405940771102905
    },
    "MiniGrid-DoorKey-12x12-custom-diff0.6315023600555896": {
        "meanRet": 0.9400990101007315,
        "maxRet": 0.9623762369155884,
        "minRet": 0.9188118577003479
    }
}