{
    "model": "test12x12_50k_3step_3gen_3curric/epoch_9_curric0_gen1",
    "MiniGrid-DoorKey-6x6-custom-diff1": {
        "meanRet": 0.9881250047683716,
        "maxRet": 0.9925000071525574,
        "minRet": 0.9850000143051147
    },
    "MiniGrid-DoorKey-8x8-custom-diff1": {
        "meanRet": 0.9777644253694094,
        "maxRet": 0.9906250238418579,
        "minRet": 0.9668750166893005
    },
    "MiniGrid-DoorKey-10x10-custom-diff1": {
        "meanRet": 0.9660817270095532,
        "maxRet": 0.9850000143051147,
        "minRet": 0.9474999904632568
    },
    "MiniGrid-DoorKey-12x12-custom-diff1": {
        "meanRet": 0.9346000003814697,
        "maxRet": 0.9787499904632568,
        "minRet": 0.887499988079071
    }
}