{
    "model": "test12x12_100k_3step_4gen_3curric/epoch_31_curric1_gen2",
    "MiniGrid-DoorKey-6x6-custom-diff0.15": {
        "meanRet": 0.927160503687682,
        "maxRet": 0.949999988079071,
        "minRet": 0.9083333611488342
    },
    "MiniGrid-DoorKey-8x8-custom-diff0.15": {
        "meanRet": 0.8746666717529297,
        "maxRet": 0.9291666746139526,
        "minRet": 0.8458333611488342
    },
    "MiniGrid-DoorKey-10x10-custom-diff0.15": {
        "meanRet": 0.8016975257131789,
        "maxRet": 0.949999988079071,
        "minRet": 0.7124999761581421
    },
    "MiniGrid-DoorKey-12x12-custom-diff0.15": {
        "meanRet": 0.7254999995231628,
        "maxRet": 0.8791666626930237,
        "minRet": 0.6041666865348816
    }
}