{
    "model": "test12x12_50k_3step_3gen_3curric/epoch_5_curric1_gen2",
    "MiniGrid-DoorKey-6x6-custom-diff1": {
        "meanRet": 0.9877884594293741,
        "maxRet": 0.9925000071525574,
        "minRet": 0.9831249713897705
    },
    "MiniGrid-DoorKey-8x8-custom-diff1": {
        "meanRet": 0.9775000037970366,
        "maxRet": 0.9900000095367432,
        "minRet": 0.9693750143051147
    },
    "MiniGrid-DoorKey-10x10-custom-diff1": {
        "meanRet": 0.9699500036239624,
        "maxRet": 0.9856250286102295,
        "minRet": 0.9493749737739563
    },
    "MiniGrid-DoorKey-12x12-custom-diff1": {
        "meanRet": 0.9493250036239624,
        "maxRet": 0.9800000190734863,
        "minRet": 0.9175000190734863
    }
}