{
    "model": "Di_Rhea1\\epoch_1_curric1_gen3",
    "MiniGrid-DoorKey-5x5-custom-diff0": {
        "meanRet": 0.9581090753728693,
        "maxRet": 0.9639999866485596,
        "minRet": 0.9531999826431274
    },
    "MiniGrid-DoorKey-6x6-custom-diff0": {
        "meanRet": 0.9572916477918625,
        "maxRet": 0.9674999713897705,
        "minRet": 0.949999988079071
    },
    "MiniGrid-DoorKey-8x8-custom-diff0": {
        "meanRet": 0.9475468814373016,
        "maxRet": 0.9662500023841858,
        "minRet": 0.9339062571525574
    },
    "MiniGrid-DoorKey-16x16-custom-diff0": {
        "meanRet": 0.8951288998126984,
        "maxRet": 0.9683593511581421,
        "minRet": 0.8421484231948853
    }
}