{
    "model": "test12x12_75k_3step_3gen_3curric/epoch_33_curric1_gen3",
    "MiniGrid-DoorKey-6x6-custom-diff0.15": {
        "meanRet": 0.9185185211676138,
        "maxRet": 0.949999988079071,
        "minRet": 0.8916666507720947
    },
    "MiniGrid-DoorKey-8x8-custom-diff0.15": {
        "meanRet": 0.8599358911697681,
        "maxRet": 0.9208333492279053,
        "minRet": 0.8208333253860474
    },
    "MiniGrid-DoorKey-10x10-custom-diff0.15": {
        "meanRet": 0.7471666646003723,
        "maxRet": 0.8916666507720947,
        "minRet": 0.6416666507720947
    },
    "MiniGrid-DoorKey-12x12-custom-diff0.15": {
        "meanRet": 0.6328333365917206,
        "maxRet": 0.8583333492279053,
        "minRet": 0.42916667461395264
    }
}