{
    "model": "test12x12_100k_3step_4gen_3curric/epoch_35_curric0_gen2",
    "MiniGrid-DoorKey-6x6-custom-diff0.15": {
        "meanRet": 0.9248512025390353,
        "maxRet": 0.9583333134651184,
        "minRet": 0.9083333611488342
    },
    "MiniGrid-DoorKey-8x8-custom-diff0.15": {
        "meanRet": 0.8815705157243289,
        "maxRet": 0.9333333373069763,
        "minRet": 0.8500000238418579
    },
    "MiniGrid-DoorKey-10x10-custom-diff0.15": {
        "meanRet": 0.8568333315849305,
        "maxRet": 0.949999988079071,
        "minRet": 0.8041666746139526
    },
    "MiniGrid-DoorKey-12x12-custom-diff0.15": {
        "meanRet": 0.7706666707992553,
        "maxRet": 0.8791666626930237,
        "minRet": 0.6833333373069763
    }
}