{
    "model": "test12x12_100k_3step_3gen_3curric/epoch_46_curric2_gen2",
    "MiniGrid-DoorKey-6x6-custom-diff0.15": {
        "meanRet": 0.9048076982681568,
        "maxRet": 0.9458333253860474,
        "minRet": 0.8541666865348816
    },
    "MiniGrid-DoorKey-8x8-custom-diff0.15": {
        "meanRet": 0.8363333368301391,
        "maxRet": 0.8958333134651184,
        "minRet": 0.7791666388511658
    },
    "MiniGrid-DoorKey-10x10-custom-diff0.15": {
        "meanRet": 0.8056666660308838,
        "maxRet": 0.925000011920929,
        "minRet": 0.6791666746139526
    },
    "MiniGrid-DoorKey-12x12-custom-diff0.15": {
        "meanRet": 0.6601666712760925,
        "maxRet": 0.8583333492279053,
        "minRet": 0.44999998807907104
    }
}