{
    "model": "Rhea_Fr2\\epoch_5_curric3_gen1",
    "MiniGrid-DoorKey-5x5-custom-diff2": {
        "meanRet": 0.6367857098579407,
        "maxRet": 0.7107142806053162,
        "minRet": 0.550000011920929
    },
    "MiniGrid-DoorKey-6x6-custom-diff2": {
        "meanRet": 0.6129999995231629,
        "maxRet": 0.7074999809265137,
        "minRet": 0.5274999737739563
    },
    "MiniGrid-DoorKey-8x8-custom-diff2": {
        "meanRet": 0.5988571435213089,
        "maxRet": 0.7171428799629211,
        "minRet": 0.46000000834465027
    },
    "MiniGrid-DoorKey-16x16-custom-diff2": {
        "meanRet": 0.08444149000570178,
        "maxRet": 0.46063828468322754,
        "minRet": 0.0
    }
}