{
    "model": "test12x12_75k_3step_3gen_3curric/epoch_16_curric2_gen2",
    "MiniGrid-DoorKey-6x6-custom-diff0.7565023600555896": {
        "meanRet": 0.9840330600738525,
        "maxRet": 0.9900826215744019,
        "minRet": 0.9793388247489929
    },
    "MiniGrid-DoorKey-8x8-custom-diff0.7565023600555896": {
        "meanRet": 0.9753973277715536,
        "maxRet": 0.9851239919662476,
        "minRet": 0.9677686095237732
    },
    "MiniGrid-DoorKey-10x10-custom-diff0.7565023600555896": {
        "meanRet": 0.9612562036514283,
        "maxRet": 0.9785124063491821,
        "minRet": 0.9487603306770325
    },
    "MiniGrid-DoorKey-12x12-custom-diff0.7565023600555896": {
        "meanRet": 0.94532231092453,
        "maxRet": 0.9727272987365723,
        "minRet": 0.9231404662132263
    }
}