{
    "model": "test12x12_25k_3step_3gen_3curric/epoch_8_curric0_gen1",
    "MiniGrid-DoorKey-6x6-custom-diff1": {
        "meanRet": 0.9474750018119812,
        "maxRet": 0.9906250238418579,
        "minRet": 0.9068750143051147
    },
    "MiniGrid-DoorKey-8x8-custom-diff1": {
        "meanRet": 0.8262249994277954,
        "maxRet": 0.984375,
        "minRet": 0.6462500095367432
    },
    "MiniGrid-DoorKey-10x10-custom-diff1": {
        "meanRet": 0.6518999993801117,
        "maxRet": 0.9156249761581421,
        "minRet": 0.3643749952316284
    },
    "MiniGrid-DoorKey-12x12-custom-diff1": {
        "meanRet": 0.20438749939203263,
        "maxRet": 0.8356249928474426,
        "minRet": 0.0
    }
}