{
    "model": "test12x12_150k_3step_3gen_3curric/epoch_29_curric1_gen1",
    "MiniGrid-DoorKey-6x6-custom-diff0.15": {
        "meanRet": 0.9216346259300525,
        "maxRet": 0.949999988079071,
        "minRet": 0.8999999761581421
    },
    "MiniGrid-DoorKey-8x8-custom-diff0.15": {
        "meanRet": 0.8783333373069763,
        "maxRet": 0.9291666746139526,
        "minRet": 0.8416666388511658
    },
    "MiniGrid-DoorKey-10x10-custom-diff0.15": {
        "meanRet": 0.8460000014305115,
        "maxRet": 0.9208333492279053,
        "minRet": 0.7916666865348816
    },
    "MiniGrid-DoorKey-12x12-custom-diff0.15": {
        "meanRet": 0.7373397464935596,
        "maxRet": 0.862500011920929,
        "minRet": 0.5958333611488342
    }
}