{
    "model": "test12x12_25k_3step_3gen_3curric/epoch_2_curric0_gen2",
    "MiniGrid-DoorKey-6x6-custom-diff1": {
        "meanRet": 0.7424749970436096,
        "maxRet": 0.9624999761581421,
        "minRet": 0.5562499761581421
    },
    "MiniGrid-DoorKey-8x8-custom-diff1": {
        "meanRet": 0.1336519614446397,
        "maxRet": 0.871874988079071,
        "minRet": 0.0
    },
    "MiniGrid-DoorKey-10x10-custom-diff1": {
        "meanRet": 0.038984374764064945,
        "maxRet": 0.7643749713897705,
        "minRet": 0.0
    },
    "MiniGrid-DoorKey-12x12-custom-diff1": {
        "meanRet": 0.008932291840513548,
        "maxRet": 0.42875000834465027,
        "minRet": 0.0
    }
}