{
    "model": "test12x12_50k_3step_3gen_3curric/epoch_32_curric2_gen1",
    "MiniGrid-DoorKey-6x6-custom-diff0.45106022244325883": {
        "meanRet": 0.9701016974449158,
        "maxRet": 0.980585515499115,
        "minRet": 0.9625577926635742
    },
    "MiniGrid-DoorKey-8x8-custom-diff0.45106022244325883": {
        "meanRet": 0.9567974439034095,
        "maxRet": 0.9791987538337708,
        "minRet": 0.9431433081626892
    },
    "MiniGrid-DoorKey-10x10-custom-diff0.45106022244325883": {
        "meanRet": 0.9412765204906464,
        "maxRet": 0.976425290107727,
        "minRet": 0.918181836605072
    },
    "MiniGrid-DoorKey-12x12-custom-diff0.45106022244325883": {
        "meanRet": 0.9008751916885376,
        "maxRet": 0.9389830231666565,
        "minRet": 0.8668721318244934
    }
}