{
    "model": "SO_RHEA_2PARA_5GEN_14May\\epoch_3_curric0_gen5",
    "MiniGrid-DoorKey-5x5-custom-diff2": {
        "meanRet": 0.5733766230669889,
        "maxRet": 0.7107142806053162,
        "minRet": 0.48571428656578064
    },
    "MiniGrid-DoorKey-6x6-custom-diff2": {
        "meanRet": 0.6175000011920929,
        "maxRet": 0.6850000023841858,
        "minRet": 0.550000011920929
    },
    "MiniGrid-DoorKey-8x8-custom-diff2": {
        "meanRet": 0.5605194812471216,
        "maxRet": 0.7428571581840515,
        "minRet": 0.4214285612106323
    },
    "MiniGrid-DoorKey-16x16-custom-diff2": {
        "meanRet": 0.08138297963887453,
        "maxRet": 0.7702127695083618,
        "minRet": 0.0
    }
}