{
    "model": "test12x12_150k_3step_3gen_3curric/epoch_14_curric1_gen1",
    "MiniGrid-DoorKey-6x6-custom-diff0.7563807381558474": {
        "meanRet": 0.9849097044379623,
        "maxRet": 0.9917355179786682,
        "minRet": 0.9793388247489929
    },
    "MiniGrid-DoorKey-8x8-custom-diff0.7563807381558474": {
        "meanRet": 0.9746026740624354,
        "maxRet": 0.9851239919662476,
        "minRet": 0.9677686095237732
    },
    "MiniGrid-DoorKey-10x10-custom-diff0.7563807381558474": {
        "meanRet": 0.9677355360984802,
        "maxRet": 0.9884297251701355,
        "minRet": 0.9570248126983643
    },
    "MiniGrid-DoorKey-12x12-custom-diff0.7563807381558474": {
        "meanRet": 0.943636372089386,
        "maxRet": 0.9727272987365723,
        "minRet": 0.9231404662132263
    }
}