{
    "model": "test12x12_50k_3step_3gen_3curric/epoch_13_curric1_gen2",
    "MiniGrid-DoorKey-6x6-custom-diff0.9260602224432589": {
        "meanRet": 0.987691152554292,
        "maxRet": 0.9918980002403259,
        "minRet": 0.9837959408760071
    },
    "MiniGrid-DoorKey-8x8-custom-diff0.9260602224432589": {
        "meanRet": 0.9812843203544617,
        "maxRet": 0.9898724555969238,
        "minRet": 0.975693941116333
    },
    "MiniGrid-DoorKey-10x10-custom-diff0.9260602224432589": {
        "meanRet": 0.9684488475322723,
        "maxRet": 0.9932482838630676,
        "minRet": 0.9534133672714233
    },
    "MiniGrid-DoorKey-12x12-custom-diff0.9260602224432589": {
        "meanRet": 0.9546556591987609,
        "maxRet": 0.9777194261550903,
        "minRet": 0.9277569651603699
    }
}