{
    "model": "test12x12_50k_3step_3gen_3curric/epoch_3_curric2_gen2",
    "MiniGrid-DoorKey-6x6-custom-diff1": {
        "meanRet": 0.8803750014305115,
        "maxRet": 0.9906250238418579,
        "minRet": 0.6606249809265137
    },
    "MiniGrid-DoorKey-8x8-custom-diff1": {
        "meanRet": 0.24330188811949963,
        "maxRet": 0.9137499928474426,
        "minRet": 0.0
    },
    "MiniGrid-DoorKey-10x10-custom-diff1": {
        "meanRet": 0.11070153056358804,
        "maxRet": 0.8893749713897705,
        "minRet": 0.0
    },
    "MiniGrid-DoorKey-12x12-custom-diff1": {
        "meanRet": 0.06848958196739356,
        "maxRet": 0.8581249713897705,
        "minRet": 0.0
    }
}