{
    "model": "MI_RHEA_PARA_ENV_2_first\\epoch_3_curric1_gen1",
    "MiniGrid-DoorKey-5x5-custom-diff1": {
        "meanRet": 0.8639024496078491,
        "maxRet": 0.9012194871902466,
        "minRet": 0.8463414907455444
    },
    "MiniGrid-DoorKey-6x6-custom-diff1": {
        "meanRet": 0.8752100765705109,
        "maxRet": 0.8941176533699036,
        "minRet": 0.8638655543327332
    },
    "MiniGrid-DoorKey-8x8-custom-diff1": {
        "meanRet": 0.8741706252098084,
        "maxRet": 0.9274881482124329,
        "minRet": 0.8251184821128845
    },
    "MiniGrid-DoorKey-16x16-custom-diff1": {
        "meanRet": 0.7602485179901123,
        "maxRet": 0.7965680360794067,
        "minRet": 0.6943195462226868
    }
}