{
    "model": "test12x12_100k_3step_4gen_3curric/epoch_15_curric2_gen2",
    "MiniGrid-DoorKey-6x6-custom-diff0.76967792277423": {
        "meanRet": 0.9845018076896668,
        "maxRet": 0.9902527332305908,
        "minRet": 0.9805054068565369
    },
    "MiniGrid-DoorKey-8x8-custom-diff0.76967792277423": {
        "meanRet": 0.9765342959651241,
        "maxRet": 0.9886281490325928,
        "minRet": 0.9691335558891296
    },
    "MiniGrid-DoorKey-10x10-custom-diff0.76967792277423": {
        "meanRet": 0.9636038541793823,
        "maxRet": 0.9821299910545349,
        "minRet": 0.9480144381523132
    },
    "MiniGrid-DoorKey-12x12-custom-diff0.76967792277423": {
        "meanRet": 0.9415474854982816,
        "maxRet": 0.97319495677948,
        "minRet": 0.9122743606567383
    }
}