{
    "model": "test12x12_75k_3step_3gen_3curric/epoch_5_curric1_gen1",
    "MiniGrid-DoorKey-6x6-custom-diff1": {
        "meanRet": 0.988824999332428,
        "maxRet": 0.9925000071525574,
        "minRet": 0.9862499833106995
    },
    "MiniGrid-DoorKey-8x8-custom-diff1": {
        "meanRet": 0.9820535693849836,
        "maxRet": 0.9906250238418579,
        "minRet": 0.9781249761581421
    },
    "MiniGrid-DoorKey-10x10-custom-diff1": {
        "meanRet": 0.9734250044822693,
        "maxRet": 0.984375,
        "minRet": 0.9612500071525574
    },
    "MiniGrid-DoorKey-12x12-custom-diff1": {
        "meanRet": 0.9540999913215638,
        "maxRet": 0.9787499904632568,
        "minRet": 0.9318749904632568
    }
}