{
    "model": "test12x12_150k_3step_3gen_3curric/epoch_15_curric0_gen2",
    "MiniGrid-DoorKey-6x6-custom-diff0.7313807381558474": {
        "meanRet": 0.9840341758728027,
        "maxRet": 0.9897435903549194,
        "minRet": 0.9786324501037598
    },
    "MiniGrid-DoorKey-8x8-custom-diff0.7313807381558474": {
        "meanRet": 0.9754352503352695,
        "maxRet": 0.9846153855323792,
        "minRet": 0.9700854420661926
    },
    "MiniGrid-DoorKey-10x10-custom-diff0.7313807381558474": {
        "meanRet": 0.9646153712272644,
        "maxRet": 0.9905982613563538,
        "minRet": 0.952136754989624
    },
    "MiniGrid-DoorKey-12x12-custom-diff0.7313807381558474": {
        "meanRet": 0.9418803338821118,
        "maxRet": 0.9692307710647583,
        "minRet": 0.9222221970558167
    }
}