{
    "model": "Di_Rhea1\\epoch_6_curric2_gen3",
    "MiniGrid-DoorKey-5x5-custom-diff2": {
        "meanRet": 0.7008241644272437,
        "maxRet": 0.7428571581840515,
        "minRet": 0.6785714030265808
    },
    "MiniGrid-DoorKey-6x6-custom-diff2": {
        "meanRet": 0.7457499980926514,
        "maxRet": 0.8199999928474426,
        "minRet": 0.7074999809265137
    },
    "MiniGrid-DoorKey-8x8-custom-diff2": {
        "meanRet": 0.7544285833835602,
        "maxRet": 0.8585714101791382,
        "minRet": 0.704285740852356
    },
    "MiniGrid-DoorKey-16x16-custom-diff2": {
        "meanRet": 0.7877659559249878,
        "maxRet": 0.8978723287582397,
        "minRet": 0.699999988079071
    }
}