{
    "model": "test12x12_100k_4step_3gen_3curric/epoch_13_curric1_gen1",
    "MiniGrid-DoorKey-6x6-custom-diff0.5844064999999999": {
        "meanRet": 0.6279286569356919,
        "maxRet": 0.9678953886032104,
        "minRet": 0.1438763439655304
    },
    "MiniGrid-DoorKey-8x8-custom-diff0.5844064999999999": {
        "meanRet": 0.06181629002094269,
        "maxRet": 0.7089179754257202,
        "minRet": 0.0
    },
    "MiniGrid-DoorKey-10x10-custom-diff0.5844064999999999": {
        "meanRet": 0.04099534327785174,
        "maxRet": 0.5912009477615356,
        "minRet": 0.0
    },
    "MiniGrid-DoorKey-12x12-custom-diff0.5844064999999999": {
        "meanRet": 0.0,
        "maxRet": 0.0,
        "minRet": 0.0
    }
}