{
    "model": "test12x12_50k_3step_3gen_3curric/epoch_26_curric0_gen3",
    "MiniGrid-DoorKey-6x6-custom-diff0.6010602224432589": {
        "meanRet": 0.9795375709180478,
        "maxRet": 0.989595353603363,
        "minRet": 0.9729479551315308
    },
    "MiniGrid-DoorKey-8x8-custom-diff0.6010602224432589": {
        "meanRet": 0.9717826581001282,
        "maxRet": 0.9823121428489685,
        "minRet": 0.9656647443771362
    },
    "MiniGrid-DoorKey-10x10-custom-diff0.6010602224432589": {
        "meanRet": 0.9584971114441201,
        "maxRet": 0.9885548949241638,
        "minRet": 0.9438150525093079
    },
    "MiniGrid-DoorKey-12x12-custom-diff0.6010602224432589": {
        "meanRet": 0.9386527354900653,
        "maxRet": 0.9729479551315308,
        "minRet": 0.9094797968864441
    }
}