{
    "model": "test12x12_25k_3step_3gen_3curric/epoch_34_curric1_gen3",
    "MiniGrid-DoorKey-6x6-custom-diff0.5819142875744653": {
        "meanRet": 0.9794458425962008,
        "maxRet": 0.9870967864990234,
        "minRet": 0.9741935729980469
    },
    "MiniGrid-DoorKey-8x8-custom-diff0.5819142875744653": {
        "meanRet": 0.9693747493955824,
        "maxRet": 0.9827957153320312,
        "minRet": 0.9612902998924255
    },
    "MiniGrid-DoorKey-10x10-custom-diff0.5819142875744653": {
        "meanRet": 0.9559569811820984,
        "maxRet": 0.9870967864990234,
        "minRet": 0.9376344084739685
    },
    "MiniGrid-DoorKey-12x12-custom-diff0.5819142875744653": {
        "meanRet": 0.931741943359375,
        "maxRet": 0.9688172340393066,
        "minRet": 0.9064516425132751
    }
}