{
    "model": "test12x12_100k_3step_3gen_3curric/epoch_9_curric2_gen1",
    "MiniGrid-DoorKey-6x6-custom-diff0.9220715046045371": {
        "meanRet": 0.985522584273265,
        "maxRet": 0.9925395846366882,
        "minRet": 0.9789751172065735
    },
    "MiniGrid-DoorKey-8x8-custom-diff0.9220715046045371": {
        "meanRet": 0.9757347460146304,
        "maxRet": 0.9898266792297363,
        "minRet": 0.9660889506340027
    },
    "MiniGrid-DoorKey-10x10-custom-diff0.9220715046045371": {
        "meanRet": 0.9664687299728394,
        "maxRet": 0.9837226867675781,
        "minRet": 0.9518462419509888
    },
    "MiniGrid-DoorKey-12x12-custom-diff0.9220715046045371": {
        "meanRet": 0.9509238886833191,
        "maxRet": 0.974905788898468,
        "minRet": 0.9152222871780396
    }
}