{
    "model": "test12x12_100k_3step_4gen_3curric/epoch_13_curric1_gen2",
    "MiniGrid-DoorKey-6x6-custom-diff0.81967792277423": {
        "meanRet": 0.9858192205429077,
        "maxRet": 0.9908474683761597,
        "minRet": 0.9816949367523193
    },
    "MiniGrid-DoorKey-8x8-custom-diff0.81967792277423": {
        "meanRet": 0.9758572326256678,
        "maxRet": 0.9855085015296936,
        "minRet": 0.9679660797119141
    },
    "MiniGrid-DoorKey-10x10-custom-diff0.81967792277423": {
        "meanRet": 0.9697966170310974,
        "maxRet": 0.9862712025642395,
        "minRet": 0.9572881460189819
    },
    "MiniGrid-DoorKey-12x12-custom-diff0.81967792277423": {
        "meanRet": 0.949722032546997,
        "maxRet": 0.978644073009491,
        "minRet": 0.9290677905082703
    }
}