{
    "model": "test12x12_150k_3step_3gen_3curric/epoch_3_curric1_gen1",
    "MiniGrid-DoorKey-6x6-custom-diff1": {
        "meanRet": 0.9880500078201294,
        "maxRet": 0.9937499761581421,
        "minRet": 0.984375
    },
    "MiniGrid-DoorKey-8x8-custom-diff1": {
        "meanRet": 0.981365735884066,
        "maxRet": 0.9887499809265137,
        "minRet": 0.9762499928474426
    },
    "MiniGrid-DoorKey-10x10-custom-diff1": {
        "meanRet": 0.9740999984741211,
        "maxRet": 0.9868749976158142,
        "minRet": 0.9624999761581421
    },
    "MiniGrid-DoorKey-12x12-custom-diff1": {
        "meanRet": 0.957812501833989,
        "maxRet": 0.9831249713897705,
        "minRet": 0.9356250166893005
    }
}