{
    "model": "test12x12_25k_3step_3gen_3curric/epoch_11_curric0_gen1",
    "MiniGrid-DoorKey-6x6-custom-diff1": {
        "meanRet": 0.9882932740908402,
        "maxRet": 0.9925000071525574,
        "minRet": 0.984375
    },
    "MiniGrid-DoorKey-8x8-custom-diff1": {
        "meanRet": 0.9793749937304744,
        "maxRet": 0.9887499809265137,
        "minRet": 0.971875011920929
    },
    "MiniGrid-DoorKey-10x10-custom-diff1": {
        "meanRet": 0.9663000011444092,
        "maxRet": 0.9856250286102295,
        "minRet": 0.9506250023841858
    },
    "MiniGrid-DoorKey-12x12-custom-diff1": {
        "meanRet": 0.9448000001907348,
        "maxRet": 0.9775000214576721,
        "minRet": 0.918749988079071
    }
}