{
    "model": "test12x12_75k_3step_3gen_3curric/epoch_48_curric0_gen3",
    "MiniGrid-DoorKey-6x6-custom-diff0.15": {
        "meanRet": 0.9306089809307685,
        "maxRet": 0.9583333134651184,
        "minRet": 0.9083333611488342
    },
    "MiniGrid-DoorKey-8x8-custom-diff0.15": {
        "meanRet": 0.8854166681949909,
        "maxRet": 0.925000011920929,
        "minRet": 0.8583333492279053
    },
    "MiniGrid-DoorKey-10x10-custom-diff0.15": {
        "meanRet": 0.8384999966621399,
        "maxRet": 0.9333333373069763,
        "minRet": 0.7583333253860474
    },
    "MiniGrid-DoorKey-12x12-custom-diff0.15": {
        "meanRet": 0.7242284041863901,
        "maxRet": 0.8708333373069763,
        "minRet": 0.5958333611488342
    }
}