{
    "model": "test12x12_100k_3step_4gen_3curric/epoch_7_curric2_gen4",
    "MiniGrid-DoorKey-6x6-custom-diff0.96967792277423": {
        "meanRet": 0.9873381066322326,
        "maxRet": 0.9935529828071594,
        "minRet": 0.9825931191444397
    },
    "MiniGrid-DoorKey-8x8-custom-diff0.96967792277423": {
        "meanRet": 0.9808137607574463,
        "maxRet": 0.9883953928947449,
        "minRet": 0.9767908453941345
    },
    "MiniGrid-DoorKey-10x10-custom-diff0.96967792277423": {
        "meanRet": 0.9678890292461102,
        "maxRet": 0.9838825464248657,
        "minRet": 0.9561604857444763
    },
    "MiniGrid-DoorKey-12x12-custom-diff0.96967792277423": {
        "meanRet": 0.9459742188453675,
        "maxRet": 0.9709885120391846,
        "minRet": 0.9232807755470276
    }
}