{
    "model": "SO_RHEA_2PARA_5GEN_14May\\epoch_11_curric0_gen5",
    "MiniGrid-DoorKey-5x5-custom-diff2": {
        "meanRet": 0.7053571343421936,
        "maxRet": 0.7428571581840515,
        "minRet": 0.6785714030265808
    },
    "MiniGrid-DoorKey-6x6-custom-diff2": {
        "meanRet": 0.7322499871253967,
        "maxRet": 0.8199999928474426,
        "minRet": 0.7074999809265137
    },
    "MiniGrid-DoorKey-8x8-custom-diff2": {
        "meanRet": 0.7724285781383514,
        "maxRet": 0.8585714101791382,
        "minRet": 0.7428571581840515
    },
    "MiniGrid-DoorKey-16x16-custom-diff2": {
        "meanRet": 0.6460638374090195,
        "maxRet": 0.8308510780334473,
        "minRet": 0.46382978558540344
    }
}