{
    "model": "Rhea_Fr2\\epoch_2_curric3_gen3",
    "MiniGrid-DoorKey-5x5-custom-diff1": {
        "meanRet": 0.8660975694656372,
        "maxRet": 0.9012194871902466,
        "minRet": 0.8463414907455444
    },
    "MiniGrid-DoorKey-6x6-custom-diff1": {
        "meanRet": 0.8824293342503634,
        "maxRet": 0.924369752407074,
        "minRet": 0.8638655543327332
    },
    "MiniGrid-DoorKey-8x8-custom-diff1": {
        "meanRet": 0.8733175456523895,
        "maxRet": 0.8890995383262634,
        "minRet": 0.850710928440094
    },
    "MiniGrid-DoorKey-16x16-custom-diff1": {
        "meanRet": 0.6685443907976151,
        "maxRet": 0.926508903503418,
        "minRet": 0.4695858061313629
    }
}