{
    "model": "test12x12_25k_3step_3gen_3curric/epoch_34_curric2_gen2",
    "MiniGrid-DoorKey-6x6-custom-diff0.5819142875744653": {
        "meanRet": 0.9778064727783203,
        "maxRet": 0.9860215187072754,
        "minRet": 0.9698925018310547
    },
    "MiniGrid-DoorKey-8x8-custom-diff0.5819142875744653": {
        "meanRet": 0.9645591354370118,
        "maxRet": 0.9838709831237793,
        "minRet": 0.9537634253501892
    },
    "MiniGrid-DoorKey-10x10-custom-diff0.5819142875744653": {
        "meanRet": 0.950795693397522,
        "maxRet": 0.9817204475402832,
        "minRet": 0.9279569983482361
    },
    "MiniGrid-DoorKey-12x12-custom-diff0.5819142875744653": {
        "meanRet": 0.9055483865737916,
        "maxRet": 0.9580644965171814,
        "minRet": 0.8612903356552124
    }
}