{
    "model": "test12x12_75k_3step_3gen_3curric/epoch_3_curric0_gen2",
    "MiniGrid-DoorKey-6x6-custom-diff1": {
        "meanRet": 0.9875694513320923,
        "maxRet": 0.9925000071525574,
        "minRet": 0.9850000143051147
    },
    "MiniGrid-DoorKey-8x8-custom-diff1": {
        "meanRet": 0.9726500010490418,
        "maxRet": 0.9900000095367432,
        "minRet": 0.9506250023841858
    },
    "MiniGrid-DoorKey-10x10-custom-diff1": {
        "meanRet": 0.9293999981880188,
        "maxRet": 0.9725000262260437,
        "minRet": 0.8500000238418579
    },
    "MiniGrid-DoorKey-12x12-custom-diff1": {
        "meanRet": 0.6820499992370606,
        "maxRet": 0.9350000023841858,
        "minRet": 0.46687498688697815
    }
}