{
    "model": "test12x12_150k_3step_3gen_3curric/epoch_15_curric2_gen3",
    "MiniGrid-DoorKey-6x6-custom-diff0.7313807381558474": {
        "meanRet": 0.9841880225218259,
        "maxRet": 0.9897435903549194,
        "minRet": 0.9794871807098389
    },
    "MiniGrid-DoorKey-8x8-custom-diff0.7313807381558474": {
        "meanRet": 0.9759999895095826,
        "maxRet": 0.9863247871398926,
        "minRet": 0.9700854420661926
    },
    "MiniGrid-DoorKey-10x10-custom-diff0.7313807381558474": {
        "meanRet": 0.9647521257400513,
        "maxRet": 0.9888888597488403,
        "minRet": 0.9538461565971375
    },
    "MiniGrid-DoorKey-12x12-custom-diff0.7313807381558474": {
        "meanRet": 0.9434871649742127,
        "maxRet": 0.9666666388511658,
        "minRet": 0.9188033938407898
    }
}