{
    "model": "test12x12_25k_3step_3gen_3curric/epoch_39_curric0_gen1",
    "MiniGrid-DoorKey-6x6-custom-diff0.4569142875744653": {
        "meanRet": 0.9766027402877807,
        "maxRet": 0.983561635017395,
        "minRet": 0.9698629975318909
    },
    "MiniGrid-DoorKey-8x8-custom-diff0.4569142875744653": {
        "meanRet": 0.9599695536825392,
        "maxRet": 0.9794520735740662,
        "minRet": 0.9479451775550842
    },
    "MiniGrid-DoorKey-10x10-custom-diff0.4569142875744653": {
        "meanRet": 0.9414510395791795,
        "maxRet": 0.983561635017395,
        "minRet": 0.9164383411407471
    },
    "MiniGrid-DoorKey-12x12-custom-diff0.4569142875744653": {
        "meanRet": 0.9186301302909851,
        "maxRet": 0.9561643600463867,
        "minRet": 0.8794520497322083
    }
}