{
    "model": "Rhea_Fr2\\epoch_1_curric3_gen1",
    "MiniGrid-DoorKey-5x5-custom-diff0": {
        "meanRet": 0.8939636403864081,
        "maxRet": 0.9567999839782715,
        "minRet": 0.8560000061988831
    },
    "MiniGrid-DoorKey-6x6-custom-diff0": {
        "meanRet": 0.8444999933242798,
        "maxRet": 0.9350000023841858,
        "minRet": 0.7149999737739563
    },
    "MiniGrid-DoorKey-8x8-custom-diff0": {
        "meanRet": 0.8364531219005584,
        "maxRet": 0.9198437333106995,
        "minRet": 0.7384374737739563
    },
    "MiniGrid-DoorKey-16x16-custom-diff0": {
        "meanRet": 0.09136962750926614,
        "maxRet": 0.6530078053474426,
        "minRet": 0.0
    }
}