{
    "model": "test12x12_50k_3step_3gen_3curric/epoch_9_curric2_gen3",
    "MiniGrid-DoorKey-6x6-custom-diff1": {
        "meanRet": 0.9881500101089478,
        "maxRet": 0.9925000071525574,
        "minRet": 0.9856250286102295
    },
    "MiniGrid-DoorKey-8x8-custom-diff1": {
        "meanRet": 0.9814182680386764,
        "maxRet": 0.9900000095367432,
        "minRet": 0.9762499928474426
    },
    "MiniGrid-DoorKey-10x10-custom-diff1": {
        "meanRet": 0.971851854412644,
        "maxRet": 0.9931250214576721,
        "minRet": 0.9599999785423279
    },
    "MiniGrid-DoorKey-12x12-custom-diff1": {
        "meanRet": 0.9569000029563903,
        "maxRet": 0.9818750023841858,
        "minRet": 0.9243749976158142
    }
}