{
    "model": "Rhea_Fr2\\epoch_2_curric1_gen3",
    "MiniGrid-DoorKey-5x5-custom-diff1": {
        "meanRet": 0.877439022064209,
        "maxRet": 0.9012194871902466,
        "minRet": 0.8573170900344849
    },
    "MiniGrid-DoorKey-6x6-custom-diff1": {
        "meanRet": 0.8840336054563522,
        "maxRet": 0.9092437028884888,
        "minRet": 0.8563024997711182
    },
    "MiniGrid-DoorKey-8x8-custom-diff1": {
        "meanRet": 0.8801421880722046,
        "maxRet": 0.9146919250488281,
        "minRet": 0.8592417240142822
    },
    "MiniGrid-DoorKey-16x16-custom-diff1": {
        "meanRet": 0.68047336935997,
        "maxRet": 0.9020118117332458,
        "minRet": 0.5228402614593506
    }
}