{
    "model": "test12x12_100k_4step_3gen_3curric/epoch_7_curric2_gen2",
    "MiniGrid-DoorKey-6x6-custom-diff0.9470715046045372": {
        "meanRet": 0.9872692584991455,
        "maxRet": 0.9927366375923157,
        "minRet": 0.984152615070343
    },
    "MiniGrid-DoorKey-8x8-custom-diff0.9470715046045372": {
        "meanRet": 0.978870146549665,
        "maxRet": 0.9881144762039185,
        "minRet": 0.9729273915290833
    },
    "MiniGrid-DoorKey-10x10-custom-diff0.9470715046045372": {
        "meanRet": 0.9676204389995999,
        "maxRet": 0.9874541163444519,
        "minRet": 0.9517974853515625
    },
    "MiniGrid-DoorKey-12x12-custom-diff0.9470715046045372": {
        "meanRet": 0.9493939852714539,
        "maxRet": 0.9762288928031921,
        "minRet": 0.9260454773902893
    }
}