{
    "model": "SO_RHEA_2PARA_5GEN_14May\\epoch_9_curric0_gen5",
    "MiniGrid-DoorKey-5x5-custom-diff2": {
        "meanRet": 0.6736263678624079,
        "maxRet": 0.7107142806053162,
        "minRet": 0.6464285850524902
    },
    "MiniGrid-DoorKey-6x6-custom-diff2": {
        "meanRet": 0.6768181865865533,
        "maxRet": 0.7749999761581421,
        "minRet": 0.5950000286102295
    },
    "MiniGrid-DoorKey-8x8-custom-diff2": {
        "meanRet": 0.7042857110500336,
        "maxRet": 0.7942857146263123,
        "minRet": 0.6271428465843201
    },
    "MiniGrid-DoorKey-16x16-custom-diff2": {
        "meanRet": 0.5717021256685257,
        "maxRet": 0.7957446575164795,
        "minRet": 0.4446808397769928
    }
}