{
    "model": "test12x12_50k_3step_3gen_3curric/epoch_30_curric1_gen2",
    "MiniGrid-DoorKey-6x6-custom-diff0.5010602224432589": {
        "meanRet": 0.973882427582374,
        "maxRet": 0.9837725162506104,
        "minRet": 0.9675450921058655
    },
    "MiniGrid-DoorKey-8x8-custom-diff0.5010602224432589": {
        "meanRet": 0.9572468804461616,
        "maxRet": 0.9762829542160034,
        "minRet": 0.9425797462463379
    },
    "MiniGrid-DoorKey-10x10-custom-diff0.5010602224432589": {
        "meanRet": 0.9422801733016968,
        "maxRet": 0.9700416326522827,
        "minRet": 0.9188627004623413
    },
    "MiniGrid-DoorKey-12x12-custom-diff0.5010602224432589": {
        "meanRet": 0.908826630115509,
        "maxRet": 0.9662967920303345,
        "minRet": 0.8664355278015137
    }
}