{
    "model": "test12x12_50k_3step_3gen_3curric/epoch_6_curric1_gen3",
    "MiniGrid-DoorKey-6x6-custom-diff1": {
        "meanRet": 0.9871394267449012,
        "maxRet": 0.9918749928474426,
        "minRet": 0.9825000166893005
    },
    "MiniGrid-DoorKey-8x8-custom-diff1": {
        "meanRet": 0.9795000028610229,
        "maxRet": 0.9856250286102295,
        "minRet": 0.9737499952316284
    },
    "MiniGrid-DoorKey-10x10-custom-diff1": {
        "meanRet": 0.9679807676718786,
        "maxRet": 0.9856250286102295,
        "minRet": 0.949999988079071
    },
    "MiniGrid-DoorKey-12x12-custom-diff1": {
        "meanRet": 0.9525499987602234,
        "maxRet": 0.9831249713897705,
        "minRet": 0.9275000095367432
    }
}