{
    "model": "test12x12_50k_3step_3gen_3curric/epoch_26_curric0_gen2",
    "MiniGrid-DoorKey-6x6-custom-diff0.6010602224432589": {
        "meanRet": 0.9791907533522575,
        "maxRet": 0.9875144362449646,
        "minRet": 0.9750288724899292
    },
    "MiniGrid-DoorKey-8x8-custom-diff0.6010602224432589": {
        "meanRet": 0.9691863105847285,
        "maxRet": 0.9802312254905701,
        "minRet": 0.9594219923019409
    },
    "MiniGrid-DoorKey-10x10-custom-diff0.6010602224432589": {
        "meanRet": 0.9522187686883486,
        "maxRet": 0.9812716841697693,
        "minRet": 0.929248571395874
    },
    "MiniGrid-DoorKey-12x12-custom-diff0.6010602224432589": {
        "meanRet": 0.9066913318634033,
        "maxRet": 0.9552600979804993,
        "minRet": 0.867861270904541
    }
}