{
    "model": "test12x12_100k_3step_4gen_3curric/epoch_31_curric1_gen2",
    "MiniGrid-DoorKey-6x6-custom-diff0.15": {
        "meanRet": 0.9228333425521851,
        "maxRet": 0.9416666626930237,
        "minRet": 0.9041666388511658
    },
    "MiniGrid-DoorKey-8x8-custom-diff0.15": {
        "meanRet": 0.8737179476481217,
        "maxRet": 0.9333333373069763,
        "minRet": 0.8374999761581421
    },
    "MiniGrid-DoorKey-10x10-custom-diff0.15": {
        "meanRet": 0.8103333353996277,
        "maxRet": 0.9083333611488342,
        "minRet": 0.7250000238418579
    },
    "MiniGrid-DoorKey-12x12-custom-diff0.15": {
        "meanRet": 0.6669999980926513,
        "maxRet": 0.875,
        "minRet": 0.5333333611488342
    }
}