{
    "model": "test12x12_25k_3step_3gen_3curric/epoch_24_curric2_gen1",
    "MiniGrid-DoorKey-6x6-custom-diff0.8319142875744653": {
        "meanRet": 0.985598609997676,
        "maxRet": 0.9909774661064148,
        "minRet": 0.9796992540359497
    },
    "MiniGrid-DoorKey-8x8-custom-diff0.8319142875744653": {
        "meanRet": 0.9763447092129633,
        "maxRet": 0.9819548726081848,
        "minRet": 0.9691729545593262
    },
    "MiniGrid-DoorKey-10x10-custom-diff0.8319142875744653": {
        "meanRet": 0.9639398527145385,
        "maxRet": 0.9819548726081848,
        "minRet": 0.9518796801567078
    },
    "MiniGrid-DoorKey-12x12-custom-diff0.8319142875744653": {
        "meanRet": 0.9481503820419311,
        "maxRet": 0.9706767201423645,
        "minRet": 0.9293233156204224
    }
}