{
    "model": "new_25k_7step_4gen_3curric/epoch_4_curric2_gen1",
    "MiniGrid-DoorKey-6x6-custom-diff1": {
        "meanRet": 0.5207750022411346,
        "maxRet": 0.8581249713897705,
        "minRet": 0.1731249988079071
    },
    "MiniGrid-DoorKey-8x8-custom-diff1": {
        "meanRet": 0.04717447950194279,
        "maxRet": 0.8256250023841858,
        "minRet": 0.0
    },
    "MiniGrid-DoorKey-10x10-custom-diff1": {
        "meanRet": 0.017187499751647312,
        "maxRet": 0.43187499046325684,
        "minRet": 0.0
    },
    "MiniGrid-DoorKey-12x12-custom-diff1": {
        "meanRet": 0.0,
        "maxRet": 0.0,
        "minRet": 0.0
    }
}