{
    "model": "test12x12_25k_3step_3gen_3curric/epoch_23_curric0_gen1",
    "MiniGrid-DoorKey-6x6-custom-diff0.8569142875744653": {
        "meanRet": 0.9853259530560724,
        "maxRet": 0.9927007555961609,
        "minRet": 0.9817517995834351
    },
    "MiniGrid-DoorKey-8x8-custom-diff0.8569142875744653": {
        "meanRet": 0.9776530082409198,
        "maxRet": 0.9861313700675964,
        "minRet": 0.970802903175354
    },
    "MiniGrid-DoorKey-10x10-custom-diff0.8569142875744653": {
        "meanRet": 0.9629489064216614,
        "maxRet": 0.9883211851119995,
        "minRet": 0.9430657029151917
    },
    "MiniGrid-DoorKey-12x12-custom-diff0.8569142875744653": {
        "meanRet": 0.9452846717834472,
        "maxRet": 0.9678832292556763,
        "minRet": 0.9255474209785461
    }
}