{
    "model": "test12x12_75k_3step_3gen_3curric/epoch_3_curric0_gen1",
    "MiniGrid-DoorKey-6x6-custom-diff1": {
        "meanRet": 0.98732143001897,
        "maxRet": 0.9925000071525574,
        "minRet": 0.9837499856948853
    },
    "MiniGrid-DoorKey-8x8-custom-diff1": {
        "meanRet": 0.9761778872746688,
        "maxRet": 0.987500011920929,
        "minRet": 0.9662500023841858
    },
    "MiniGrid-DoorKey-10x10-custom-diff1": {
        "meanRet": 0.956349995136261,
        "maxRet": 0.9825000166893005,
        "minRet": 0.9256250262260437
    },
    "MiniGrid-DoorKey-12x12-custom-diff1": {
        "meanRet": 0.9167999982833862,
        "maxRet": 0.9793750047683716,
        "minRet": 0.8581249713897705
    }
}