{
    "model": "MI_RHEA_PARA_ENV_2_first\\epoch_5_curric0_gen1",
    "MiniGrid-DoorKey-5x5-custom-diff1": {
        "meanRet": 0.8682926893234253,
        "maxRet": 0.9012194871902466,
        "minRet": 0.8463414907455444
    },
    "MiniGrid-DoorKey-6x6-custom-diff1": {
        "meanRet": 0.8948051929473877,
        "maxRet": 0.9092437028884888,
        "minRet": 0.8789916038513184
    },
    "MiniGrid-DoorKey-8x8-custom-diff1": {
        "meanRet": 0.8912322282791137,
        "maxRet": 0.9402843713760376,
        "minRet": 0.8677725195884705
    },
    "MiniGrid-DoorKey-16x16-custom-diff1": {
        "meanRet": 0.8325680494308472,
        "maxRet": 0.9115976095199585,
        "minRet": 0.7443786859512329
    }
}