{
    "model": "test12x12_50k_3step_3gen_3curric/epoch_3_curric0_gen1",
    "MiniGrid-DoorKey-6x6-custom-diff1": {
        "meanRet": 0.6961500000953674,
        "maxRet": 0.9787499904632568,
        "minRet": 0.35624998807907104
    },
    "MiniGrid-DoorKey-8x8-custom-diff1": {
        "meanRet": 0.0979557301228245,
        "maxRet": 0.7262499928474426,
        "minRet": 0.0
    },
    "MiniGrid-DoorKey-10x10-custom-diff1": {
        "meanRet": 0.003828125074505806,
        "maxRet": 0.1837500035762787,
        "minRet": 0.0
    },
    "MiniGrid-DoorKey-12x12-custom-diff1": {
        "meanRet": 0.0,
        "maxRet": 0.0,
        "minRet": 0.0
    }
}