{
    "model": "test12x12_25k_3step_3gen_3curric/epoch_46_curric0_gen2",
    "MiniGrid-DoorKey-6x6-custom-diff0.28191428757446535": {
        "meanRet": 0.958461541395921,
        "maxRet": 0.9733333587646484,
        "minRet": 0.9466666579246521
    },
    "MiniGrid-DoorKey-8x8-custom-diff0.28191428757446535": {
        "meanRet": 0.9378666734695434,
        "maxRet": 0.9577777981758118,
        "minRet": 0.9222221970558167
    },
    "MiniGrid-DoorKey-10x10-custom-diff0.28191428757446535": {
        "meanRet": 0.9192888927459717,
        "maxRet": 0.9711111187934875,
        "minRet": 0.8933333158493042
    },
    "MiniGrid-DoorKey-12x12-custom-diff0.28191428757446535": {
        "meanRet": 0.866222219467163,
        "maxRet": 0.9155555367469788,
        "minRet": 0.8088889122009277
    }
}