{
    "model": "test12x12_100k_4step_3gen_3curric/epoch_15_curric2_gen2",
    "MiniGrid-DoorKey-6x6-custom-diff0.48200750000000003": {
        "meanRet": 0.2232892573171971,
        "maxRet": 0.9533141255378723,
        "minRet": 0.0
    },
    "MiniGrid-DoorKey-8x8-custom-diff0.48200750000000003": {
        "meanRet": 0.07912764077385266,
        "maxRet": 0.6472622752189636,
        "minRet": 0.0
    },
    "MiniGrid-DoorKey-10x10-custom-diff0.48200750000000003": {
        "meanRet": 0.015483909596999487,
        "maxRet": 0.7432276606559753,
        "minRet": 0.0
    },
    "MiniGrid-DoorKey-12x12-custom-diff0.48200750000000003": {
        "meanRet": 0.015700048456589382,
        "maxRet": 0.7536023259162903,
        "minRet": 0.0
    }
}