{
    "model": "test12x12_100k_3step_3gen_3curric/epoch_31_curric0_gen3",
    "MiniGrid-DoorKey-6x6-custom-diff0.15": {
        "meanRet": 0.9068333292007447,
        "maxRet": 0.949999988079071,
        "minRet": 0.8583333492279053
    },
    "MiniGrid-DoorKey-8x8-custom-diff0.15": {
        "meanRet": 0.8513333344459534,
        "maxRet": 0.9166666865348816,
        "minRet": 0.7791666388511658
    },
    "MiniGrid-DoorKey-10x10-custom-diff0.15": {
        "meanRet": 0.8165000033378601,
        "maxRet": 0.9166666865348816,
        "minRet": 0.6791666746139526
    },
    "MiniGrid-DoorKey-12x12-custom-diff0.15": {
        "meanRet": 0.6876666641235352,
        "maxRet": 0.862500011920929,
        "minRet": 0.4625000059604645
    }
}