{
    "model": "test12x12_25k_3step_3gen_3curric/epoch_18_curric2_gen2",
    "MiniGrid-DoorKey-6x6-custom-diff0.9819142875744653": {
        "meanRet": 0.9859617853164673,
        "maxRet": 0.9923567175865173,
        "minRet": 0.9802547693252563
    },
    "MiniGrid-DoorKey-8x8-custom-diff0.9819142875744653": {
        "meanRet": 0.9782214577381427,
        "maxRet": 0.9904458522796631,
        "minRet": 0.96878981590271
    },
    "MiniGrid-DoorKey-10x10-custom-diff0.9819142875744653": {
        "meanRet": 0.9666751646995544,
        "maxRet": 0.9840764403343201,
        "minRet": 0.950318455696106
    },
    "MiniGrid-DoorKey-12x12-custom-diff0.9819142875744653": {
        "meanRet": 0.9408917236328125,
        "maxRet": 0.9764330983161926,
        "minRet": 0.9082802534103394
    }
}