{
    "model": "test12x12_25k_3step_3gen_3curric/epoch_17_curric0_gen2",
    "MiniGrid-DoorKey-6x6-custom-diff1": {
        "meanRet": 0.9861250019073486,
        "maxRet": 0.9912499785423279,
        "minRet": 0.981249988079071
    },
    "MiniGrid-DoorKey-8x8-custom-diff1": {
        "meanRet": 0.979925000667572,
        "maxRet": 0.9900000095367432,
        "minRet": 0.9725000262260437
    },
    "MiniGrid-DoorKey-10x10-custom-diff1": {
        "meanRet": 0.9669750046730041,
        "maxRet": 0.9881250262260437,
        "minRet": 0.9512500166893005
    },
    "MiniGrid-DoorKey-12x12-custom-diff1": {
        "meanRet": 0.9538461543046511,
        "maxRet": 0.9750000238418579,
        "minRet": 0.9312499761581421
    }
}