{
    "model": "DO_11_05_RHEA_PARA_ENV_1\\epoch_10_curric1_gen1",
    "MiniGrid-DoorKey-5x5-custom-diff2": {
        "meanRet": 0.6812499910593033,
        "maxRet": 0.7107142806053162,
        "minRet": 0.6464285850524902
    },
    "MiniGrid-DoorKey-6x6-custom-diff2": {
        "meanRet": 0.6812500009934107,
        "maxRet": 0.7749999761581421,
        "minRet": 0.6399999856948853
    },
    "MiniGrid-DoorKey-8x8-custom-diff2": {
        "meanRet": 0.739000004529953,
        "maxRet": 0.7942857146263123,
        "minRet": 0.6785714030265808
    },
    "MiniGrid-DoorKey-16x16-custom-diff2": {
        "meanRet": 0.5117021292448044,
        "maxRet": 0.6840425729751587,
        "minRet": 0.2531915009021759
    }
}