{
    "model": "test12x12_100k_3step_3gen_3curric/epoch_21_curric2_gen1",
    "MiniGrid-DoorKey-6x6-custom-diff0.6220715046045372": {
        "meanRet": 0.9789213584019587,
        "maxRet": 0.988938570022583,
        "minRet": 0.9728491902351379
    },
    "MiniGrid-DoorKey-8x8-custom-diff0.6220715046045372": {
        "meanRet": 0.9685174020437094,
        "maxRet": 0.9808938503265381,
        "minRet": 0.9567597508430481
    },
    "MiniGrid-DoorKey-10x10-custom-diff0.6220715046045372": {
        "meanRet": 0.9555932998657226,
        "maxRet": 0.9788826704025269,
        "minRet": 0.9426815509796143
    },
    "MiniGrid-DoorKey-12x12-custom-diff0.6220715046045372": {
        "meanRet": 0.9361251378059388,
        "maxRet": 0.9678212404251099,
        "minRet": 0.8964245915412903
    }
}