{
    "model": "test12x12_100k_4step_3gen_3curric/epoch_16_curric0_gen1",
    "MiniGrid-DoorKey-6x6-custom-diff0.4308080000000001": {
        "meanRet": 0.9702129077911377,
        "maxRet": 0.9825806617736816,
        "minRet": 0.9608064293861389
    },
    "MiniGrid-DoorKey-8x8-custom-diff0.4308080000000001": {
        "meanRet": 0.951538452735314,
        "maxRet": 0.9767742156982422,
        "minRet": 0.9361290335655212
    },
    "MiniGrid-DoorKey-10x10-custom-diff0.4308080000000001": {
        "meanRet": 0.9331677436828614,
        "maxRet": 0.9651612639427185,
        "minRet": 0.8998386859893799
    },
    "MiniGrid-DoorKey-12x12-custom-diff0.4308080000000001": {
        "meanRet": 0.8231354808807373,
        "maxRet": 0.939032256603241,
        "minRet": 0.6312903165817261
    }
}