{
    "model": "test12x12_100k_3step_3gen_3curric/epoch_37_curric0_gen1",
    "MiniGrid-DoorKey-6x6-custom-diff0.15": {
        "meanRet": 0.9174382752842374,
        "maxRet": 0.9458333253860474,
        "minRet": 0.8916666507720947
    },
    "MiniGrid-DoorKey-8x8-custom-diff0.15": {
        "meanRet": 0.8696666622161865,
        "maxRet": 0.9291666746139526,
        "minRet": 0.8166666626930237
    },
    "MiniGrid-DoorKey-10x10-custom-diff0.15": {
        "meanRet": 0.8251666688919067,
        "maxRet": 0.9083333611488342,
        "minRet": 0.7041666507720947
    },
    "MiniGrid-DoorKey-12x12-custom-diff0.15": {
        "meanRet": 0.7075000023841858,
        "maxRet": 0.862500011920929,
        "minRet": 0.5041666626930237
    }
}