{
    "model": "test12x12_100k_3step_3gen_3curric/epoch_29_curric0_gen1",
    "MiniGrid-DoorKey-6x6-custom-diff0.15": {
        "meanRet": 0.9140000033378601,
        "maxRet": 0.9458333253860474,
        "minRet": 0.875
    },
    "MiniGrid-DoorKey-8x8-custom-diff0.15": {
        "meanRet": 0.8638333320617676,
        "maxRet": 0.9208333492279053,
        "minRet": 0.8208333253860474
    },
    "MiniGrid-DoorKey-10x10-custom-diff0.15": {
        "meanRet": 0.8215000009536744,
        "maxRet": 0.9125000238418579,
        "minRet": 0.7458333373069763
    },
    "MiniGrid-DoorKey-12x12-custom-diff0.15": {
        "meanRet": 0.7498333334922791,
        "maxRet": 0.8916666507720947,
        "minRet": 0.625
    }
}