{
    "model": "test12x12_75k_3step_3gen_3curric/epoch_25_curric2_gen2",
    "MiniGrid-DoorKey-6x6-custom-diff0.5315023600555897": {
        "meanRet": 0.9784749437261511,
        "maxRet": 0.9882352948188782,
        "minRet": 0.9717646837234497
    },
    "MiniGrid-DoorKey-8x8-custom-diff0.5315023600555897": {
        "meanRet": 0.9666063327055711,
        "maxRet": 0.9788235425949097,
        "minRet": 0.9576470851898193
    },
    "MiniGrid-DoorKey-10x10-custom-diff0.5315023600555897": {
        "meanRet": 0.9548705911636353,
        "maxRet": 0.9882352948188782,
        "minRet": 0.9399999976158142
    },
    "MiniGrid-DoorKey-12x12-custom-diff0.5315023600555897": {
        "meanRet": 0.9182352882165176,
        "maxRet": 0.9658823609352112,
        "minRet": 0.8870587944984436
    }
}