{
    "model": "test12x12_75k_3step_3gen_3curric/epoch_19_curric1_gen2",
    "MiniGrid-DoorKey-6x6-custom-diff0.6815023600555896": {
        "meanRet": 0.9836626648902893,
        "maxRet": 0.988990843296051,
        "minRet": 0.9779816269874573
    },
    "MiniGrid-DoorKey-8x8-custom-diff0.6815023600555896": {
        "meanRet": 0.9732533555764419,
        "maxRet": 0.9853211045265198,
        "minRet": 0.963302731513977
    },
    "MiniGrid-DoorKey-10x10-custom-diff0.6815023600555896": {
        "meanRet": 0.9640163094909103,
        "maxRet": 0.984403669834137,
        "minRet": 0.9486238360404968
    },
    "MiniGrid-DoorKey-12x12-custom-diff0.6815023600555896": {
        "meanRet": 0.936591386795044,
        "maxRet": 0.973394513130188,
        "minRet": 0.9174311757087708
    }
}