{
    "model": "test12x12_75k_3step_3gen_3curric/epoch_5_curric1_gen2",
    "MiniGrid-DoorKey-6x6-custom-diff1": {
        "meanRet": 0.9890000033378601,
        "maxRet": 0.9937499761581421,
        "minRet": 0.9856250286102295
    },
    "MiniGrid-DoorKey-8x8-custom-diff1": {
        "meanRet": 0.9825000023841858,
        "maxRet": 0.9900000095367432,
        "minRet": 0.9768750071525574
    },
    "MiniGrid-DoorKey-10x10-custom-diff1": {
        "meanRet": 0.9733999967575073,
        "maxRet": 0.9868749976158142,
        "minRet": 0.9606249928474426
    },
    "MiniGrid-DoorKey-12x12-custom-diff1": {
        "meanRet": 0.9539750003814698,
        "maxRet": 0.9806249737739563,
        "minRet": 0.9312499761581421
    }
}