{
    "model": "test12x12_100k_3step_3gen_3curric/epoch_13_curric0_gen1",
    "MiniGrid-DoorKey-6x6-custom-diff0.8220715046045372": {
        "meanRet": 0.9839323711395264,
        "maxRet": 0.9901098608970642,
        "minRet": 0.9786982536315918
    },
    "MiniGrid-DoorKey-8x8-custom-diff0.8220715046045372": {
        "meanRet": 0.9721611716129162,
        "maxRet": 0.9840236902236938,
        "minRet": 0.9573964476585388
    },
    "MiniGrid-DoorKey-10x10-custom-diff0.8220715046045372": {
        "meanRet": 0.9595570611953735,
        "maxRet": 0.9840236902236938,
        "minRet": 0.9292476773262024
    },
    "MiniGrid-DoorKey-12x12-custom-diff0.8220715046045372": {
        "meanRet": 0.9282434511184693,
        "maxRet": 0.9710904359817505,
        "minRet": 0.8813186883926392
    }
}