{
    "model": "MI_RHEA_PARA_ENV_2_first\\epoch_2_curric1_gen2",
    "MiniGrid-DoorKey-5x5-custom-diff1": {
        "meanRet": 0.8802660703659058,
        "maxRet": 0.9012194871902466,
        "minRet": 0.8573170900344849
    },
    "MiniGrid-DoorKey-6x6-custom-diff1": {
        "meanRet": 0.8593277335166931,
        "maxRet": 0.916806697845459,
        "minRet": 0.8033613562583923
    },
    "MiniGrid-DoorKey-8x8-custom-diff1": {
        "meanRet": 0.8332227468490601,
        "maxRet": 0.9018957614898682,
        "minRet": 0.7824644446372986
    },
    "MiniGrid-DoorKey-16x16-custom-diff1": {
        "meanRet": 0.701242595911026,
        "maxRet": 0.8455621004104614,
        "minRet": 0.5931360721588135
    }
}