{
    "model": "test12x12_75k_3step_3gen_3curric/epoch_31_curric1_gen1",
    "MiniGrid-DoorKey-6x6-custom-diff0.15": {
        "meanRet": 0.9186728375929373,
        "maxRet": 0.949999988079071,
        "minRet": 0.8916666507720947
    },
    "MiniGrid-DoorKey-8x8-custom-diff0.15": {
        "meanRet": 0.8848333311080933,
        "maxRet": 0.9291666746139526,
        "minRet": 0.8541666865348816
    },
    "MiniGrid-DoorKey-10x10-custom-diff0.15": {
        "meanRet": 0.8326666688919068,
        "maxRet": 0.9166666865348816,
        "minRet": 0.7416666746139526
    },
    "MiniGrid-DoorKey-12x12-custom-diff0.15": {
        "meanRet": 0.6549679430631491,
        "maxRet": 0.8500000238418579,
        "minRet": 0.4791666567325592
    }
}