{
    "model": "Rhea_Fr2\\epoch_4_curric2_gen1",
    "MiniGrid-DoorKey-5x5-custom-diff1": {
        "meanRet": 0.8651568038122994,
        "maxRet": 0.9012194871902466,
        "minRet": 0.8463414907455444
    },
    "MiniGrid-DoorKey-6x6-custom-diff1": {
        "meanRet": 0.8857983112335205,
        "maxRet": 0.916806697845459,
        "minRet": 0.8714285492897034
    },
    "MiniGrid-DoorKey-8x8-custom-diff1": {
        "meanRet": 0.9155450284481048,
        "maxRet": 0.9402843713760376,
        "minRet": 0.8976303339004517
    },
    "MiniGrid-DoorKey-16x16-custom-diff1": {
        "meanRet": 0.8827337205410004,
        "maxRet": 0.9339644908905029,
        "minRet": 0.84449702501297
    }
}