{
    "model": "test12x12_100k_3step_4gen_3curric/epoch_12_curric0_gen2",
    "MiniGrid-DoorKey-6x6-custom-diff0.84467792277423": {
        "meanRet": 0.9865000009536743,
        "maxRet": 0.9911184310913086,
        "minRet": 0.9829769730567932
    },
    "MiniGrid-DoorKey-8x8-custom-diff0.84467792277423": {
        "meanRet": 0.9752192894617716,
        "maxRet": 0.9896381497383118,
        "minRet": 0.9666940569877625
    },
    "MiniGrid-DoorKey-10x10-custom-diff0.84467792277423": {
        "meanRet": 0.9650953912734985,
        "maxRet": 0.9866776466369629,
        "minRet": 0.9437500238418579
    },
    "MiniGrid-DoorKey-12x12-custom-diff0.84467792277423": {
        "meanRet": 0.9402861857414245,
        "maxRet": 0.971875011920929,
        "minRet": 0.9045230150222778
    }
}