{
    "model": "test12x12_150k_3step_3gen_3curric/epoch_6_curric1_gen2",
    "MiniGrid-DoorKey-6x6-custom-diff0.9563807381558473": {
        "meanRet": 0.9872911947744863,
        "maxRet": 0.9921568632125854,
        "minRet": 0.983660101890564
    },
    "MiniGrid-DoorKey-8x8-custom-diff0.9563807381558473": {
        "meanRet": 0.980470576286316,
        "maxRet": 0.9895424842834473,
        "minRet": 0.9725490212440491
    },
    "MiniGrid-DoorKey-10x10-custom-diff0.9563807381558473": {
        "meanRet": 0.9692026042938232,
        "maxRet": 0.9888888597488403,
        "minRet": 0.9542483687400818
    },
    "MiniGrid-DoorKey-12x12-custom-diff0.9563807381558473": {
        "meanRet": 0.9553986811637878,
        "maxRet": 0.9803921580314636,
        "minRet": 0.9339869022369385
    }
}