{
    "model": "test12x12_75k_3step_3gen_3curric/epoch_11_curric2_gen1",
    "MiniGrid-DoorKey-6x6-custom-diff0.9065023600555896": {
        "meanRet": 0.9850663221799411,
        "maxRet": 0.9910345077514648,
        "minRet": 0.9800000190734863
    },
    "MiniGrid-DoorKey-8x8-custom-diff0.9065023600555896": {
        "meanRet": 0.9758069014549255,
        "maxRet": 0.9889655113220215,
        "minRet": 0.9696551561355591
    },
    "MiniGrid-DoorKey-10x10-custom-diff0.9065023600555896": {
        "meanRet": 0.9674206876754761,
        "maxRet": 0.9848275780677795,
        "minRet": 0.951724112033844
    },
    "MiniGrid-DoorKey-12x12-custom-diff0.9065023600555896": {
        "meanRet": 0.9487724113464355,
        "maxRet": 0.9751724004745483,
        "minRet": 0.9220689535140991
    }
}