{
    "model": "test12x12_100k_3step_3gen_3curric/epoch_20_curric1_gen3",
    "MiniGrid-DoorKey-6x6-custom-diff0.6470715046045372": {
        "meanRet": 0.9786552119255066,
        "maxRet": 0.9874328970909119,
        "minRet": 0.9690655469894409
    },
    "MiniGrid-DoorKey-8x8-custom-diff0.6470715046045372": {
        "meanRet": 0.9666680979728699,
        "maxRet": 0.9787325263023376,
        "minRet": 0.955531656742096
    },
    "MiniGrid-DoorKey-10x10-custom-diff0.6470715046045372": {
        "meanRet": 0.9573490858078003,
        "maxRet": 0.9835660457611084,
        "minRet": 0.9352309107780457
    },
    "MiniGrid-DoorKey-12x12-custom-diff0.6470715046045372": {
        "meanRet": 0.941533842086792,
        "maxRet": 0.9700322151184082,
        "minRet": 0.8975295424461365
    }
}