{
    "model": "Mo_Rhea1\\epoch_1_curric1_gen4",
    "MiniGrid-DoorKey-5x5-custom-diff0": {
        "meanRet": 0.9549999833106995,
        "maxRet": 0.9675999879837036,
        "minRet": 0.9459999799728394
    },
    "MiniGrid-DoorKey-6x6-custom-diff0": {
        "meanRet": 0.9506818110292609,
        "maxRet": 0.9725000262260437,
        "minRet": 0.9399999976158142
    },
    "MiniGrid-DoorKey-8x8-custom-diff0": {
        "meanRet": 0.9170312464237214,
        "maxRet": 0.9592187404632568,
        "minRet": 0.8284375071525574
    },
    "MiniGrid-DoorKey-16x16-custom-diff0": {
        "meanRet": 0.6210507720708847,
        "maxRet": 0.8628906011581421,
        "minRet": 0.40339842438697815
    }
}