{
    "model": "test12x12_25k_3step_3gen_3curric/epoch_39_curric1_gen1",
    "MiniGrid-DoorKey-6x6-custom-diff0.4569142875744653": {
        "meanRet": 0.9755068516731262,
        "maxRet": 0.983561635017395,
        "minRet": 0.9698629975318909
    },
    "MiniGrid-DoorKey-8x8-custom-diff0.4569142875744653": {
        "meanRet": 0.9632876682281494,
        "maxRet": 0.9794520735740662,
        "minRet": 0.9534246325492859
    },
    "MiniGrid-DoorKey-10x10-custom-diff0.4569142875744653": {
        "meanRet": 0.9469041061401368,
        "maxRet": 0.9780821800231934,
        "minRet": 0.9219177961349487
    },
    "MiniGrid-DoorKey-12x12-custom-diff0.4569142875744653": {
        "meanRet": 0.9255890369415283,
        "maxRet": 0.96712327003479,
        "minRet": 0.8794520497322083
    }
}