{
    "model": "test12x12_75k_3step_3gen_3curric/epoch_20_curric0_gen2",
    "MiniGrid-DoorKey-6x6-custom-diff0.6565023600555896": {
        "meanRet": 0.9813186755547156,
        "maxRet": 0.9876190423965454,
        "minRet": 0.976190447807312
    },
    "MiniGrid-DoorKey-8x8-custom-diff0.6565023600555896": {
        "meanRet": 0.9724908402332892,
        "maxRet": 0.9847618937492371,
        "minRet": 0.9647619128227234
    },
    "MiniGrid-DoorKey-10x10-custom-diff0.6565023600555896": {
        "meanRet": 0.9596190524101257,
        "maxRet": 0.9819047451019287,
        "minRet": 0.9447619318962097
    },
    "MiniGrid-DoorKey-12x12-custom-diff0.6565023600555896": {
        "meanRet": 0.9298901099425095,
        "maxRet": 0.9742857217788696,
        "minRet": 0.9019047617912292
    }
}