{
    "model": "test12x12_100k_3step_4gen_3curric/epoch_10_curric0_gen2",
    "MiniGrid-DoorKey-6x6-custom-diff0.89467792277423": {
        "meanRet": 0.9867494746490761,
        "maxRet": 0.9916148781776428,
        "minRet": 0.9832298159599304
    },
    "MiniGrid-DoorKey-8x8-custom-diff0.89467792277423": {
        "meanRet": 0.9749285745620727,
        "maxRet": 0.9867236018180847,
        "minRet": 0.9671583771705627
    },
    "MiniGrid-DoorKey-10x10-custom-diff0.89467792277423": {
        "meanRet": 0.9643074584007263,
        "maxRet": 0.9818323254585266,
        "minRet": 0.9489907026290894
    },
    "MiniGrid-DoorKey-12x12-custom-diff0.89467792277423": {
        "meanRet": 0.9496335387229919,
        "maxRet": 0.9860248565673828,
        "minRet": 0.9175465703010559
    }
}