{
    "model": "test12x12_150k_3step_3gen_3curric/epoch_14_curric2_gen3",
    "MiniGrid-DoorKey-6x6-custom-diff0.7563807381558474": {
        "meanRet": 0.9839270505411871,
        "maxRet": 0.9900826215744019,
        "minRet": 0.9801653027534485
    },
    "MiniGrid-DoorKey-8x8-custom-diff0.7563807381558474": {
        "meanRet": 0.9763636374473572,
        "maxRet": 0.9859504103660583,
        "minRet": 0.9694215059280396
    },
    "MiniGrid-DoorKey-10x10-custom-diff0.7563807381558474": {
        "meanRet": 0.9672396659851075,
        "maxRet": 0.984297513961792,
        "minRet": 0.9504132270812988
    },
    "MiniGrid-DoorKey-12x12-custom-diff0.7563807381558474": {
        "meanRet": 0.9473388385772705,
        "maxRet": 0.9710744023323059,
        "minRet": 0.9280991554260254
    }
}