{
    "model": "test12x12_100k_4step_3gen_3curric/epoch_3_curric1_gen2",
    "MiniGrid-DoorKey-6x6-custom-diff1": {
        "meanRet": 0.3261397047077908,
        "maxRet": 0.9156249761581421,
        "minRet": 0.0
    },
    "MiniGrid-DoorKey-8x8-custom-diff1": {
        "meanRet": 0.06335937324911356,
        "maxRet": 0.6712499856948853,
        "minRet": 0.0
    },
    "MiniGrid-DoorKey-10x10-custom-diff1": {
        "meanRet": 0.010800781659781933,
        "maxRet": 0.34562501311302185,
        "minRet": 0.0
    },
    "MiniGrid-DoorKey-12x12-custom-diff1": {
        "meanRet": 0.02011718787252903,
        "maxRet": 0.643750011920929,
        "minRet": 0.0
    }
}