{
    "model": "test12x12_50k_3step_3gen_3curric/epoch_26_curric1_gen2",
    "MiniGrid-DoorKey-6x6-custom-diff0.6010602224432589": {
        "meanRet": 0.9821120546414301,
        "maxRet": 0.989595353603363,
        "minRet": 0.9771098494529724
    },
    "MiniGrid-DoorKey-8x8-custom-diff0.6010602224432589": {
        "meanRet": 0.9691606926918029,
        "maxRet": 0.9812716841697693,
        "minRet": 0.9625433683395386
    },
    "MiniGrid-DoorKey-10x10-custom-diff0.6010602224432589": {
        "meanRet": 0.9554682111740113,
        "maxRet": 0.9864739775657654,
        "minRet": 0.9354913234710693
    },
    "MiniGrid-DoorKey-12x12-custom-diff0.6010602224432589": {
        "meanRet": 0.9339930653572083,
        "maxRet": 0.9698265790939331,
        "minRet": 0.903236985206604
    }
}