{
    "model": "test12x12_100k_3step_3gen_3curric/epoch_38_curric1_gen1",
    "MiniGrid-DoorKey-6x6-custom-diff0.15": {
        "meanRet": 0.9121666622161865,
        "maxRet": 0.9541666507720947,
        "minRet": 0.875
    },
    "MiniGrid-DoorKey-8x8-custom-diff0.15": {
        "meanRet": 0.867000002861023,
        "maxRet": 0.925000011920929,
        "minRet": 0.7958333492279053
    },
    "MiniGrid-DoorKey-10x10-custom-diff0.15": {
        "meanRet": 0.8000000004584973,
        "maxRet": 0.9041666388511658,
        "minRet": 0.699999988079071
    },
    "MiniGrid-DoorKey-12x12-custom-diff0.15": {
        "meanRet": 0.635,
        "maxRet": 0.8291666507720947,
        "minRet": 0.375
    }
}