{
    "model": "Mo_Rhea1\\epoch_8_curric1_gen3",
    "MiniGrid-DoorKey-5x5-custom-diff2": {
        "meanRet": 0.6973214149475098,
        "maxRet": 0.7107142806053162,
        "minRet": 0.6785714030265808
    },
    "MiniGrid-DoorKey-6x6-custom-diff2": {
        "meanRet": 0.7054545391689647,
        "maxRet": 0.8199999928474426,
        "minRet": 0.6175000071525574
    },
    "MiniGrid-DoorKey-8x8-custom-diff2": {
        "meanRet": 0.5975714206695557,
        "maxRet": 0.6785714030265808,
        "minRet": 0.4985714256763458
    },
    "MiniGrid-DoorKey-16x16-custom-diff2": {
        "meanRet": 0.043683509808033705,
        "maxRet": 0.6489361524581909,
        "minRet": 0.0
    }
}