{
    "model": "test12x12_50k_3step_3gen_3curric/epoch_46_curric2_gen2",
    "MiniGrid-DoorKey-6x6-custom-diff0.15": {
        "meanRet": 0.9212962918811374,
        "maxRet": 0.949999988079071,
        "minRet": 0.8958333134651184
    },
    "MiniGrid-DoorKey-8x8-custom-diff0.15": {
        "meanRet": 0.8762820477669055,
        "maxRet": 0.925000011920929,
        "minRet": 0.8374999761581421
    },
    "MiniGrid-DoorKey-10x10-custom-diff0.15": {
        "meanRet": 0.8346666669845582,
        "maxRet": 0.8999999761581421,
        "minRet": 0.7916666865348816
    },
    "MiniGrid-DoorKey-12x12-custom-diff0.15": {
        "meanRet": 0.7256666684150695,
        "maxRet": 0.862500011920929,
        "minRet": 0.6000000238418579
    }
}