{
    "model": "new_25k_7step_4gen_3curric/epoch_3_curric1_gen4",
    "MiniGrid-DoorKey-6x6-custom-diff1": {
        "meanRet": 0.5994000047445297,
        "maxRet": 0.9443749785423279,
        "minRet": 0.21687500178813934
    },
    "MiniGrid-DoorKey-8x8-custom-diff1": {
        "meanRet": 0.10746093653142452,
        "maxRet": 0.8793749809265137,
        "minRet": 0.0
    },
    "MiniGrid-DoorKey-10x10-custom-diff1": {
        "meanRet": 0.017473958432674408,
        "maxRet": 0.5862500071525574,
        "minRet": 0.0
    },
    "MiniGrid-DoorKey-12x12-custom-diff1": {
        "meanRet": 0.0,
        "maxRet": 0.0,
        "minRet": 0.0
    }
}