{
    "model": "test12x12_100k_3step_4gen_3curric/epoch_18_curric2_gen1",
    "MiniGrid-DoorKey-6x6-custom-diff0.69467792277423": {
        "meanRet": 0.9839080095291137,
        "maxRet": 0.9883000254631042,
        "minRet": 0.9793000221252441
    },
    "MiniGrid-DoorKey-8x8-custom-diff0.69467792277423": {
        "meanRet": 0.9740440058708191,
        "maxRet": 0.9855999946594238,
        "minRet": 0.968500018119812
    },
    "MiniGrid-DoorKey-10x10-custom-diff0.69467792277423": {
        "meanRet": 0.9665919971466065,
        "maxRet": 0.9873999953269958,
        "minRet": 0.9523000121116638
    },
    "MiniGrid-DoorKey-12x12-custom-diff0.69467792277423": {
        "meanRet": 0.947871994972229,
        "maxRet": 0.968500018119812,
        "minRet": 0.9199000000953674
    }
}