{
    "model": "test12x12_150k_3step_3gen_3curric/epoch_6_curric0_gen2",
    "MiniGrid-DoorKey-6x6-custom-diff0.9563807381558473": {
        "meanRet": 0.9870065212249756,
        "maxRet": 0.9908496737480164,
        "minRet": 0.983660101890564
    },
    "MiniGrid-DoorKey-8x8-custom-diff0.9563807381558473": {
        "meanRet": 0.9805228638648987,
        "maxRet": 0.9895424842834473,
        "minRet": 0.9751634001731873
    },
    "MiniGrid-DoorKey-10x10-custom-diff0.9563807381558473": {
        "meanRet": 0.9738823390007019,
        "maxRet": 0.9882352948188782,
        "minRet": 0.9607843160629272
    },
    "MiniGrid-DoorKey-12x12-custom-diff0.9563807381558473": {
        "meanRet": 0.9615424728393555,
        "maxRet": 0.9784313440322876,
        "minRet": 0.9477124214172363
    }
}