{
    "model": "test12x12_25k_3step_3gen_3curric/epoch_12_curric1_gen1",
    "MiniGrid-DoorKey-6x6-custom-diff1": {
        "meanRet": 0.9864250016212464,
        "maxRet": 0.9912499785423279,
        "minRet": 0.9800000190734863
    },
    "MiniGrid-DoorKey-8x8-custom-diff1": {
        "meanRet": 0.9811000013351441,
        "maxRet": 0.9912499785423279,
        "minRet": 0.971875011920929
    },
    "MiniGrid-DoorKey-10x10-custom-diff1": {
        "meanRet": 0.9715749955177307,
        "maxRet": 0.984375,
        "minRet": 0.9606249928474426
    },
    "MiniGrid-DoorKey-12x12-custom-diff1": {
        "meanRet": 0.9605999994277954,
        "maxRet": 0.9850000143051147,
        "minRet": 0.9431250095367432
    }
}