{
    "model": "test12x12_25k_3step_3gen_3curric/epoch_34_curric2_gen1",
    "MiniGrid-DoorKey-6x6-custom-diff0.5819142875744653": {
        "meanRet": 0.9790736345144418,
        "maxRet": 0.9870967864990234,
        "minRet": 0.9720430374145508
    },
    "MiniGrid-DoorKey-8x8-custom-diff0.5819142875744653": {
        "meanRet": 0.9710967803001403,
        "maxRet": 0.9817204475402832,
        "minRet": 0.9623655676841736
    },
    "MiniGrid-DoorKey-10x10-custom-diff0.5819142875744653": {
        "meanRet": 0.9575268711362567,
        "maxRet": 0.977419376373291,
        "minRet": 0.9430107474327087
    },
    "MiniGrid-DoorKey-12x12-custom-diff0.5819142875744653": {
        "meanRet": 0.9307096791267395,
        "maxRet": 0.9645161032676697,
        "minRet": 0.9043010473251343
    }
}