{
    "model": "test12x12_50k_3step_3gen_3curric/epoch_37_curric1_gen2",
    "MiniGrid-DoorKey-6x6-custom-diff0.32606022244325883": {
        "meanRet": 0.9637608573986933,
        "maxRet": 0.9769722819328308,
        "minRet": 0.9539445638656616
    },
    "MiniGrid-DoorKey-8x8-custom-diff0.32606022244325883": {
        "meanRet": 0.9377070642434634,
        "maxRet": 0.969296395778656,
        "minRet": 0.915565013885498
    },
    "MiniGrid-DoorKey-10x10-custom-diff0.32606022244325883": {
        "meanRet": 0.8979872107505799,
        "maxRet": 0.969296395778656,
        "minRet": 0.8484008312225342
    },
    "MiniGrid-DoorKey-12x12-custom-diff0.32606022244325883": {
        "meanRet": 0.8362965400402362,
        "maxRet": 0.9616204500198364,
        "minRet": 0.6948827505111694
    }
}