{
    "model": "new_25k_7step_4gen_3curric/epoch_4_curric1_gen4",
    "MiniGrid-DoorKey-6x6-custom-diff1": {
        "meanRet": 0.9829086477939899,
        "maxRet": 0.9918749928474426,
        "minRet": 0.971875011920929
    },
    "MiniGrid-DoorKey-8x8-custom-diff1": {
        "meanRet": 0.9723499989509583,
        "maxRet": 0.9887499809265137,
        "minRet": 0.956250011920929
    },
    "MiniGrid-DoorKey-10x10-custom-diff1": {
        "meanRet": 0.9475500059127807,
        "maxRet": 0.9762499928474426,
        "minRet": 0.9150000214576721
    },
    "MiniGrid-DoorKey-12x12-custom-diff1": {
        "meanRet": 0.8530750060081482,
        "maxRet": 0.9512500166893005,
        "minRet": 0.7587500214576721
    }
}