{
    "model": "test12x12_75k_3step_3gen_3curric/epoch_45_curric2_gen2",
    "MiniGrid-DoorKey-6x6-custom-diff0.15": {
        "meanRet": 0.9266666746139527,
        "maxRet": 0.949999988079071,
        "minRet": 0.9041666388511658
    },
    "MiniGrid-DoorKey-8x8-custom-diff0.15": {
        "meanRet": 0.8817307651042938,
        "maxRet": 0.9291666746139526,
        "minRet": 0.8374999761581421
    },
    "MiniGrid-DoorKey-10x10-custom-diff0.15": {
        "meanRet": 0.8394999980926514,
        "maxRet": 0.9333333373069763,
        "minRet": 0.7791666388511658
    },
    "MiniGrid-DoorKey-12x12-custom-diff0.15": {
        "meanRet": 0.7190000009536743,
        "maxRet": 0.862500011920929,
        "minRet": 0.5625
    }
}