{
    "model": "test12x12_25k_3step_3gen_3curric/epoch_29_curric0_gen2",
    "MiniGrid-DoorKey-6x6-custom-diff0.7069142875744653": {
        "meanRet": 0.9819114995002747,
        "maxRet": 0.9884955883026123,
        "minRet": 0.9743362665176392
    },
    "MiniGrid-DoorKey-8x8-custom-diff0.7069142875744653": {
        "meanRet": 0.9718938040733337,
        "maxRet": 0.9858406782150269,
        "minRet": 0.9601770043373108
    },
    "MiniGrid-DoorKey-10x10-custom-diff0.7069142875744653": {
        "meanRet": 0.9586902642250061,
        "maxRet": 0.9725663661956787,
        "minRet": 0.943362832069397
    },
    "MiniGrid-DoorKey-12x12-custom-diff0.7069142875744653": {
        "meanRet": 0.9401061916351319,
        "maxRet": 0.9805309772491455,
        "minRet": 0.9079645872116089
    }
}