{
    "model": "DO_11_05_RHEA_PARA_ENV_1\\epoch_4_curric0_gen3",
    "MiniGrid-DoorKey-5x5-custom-diff2": {
        "meanRet": 0.7203571438789368,
        "maxRet": 0.7428571581840515,
        "minRet": 0.7107142806053162
    },
    "MiniGrid-DoorKey-6x6-custom-diff2": {
        "meanRet": 0.738999992609024,
        "maxRet": 0.7975000143051147,
        "minRet": 0.7074999809265137
    },
    "MiniGrid-DoorKey-8x8-custom-diff2": {
        "meanRet": 0.7505714416503906,
        "maxRet": 0.845714271068573,
        "minRet": 0.704285740852356
    },
    "MiniGrid-DoorKey-16x16-custom-diff2": {
        "meanRet": 0.1410904247313738,
        "maxRet": 0.8212766051292419,
        "minRet": 0.0
    }
}