{
    "model": "test12x12_50k_3step_3gen_3curric/epoch_35_curric0_gen1",
    "MiniGrid-DoorKey-6x6-custom-diff0.3760602224432589": {
        "meanRet": 0.9696075709966513,
        "maxRet": 0.9783734083175659,
        "minRet": 0.9617375135421753
    },
    "MiniGrid-DoorKey-8x8-custom-diff0.3760602224432589": {
        "meanRet": 0.9497359331165042,
        "maxRet": 0.9700554609298706,
        "minRet": 0.9417744874954224
    },
    "MiniGrid-DoorKey-10x10-custom-diff0.3760602224432589": {
        "meanRet": 0.9278259667066427,
        "maxRet": 0.97670978307724,
        "minRet": 0.9051756262779236
    },
    "MiniGrid-DoorKey-12x12-custom-diff0.3760602224432589": {
        "meanRet": 0.891800365447998,
        "maxRet": 0.933456540107727,
        "minRet": 0.8402957320213318
    }
}