{
    "model": "test12x12_100k_3step_3gen_3curric/epoch_18_curric2_gen1",
    "MiniGrid-DoorKey-6x6-custom-diff0.6970715046045372": {
        "meanRet": 0.9775314021110535,
        "maxRet": 0.9874376654624939,
        "minRet": 0.9694915413856506
    },
    "MiniGrid-DoorKey-8x8-custom-diff0.6970715046045372": {
        "meanRet": 0.9634864628314972,
        "maxRet": 0.9802592396736145,
        "minRet": 0.9524426460266113
    },
    "MiniGrid-DoorKey-10x10-custom-diff0.6970715046045372": {
        "meanRet": 0.9543808507919311,
        "maxRet": 0.9829511642456055,
        "minRet": 0.9300099611282349
    },
    "MiniGrid-DoorKey-12x12-custom-diff0.6970715046045372": {
        "meanRet": 0.8976709842681885,
        "maxRet": 0.9578264951705933,
        "minRet": 0.8510468602180481
    }
}