{
    "model": "test12x12_25k_3step_3gen_3curric/epoch_37_curric2_gen2",
    "MiniGrid-DoorKey-6x6-custom-diff0.5069142875744653": {
        "meanRet": 0.9748056707558809,
        "maxRet": 0.9851852059364319,
        "minRet": 0.9666666388511658
    },
    "MiniGrid-DoorKey-8x8-custom-diff0.5069142875744653": {
        "meanRet": 0.9629172395776819,
        "maxRet": 0.980246901512146,
        "minRet": 0.9530864357948303
    },
    "MiniGrid-DoorKey-10x10-custom-diff0.5069142875744653": {
        "meanRet": 0.9402377671665616,
        "maxRet": 0.980246901512146,
        "minRet": 0.9160493612289429
    },
    "MiniGrid-DoorKey-12x12-custom-diff0.5069142875744653": {
        "meanRet": 0.914172842502594,
        "maxRet": 0.9617283940315247,
        "minRet": 0.8617283701896667
    }
}