{
    "model": "test12x12_25k_3step_3gen_3curric/epoch_17_curric0_gen1",
    "MiniGrid-DoorKey-6x6-custom-diff1": {
        "meanRet": 0.9878794699907303,
        "maxRet": 0.9918749928474426,
        "minRet": 0.9850000143051147
    },
    "MiniGrid-DoorKey-8x8-custom-diff1": {
        "meanRet": 0.9815749931335449,
        "maxRet": 0.9881250262260437,
        "minRet": 0.9756249785423279
    },
    "MiniGrid-DoorKey-10x10-custom-diff1": {
        "meanRet": 0.9734750032424927,
        "maxRet": 0.9868749976158142,
        "minRet": 0.9593750238418579
    },
    "MiniGrid-DoorKey-12x12-custom-diff1": {
        "meanRet": 0.9589249968528748,
        "maxRet": 0.9793750047683716,
        "minRet": 0.9368749856948853
    }
}