{
    "model": "test12x12_25k_3step_3gen_3curric/epoch_18_curric2_gen3",
    "MiniGrid-DoorKey-6x6-custom-diff0.9819142875744653": {
        "meanRet": 0.9856305813789368,
        "maxRet": 0.9917197227478027,
        "minRet": 0.981528639793396
    },
    "MiniGrid-DoorKey-8x8-custom-diff0.9819142875744653": {
        "meanRet": 0.9772823872389617,
        "maxRet": 0.9910827875137329,
        "minRet": 0.9681528806686401
    },
    "MiniGrid-DoorKey-10x10-custom-diff0.9819142875744653": {
        "meanRet": 0.9683566904067993,
        "maxRet": 0.9834395051002502,
        "minRet": 0.9560509324073792
    },
    "MiniGrid-DoorKey-12x12-custom-diff0.9819142875744653": {
        "meanRet": 0.9490700697898865,
        "maxRet": 0.9789808988571167,
        "minRet": 0.9089171886444092
    }
}