{
    "model": "test12x12_25k_3step_3gen_3curric/epoch_16_curric0_gen2",
    "MiniGrid-DoorKey-6x6-custom-diff1": {
        "meanRet": 0.9841435198430661,
        "maxRet": 0.9918749928474426,
        "minRet": 0.9793750047683716
    },
    "MiniGrid-DoorKey-8x8-custom-diff1": {
        "meanRet": 0.975937504034776,
        "maxRet": 0.9862499833106995,
        "minRet": 0.9700000286102295
    },
    "MiniGrid-DoorKey-10x10-custom-diff1": {
        "meanRet": 0.9633500027656555,
        "maxRet": 0.9793750047683716,
        "minRet": 0.9456250071525574
    },
    "MiniGrid-DoorKey-12x12-custom-diff1": {
        "meanRet": 0.9385000038146972,
        "maxRet": 0.9693750143051147,
        "minRet": 0.9137499928474426
    }
}