{
    "model": "test12x12_25k_3step_3gen_3curric/epoch_28_curric0_gen3",
    "MiniGrid-DoorKey-6x6-custom-diff0.7319142875744653": {
        "meanRet": 0.9847679947103772,
        "maxRet": 0.9914529919624329,
        "minRet": 0.9803418517112732
    },
    "MiniGrid-DoorKey-8x8-custom-diff0.7319142875744653": {
        "meanRet": 0.9760683608055115,
        "maxRet": 0.9854700565338135,
        "minRet": 0.9700854420661926
    },
    "MiniGrid-DoorKey-10x10-custom-diff0.7319142875744653": {
        "meanRet": 0.9596922945976257,
        "maxRet": 0.9777777791023254,
        "minRet": 0.9487179517745972
    },
    "MiniGrid-DoorKey-12x12-custom-diff0.7319142875744653": {
        "meanRet": 0.935965805053711,
        "maxRet": 0.9675213694572449,
        "minRet": 0.9136751890182495
    }
}