{
    "model": "test12x12_25k_3step_3gen_3curric/epoch_39_curric0_gen3",
    "MiniGrid-DoorKey-6x6-custom-diff0.4569142875744653": {
        "meanRet": 0.9735667131565235,
        "maxRet": 0.983561635017395,
        "minRet": 0.96712327003479
    },
    "MiniGrid-DoorKey-8x8-custom-diff0.4569142875744653": {
        "meanRet": 0.9562739658355713,
        "maxRet": 0.9739726185798645,
        "minRet": 0.9452054500579834
    },
    "MiniGrid-DoorKey-10x10-custom-diff0.4569142875744653": {
        "meanRet": 0.9363013689334576,
        "maxRet": 0.9698629975318909,
        "minRet": 0.9123287796974182
    },
    "MiniGrid-DoorKey-12x12-custom-diff0.4569142875744653": {
        "meanRet": 0.8947397327423096,
        "maxRet": 0.9602739810943604,
        "minRet": 0.8561643958091736
    }
}