{
    "model": "test12x12_50k_3step_3gen_3curric/epoch_10_curric0_gen2",
    "MiniGrid-DoorKey-6x6-custom-diff1": {
        "meanRet": 0.9891203708118863,
        "maxRet": 0.9931250214576721,
        "minRet": 0.9862499833106995
    },
    "MiniGrid-DoorKey-8x8-custom-diff1": {
        "meanRet": 0.9807407392395867,
        "maxRet": 0.9887499809265137,
        "minRet": 0.9731249809265137
    },
    "MiniGrid-DoorKey-10x10-custom-diff1": {
        "meanRet": 0.9716000008583069,
        "maxRet": 0.9850000143051147,
        "minRet": 0.9612500071525574
    },
    "MiniGrid-DoorKey-12x12-custom-diff1": {
        "meanRet": 0.957620192032594,
        "maxRet": 0.9800000190734863,
        "minRet": 0.9306250214576721
    }
}