{
    "model": "SO_RHEA_2PARA_5GEN_14May\\epoch_5_curric2_gen1",
    "MiniGrid-DoorKey-5x5-custom-diff0": {
        "meanRet": 0.9483999808629354,
        "maxRet": 0.9603999853134155,
        "minRet": 0.9387999773025513
    },
    "MiniGrid-DoorKey-6x6-custom-diff0": {
        "meanRet": 0.9602499783039093,
        "maxRet": 0.9674999713897705,
        "minRet": 0.9524999856948853
    },
    "MiniGrid-DoorKey-8x8-custom-diff0": {
        "meanRet": 0.9580937385559082,
        "maxRet": 0.96484375,
        "minRet": 0.9521874785423279
    },
    "MiniGrid-DoorKey-16x16-custom-diff0": {
        "meanRet": 0.9587617158889771,
        "maxRet": 0.9799609184265137,
        "minRet": 0.9293359518051147
    }
}