{
    "model": "test12x12_25k_3step_3gen_3curric/epoch_44_curric2_gen2",
    "MiniGrid-DoorKey-6x6-custom-diff0.3319142875744653": {
        "meanRet": 0.9670188689231872,
        "maxRet": 0.9773585200309753,
        "minRet": 0.9566037654876709
    },
    "MiniGrid-DoorKey-8x8-custom-diff0.3319142875744653": {
        "meanRet": 0.9470999307102628,
        "maxRet": 0.9603773355484009,
        "minRet": 0.9377358555793762
    },
    "MiniGrid-DoorKey-10x10-custom-diff0.3319142875744653": {
        "meanRet": 0.9339622616767883,
        "maxRet": 0.9716981053352356,
        "minRet": 0.9075471758842468
    },
    "MiniGrid-DoorKey-12x12-custom-diff0.3319142875744653": {
        "meanRet": 0.8895849108695983,
        "maxRet": 0.9377358555793762,
        "minRet": 0.8415094614028931
    }
}