{
    "model": "test12x12_50k_3step_3gen_3curric/epoch_24_curric1_gen3",
    "MiniGrid-DoorKey-6x6-custom-diff0.6510602224432589": {
        "meanRet": 0.9820192050933838,
        "maxRet": 0.9884738326072693,
        "minRet": 0.977908194065094
    },
    "MiniGrid-DoorKey-8x8-custom-diff0.6510602224432589": {
        "meanRet": 0.9718377804756164,
        "maxRet": 0.9846317768096924,
        "minRet": 0.9635005593299866
    },
    "MiniGrid-DoorKey-10x10-custom-diff0.6510602224432589": {
        "meanRet": 0.960311632156372,
        "maxRet": 0.9807897806167603,
        "minRet": 0.9471718072891235
    },
    "MiniGrid-DoorKey-12x12-custom-diff0.6510602224432589": {
        "meanRet": 0.9363372421264649,
        "maxRet": 0.9673425555229187,
        "minRet": 0.9154748916625977
    }
}