{
    "model": "test12x12_100k_3step_4gen_3curric/epoch_4_curric1_gen2",
    "MiniGrid-DoorKey-6x6-custom-diff1": {
        "meanRet": 0.9877750086784363,
        "maxRet": 0.9925000071525574,
        "minRet": 0.9837499856948853
    },
    "MiniGrid-DoorKey-8x8-custom-diff1": {
        "meanRet": 0.9825249981880187,
        "maxRet": 0.9881250262260437,
        "minRet": 0.9775000214576721
    },
    "MiniGrid-DoorKey-10x10-custom-diff1": {
        "meanRet": 0.9724499964714051,
        "maxRet": 0.9856250286102295,
        "minRet": 0.9612500071525574
    },
    "MiniGrid-DoorKey-12x12-custom-diff1": {
        "meanRet": 0.9515384573202866,
        "maxRet": 0.9775000214576721,
        "minRet": 0.9287499785423279
    }
}