{
    "model": "test12x12_75k_3step_3gen_3curric/epoch_26_curric0_gen2",
    "MiniGrid-DoorKey-6x6-custom-diff0.5065023600555897": {
        "meanRet": 0.9754915458184702,
        "maxRet": 0.9876543283462524,
        "minRet": 0.9679012298583984
    },
    "MiniGrid-DoorKey-8x8-custom-diff0.5065023600555897": {
        "meanRet": 0.965777781009674,
        "maxRet": 0.9777777791023254,
        "minRet": 0.9555555582046509
    },
    "MiniGrid-DoorKey-10x10-custom-diff0.5065023600555897": {
        "meanRet": 0.9471111106872558,
        "maxRet": 0.9679012298583984,
        "minRet": 0.9197530746459961
    },
    "MiniGrid-DoorKey-12x12-custom-diff0.5065023600555897": {
        "meanRet": 0.9239012360572815,
        "maxRet": 0.9592592716217041,
        "minRet": 0.8975308537483215
    }
}