{
    "model": "test12x12_75k_3step_3gen_3curric/epoch_7_curric1_gen3",
    "MiniGrid-DoorKey-6x6-custom-diff1": {
        "meanRet": 0.988125,
        "maxRet": 0.9925000071525574,
        "minRet": 0.9837499856948853
    },
    "MiniGrid-DoorKey-8x8-custom-diff1": {
        "meanRet": 0.9821875026592841,
        "maxRet": 0.9887499809265137,
        "minRet": 0.9775000214576721
    },
    "MiniGrid-DoorKey-10x10-custom-diff1": {
        "meanRet": 0.9712249994277954,
        "maxRet": 0.9831249713897705,
        "minRet": 0.9606249928474426
    },
    "MiniGrid-DoorKey-12x12-custom-diff1": {
        "meanRet": 0.9558250045776367,
        "maxRet": 0.9837499856948853,
        "minRet": 0.9375
    }
}