{
    "model": "test12x12_25k_3step_3gen_3curric/epoch_8_curric1_gen2",
    "MiniGrid-DoorKey-6x6-custom-diff1": {
        "meanRet": 0.9888500046730041,
        "maxRet": 0.9937499761581421,
        "minRet": 0.9850000143051147
    },
    "MiniGrid-DoorKey-8x8-custom-diff1": {
        "meanRet": 0.9734999966621399,
        "maxRet": 0.9906250238418579,
        "minRet": 0.9637500047683716
    },
    "MiniGrid-DoorKey-10x10-custom-diff1": {
        "meanRet": 0.9510749983787536,
        "maxRet": 0.9825000166893005,
        "minRet": 0.9206249713897705
    },
    "MiniGrid-DoorKey-12x12-custom-diff1": {
        "meanRet": 0.9234249997138977,
        "maxRet": 0.9768750071525574,
        "minRet": 0.8618749976158142
    }
}