{
    "model": "DO_11_05_RHEA_PARA_ENV_1\\epoch_8_curric0_gen1",
    "MiniGrid-DoorKey-5x5-custom-diff2": {
        "meanRet": 0.7077922008254312,
        "maxRet": 0.7428571581840515,
        "minRet": 0.6785714030265808
    },
    "MiniGrid-DoorKey-6x6-custom-diff2": {
        "meanRet": 0.7299999892711639,
        "maxRet": 0.8199999928474426,
        "minRet": 0.6850000023841858
    },
    "MiniGrid-DoorKey-8x8-custom-diff2": {
        "meanRet": 0.7578571538130442,
        "maxRet": 0.8199999928474426,
        "minRet": 0.704285740852356
    },
    "MiniGrid-DoorKey-16x16-custom-diff2": {
        "meanRet": 0.5608510613441468,
        "maxRet": 0.699999988079071,
        "minRet": 0.3234042525291443
    }
}