{
    "model": "DO_11_05_RHEA_PARA_ENV_1\\epoch_12_curric3_gen2",
    "MiniGrid-DoorKey-5x5-custom-diff2": {
        "meanRet": 0.683163263968059,
        "maxRet": 0.7428571581840515,
        "minRet": 0.6464285850524902
    },
    "MiniGrid-DoorKey-6x6-custom-diff2": {
        "meanRet": 0.7074999988079071,
        "maxRet": 0.7749999761581421,
        "minRet": 0.6625000238418579
    },
    "MiniGrid-DoorKey-8x8-custom-diff2": {
        "meanRet": 0.6935714334249496,
        "maxRet": 0.7685714364051819,
        "minRet": 0.6271428465843201
    },
    "MiniGrid-DoorKey-16x16-custom-diff2": {
        "meanRet": 0.5653191536664963,
        "maxRet": 0.8085106611251831,
        "minRet": 0.3361702263355255
    }
}