{
    "model": "test12x12_100k_3step_3gen_3curric/epoch_22_curric0_gen2",
    "MiniGrid-DoorKey-6x6-custom-diff0.1748105000000001": {
        "meanRet": 0.9247011932042929,
        "maxRet": 0.9569721221923828,
        "minRet": 0.8888446092605591
    },
    "MiniGrid-DoorKey-8x8-custom-diff0.1748105000000001": {
        "meanRet": 0.8557131481170654,
        "maxRet": 0.9247012138366699,
        "minRet": 0.8099601864814758
    },
    "MiniGrid-DoorKey-10x10-custom-diff0.1748105000000001": {
        "meanRet": 0.8311872506141662,
        "maxRet": 0.9282868504524231,
        "minRet": 0.7167330384254456
    },
    "MiniGrid-DoorKey-12x12-custom-diff0.1748105000000001": {
        "meanRet": 0.7259123539924621,
        "maxRet": 0.8565737009048462,
        "minRet": 0.5231075882911682
    }
}