{
    "model": "test12x12_50k_3step_3gen_3curric/epoch_31_curric2_gen1",
    "MiniGrid-DoorKey-6x6-custom-diff0.47606022244325885": {
        "meanRet": 0.9745817023974198,
        "maxRet": 0.984233558177948,
        "minRet": 0.9684671759605408
    },
    "MiniGrid-DoorKey-8x8-custom-diff0.47606022244325885": {
        "meanRet": 0.9633167791366577,
        "maxRet": 0.9789780974388123,
        "minRet": 0.9553284645080566
    },
    "MiniGrid-DoorKey-10x10-custom-diff0.47606022244325885": {
        "meanRet": 0.9442616517727191,
        "maxRet": 0.9724087715148926,
        "minRet": 0.9290511012077332
    },
    "MiniGrid-DoorKey-12x12-custom-diff0.47606022244325885": {
        "meanRet": 0.9191708040237426,
        "maxRet": 0.9527007341384888,
        "minRet": 0.8817518353462219
    }
}