{
    "model": "SoRRH_2\\epoch_2_curric0",
    "MiniGrid-DoorKey-5x5-custom-diff0": {
        "meanRet": 0.9502545270052823,
        "maxRet": 0.9603999853134155,
        "minRet": 0.9423999786376953
    },
    "MiniGrid-DoorKey-6x6-custom-diff0": {
        "meanRet": 0.9569999814033509,
        "maxRet": 0.9674999713897705,
        "minRet": 0.9524999856948853
    },
    "MiniGrid-DoorKey-8x8-custom-diff0": {
        "meanRet": 0.9564062476158142,
        "maxRet": 0.96484375,
        "minRet": 0.9381250143051147
    },
    "MiniGrid-DoorKey-16x16-custom-diff0": {
        "meanRet": 0.9050078094005585,
        "maxRet": 0.9778515696525574,
        "minRet": 0.8526952862739563
    }
}