{
    "model": "test12x12_75k_3step_3gen_3curric/epoch_32_curric2_gen2",
    "MiniGrid-DoorKey-6x6-custom-diff0.15": {
        "meanRet": 0.9283653933268327,
        "maxRet": 0.9541666507720947,
        "minRet": 0.9083333611488342
    },
    "MiniGrid-DoorKey-8x8-custom-diff0.15": {
        "meanRet": 0.8871913574360035,
        "maxRet": 0.9375,
        "minRet": 0.8583333492279053
    },
    "MiniGrid-DoorKey-10x10-custom-diff0.15": {
        "meanRet": 0.852000002861023,
        "maxRet": 0.9333333373069763,
        "minRet": 0.7958333492279053
    },
    "MiniGrid-DoorKey-12x12-custom-diff0.15": {
        "meanRet": 0.75080128128712,
        "maxRet": 0.8833333253860474,
        "minRet": 0.625
    }
}