{
    "model": "test12x12_25k_3step_3gen_3curric/epoch_4_curric2_gen1",
    "MiniGrid-DoorKey-6x6-custom-diff1": {
        "meanRet": 0.7140749979019165,
        "maxRet": 0.9831249713897705,
        "minRet": 0.40312498807907104
    },
    "MiniGrid-DoorKey-8x8-custom-diff1": {
        "meanRet": 0.12567601945935464,
        "maxRet": 0.8881250023841858,
        "minRet": 0.0
    },
    "MiniGrid-DoorKey-10x10-custom-diff1": {
        "meanRet": 0.03696614565948645,
        "maxRet": 0.856249988079071,
        "minRet": 0.0
    },
    "MiniGrid-DoorKey-12x12-custom-diff1": {
        "meanRet": 0.0,
        "maxRet": 0.0,
        "minRet": 0.0
    }
}