{
    "model": "test12x12_100k_3step_3gen_3curric/epoch_10_curric0_gen3",
    "MiniGrid-DoorKey-6x6-custom-diff0.8970715046045371": {
        "meanRet": 0.9851725055621221,
        "maxRet": 0.9923315048217773,
        "minRet": 0.9811773896217346
    },
    "MiniGrid-DoorKey-8x8-custom-diff0.8970715046045371": {
        "meanRet": 0.9775308393515073,
        "maxRet": 0.9888458847999573,
        "minRet": 0.9644461870193481
    },
    "MiniGrid-DoorKey-10x10-custom-diff0.8970715046045371": {
        "meanRet": 0.9581998467445374,
        "maxRet": 0.9804802536964417,
        "minRet": 0.939349353313446
    },
    "MiniGrid-DoorKey-12x12-custom-diff0.8970715046045371": {
        "meanRet": 0.9375367951393128,
        "maxRet": 0.9700232148170471,
        "minRet": 0.8968241810798645
    }
}