{
    "model": "Rhea_mi1\\epoch_2_curric2_gen3",
    "MiniGrid-DoorKey-5x5-custom": {
        "meanRet": 0.8969091122800653,
        "maxRet": 0.9190000295639038,
        "minRet": 0.8830000162124634
    },
    "MiniGrid-DoorKey-6x6-custom": {
        "meanRet": 0.8912800133228302,
        "maxRet": 0.9279999732971191,
        "minRet": 0.8199999928474426
    },
    "MiniGrid-DoorKey-8x8-custom": {
        "meanRet": 0.7866999924182891,
        "maxRet": 0.9010000228881836,
        "minRet": 0.6894999742507935
    },
    "MiniGrid-DoorKey-16x16-custom": {
        "meanRet": 0.030749999918043613,
        "maxRet": 0.41499999165534973,
        "minRet": 0.0
    }
}