{
    "model": "test12x12_100k_4step_3gen_3curric/epoch_12_curric2_gen1",
    "MiniGrid-DoorKey-6x6-custom-diff0.635606": {
        "meanRet": 0.8205508184432984,
        "maxRet": 0.9704918265342712,
        "minRet": 0.6537705063819885
    },
    "MiniGrid-DoorKey-8x8-custom-diff0.635606": {
        "meanRet": 0.16804243098287022,
        "maxRet": 0.9163934588432312,
        "minRet": 0.0
    },
    "MiniGrid-DoorKey-10x10-custom-diff0.635606": {
        "meanRet": 0.016441256428758304,
        "maxRet": 0.5140983462333679,
        "minRet": 0.0
    },
    "MiniGrid-DoorKey-12x12-custom-diff0.635606": {
        "meanRet": 0.0,
        "maxRet": 0.0,
        "minRet": 0.0
    }
}