{
    "model": "Rhea_SaRun2\\epoch_5_curric0_gen3",
    "MiniGrid-DoorKey-5x5-custom-diff2": {
        "meanRet": 0.6753571450710296,
        "maxRet": 0.7428571581840515,
        "minRet": 0.6464285850524902
    },
    "MiniGrid-DoorKey-6x6-custom-diff2": {
        "meanRet": 0.668636376207525,
        "maxRet": 0.7749999761581421,
        "minRet": 0.5950000286102295
    },
    "MiniGrid-DoorKey-8x8-custom-diff2": {
        "meanRet": 0.6957142849763235,
        "maxRet": 0.8328571319580078,
        "minRet": 0.6014285683631897
    },
    "MiniGrid-DoorKey-16x16-custom-diff2": {
        "meanRet": 0.027526595629751682,
        "maxRet": 0.42234042286872864,
        "minRet": 0.0
    }
}