{
    "model": "test12x12_75k_3step_3gen_3curric/epoch_30_curric2_gen1",
    "MiniGrid-DoorKey-6x6-custom-diff0.15": {
        "meanRet": 0.9161666679382324,
        "maxRet": 0.949999988079071,
        "minRet": 0.8833333253860474
    },
    "MiniGrid-DoorKey-8x8-custom-diff0.15": {
        "meanRet": 0.8574404780353818,
        "maxRet": 0.9291666746139526,
        "minRet": 0.800000011920929
    },
    "MiniGrid-DoorKey-10x10-custom-diff0.15": {
        "meanRet": 0.7949999976158142,
        "maxRet": 0.9125000238418579,
        "minRet": 0.6708333492279053
    },
    "MiniGrid-DoorKey-12x12-custom-diff0.15": {
        "meanRet": 0.7003333353996277,
        "maxRet": 0.8333333134651184,
        "minRet": 0.5916666388511658
    }
}