{
    "model": "test12x12_75k_3step_3gen_3curric/epoch_41_curric1_gen3",
    "MiniGrid-DoorKey-6x6-custom-diff0.15": {
        "meanRet": 0.924166669845581,
        "maxRet": 0.9583333134651184,
        "minRet": 0.8999999761581421
    },
    "MiniGrid-DoorKey-8x8-custom-diff0.15": {
        "meanRet": 0.8802469174067179,
        "maxRet": 0.9208333492279053,
        "minRet": 0.8458333611488342
    },
    "MiniGrid-DoorKey-10x10-custom-diff0.15": {
        "meanRet": 0.8447530887745045,
        "maxRet": 0.9083333611488342,
        "minRet": 0.7958333492279053
    },
    "MiniGrid-DoorKey-12x12-custom-diff0.15": {
        "meanRet": 0.7616666650772095,
        "maxRet": 0.8583333492279053,
        "minRet": 0.6791666746139526
    }
}