{
    "model": "test12x12_25k_3step_3gen_3curric/epoch_34_curric2_gen2",
    "MiniGrid-DoorKey-6x6-custom-diff0.5819142875744653": {
        "meanRet": 0.9786187135256253,
        "maxRet": 0.9870967864990234,
        "minRet": 0.9731183052062988
    },
    "MiniGrid-DoorKey-8x8-custom-diff0.5819142875744653": {
        "meanRet": 0.9675765083386347,
        "maxRet": 0.9838709831237793,
        "minRet": 0.9569892287254333
    },
    "MiniGrid-DoorKey-10x10-custom-diff0.5819142875744653": {
        "meanRet": 0.9548386997646756,
        "maxRet": 0.9720430374145508,
        "minRet": 0.9408602118492126
    },
    "MiniGrid-DoorKey-12x12-custom-diff0.5819142875744653": {
        "meanRet": 0.9305376338958741,
        "maxRet": 0.9623655676841736,
        "minRet": 0.9010752439498901
    }
}