{
    "model": "test12x12_25k_3step_3gen_3curric/epoch_36_curric2_gen2",
    "MiniGrid-DoorKey-6x6-custom-diff0.5319142875744653": {
        "meanRet": 0.9751764714717865,
        "maxRet": 0.9858823418617249,
        "minRet": 0.9670588374137878
    },
    "MiniGrid-DoorKey-8x8-custom-diff0.5319142875744653": {
        "meanRet": 0.9652723294717295,
        "maxRet": 0.9823529124259949,
        "minRet": 0.955294132232666
    },
    "MiniGrid-DoorKey-10x10-custom-diff0.5319142875744653": {
        "meanRet": 0.9541647028923035,
        "maxRet": 0.9670588374137878,
        "minRet": 0.9399999976158142
    },
    "MiniGrid-DoorKey-12x12-custom-diff0.5319142875744653": {
        "meanRet": 0.9192307660212884,
        "maxRet": 0.9611764550209045,
        "minRet": 0.8776470422744751
    }
}