{
    "model": "test12x12_50k_3step_3gen_3curric/epoch_33_curric1_gen1",
    "MiniGrid-DoorKey-6x6-custom-diff0.4260602224432588": {
        "meanRet": 0.9675910826082583,
        "maxRet": 0.9823817014694214,
        "minRet": 0.9574224948883057
    },
    "MiniGrid-DoorKey-8x8-custom-diff0.4260602224432588": {
        "meanRet": 0.9600765430010282,
        "maxRet": 0.9794453382492065,
        "minRet": 0.9427406191825867
    },
    "MiniGrid-DoorKey-10x10-custom-diff0.4260602224432588": {
        "meanRet": 0.9376313161849975,
        "maxRet": 0.9765089750289917,
        "minRet": 0.9104404449462891
    },
    "MiniGrid-DoorKey-12x12-custom-diff0.4260602224432588": {
        "meanRet": 0.8915798709942744,
        "maxRet": 0.9574224948883057,
        "minRet": 0.8384991884231567
    }
}