{
    "model": "MI_RHEA_PARA_ENV_2_first\\epoch_5_curric1_gen2",
    "MiniGrid-DoorKey-5x5-custom-diff1": {
        "meanRet": 0.8767354580072256,
        "maxRet": 0.9012194871902466,
        "minRet": 0.8573170900344849
    },
    "MiniGrid-DoorKey-6x6-custom-diff1": {
        "meanRet": 0.8895798265933991,
        "maxRet": 0.916806697845459,
        "minRet": 0.8638655543327332
    },
    "MiniGrid-DoorKey-8x8-custom-diff1": {
        "meanRet": 0.8822748720645904,
        "maxRet": 0.9232227206230164,
        "minRet": 0.8549762964248657
    },
    "MiniGrid-DoorKey-16x16-custom-diff1": {
        "meanRet": 0.8047692358493805,
        "maxRet": 0.9190532565116882,
        "minRet": 0.6847337484359741
    }
}