{
    "model": "test12x12_25k_3step_3gen_3curric/epoch_11_curric0_gen3",
    "MiniGrid-DoorKey-6x6-custom-diff1": {
        "meanRet": 0.9883750033378601,
        "maxRet": 0.9925000071525574,
        "minRet": 0.9856250286102295
    },
    "MiniGrid-DoorKey-8x8-custom-diff1": {
        "meanRet": 0.9804750061035157,
        "maxRet": 0.9893749952316284,
        "minRet": 0.9743750095367432
    },
    "MiniGrid-DoorKey-10x10-custom-diff1": {
        "meanRet": 0.9700749969482422,
        "maxRet": 0.9856250286102295,
        "minRet": 0.9581249952316284
    },
    "MiniGrid-DoorKey-12x12-custom-diff1": {
        "meanRet": 0.9527750015258789,
        "maxRet": 0.9793750047683716,
        "minRet": 0.9306250214576721
    }
}