{
    "model": "test12x12_100k_3step_4gen_3curric/epoch_29_curric0_gen3",
    "MiniGrid-DoorKey-6x6-custom-diff0.15": {
        "meanRet": 0.9277243682971368,
        "maxRet": 0.949999988079071,
        "minRet": 0.9125000238418579
    },
    "MiniGrid-DoorKey-8x8-custom-diff0.15": {
        "meanRet": 0.8861666655540467,
        "maxRet": 0.9541666507720947,
        "minRet": 0.8541666865348816
    },
    "MiniGrid-DoorKey-10x10-custom-diff0.15": {
        "meanRet": 0.8483333373069764,
        "maxRet": 0.9416666626930237,
        "minRet": 0.7916666865348816
    },
    "MiniGrid-DoorKey-12x12-custom-diff0.15": {
        "meanRet": 0.7498333334922791,
        "maxRet": 0.8541666865348816,
        "minRet": 0.6333333253860474
    }
}