{
    "model": "test12x12_150k_3step_3gen_3curric/epoch_23_curric2_gen1",
    "MiniGrid-DoorKey-6x6-custom-diff0.15": {
        "meanRet": 0.9111666655540467,
        "maxRet": 0.949999988079071,
        "minRet": 0.8791666626930237
    },
    "MiniGrid-DoorKey-8x8-custom-diff0.15": {
        "meanRet": 0.8684999942779541,
        "maxRet": 0.9416666626930237,
        "minRet": 0.8291666507720947
    },
    "MiniGrid-DoorKey-10x10-custom-diff0.15": {
        "meanRet": 0.8081666684150696,
        "maxRet": 0.8999999761581421,
        "minRet": 0.737500011920929
    },
    "MiniGrid-DoorKey-12x12-custom-diff0.15": {
        "meanRet": 0.6688333344459534,
        "maxRet": 0.8416666388511658,
        "minRet": 0.48750001192092896
    }
}