{
    "model": "SO_RHEA_2PARA_5GEN_14May\\epoch_9_curric0_gen2",
    "MiniGrid-DoorKey-5x5-custom-diff2": {
        "meanRet": 0.6785714268684387,
        "maxRet": 0.7428571581840515,
        "minRet": 0.6464285850524902
    },
    "MiniGrid-DoorKey-6x6-custom-diff2": {
        "meanRet": 0.6993181813846935,
        "maxRet": 0.7749999761581421,
        "minRet": 0.6399999856948853
    },
    "MiniGrid-DoorKey-8x8-custom-diff2": {
        "meanRet": 0.7107142806053162,
        "maxRet": 0.7942857146263123,
        "minRet": 0.6657142639160156
    },
    "MiniGrid-DoorKey-16x16-custom-diff2": {
        "meanRet": 0.4730851113796234,
        "maxRet": 0.8659574389457703,
        "minRet": 0.2851063907146454
    }
}