{
    "model": "test12x12_75k_3step_3gen_3curric/epoch_29_curric2_gen1",
    "MiniGrid-DoorKey-6x6-custom-diff0.15": {
        "meanRet": 0.9195000076293945,
        "maxRet": 0.9583333134651184,
        "minRet": 0.8999999761581421
    },
    "MiniGrid-DoorKey-8x8-custom-diff0.15": {
        "meanRet": 0.8748333358764648,
        "maxRet": 0.9166666865348816,
        "minRet": 0.8416666388511658
    },
    "MiniGrid-DoorKey-10x10-custom-diff0.15": {
        "meanRet": 0.8272435917304113,
        "maxRet": 0.9125000238418579,
        "minRet": 0.7749999761581421
    },
    "MiniGrid-DoorKey-12x12-custom-diff0.15": {
        "meanRet": 0.7393333315849304,
        "maxRet": 0.8791666626930237,
        "minRet": 0.637499988079071
    }
}