{
    "model": "test12x12_75k_3step_3gen_3curric/epoch_27_curric1_gen3",
    "MiniGrid-DoorKey-6x6-custom-diff0.48150236005558966": {
        "meanRet": 0.9747217148542404,
        "maxRet": 0.984415590763092,
        "minRet": 0.9662337899208069
    },
    "MiniGrid-DoorKey-8x8-custom-diff0.48150236005558966": {
        "meanRet": 0.9627372645414792,
        "maxRet": 0.9779220819473267,
        "minRet": 0.9532467722892761
    },
    "MiniGrid-DoorKey-10x10-custom-diff0.48150236005558966": {
        "meanRet": 0.9421298670768737,
        "maxRet": 0.9701298475265503,
        "minRet": 0.916883111000061
    },
    "MiniGrid-DoorKey-12x12-custom-diff0.48150236005558966": {
        "meanRet": 0.9170909070968628,
        "maxRet": 0.9532467722892761,
        "minRet": 0.864935040473938
    }
}