{
    "model": "test12x12_50k_3step_3gen_3curric/epoch_26_curric2_gen3",
    "MiniGrid-DoorKey-6x6-custom-diff0.6010602224432589": {
        "meanRet": 0.9802312209055974,
        "maxRet": 0.989595353603363,
        "minRet": 0.9750288724899292
    },
    "MiniGrid-DoorKey-8x8-custom-diff0.6010602224432589": {
        "meanRet": 0.9698666036128998,
        "maxRet": 0.9843930602073669,
        "minRet": 0.9552600979804993
    },
    "MiniGrid-DoorKey-10x10-custom-diff0.6010602224432589": {
        "meanRet": 0.9476023173332214,
        "maxRet": 0.9833526015281677,
        "minRet": 0.9271676540374756
    },
    "MiniGrid-DoorKey-12x12-custom-diff0.6010602224432589": {
        "meanRet": 0.9126782262766803,
        "maxRet": 0.9531791806221008,
        "minRet": 0.8647398948669434
    }
}