{
    "model": "test12x12_150k_3step_3gen_3curric/epoch_5_curric2_gen2",
    "MiniGrid-DoorKey-6x6-custom-diff0.9813807381558474": {
        "meanRet": 0.9878471422195435,
        "maxRet": 0.9923567175865173,
        "minRet": 0.9840764403343201
    },
    "MiniGrid-DoorKey-8x8-custom-diff0.9813807381558474": {
        "meanRet": 0.9813081851372352,
        "maxRet": 0.9885350465774536,
        "minRet": 0.9757961630821228
    },
    "MiniGrid-DoorKey-10x10-custom-diff0.9813807381558474": {
        "meanRet": 0.9746496891975402,
        "maxRet": 0.9885350465774536,
        "minRet": 0.9643312096595764
    },
    "MiniGrid-DoorKey-12x12-custom-diff0.9813807381558474": {
        "meanRet": 0.9555120078416971,
        "maxRet": 0.9808917045593262,
        "minRet": 0.9369426965713501
    }
}