{
    "model": "test12x12_100k_3step_4gen_3curric/epoch_15_curric0_gen4",
    "MiniGrid-DoorKey-6x6-custom-diff0.76967792277423": {
        "meanRet": 0.9849104422789353,
        "maxRet": 0.9894404411315918,
        "minRet": 0.9813176989555359
    },
    "MiniGrid-DoorKey-8x8-custom-diff0.76967792277423": {
        "meanRet": 0.9772563171386719,
        "maxRet": 0.9886281490325928,
        "minRet": 0.9707581400871277
    },
    "MiniGrid-DoorKey-10x10-custom-diff0.76967792277423": {
        "meanRet": 0.962885306431697,
        "maxRet": 0.9813176989555359,
        "minRet": 0.9545126557350159
    },
    "MiniGrid-DoorKey-12x12-custom-diff0.76967792277423": {
        "meanRet": 0.9404332107967801,
        "maxRet": 0.9715703725814819,
        "minRet": 0.9195848107337952
    }
}