{
    "model": "test12x12_150k_3step_3gen_3curric/epoch_11_curric1_gen3",
    "MiniGrid-DoorKey-6x6-custom-diff0.8313807381558473": {
        "meanRet": 0.9859167085244105,
        "maxRet": 0.9924812316894531,
        "minRet": 0.981203019618988
    },
    "MiniGrid-DoorKey-8x8-custom-diff0.8313807381558473": {
        "meanRet": 0.9776240539550781,
        "maxRet": 0.9864661693572998,
        "minRet": 0.9721804261207581
    },
    "MiniGrid-DoorKey-10x10-custom-diff0.8313807381558473": {
        "meanRet": 0.9669172930717468,
        "maxRet": 0.9834586381912231,
        "minRet": 0.9526315927505493
    },
    "MiniGrid-DoorKey-12x12-custom-diff0.8313807381558473": {
        "meanRet": 0.9452631497383117,
        "maxRet": 0.9676691889762878,
        "minRet": 0.9218044877052307
    }
}