{
    "model": "test12x12_75k_3step_3gen_3curric/epoch_8_curric1_gen2",
    "MiniGrid-DoorKey-6x6-custom-diff0.9815023600555897": {
        "meanRet": 0.9873521434409278,
        "maxRet": 0.9923567175865173,
        "minRet": 0.9834395051002502
    },
    "MiniGrid-DoorKey-8x8-custom-diff0.9815023600555897": {
        "meanRet": 0.9805859851837159,
        "maxRet": 0.9885350465774536,
        "minRet": 0.9738853573799133
    },
    "MiniGrid-DoorKey-10x10-custom-diff0.9815023600555897": {
        "meanRet": 0.9689123034477234,
        "maxRet": 0.9885350465774536,
        "minRet": 0.9566879272460938
    },
    "MiniGrid-DoorKey-12x12-custom-diff0.9815023600555897": {
        "meanRet": 0.9581146502494812,
        "maxRet": 0.9783439636230469,
        "minRet": 0.9337579607963562
    }
}