{
    "model": "test12x12_100k_3step_4gen_3curric/epoch_9_curric0_gen2",
    "MiniGrid-DoorKey-6x6-custom-diff0.91967792277423": {
        "meanRet": 0.985142422573907,
        "maxRet": 0.9911631345748901,
        "minRet": 0.9809667468070984
    },
    "MiniGrid-DoorKey-8x8-custom-diff0.91967792277423": {
        "meanRet": 0.9788731098175049,
        "maxRet": 0.9884440898895264,
        "minRet": 0.97145015001297
    },
    "MiniGrid-DoorKey-10x10-custom-diff0.91967792277423": {
        "meanRet": 0.9695196366310119,
        "maxRet": 0.9877643585205078,
        "minRet": 0.9578549861907959
    },
    "MiniGrid-DoorKey-12x12-custom-diff0.91967792277423": {
        "meanRet": 0.9524169206619263,
        "maxRet": 0.9816465377807617,
        "minRet": 0.9327039122581482
    }
}