{
    "model": "test12x12_100k_4step_3gen_3curric/epoch_7_curric2_gen3",
    "MiniGrid-DoorKey-6x6-custom-diff0.9470715046045372": {
        "meanRet": 0.9886162829399109,
        "maxRet": 0.9933969378471375,
        "minRet": 0.9848129153251648
    },
    "MiniGrid-DoorKey-8x8-custom-diff0.9470715046045372": {
        "meanRet": 0.9794247889518738,
        "maxRet": 0.9887747764587402,
        "minRet": 0.9709464311599731
    },
    "MiniGrid-DoorKey-10x10-custom-diff0.9470715046045372": {
        "meanRet": 0.9686221599578857,
        "maxRet": 0.9834923148155212,
        "minRet": 0.9484959840774536
    },
    "MiniGrid-DoorKey-12x12-custom-diff0.9470715046045372": {
        "meanRet": 0.9431078481674194,
        "maxRet": 0.9742479920387268,
        "minRet": 0.9108583927154541
    }
}