{
    "model": "test12x12_100k_3step_3gen_3curric/epoch_17_curric2_gen2",
    "MiniGrid-DoorKey-6x6-custom-diff0.7220715046045372": {
        "meanRet": 0.9803541898727417,
        "maxRet": 0.990471601486206,
        "minRet": 0.9731472730636597
    },
    "MiniGrid-DoorKey-8x8-custom-diff0.7220715046045372": {
        "meanRet": 0.9692666053771972,
        "maxRet": 0.9818094372749329,
        "minRet": 0.95755535364151
    },
    "MiniGrid-DoorKey-10x10-custom-diff0.7220715046045372": {
        "meanRet": 0.9635495638847351,
        "maxRet": 0.9870067238807678,
        "minRet": 0.9376323223114014
    },
    "MiniGrid-DoorKey-12x12-custom-diff0.7220715046045372": {
        "meanRet": 0.927896056175232,
        "maxRet": 0.9696823954582214,
        "minRet": 0.8752647042274475
    }
}