{
    "model": "test12x12_75k_3step_3gen_3curric/epoch_9_curric0_gen1",
    "MiniGrid-DoorKey-6x6-custom-diff0.9565023600555896": {
        "meanRet": 0.9880522727966309,
        "maxRet": 0.9934640526771545,
        "minRet": 0.9843137264251709
    },
    "MiniGrid-DoorKey-8x8-custom-diff0.9565023600555896": {
        "meanRet": 0.9825791716575623,
        "maxRet": 0.9901960492134094,
        "minRet": 0.9777777791023254
    },
    "MiniGrid-DoorKey-10x10-custom-diff0.9565023600555896": {
        "meanRet": 0.9753986835479737,
        "maxRet": 0.9921568632125854,
        "minRet": 0.9647058844566345
    },
    "MiniGrid-DoorKey-12x12-custom-diff0.9565023600555896": {
        "meanRet": 0.9548496651649475,
        "maxRet": 0.9777777791023254,
        "minRet": 0.9359477162361145
    }
}