{
    "model": "test12x12_100k_3step_3gen_3curric/epoch_43_curric1_gen2",
    "MiniGrid-DoorKey-6x6-custom-diff0.15": {
        "meanRet": 0.9129807673967801,
        "maxRet": 0.9416666626930237,
        "minRet": 0.887499988079071
    },
    "MiniGrid-DoorKey-8x8-custom-diff0.15": {
        "meanRet": 0.855166666507721,
        "maxRet": 0.9125000238418579,
        "minRet": 0.800000011920929
    },
    "MiniGrid-DoorKey-10x10-custom-diff0.15": {
        "meanRet": 0.7800000023841858,
        "maxRet": 0.8958333134651184,
        "minRet": 0.6583333611488342
    },
    "MiniGrid-DoorKey-12x12-custom-diff0.15": {
        "meanRet": 0.6763333356380463,
        "maxRet": 0.8416666388511658,
        "minRet": 0.4749999940395355
    }
}