{
    "model": "test12x12_100k_3step_4gen_3curric/epoch_27_curric1_gen1",
    "MiniGrid-DoorKey-6x6-custom-diff0.15": {
        "meanRet": 0.9153333330154418,
        "maxRet": 0.9458333253860474,
        "minRet": 0.8916666507720947
    },
    "MiniGrid-DoorKey-8x8-custom-diff0.15": {
        "meanRet": 0.8854999971389771,
        "maxRet": 0.9333333373069763,
        "minRet": 0.8541666865348816
    },
    "MiniGrid-DoorKey-10x10-custom-diff0.15": {
        "meanRet": 0.8163461433007166,
        "maxRet": 0.9541666507720947,
        "minRet": 0.7458333373069763
    },
    "MiniGrid-DoorKey-12x12-custom-diff0.15": {
        "meanRet": 0.7288333344459533,
        "maxRet": 0.8708333373069763,
        "minRet": 0.6166666746139526
    }
}