{
    "model": "test12x12_100k_3step_3gen_3curric/epoch_38_curric1_gen2",
    "MiniGrid-DoorKey-6x6-custom-diff0.15": {
        "meanRet": 0.9141666650772095,
        "maxRet": 0.9541666507720947,
        "minRet": 0.8916666507720947
    },
    "MiniGrid-DoorKey-8x8-custom-diff0.15": {
        "meanRet": 0.8549679448971381,
        "maxRet": 0.9291666746139526,
        "minRet": 0.7833333611488342
    },
    "MiniGrid-DoorKey-10x10-custom-diff0.15": {
        "meanRet": 0.7977564105620751,
        "maxRet": 0.9208333492279053,
        "minRet": 0.6875
    },
    "MiniGrid-DoorKey-12x12-custom-diff0.15": {
        "meanRet": 0.7256666707992554,
        "maxRet": 0.8999999761581421,
        "minRet": 0.5166666507720947
    }
}