{
    "model": "SoRRH_2\\epoch_8_curric1",
    "MiniGrid-DoorKey-5x5-custom-diff0": {
        "meanRet": 0.9489454356106845,
        "maxRet": 0.9639999866485596,
        "minRet": 0.9387999773025513
    },
    "MiniGrid-DoorKey-6x6-custom-diff0": {
        "meanRet": 0.954230757860037,
        "maxRet": 0.9700000286102295,
        "minRet": 0.9449999928474426
    },
    "MiniGrid-DoorKey-8x8-custom-diff0": {
        "meanRet": 0.9571093738079071,
        "maxRet": 0.9690625071525574,
        "minRet": 0.9409375190734863
    },
    "MiniGrid-DoorKey-16x16-custom-diff0": {
        "meanRet": 0.900824224948883,
        "maxRet": 0.9655468463897705,
        "minRet": 0.8393359184265137
    }
}