{
    "model": "DO_11_05_RHEA_PARA_ENV_1\\epoch_5_curric3_gen2",
    "MiniGrid-DoorKey-5x5-custom-diff2": {
        "meanRet": 0.6758928497632345,
        "maxRet": 0.7107142806053162,
        "minRet": 0.6464285850524902
    },
    "MiniGrid-DoorKey-6x6-custom-diff2": {
        "meanRet": 0.6849999977992132,
        "maxRet": 0.7749999761581421,
        "minRet": 0.6399999856948853
    },
    "MiniGrid-DoorKey-8x8-custom-diff2": {
        "meanRet": 0.6875714242458344,
        "maxRet": 0.8071428537368774,
        "minRet": 0.6142857074737549
    },
    "MiniGrid-DoorKey-16x16-custom-diff2": {
        "meanRet": 0.5238297909498215,
        "maxRet": 0.8563829660415649,
        "minRet": 0.3744680881500244
    }
}