{
    "model": "test12x12_50k_3step_3gen_3curric/epoch_18_curric2_gen3",
    "MiniGrid-DoorKey-6x6-custom-diff0.8010602224432588": {
        "meanRet": 0.9852291689469264,
        "maxRet": 0.9906331300735474,
        "minRet": 0.9812662601470947
    },
    "MiniGrid-DoorKey-8x8-custom-diff0.8010602224432588": {
        "meanRet": 0.9779878616333008,
        "maxRet": 0.9890719652175903,
        "minRet": 0.9687771201133728
    },
    "MiniGrid-DoorKey-10x10-custom-diff0.8010602224432588": {
        "meanRet": 0.9652801394462586,
        "maxRet": 0.984388530254364,
        "minRet": 0.9531656503677368
    },
    "MiniGrid-DoorKey-12x12-custom-diff0.8010602224432588": {
        "meanRet": 0.9325585436820983,
        "maxRet": 0.9742411375045776,
        "minRet": 0.9110147356987
    }
}