{
    "model": "test12x12_75k_3step_3gen_3curric/epoch_3_curric2_gen1",
    "MiniGrid-DoorKey-6x6-custom-diff1": {
        "meanRet": 0.9840249991416932,
        "maxRet": 0.9925000071525574,
        "minRet": 0.9768750071525574
    },
    "MiniGrid-DoorKey-8x8-custom-diff1": {
        "meanRet": 0.9691586494445801,
        "maxRet": 0.9818750023841858,
        "minRet": 0.9556249976158142
    },
    "MiniGrid-DoorKey-10x10-custom-diff1": {
        "meanRet": 0.9406249952316285,
        "maxRet": 0.9806249737739563,
        "minRet": 0.9137499928474426
    },
    "MiniGrid-DoorKey-12x12-custom-diff1": {
        "meanRet": 0.9136999988555908,
        "maxRet": 0.9725000262260437,
        "minRet": 0.8506249785423279
    }
}