{
    "model": "new_25k_7step_4gen_3curric/epoch_6_curric1_gen4",
    "MiniGrid-DoorKey-6x6-custom-diff1": {
        "meanRet": 0.8627749967575074,
        "maxRet": 0.9831249713897705,
        "minRet": 0.684374988079071
    },
    "MiniGrid-DoorKey-8x8-custom-diff1": {
        "meanRet": 0.2870758883655071,
        "maxRet": 0.9781249761581421,
        "minRet": 0.0
    },
    "MiniGrid-DoorKey-10x10-custom-diff1": {
        "meanRet": 0.15390306285449437,
        "maxRet": 0.9775000214576721,
        "minRet": 0.0
    },
    "MiniGrid-DoorKey-12x12-custom-diff1": {
        "meanRet": 0.06942601958099677,
        "maxRet": 0.9056249856948853,
        "minRet": 0.0
    }
}