{
    "model": "test12x12_50k_3step_3gen_3curric/epoch_30_curric1_gen1",
    "MiniGrid-DoorKey-6x6-custom-diff0.5010602224432589": {
        "meanRet": 0.9739784506651071,
        "maxRet": 0.9825242757797241,
        "minRet": 0.9662967920303345
    },
    "MiniGrid-DoorKey-8x8-custom-diff0.5010602224432589": {
        "meanRet": 0.9660970830917358,
        "maxRet": 0.9800277352333069,
        "minRet": 0.9600554704666138
    },
    "MiniGrid-DoorKey-10x10-custom-diff0.5010602224432589": {
        "meanRet": 0.9480721235275269,
        "maxRet": 0.9725381135940552,
        "minRet": 0.9313453435897827
    },
    "MiniGrid-DoorKey-12x12-custom-diff0.5010602224432589": {
        "meanRet": 0.9234063816070557,
        "maxRet": 0.9588072299957275,
        "minRet": 0.8851594924926758
    }
}