{
    "model": "test12x12_100k_4step_3gen_3curric/epoch_4_curric1_gen2",
    "MiniGrid-DoorKey-6x6-custom-diff1": {
        "meanRet": 0.9872916716116446,
        "maxRet": 0.9931250214576721,
        "minRet": 0.9831249713897705
    },
    "MiniGrid-DoorKey-8x8-custom-diff1": {
        "meanRet": 0.9768749952316285,
        "maxRet": 0.9887499809265137,
        "minRet": 0.9637500047683716
    },
    "MiniGrid-DoorKey-10x10-custom-diff1": {
        "meanRet": 0.9623499989509583,
        "maxRet": 0.987500011920929,
        "minRet": 0.9356250166893005
    },
    "MiniGrid-DoorKey-12x12-custom-diff1": {
        "meanRet": 0.9362499952316284,
        "maxRet": 0.9750000238418579,
        "minRet": 0.8743749856948853
    }
}