{
    "model": "test12x12_50k_3step_3gen_3curric/epoch_45_curric2_gen2",
    "MiniGrid-DoorKey-6x6-custom-diff0.15": {
        "meanRet": 0.9196666717529297,
        "maxRet": 0.949999988079071,
        "minRet": 0.887499988079071
    },
    "MiniGrid-DoorKey-8x8-custom-diff0.15": {
        "meanRet": 0.8861666631698608,
        "maxRet": 0.9541666507720947,
        "minRet": 0.8416666388511658
    },
    "MiniGrid-DoorKey-10x10-custom-diff0.15": {
        "meanRet": 0.8325000023841858,
        "maxRet": 0.9166666865348816,
        "minRet": 0.7666666507720947
    },
    "MiniGrid-DoorKey-12x12-custom-diff0.15": {
        "meanRet": 0.7134999966621399,
        "maxRet": 0.8374999761581421,
        "minRet": 0.5583333373069763
    }
}