{
    "model": "test12x12_50k_3step_3gen_3curric/epoch_4_curric2_gen3",
    "MiniGrid-DoorKey-6x6-custom-diff1": {
        "meanRet": 0.9877000045776367,
        "maxRet": 0.9931250214576721,
        "minRet": 0.9837499856948853
    },
    "MiniGrid-DoorKey-8x8-custom-diff1": {
        "meanRet": 0.9736057634537036,
        "maxRet": 0.9887499809265137,
        "minRet": 0.9612500071525574
    },
    "MiniGrid-DoorKey-10x10-custom-diff1": {
        "meanRet": 0.9558500051498413,
        "maxRet": 0.9856250286102295,
        "minRet": 0.9162499904632568
    },
    "MiniGrid-DoorKey-12x12-custom-diff1": {
        "meanRet": 0.903974997997284,
        "maxRet": 0.981249988079071,
        "minRet": 0.8387500047683716
    }
}