{
    "model": "test12x12_25k_3step_3gen_3curric/epoch_7_curric2_gen1",
    "MiniGrid-DoorKey-6x6-custom-diff1": {
        "meanRet": 0.886974995136261,
        "maxRet": 0.9868749976158142,
        "minRet": 0.7631250023841858
    },
    "MiniGrid-DoorKey-8x8-custom-diff1": {
        "meanRet": 0.5265250021219253,
        "maxRet": 0.9075000286102295,
        "minRet": 0.22562499344348907
    },
    "MiniGrid-DoorKey-10x10-custom-diff1": {
        "meanRet": 0.18064903682814196,
        "maxRet": 0.9599999785423279,
        "minRet": 0.0
    },
    "MiniGrid-DoorKey-12x12-custom-diff1": {
        "meanRet": 0.01549479179084301,
        "maxRet": 0.2993749976158142,
        "minRet": 0.0
    }
}