{
    "model": "test12x12_75k_3step_3gen_3curric/epoch_39_curric0_gen2",
    "MiniGrid-DoorKey-6x6-custom-diff0.15": {
        "meanRet": 0.9286666703224182,
        "maxRet": 0.949999988079071,
        "minRet": 0.9041666388511658
    },
    "MiniGrid-DoorKey-8x8-custom-diff0.15": {
        "meanRet": 0.8831666707992554,
        "maxRet": 0.9208333492279053,
        "minRet": 0.8583333492279053
    },
    "MiniGrid-DoorKey-10x10-custom-diff0.15": {
        "meanRet": 0.8362179444386408,
        "maxRet": 0.9375,
        "minRet": 0.7666666507720947
    },
    "MiniGrid-DoorKey-12x12-custom-diff0.15": {
        "meanRet": 0.7460000038146972,
        "maxRet": 0.8791666626930237,
        "minRet": 0.5625
    }
}