{
    "model": "test12x12_150k_3step_3gen_3curric/epoch_9_curric2_gen1",
    "MiniGrid-DoorKey-6x6-custom-diff0.8813807381558474": {
        "meanRet": 0.9857021236419677,
        "maxRet": 0.9914893507957458,
        "minRet": 0.9829787015914917
    },
    "MiniGrid-DoorKey-8x8-custom-diff0.8813807381558474": {
        "meanRet": 0.9780875526625534,
        "maxRet": 0.9879432916641235,
        "minRet": 0.9716312289237976
    },
    "MiniGrid-DoorKey-10x10-custom-diff0.8813807381558474": {
        "meanRet": 0.971659574508667,
        "maxRet": 0.9836879372596741,
        "minRet": 0.9595744609832764
    },
    "MiniGrid-DoorKey-12x12-custom-diff0.8813807381558474": {
        "meanRet": 0.9567103110826932,
        "maxRet": 0.9780141711235046,
        "minRet": 0.9390071034431458
    }
}