{
    "model": "test12x12_50k_3step_3gen_3curric/epoch_35_curric2_gen1",
    "MiniGrid-DoorKey-6x6-custom-diff0.3760602224432589": {
        "meanRet": 0.9687911367416382,
        "maxRet": 0.9800369739532471,
        "minRet": 0.9567467570304871
    },
    "MiniGrid-DoorKey-8x8-custom-diff0.3760602224432589": {
        "meanRet": 0.952971706023583,
        "maxRet": 0.9733826518058777,
        "minRet": 0.9401109218597412
    },
    "MiniGrid-DoorKey-10x10-custom-diff0.3760602224432589": {
        "meanRet": 0.9356524872779847,
        "maxRet": 0.9733826518058777,
        "minRet": 0.911829948425293
    },
    "MiniGrid-DoorKey-12x12-custom-diff0.3760602224432589": {
        "meanRet": 0.8933385495956128,
        "maxRet": 0.9467652440071106,
        "minRet": 0.8536044359207153
    }
}