{
    "model": "test12x12_100k_3step_4gen_3curric/epoch_22_curric1_gen4",
    "MiniGrid-DoorKey-6x6-custom-diff0.1533065": {
        "meanRet": 0.9291454625129699,
        "maxRet": 0.9509090781211853,
        "minRet": 0.9140909314155579
    },
    "MiniGrid-DoorKey-8x8-custom-diff0.1533065": {
        "meanRet": 0.8925349620672373,
        "maxRet": 0.942727267742157,
        "minRet": 0.8568181991577148
    },
    "MiniGrid-DoorKey-10x10-custom-diff0.1533065": {
        "meanRet": 0.8062545442581177,
        "maxRet": 0.9345454573631287,
        "minRet": 0.7422727346420288
    },
    "MiniGrid-DoorKey-12x12-custom-diff0.1533065": {
        "meanRet": 0.729181821346283,
        "maxRet": 0.885454535484314,
        "minRet": 0.5868181586265564
    }
}