{
    "model": "test12x12_150k_3step_3gen_3curric/epoch_16_curric1_gen1",
    "MiniGrid-DoorKey-6x6-custom-diff0.7063807381558473": {
        "meanRet": 0.9843090520455287,
        "maxRet": 0.991150438785553,
        "minRet": 0.9787610769271851
    },
    "MiniGrid-DoorKey-8x8-custom-diff0.7063807381558473": {
        "meanRet": 0.9735874785826757,
        "maxRet": 0.9876106381416321,
        "minRet": 0.9672566652297974
    },
    "MiniGrid-DoorKey-10x10-custom-diff0.7063807381558473": {
        "meanRet": 0.9637876057624817,
        "maxRet": 0.9902654886245728,
        "minRet": 0.9513274431228638
    },
    "MiniGrid-DoorKey-12x12-custom-diff0.7063807381558473": {
        "meanRet": 0.9373097348213196,
        "maxRet": 0.9663716554641724,
        "minRet": 0.8991150259971619
    }
}