{
    "model": "Di_Rhea1\\epoch_6_curric2_gen3",
    "MiniGrid-DoorKey-5x5-custom-diff2": {
        "meanRet": 0.6760989014918988,
        "maxRet": 0.7428571581840515,
        "minRet": 0.6464285850524902
    },
    "MiniGrid-DoorKey-6x6-custom-diff2": {
        "meanRet": 0.7142500042915344,
        "maxRet": 0.7749999761581421,
        "minRet": 0.6625000238418579
    },
    "MiniGrid-DoorKey-8x8-custom-diff2": {
        "meanRet": 0.7017142832279205,
        "maxRet": 0.8199999928474426,
        "minRet": 0.6142857074737549
    },
    "MiniGrid-DoorKey-16x16-custom-diff2": {
        "meanRet": 0.6486170202493667,
        "maxRet": 0.8627659678459167,
        "minRet": 0.4829787313938141
    }
}