{
    "model": "test12x12_100k_3step_3gen_3curric/epoch_21_curric0_gen2",
    "MiniGrid-DoorKey-6x6-custom-diff0.6220715046045372": {
        "meanRet": 0.9779575419425964,
        "maxRet": 0.9869273900985718,
        "minRet": 0.9708380103111267
    },
    "MiniGrid-DoorKey-8x8-custom-diff0.6220715046045372": {
        "meanRet": 0.9672983264923096,
        "maxRet": 0.9818994402885437,
        "minRet": 0.9547486305236816
    },
    "MiniGrid-DoorKey-10x10-custom-diff0.6220715046045372": {
        "meanRet": 0.9563977599143982,
        "maxRet": 0.9808938503265381,
        "minRet": 0.9366480708122253
    },
    "MiniGrid-DoorKey-12x12-custom-diff0.6220715046045372": {
        "meanRet": 0.9322636890411377,
        "maxRet": 0.9708380103111267,
        "minRet": 0.894413411617279
    }
}