{
    "model": "DO_11_05_RHEA_PARA_ENV_1\\epoch_7_curric0_gen2",
    "MiniGrid-DoorKey-5x5-custom-diff2": {
        "meanRet": 0.7042857050895691,
        "maxRet": 0.7428571581840515,
        "minRet": 0.6785714030265808
    },
    "MiniGrid-DoorKey-6x6-custom-diff2": {
        "meanRet": 0.7054545391689647,
        "maxRet": 0.8199999928474426,
        "minRet": 0.6175000071525574
    },
    "MiniGrid-DoorKey-8x8-custom-diff2": {
        "meanRet": 0.7377142906188965,
        "maxRet": 0.8199999928474426,
        "minRet": 0.6785714030265808
    },
    "MiniGrid-DoorKey-16x16-custom-diff2": {
        "meanRet": 0.03291223384439945,
        "maxRet": 0.4478723406791687,
        "minRet": 0.0
    }
}