{
    "model": "Mo_Rhea1\\epoch_1_curric1_gen2",
    "MiniGrid-DoorKey-5x5-custom-diff0": {
        "meanRet": 0.9542799830436707,
        "maxRet": 0.9639999866485596,
        "minRet": 0.9495999813079834
    },
    "MiniGrid-DoorKey-6x6-custom-diff0": {
        "meanRet": 0.9137500107288361,
        "maxRet": 0.9300000071525574,
        "minRet": 0.8849999904632568
    },
    "MiniGrid-DoorKey-8x8-custom-diff0": {
        "meanRet": 0.6582812428474426,
        "maxRet": 0.9156249761581421,
        "minRet": 0.5078125
    },
    "MiniGrid-DoorKey-16x16-custom-diff0": {
        "meanRet": 0.036834716796875,
        "maxRet": 0.4895312488079071,
        "minRet": 0.0
    }
}