{
    "model": "test12x12_100k_3step_4gen_3curric/epoch_12_curric2_gen4",
    "MiniGrid-DoorKey-6x6-custom-diff0.84467792277423": {
        "meanRet": 0.9870032835006713,
        "maxRet": 0.9911184310913086,
        "minRet": 0.9829769730567932
    },
    "MiniGrid-DoorKey-8x8-custom-diff0.84467792277423": {
        "meanRet": 0.9787730360031128,
        "maxRet": 0.9888980388641357,
        "minRet": 0.9740954041481018
    },
    "MiniGrid-DoorKey-10x10-custom-diff0.84467792277423": {
        "meanRet": 0.971815779209137,
        "maxRet": 0.9896381497383118,
        "minRet": 0.9592927694320679
    },
    "MiniGrid-DoorKey-12x12-custom-diff0.84467792277423": {
        "meanRet": 0.9502631521224976,
        "maxRet": 0.9755756855010986,
        "minRet": 0.930427610874176
    }
}