{
    "model": "test12x12_100k_3step_4gen_3curric/epoch_17_curric1_gen3",
    "MiniGrid-DoorKey-6x6-custom-diff0.71967792277423": {
        "meanRet": 0.9823680807043005,
        "maxRet": 0.9895752668380737,
        "minRet": 0.9774131178855896
    },
    "MiniGrid-DoorKey-8x8-custom-diff0.71967792277423": {
        "meanRet": 0.9756756745851957,
        "maxRet": 0.9852316379547119,
        "minRet": 0.968725860118866
    },
    "MiniGrid-DoorKey-10x10-custom-diff0.71967792277423": {
        "meanRet": 0.9643822426979358,
        "maxRet": 0.983494222164154,
        "minRet": 0.9513513445854187
    },
    "MiniGrid-DoorKey-12x12-custom-diff0.71967792277423": {
        "meanRet": 0.9455135154724121,
        "maxRet": 0.9756757020950317,
        "minRet": 0.9192084670066833
    }
}