{
    "model": "SO_RHEA_2PARA_5GEN_14May\\epoch_5_curric2_gen3",
    "MiniGrid-DoorKey-5x5-custom-diff0": {
        "meanRet": 0.9587384462356567,
        "maxRet": 0.9675999879837036,
        "minRet": 0.9531999826431274
    },
    "MiniGrid-DoorKey-6x6-custom-diff0": {
        "meanRet": 0.9627499878406525,
        "maxRet": 0.9725000262260437,
        "minRet": 0.9524999856948853
    },
    "MiniGrid-DoorKey-8x8-custom-diff0": {
        "meanRet": 0.9649843752384186,
        "maxRet": 0.9760937690734863,
        "minRet": 0.957812488079071
    },
    "MiniGrid-DoorKey-16x16-custom-diff0": {
        "meanRet": 0.9532773435115814,
        "maxRet": 0.9852343797683716,
        "minRet": 0.9166796803474426
    }
}