{
    "model": "Mo_Rhea1\\epoch_6_curric1_gen4",
    "MiniGrid-DoorKey-5x5-custom-diff2": {
        "meanRet": 0.6496428489685059,
        "maxRet": 0.7107142806053162,
        "minRet": 0.5821428298950195
    },
    "MiniGrid-DoorKey-6x6-custom-diff2": {
        "meanRet": 0.6557500004768372,
        "maxRet": 0.7749999761581421,
        "minRet": 0.5274999737739563
    },
    "MiniGrid-DoorKey-8x8-custom-diff2": {
        "meanRet": 0.6708571374416351,
        "maxRet": 0.8071428537368774,
        "minRet": 0.550000011920929
    },
    "MiniGrid-DoorKey-16x16-custom-diff2": {
        "meanRet": 0.05698138428851962,
        "maxRet": 0.6744681000709534,
        "minRet": 0.0
    }
}