{
    "model": "test12x12_100k_3step_3gen_3curric/epoch_10_curric2_gen2",
    "MiniGrid-DoorKey-6x6-custom-diff0.8970715046045371": {
        "meanRet": 0.98583425283432,
        "maxRet": 0.9909372329711914,
        "minRet": 0.9790859818458557
    },
    "MiniGrid-DoorKey-8x8-custom-diff0.8970715046045371": {
        "meanRet": 0.9755166506767273,
        "maxRet": 0.9874516129493713,
        "minRet": 0.9651433229446411
    },
    "MiniGrid-DoorKey-10x10-custom-diff0.8970715046045371": {
        "meanRet": 0.9662865948677063,
        "maxRet": 0.9825716614723206,
        "minRet": 0.9449264407157898
    },
    "MiniGrid-DoorKey-12x12-custom-diff0.8970715046045371": {
        "meanRet": 0.9391262555122375,
        "maxRet": 0.9756003022193909,
        "minRet": 0.8975213170051575
    }
}