{
    "model": "test12x12_75k_3step_3gen_3curric/epoch_19_curric2_gen2",
    "MiniGrid-DoorKey-6x6-custom-diff0.6815023600555896": {
        "meanRet": 0.9828158066822932,
        "maxRet": 0.9908257126808167,
        "minRet": 0.9761468172073364
    },
    "MiniGrid-DoorKey-8x8-custom-diff0.6815023600555896": {
        "meanRet": 0.9714128375053406,
        "maxRet": 0.984403669834137,
        "minRet": 0.9614678621292114
    },
    "MiniGrid-DoorKey-10x10-custom-diff0.6815023600555896": {
        "meanRet": 0.9554862403869628,
        "maxRet": 0.9779816269874573,
        "minRet": 0.9330275058746338
    },
    "MiniGrid-DoorKey-12x12-custom-diff0.6815023600555896": {
        "meanRet": 0.9338715600967408,
        "maxRet": 0.9706422090530396,
        "minRet": 0.8880733847618103
    }
}