{
    "model": "test12x12_75k_3step_3gen_3curric/epoch_24_curric2_gen3",
    "MiniGrid-DoorKey-6x6-custom-diff0.5565023600555896": {
        "meanRet": 0.9786918142012188,
        "maxRet": 0.9865168333053589,
        "minRet": 0.9730337262153625
    },
    "MiniGrid-DoorKey-8x8-custom-diff0.5565023600555896": {
        "meanRet": 0.9696629184942979,
        "maxRet": 0.9842696785926819,
        "minRet": 0.9617977738380432
    },
    "MiniGrid-DoorKey-10x10-custom-diff0.5565023600555896": {
        "meanRet": 0.9586067342758179,
        "maxRet": 0.9842696785926819,
        "minRet": 0.9449438452720642
    },
    "MiniGrid-DoorKey-12x12-custom-diff0.5565023600555896": {
        "meanRet": 0.9377977442741394,
        "maxRet": 0.9651685357093811,
        "minRet": 0.9146067500114441
    }
}