{
    "model": "test12x12_25k_3step_3gen_3curric/epoch_6_curric0_gen3",
    "MiniGrid-DoorKey-6x6-custom-diff1": {
        "meanRet": 0.9833749985694885,
        "maxRet": 0.9937499761581421,
        "minRet": 0.9731249809265137
    },
    "MiniGrid-DoorKey-8x8-custom-diff1": {
        "meanRet": 0.9510499954223632,
        "maxRet": 0.9806249737739563,
        "minRet": 0.9275000095367432
    },
    "MiniGrid-DoorKey-10x10-custom-diff1": {
        "meanRet": 0.8981750011444092,
        "maxRet": 0.9725000262260437,
        "minRet": 0.8037499785423279
    },
    "MiniGrid-DoorKey-12x12-custom-diff1": {
        "meanRet": 0.7475500059127808,
        "maxRet": 0.9175000190734863,
        "minRet": 0.5506250262260437
    }
}