{
    "model": "test12x12_150k_3step_3gen_3curric/epoch_22_curric0_gen2",
    "MiniGrid-DoorKey-6x6-custom-diff0.15": {
        "meanRet": 0.9298333406448365,
        "maxRet": 0.949999988079071,
        "minRet": 0.9125000238418579
    },
    "MiniGrid-DoorKey-8x8-custom-diff0.15": {
        "meanRet": 0.8890432097293712,
        "maxRet": 0.9541666507720947,
        "minRet": 0.8583333492279053
    },
    "MiniGrid-DoorKey-10x10-custom-diff0.15": {
        "meanRet": 0.794290131992764,
        "maxRet": 0.9333333373069763,
        "minRet": 0.7208333611488342
    },
    "MiniGrid-DoorKey-12x12-custom-diff0.15": {
        "meanRet": 0.6826666688919067,
        "maxRet": 0.8708333373069763,
        "minRet": 0.512499988079071
    }
}