{
    "model": "test12x12_150k_3step_3gen_3curric/epoch_23_curric2_gen3",
    "MiniGrid-DoorKey-6x6-custom-diff0.15": {
        "meanRet": 0.9283950704115408,
        "maxRet": 0.9583333134651184,
        "minRet": 0.9083333611488342
    },
    "MiniGrid-DoorKey-8x8-custom-diff0.15": {
        "meanRet": 0.8885000014305114,
        "maxRet": 0.9375,
        "minRet": 0.8541666865348816
    },
    "MiniGrid-DoorKey-10x10-custom-diff0.15": {
        "meanRet": 0.8453333377838135,
        "maxRet": 0.9416666626930237,
        "minRet": 0.7833333611488342
    },
    "MiniGrid-DoorKey-12x12-custom-diff0.15": {
        "meanRet": 0.744499990940094,
        "maxRet": 0.8916666507720947,
        "minRet": 0.6499999761581421
    }
}