{
    "model": "test12x12_100k_3step_3gen_3curric/epoch_41_curric2_gen3",
    "MiniGrid-DoorKey-6x6-custom-diff0.15": {
        "meanRet": 0.9063333296775817,
        "maxRet": 0.9458333253860474,
        "minRet": 0.8666666746139526
    },
    "MiniGrid-DoorKey-8x8-custom-diff0.15": {
        "meanRet": 0.8628205060958862,
        "maxRet": 0.9208333492279053,
        "minRet": 0.8208333253860474
    },
    "MiniGrid-DoorKey-10x10-custom-diff0.15": {
        "meanRet": 0.8245192307692307,
        "maxRet": 0.9166666865348816,
        "minRet": 0.7208333611488342
    },
    "MiniGrid-DoorKey-12x12-custom-diff0.15": {
        "meanRet": 0.6823333311080932,
        "maxRet": 0.8458333611488342,
        "minRet": 0.42916667461395264
    }
}