{
    "model": "test12x12_50k_3step_3gen_3curric/epoch_11_curric2_gen1",
    "MiniGrid-DoorKey-6x6-custom-diff0.9760602224432589": {
        "meanRet": 0.9861124658584595,
        "maxRet": 0.9923131465911865,
        "minRet": 0.9814234972000122
    },
    "MiniGrid-DoorKey-8x8-custom-diff0.9760602224432589": {
        "meanRet": 0.9750434088706971,
        "maxRet": 0.9859074950218201,
        "minRet": 0.9679715037345886
    },
    "MiniGrid-DoorKey-10x10-custom-diff0.9760602224432589": {
        "meanRet": 0.9636925292015076,
        "maxRet": 0.9878292083740234,
        "minRet": 0.9493950009346008
    },
    "MiniGrid-DoorKey-12x12-custom-diff0.9760602224432589": {
        "meanRet": 0.93379075050354,
        "maxRet": 0.9730960726737976,
        "minRet": 0.8981494903564453
    }
}