{
    "model": "test12x12_100k_3step_3gen_3curric/epoch_30_curric2_gen1",
    "MiniGrid-DoorKey-6x6-custom-diff0.15": {
        "meanRet": 0.9062500045849726,
        "maxRet": 0.9458333253860474,
        "minRet": 0.8583333492279053
    },
    "MiniGrid-DoorKey-8x8-custom-diff0.15": {
        "meanRet": 0.8663333320617675,
        "maxRet": 0.9291666746139526,
        "minRet": 0.8041666746139526
    },
    "MiniGrid-DoorKey-10x10-custom-diff0.15": {
        "meanRet": 0.7820000052452087,
        "maxRet": 0.949999988079071,
        "minRet": 0.6833333373069763
    },
    "MiniGrid-DoorKey-12x12-custom-diff0.15": {
        "meanRet": 0.6726666688919067,
        "maxRet": 0.8208333253860474,
        "minRet": 0.48750001192092896
    }
}