{
    "model": "test12x12_100k_3step_3gen_3curric/epoch_44_curric2_gen2",
    "MiniGrid-DoorKey-6x6-custom-diff0.15": {
        "meanRet": 0.9003205093053671,
        "maxRet": 0.9416666626930237,
        "minRet": 0.862500011920929
    },
    "MiniGrid-DoorKey-8x8-custom-diff0.15": {
        "meanRet": 0.852724355000716,
        "maxRet": 0.9166666865348816,
        "minRet": 0.800000011920929
    },
    "MiniGrid-DoorKey-10x10-custom-diff0.15": {
        "meanRet": 0.8053333353996277,
        "maxRet": 0.949999988079071,
        "minRet": 0.7250000238418579
    },
    "MiniGrid-DoorKey-12x12-custom-diff0.15": {
        "meanRet": 0.7433333373069764,
        "maxRet": 0.862500011920929,
        "minRet": 0.5041666626930237
    }
}