{
    "model": "DO_11_05_RHEA_PARA_ENV_1\\epoch_3_curric3_gen3",
    "MiniGrid-DoorKey-5x5-custom-diff2": {
        "meanRet": 0.6814935044808821,
        "maxRet": 0.7428571581840515,
        "minRet": 0.6464285850524902
    },
    "MiniGrid-DoorKey-6x6-custom-diff2": {
        "meanRet": 0.6931818127632141,
        "maxRet": 0.7749999761581421,
        "minRet": 0.6399999856948853
    },
    "MiniGrid-DoorKey-8x8-custom-diff2": {
        "meanRet": 0.7192857215801874,
        "maxRet": 0.8199999928474426,
        "minRet": 0.6785714030265808
    },
    "MiniGrid-DoorKey-16x16-custom-diff2": {
        "meanRet": 0.7405319213867188,
        "maxRet": 0.8436170220375061,
        "minRet": 0.6234042644500732
    }
}