{
    "model": "test12x12_50k_3step_3gen_3curric/epoch_49_curric1_gen3",
    "MiniGrid-DoorKey-6x6-custom-diff0.15": {
        "meanRet": 0.923717954984078,
        "maxRet": 0.9541666507720947,
        "minRet": 0.8999999761581421
    },
    "MiniGrid-DoorKey-8x8-custom-diff0.15": {
        "meanRet": 0.8827160530620151,
        "maxRet": 0.9416666626930237,
        "minRet": 0.8541666865348816
    },
    "MiniGrid-DoorKey-10x10-custom-diff0.15": {
        "meanRet": 0.8330000042915344,
        "maxRet": 0.9458333253860474,
        "minRet": 0.7875000238418579
    },
    "MiniGrid-DoorKey-12x12-custom-diff0.15": {
        "meanRet": 0.727083336848479,
        "maxRet": 0.8541666865348816,
        "minRet": 0.6208333373069763
    }
}