{
    "model": "test12x12_100k_3step_4gen_3curric/epoch_14_curric2_gen3",
    "MiniGrid-DoorKey-6x6-custom-diff0.79467792277423": {
        "meanRet": 0.9859602015752059,
        "maxRet": 0.990559458732605,
        "minRet": 0.982692301273346
    },
    "MiniGrid-DoorKey-8x8-custom-diff0.79467792277423": {
        "meanRet": 0.9736608386039733,
        "maxRet": 0.9881992936134338,
        "minRet": 0.9614510536193848
    },
    "MiniGrid-DoorKey-10x10-custom-diff0.79467792277423": {
        "meanRet": 0.9652635776079618,
        "maxRet": 0.9881992936134338,
        "minRet": 0.9512237906455994
    },
    "MiniGrid-DoorKey-12x12-custom-diff0.79467792277423": {
        "meanRet": 0.9419405627250671,
        "maxRet": 0.9756118655204773,
        "minRet": 0.9126748442649841
    }
}