{
    "model": "test12x12_25k_3step_3gen_3curric/epoch_47_curric1_gen2",
    "MiniGrid-DoorKey-6x6-custom-diff0.2569142875744653": {
        "meanRet": 0.9583489550993993,
        "maxRet": 0.9707317352294922,
        "minRet": 0.9463414549827576
    },
    "MiniGrid-DoorKey-8x8-custom-diff0.2569142875744653": {
        "meanRet": 0.9266486101680331,
        "maxRet": 0.9585365653038025,
        "minRet": 0.9097561240196228
    },
    "MiniGrid-DoorKey-10x10-custom-diff0.2569142875744653": {
        "meanRet": 0.9038048815727234,
        "maxRet": 0.9682926535606384,
        "minRet": 0.8707317113876343
    },
    "MiniGrid-DoorKey-12x12-custom-diff0.2569142875744653": {
        "meanRet": 0.8342439031600952,
        "maxRet": 0.9341463446617126,
        "minRet": 0.7585365772247314
    }
}