{
    "model": "test12x12_50k_3step_3gen_3curric/epoch_12_curric1_gen1",
    "MiniGrid-DoorKey-6x6-custom-diff0.9510602224432589": {
        "meanRet": 0.9864724415999192,
        "maxRet": 0.9921110272407532,
        "minRet": 0.9822497963905334
    },
    "MiniGrid-DoorKey-8x8-custom-diff0.9510602224432589": {
        "meanRet": 0.9790942335128784,
        "maxRet": 0.9875091314315796,
        "minRet": 0.9710737466812134
    },
    "MiniGrid-DoorKey-10x10-custom-diff0.9510602224432589": {
        "meanRet": 0.963665226331124,
        "maxRet": 0.9855368733406067,
        "minRet": 0.9506939649581909
    },
    "MiniGrid-DoorKey-12x12-custom-diff0.9510602224432589": {
        "meanRet": 0.9510094928741455,
        "maxRet": 0.9730460047721863,
        "minRet": 0.9217677116394043
    }
}