{
    "model": "test12x12_75k_3step_3gen_3curric/epoch_26_curric2_gen2",
    "MiniGrid-DoorKey-6x6-custom-diff0.5065023600555897": {
        "meanRet": 0.9749287802439469,
        "maxRet": 0.9851852059364319,
        "minRet": 0.9679012298583984
    },
    "MiniGrid-DoorKey-8x8-custom-diff0.5065023600555897": {
        "meanRet": 0.9639999985694885,
        "maxRet": 0.9790123701095581,
        "minRet": 0.9530864357948303
    },
    "MiniGrid-DoorKey-10x10-custom-diff0.5065023600555897": {
        "meanRet": 0.9494814825057983,
        "maxRet": 0.9753086566925049,
        "minRet": 0.9271605014801025
    },
    "MiniGrid-DoorKey-12x12-custom-diff0.5065023600555897": {
        "meanRet": 0.912987654209137,
        "maxRet": 0.9580246806144714,
        "minRet": 0.8679012060165405
    }
}