{
    "model": "DO_11_05_RHEA_PARA_ENV_1\\epoch_1_curric0_gen1",
    "MiniGrid-DoorKey-5x5-custom-diff0": {
        "meanRet": 0.9587636210701682,
        "maxRet": 0.9675999879837036,
        "minRet": 0.9531999826431274
    },
    "MiniGrid-DoorKey-6x6-custom-diff0": {
        "meanRet": 0.9543749988079071,
        "maxRet": 0.9725000262260437,
        "minRet": 0.9399999976158142
    },
    "MiniGrid-DoorKey-8x8-custom-diff0": {
        "meanRet": 0.8948125064373016,
        "maxRet": 0.9451562762260437,
        "minRet": 0.8650000095367432
    },
    "MiniGrid-DoorKey-16x16-custom-diff0": {
        "meanRet": 0.6443945348262787,
        "maxRet": 0.8150781393051147,
        "minRet": 0.33906251192092896
    }
}