{
    "model": "test12x12_100k_3step_3gen_3curric/epoch_13_curric0_gen2",
    "MiniGrid-DoorKey-6x6-custom-diff0.8220715046045372": {
        "meanRet": 0.98396514241512,
        "maxRet": 0.9916314482688904,
        "minRet": 0.9779374599456787
    },
    "MiniGrid-DoorKey-8x8-custom-diff0.8220715046045372": {
        "meanRet": 0.9761115837097168,
        "maxRet": 0.9870668053627014,
        "minRet": 0.9672865867614746
    },
    "MiniGrid-DoorKey-10x10-custom-diff0.8220715046045372": {
        "meanRet": 0.9659780216217041,
        "maxRet": 0.9847844243049622,
        "minRet": 0.9520710110664368
    },
    "MiniGrid-DoorKey-12x12-custom-diff0.8220715046045372": {
        "meanRet": 0.956453082561493,
        "maxRet": 0.9726120233535767,
        "minRet": 0.9185968041419983
    }
}