{
    "model": "test12x12_100k_3step_4gen_3curric/epoch_21_curric2_gen2",
    "MiniGrid-DoorKey-6x6-custom-diff0.20553": {
        "meanRet": 0.936664412021637,
        "maxRet": 0.9633898138999939,
        "minRet": 0.9206779599189758
    },
    "MiniGrid-DoorKey-8x8-custom-diff0.20553": {
        "meanRet": 0.9166508436203002,
        "maxRet": 0.9511864185333252,
        "minRet": 0.8962711691856384
    },
    "MiniGrid-DoorKey-10x10-custom-diff0.20553": {
        "meanRet": 0.8670056506439492,
        "maxRet": 0.9206779599189758,
        "minRet": 0.8261017203330994
    },
    "MiniGrid-DoorKey-12x12-custom-diff0.20553": {
        "meanRet": 0.7829016876220704,
        "maxRet": 0.8840677738189697,
        "minRet": 0.7284745573997498
    }
}