{
    "model": "test12x12_25k_3step_3gen_3curric/epoch_48_curric0_gen3",
    "MiniGrid-DoorKey-6x6-custom-diff0.2319142875744653": {
        "meanRet": 0.9436756730079651,
        "maxRet": 0.9675675630569458,
        "minRet": 0.9270270466804504
    },
    "MiniGrid-DoorKey-8x8-custom-diff0.2319142875744653": {
        "meanRet": 0.9165405416488648,
        "maxRet": 0.9567567706108093,
        "minRet": 0.8891891837120056
    },
    "MiniGrid-DoorKey-10x10-custom-diff0.2319142875744653": {
        "meanRet": 0.8668108105659484,
        "maxRet": 0.9324324131011963,
        "minRet": 0.8054053783416748
    },
    "MiniGrid-DoorKey-12x12-custom-diff0.2319142875744653": {
        "meanRet": 0.7785945963859559,
        "maxRet": 0.8945946097373962,
        "minRet": 0.662162184715271
    }
}