{
    "model": "test12x12_100k_3step_4gen_3curric/epoch_21_curric0_gen2",
    "MiniGrid-DoorKey-6x6-custom-diff0.20553": {
        "meanRet": 0.9440286801411555,
        "maxRet": 0.9633898138999939,
        "minRet": 0.9298304915428162
    },
    "MiniGrid-DoorKey-8x8-custom-diff0.20553": {
        "meanRet": 0.9114033937454223,
        "maxRet": 0.9389830231666565,
        "minRet": 0.8779661059379578
    },
    "MiniGrid-DoorKey-10x10-custom-diff0.20553": {
        "meanRet": 0.8716203379631042,
        "maxRet": 0.9298304915428162,
        "minRet": 0.8138983249664307
    },
    "MiniGrid-DoorKey-12x12-custom-diff0.20553": {
        "meanRet": 0.7830237293243408,
        "maxRet": 0.8840677738189697,
        "minRet": 0.7040678262710571
    }
}