{
    "model": "Di_Rhea1\\epoch_1_curric1_gen2",
    "MiniGrid-DoorKey-5x5-custom-diff0": {
        "meanRet": 0.9564727111296221,
        "maxRet": 0.9675999879837036,
        "minRet": 0.9495999813079834
    },
    "MiniGrid-DoorKey-6x6-custom-diff0": {
        "meanRet": 0.9602499842643738,
        "maxRet": 0.9700000286102295,
        "minRet": 0.9574999809265137
    },
    "MiniGrid-DoorKey-8x8-custom-diff0": {
        "meanRet": 0.9592187404632568,
        "maxRet": 0.9803125262260437,
        "minRet": 0.9507812261581421
    },
    "MiniGrid-DoorKey-16x16-custom-diff0": {
        "meanRet": 0.9019140601158142,
        "maxRet": 0.9683593511581421,
        "minRet": 0.8505859375
    }
}