{
    "model": "test12x12_25k_3step_3gen_3curric/epoch_49_curric1_gen1",
    "MiniGrid-DoorKey-6x6-custom-diff0.512744": {
        "meanRet": 0.9755122113227844,
        "maxRet": 0.9878048896789551,
        "minRet": 0.9670731425285339
    },
    "MiniGrid-DoorKey-8x8-custom-diff0.512744": {
        "meanRet": 0.9666341400146484,
        "maxRet": 0.9804878234863281,
        "minRet": 0.95243901014328
    },
    "MiniGrid-DoorKey-10x10-custom-diff0.512744": {
        "meanRet": 0.943804874420166,
        "maxRet": 0.9756097793579102,
        "minRet": 0.9256097674369812
    },
    "MiniGrid-DoorKey-12x12-custom-diff0.512744": {
        "meanRet": 0.9115121960639954,
        "maxRet": 0.9439024329185486,
        "minRet": 0.8853658437728882
    }
}