{
    "model": "test12x12_100k_4step_3gen_3curric/epoch_8_curric1_gen1",
    "MiniGrid-DoorKey-6x6-custom-diff0.9220715046045371": {
        "meanRet": 0.8130550098419189,
        "maxRet": 0.9816880226135254,
        "minRet": 0.6242652535438538
    },
    "MiniGrid-DoorKey-8x8-custom-diff0.9220715046045371": {
        "meanRet": 0.2218035669238479,
        "maxRet": 0.9511680603027344,
        "minRet": 0.0
    },
    "MiniGrid-DoorKey-10x10-custom-diff0.9220715046045371": {
        "meanRet": 0.035003768280148506,
        "maxRet": 0.7436322569847107,
        "minRet": 0.0
    },
    "MiniGrid-DoorKey-12x12-custom-diff0.9220715046045371": {
        "meanRet": 0.0,
        "maxRet": 0.0,
        "minRet": 0.0
    }
}