{
    "model": "test12x12_100k_4step_3gen_3curric/epoch_14_curric1_gen2",
    "MiniGrid-DoorKey-6x6-custom-diff0.533207": {
        "meanRet": 0.9723347723484039,
        "maxRet": 0.9882659912109375,
        "minRet": 0.9612777233123779
    },
    "MiniGrid-DoorKey-8x8-custom-diff0.533207": {
        "meanRet": 0.9567718386650086,
        "maxRet": 0.9788787364959717,
        "minRet": 0.9331160187721252
    },
    "MiniGrid-DoorKey-10x10-custom-diff0.533207": {
        "meanRet": 0.9057053399085998,
        "maxRet": 0.9730117321014404,
        "minRet": 0.854498028755188
    },
    "MiniGrid-DoorKey-12x12-custom-diff0.533207": {
        "meanRet": 0.8358174705505371,
        "maxRet": 0.9589309096336365,
        "minRet": 0.6937418580055237
    }
}