{
    "model": "test12x12_100k_3step_3gen_3curric/epoch_28_curric2_gen2",
    "MiniGrid-DoorKey-6x6-custom-diff0.15": {
        "meanRet": 0.9136666631698609,
        "maxRet": 0.9458333253860474,
        "minRet": 0.887499988079071
    },
    "MiniGrid-DoorKey-8x8-custom-diff0.15": {
        "meanRet": 0.8748333287239075,
        "maxRet": 0.9458333253860474,
        "minRet": 0.800000011920929
    },
    "MiniGrid-DoorKey-10x10-custom-diff0.15": {
        "meanRet": 0.8143333292007446,
        "maxRet": 0.925000011920929,
        "minRet": 0.7083333134651184
    },
    "MiniGrid-DoorKey-12x12-custom-diff0.15": {
        "meanRet": 0.7176666665077209,
        "maxRet": 0.8583333492279053,
        "minRet": 0.5291666388511658
    }
}