{
    "model": "new_25k_7step_4gen_3curric/epoch_4_curric2_gen3",
    "MiniGrid-DoorKey-6x6-custom-diff1": {
        "meanRet": 0.8122500038146973,
        "maxRet": 0.9831249713897705,
        "minRet": 0.5718749761581421
    },
    "MiniGrid-DoorKey-8x8-custom-diff1": {
        "meanRet": 0.15264322919150194,
        "maxRet": 0.856249988079071,
        "minRet": 0.0
    },
    "MiniGrid-DoorKey-10x10-custom-diff1": {
        "meanRet": 0.037070312847693764,
        "maxRet": 0.7587500214576721,
        "minRet": 0.0
    },
    "MiniGrid-DoorKey-12x12-custom-diff1": {
        "meanRet": 0.059412500262260436,
        "maxRet": 0.8943750262260437,
        "minRet": 0.0
    }
}