{
    "model": "test12x12_25k_3step_3gen_3curric/epoch_38_curric2_gen3",
    "MiniGrid-DoorKey-6x6-custom-diff0.4819142875744653": {
        "meanRet": 0.975424580849134,
        "maxRet": 0.984415590763092,
        "minRet": 0.9675324559211731
    },
    "MiniGrid-DoorKey-8x8-custom-diff0.4819142875744653": {
        "meanRet": 0.9609350609779358,
        "maxRet": 0.9766233563423157,
        "minRet": 0.9493506550788879
    },
    "MiniGrid-DoorKey-10x10-custom-diff0.4819142875744653": {
        "meanRet": 0.94472727060318,
        "maxRet": 0.9688311815261841,
        "minRet": 0.916883111000061
    },
    "MiniGrid-DoorKey-12x12-custom-diff0.4819142875744653": {
        "meanRet": 0.911584415435791,
        "maxRet": 0.9597402811050415,
        "minRet": 0.8792207837104797
    }
}