{
    "model": "test12x12_100k_3step_4gen_3curric/epoch_12_curric0_gen4",
    "MiniGrid-DoorKey-6x6-custom-diff0.84467792277423": {
        "meanRet": 0.9864407849311828,
        "maxRet": 0.9911184310913086,
        "minRet": 0.9829769730567932
    },
    "MiniGrid-DoorKey-8x8-custom-diff0.84467792277423": {
        "meanRet": 0.9775052879537854,
        "maxRet": 0.9896381497383118,
        "minRet": 0.973355233669281
    },
    "MiniGrid-DoorKey-10x10-custom-diff0.84467792277423": {
        "meanRet": 0.9688256549835205,
        "maxRet": 0.9903782606124878,
        "minRet": 0.9541118144989014
    },
    "MiniGrid-DoorKey-12x12-custom-diff0.84467792277423": {
        "meanRet": 0.949049346446991,
        "maxRet": 0.9711348414421082,
        "minRet": 0.9296875
    }
}