{
    "model": "test12x12_75k_3step_3gen_3curric/epoch_6_curric1_gen2",
    "MiniGrid-DoorKey-6x6-custom-diff1": {
        "meanRet": 0.9882249999046325,
        "maxRet": 0.9931250214576721,
        "minRet": 0.9850000143051147
    },
    "MiniGrid-DoorKey-8x8-custom-diff1": {
        "meanRet": 0.9786057724402502,
        "maxRet": 0.9881250262260437,
        "minRet": 0.9731249809265137
    },
    "MiniGrid-DoorKey-10x10-custom-diff1": {
        "meanRet": 0.9678846162099105,
        "maxRet": 0.9893749952316284,
        "minRet": 0.9556249976158142
    },
    "MiniGrid-DoorKey-12x12-custom-diff1": {
        "meanRet": 0.9437999987602234,
        "maxRet": 0.9787499904632568,
        "minRet": 0.909375011920929
    }
}