{
    "model": "test12x12_100k_4step_3gen_3curric/epoch_16_curric0_gen2",
    "MiniGrid-DoorKey-6x6-custom-diff0.4308080000000001": {
        "meanRet": 0.9556387066841125,
        "maxRet": 0.9796774387359619,
        "minRet": 0.9245161414146423
    },
    "MiniGrid-DoorKey-8x8-custom-diff0.4308080000000001": {
        "meanRet": 0.9038585607822125,
        "maxRet": 0.9695161581039429,
        "minRet": 0.8258064389228821
    },
    "MiniGrid-DoorKey-10x10-custom-diff0.4308080000000001": {
        "meanRet": 0.6868000018596649,
        "maxRet": 0.94919353723526,
        "minRet": 0.46870967745780945
    },
    "MiniGrid-DoorKey-12x12-custom-diff0.4308080000000001": {
        "meanRet": 0.19602040764020415,
        "maxRet": 0.8330644965171814,
        "minRet": 0.0
    }
}