{
    "model": "test12x12_150k_3step_3gen_3curric/epoch_16_curric2_gen1",
    "MiniGrid-DoorKey-6x6-custom-diff0.7063807381558473": {
        "meanRet": 0.9826194763183593,
        "maxRet": 0.9893805384635925,
        "minRet": 0.9769911766052246
    },
    "MiniGrid-DoorKey-8x8-custom-diff0.7063807381558473": {
        "meanRet": 0.9743022437279041,
        "maxRet": 0.9849557280540466,
        "minRet": 0.9646017551422119
    },
    "MiniGrid-DoorKey-10x10-custom-diff0.7063807381558473": {
        "meanRet": 0.9632743321932279,
        "maxRet": 0.9831858277320862,
        "minRet": 0.952212393283844
    },
    "MiniGrid-DoorKey-12x12-custom-diff0.7063807381558473": {
        "meanRet": 0.9444247817993164,
        "maxRet": 0.9690265655517578,
        "minRet": 0.9256637096405029
    }
}