{
    "model": "test12x12_25k_3step_3gen_3curric/epoch_20_curric2_gen1",
    "MiniGrid-DoorKey-6x6-custom-diff0.9319142875744653": {
        "meanRet": 0.9862674222542689,
        "maxRet": 0.991946280002594,
        "minRet": 0.982550323009491
    },
    "MiniGrid-DoorKey-8x8-custom-diff0.9319142875744653": {
        "meanRet": 0.9780671119689941,
        "maxRet": 0.9885905981063843,
        "minRet": 0.9691275358200073
    },
    "MiniGrid-DoorKey-10x10-custom-diff0.9319142875744653": {
        "meanRet": 0.9642416095733642,
        "maxRet": 0.9838926196098328,
        "minRet": 0.9416107535362244
    },
    "MiniGrid-DoorKey-12x12-custom-diff0.9319142875744653": {
        "meanRet": 0.9360268497467041,
        "maxRet": 0.980536937713623,
        "minRet": 0.9013422727584839
    }
}