{
    "model": "test12x12_75k_3step_3gen_3curric/epoch_40_curric0_gen3",
    "MiniGrid-DoorKey-6x6-custom-diff0.15": {
        "meanRet": 0.9266666769981384,
        "maxRet": 0.9583333134651184,
        "minRet": 0.9083333611488342
    },
    "MiniGrid-DoorKey-8x8-custom-diff0.15": {
        "meanRet": 0.8811666655540467,
        "maxRet": 0.925000011920929,
        "minRet": 0.8458333611488342
    },
    "MiniGrid-DoorKey-10x10-custom-diff0.15": {
        "meanRet": 0.8176666665077209,
        "maxRet": 0.9541666507720947,
        "minRet": 0.762499988079071
    },
    "MiniGrid-DoorKey-12x12-custom-diff0.15": {
        "meanRet": 0.6706730769230769,
        "maxRet": 0.8374999761581421,
        "minRet": 0.512499988079071
    }
}