{
    "model": "test12x12_50k_3step_3gen_3curric/epoch_11_curric1_gen2",
    "MiniGrid-DoorKey-6x6-custom-diff0.9760602224432589": {
        "meanRet": 0.9872142434120178,
        "maxRet": 0.9916725754737854,
        "minRet": 0.9833452105522156
    },
    "MiniGrid-DoorKey-8x8-custom-diff0.9760602224432589": {
        "meanRet": 0.9798713395228753,
        "maxRet": 0.989750862121582,
        "minRet": 0.9730960726737976
    },
    "MiniGrid-DoorKey-10x10-custom-diff0.9760602224432589": {
        "meanRet": 0.9701238417625427,
        "maxRet": 0.9865480661392212,
        "minRet": 0.9558007121086121
    },
    "MiniGrid-DoorKey-12x12-custom-diff0.9760602224432589": {
        "meanRet": 0.9572789508562821,
        "maxRet": 0.9795017838478088,
        "minRet": 0.9340213537216187
    }
}