{
    "model": "test12x12_100k_3step_4gen_3curric/epoch_30_curric1_gen4",
    "MiniGrid-DoorKey-6x6-custom-diff0.15": {
        "meanRet": 0.9248456844577083,
        "maxRet": 0.949999988079071,
        "minRet": 0.8958333134651184
    },
    "MiniGrid-DoorKey-8x8-custom-diff0.15": {
        "meanRet": 0.8660256358293387,
        "maxRet": 0.925000011920929,
        "minRet": 0.8166666626930237
    },
    "MiniGrid-DoorKey-10x10-custom-diff0.15": {
        "meanRet": 0.8173333334922791,
        "maxRet": 0.9375,
        "minRet": 0.7291666865348816
    },
    "MiniGrid-DoorKey-12x12-custom-diff0.15": {
        "meanRet": 0.6876602539649377,
        "maxRet": 0.8583333492279053,
        "minRet": 0.5166666507720947
    }
}