{
    "model": "new_25k_7step_4gen_3curric/epoch_2_curric0_gen3",
    "MiniGrid-DoorKey-6x6-custom-diff1": {
        "meanRet": 0.15770408070209074,
        "maxRet": 0.9262499809265137,
        "minRet": 0.0
    },
    "MiniGrid-DoorKey-8x8-custom-diff1": {
        "meanRet": 0.038541666542490326,
        "maxRet": 0.6556249856948853,
        "minRet": 0.0
    },
    "MiniGrid-DoorKey-10x10-custom-diff1": {
        "meanRet": 0.0,
        "maxRet": 0.0,
        "minRet": 0.0
    },
    "MiniGrid-DoorKey-12x12-custom-diff1": {
        "meanRet": 0.010937499503294626,
        "maxRet": 0.5249999761581421,
        "minRet": 0.0
    }
}