{
    "model": "test12x12_75k_3step_3gen_3curric/epoch_27_curric2_gen2",
    "MiniGrid-DoorKey-6x6-custom-diff0.48150236005558966": {
        "meanRet": 0.9749398783401206,
        "maxRet": 0.984415590763092,
        "minRet": 0.9675324559211731
    },
    "MiniGrid-DoorKey-8x8-custom-diff0.48150236005558966": {
        "meanRet": 0.9626873066792121,
        "maxRet": 0.9779220819473267,
        "minRet": 0.9519480466842651
    },
    "MiniGrid-DoorKey-10x10-custom-diff0.48150236005558966": {
        "meanRet": 0.9508990966356717,
        "maxRet": 0.9688311815261841,
        "minRet": 0.932467520236969
    },
    "MiniGrid-DoorKey-12x12-custom-diff0.48150236005558966": {
        "meanRet": 0.9238761227864486,
        "maxRet": 0.9571428298950195,
        "minRet": 0.8974025845527649
    }
}