{
    "model": "test12x12_100k_3step_3gen_3curric/epoch_23_curric2_gen1",
    "MiniGrid-DoorKey-6x6-custom-diff0.15": {
        "meanRet": 0.9128333306312562,
        "maxRet": 0.949999988079071,
        "minRet": 0.875
    },
    "MiniGrid-DoorKey-8x8-custom-diff0.15": {
        "meanRet": 0.8636666679382324,
        "maxRet": 0.925000011920929,
        "minRet": 0.8083333373069763
    },
    "MiniGrid-DoorKey-10x10-custom-diff0.15": {
        "meanRet": 0.7722222164825157,
        "maxRet": 0.9458333253860474,
        "minRet": 0.6291666626930237
    },
    "MiniGrid-DoorKey-12x12-custom-diff0.15": {
        "meanRet": 0.602833331823349,
        "maxRet": 0.8416666388511658,
        "minRet": 0.2874999940395355
    }
}