{
    "model": "test12x12_25k_3step_3gen_3curric/epoch_38_curric0_gen2",
    "MiniGrid-DoorKey-6x6-custom-diff0.4819142875744653": {
        "meanRet": 0.9726773202419281,
        "maxRet": 0.983116865158081,
        "minRet": 0.9649350643157959
    },
    "MiniGrid-DoorKey-8x8-custom-diff0.4819142875744653": {
        "meanRet": 0.9598901088421161,
        "maxRet": 0.9792208075523376,
        "minRet": 0.9376623630523682
    },
    "MiniGrid-DoorKey-10x10-custom-diff0.4819142875744653": {
        "meanRet": 0.9351168823242187,
        "maxRet": 0.9727272987365723,
        "minRet": 0.8999999761581421
    },
    "MiniGrid-DoorKey-12x12-custom-diff0.4819142875744653": {
        "meanRet": 0.9085194802284241,
        "maxRet": 0.9545454382896423,
        "minRet": 0.864935040473938
    }
}