{
    "model": "test12x12_100k_4step_3gen_3curric/epoch_12_curric2_gen3",
    "MiniGrid-DoorKey-6x6-custom-diff0.635606": {
        "meanRet": 0.20604735778437722,
        "maxRet": 0.967540979385376,
        "minRet": 0.0
    },
    "MiniGrid-DoorKey-8x8-custom-diff0.635606": {
        "meanRet": 0.04900635687672362,
        "maxRet": 0.624262273311615,
        "minRet": 0.0
    },
    "MiniGrid-DoorKey-10x10-custom-diff0.635606": {
        "meanRet": 0.015232240160306295,
        "maxRet": 0.3852458894252777,
        "minRet": 0.0
    },
    "MiniGrid-DoorKey-12x12-custom-diff0.635606": {
        "meanRet": 0.0,
        "maxRet": 0.0,
        "minRet": 0.0
    }
}