{
    "model": "test12x12_25k_3step_3gen_3curric/epoch_47_curric2_gen1",
    "MiniGrid-DoorKey-6x6-custom-diff0.2569142875744653": {
        "meanRet": 0.9446251083303381,
        "maxRet": 0.9756097793579102,
        "minRet": 0.9170731902122498
    },
    "MiniGrid-DoorKey-8x8-custom-diff0.2569142875744653": {
        "meanRet": 0.9060037479950831,
        "maxRet": 0.9560975432395935,
        "minRet": 0.8707317113876343
    },
    "MiniGrid-DoorKey-10x10-custom-diff0.2569142875744653": {
        "meanRet": 0.8772682905197143,
        "maxRet": 0.9317073225975037,
        "minRet": 0.8195121884346008
    },
    "MiniGrid-DoorKey-12x12-custom-diff0.2569142875744653": {
        "meanRet": 0.8204878044128417,
        "maxRet": 0.9048780202865601,
        "minRet": 0.7268292903900146
    }
}