{
    "model": "test12x12_75k_3step_3gen_3curric/epoch_17_curric2_gen2",
    "MiniGrid-DoorKey-6x6-custom-diff0.7315023600555897": {
        "meanRet": 0.9821196436882019,
        "maxRet": 0.9897435903549194,
        "minRet": 0.976068377494812
    },
    "MiniGrid-DoorKey-8x8-custom-diff0.7315023600555897": {
        "meanRet": 0.9757606673240662,
        "maxRet": 0.9871794581413269,
        "minRet": 0.9683760404586792
    },
    "MiniGrid-DoorKey-10x10-custom-diff0.7315023600555897": {
        "meanRet": 0.9599657988548279,
        "maxRet": 0.9837606549263,
        "minRet": 0.9435897469520569
    },
    "MiniGrid-DoorKey-12x12-custom-diff0.7315023600555897": {
        "meanRet": 0.9424062990225278,
        "maxRet": 0.9683760404586792,
        "minRet": 0.9025641083717346
    }
}