{
    "model": "test12x12_100k_3step_3gen_3curric/epoch_25_curric0_gen2",
    "MiniGrid-DoorKey-6x6-custom-diff0.15": {
        "meanRet": 0.9079999995231628,
        "maxRet": 0.9458333253860474,
        "minRet": 0.875
    },
    "MiniGrid-DoorKey-8x8-custom-diff0.15": {
        "meanRet": 0.8451666617393494,
        "maxRet": 0.9375,
        "minRet": 0.7666666507720947
    },
    "MiniGrid-DoorKey-10x10-custom-diff0.15": {
        "meanRet": 0.8014880950961795,
        "maxRet": 0.925000011920929,
        "minRet": 0.675000011920929
    },
    "MiniGrid-DoorKey-12x12-custom-diff0.15": {
        "meanRet": 0.6965000009536744,
        "maxRet": 0.875,
        "minRet": 0.48750001192092896
    }
}