{
    "model": "test12x12_25k_3step_3gen_3curric/epoch_31_curric1_gen2",
    "MiniGrid-DoorKey-6x6-custom-diff0.6569142875744653": {
        "meanRet": 0.9814625808170864,
        "maxRet": 0.9885714054107666,
        "minRet": 0.976190447807312
    },
    "MiniGrid-DoorKey-8x8-custom-diff0.6569142875744653": {
        "meanRet": 0.973142855167389,
        "maxRet": 0.9857142567634583,
        "minRet": 0.9676190614700317
    },
    "MiniGrid-DoorKey-10x10-custom-diff0.6569142875744653": {
        "meanRet": 0.9594139135800875,
        "maxRet": 0.9876190423965454,
        "minRet": 0.9466666579246521
    },
    "MiniGrid-DoorKey-12x12-custom-diff0.6569142875744653": {
        "meanRet": 0.9326476216316223,
        "maxRet": 0.9638095498085022,
        "minRet": 0.9095237851142883
    }
}