{
    "model": "test12x12_50k_3step_3gen_3curric/epoch_34_curric1_gen3",
    "MiniGrid-DoorKey-6x6-custom-diff0.4010602224432589": {
        "meanRet": 0.9729058389310483,
        "maxRet": 0.984402060508728,
        "minRet": 0.9656845927238464
    },
    "MiniGrid-DoorKey-8x8-custom-diff0.4010602224432589": {
        "meanRet": 0.9556395173072815,
        "maxRet": 0.976603090763092,
        "minRet": 0.9469670653343201
    },
    "MiniGrid-DoorKey-10x10-custom-diff0.4010602224432589": {
        "meanRet": 0.9365476608276367,
        "maxRet": 0.9656845927238464,
        "minRet": 0.9017331004142761
    },
    "MiniGrid-DoorKey-12x12-custom-diff0.4010602224432589": {
        "meanRet": 0.8894419384002685,
        "maxRet": 0.9563258290290833,
        "minRet": 0.839341402053833
    }
}