{
    "model": "test12x12_25k_3step_3gen_3curric/epoch_33_curric1_gen1",
    "MiniGrid-DoorKey-6x6-custom-diff0.6069142875744653": {
        "meanRet": 0.977710627276322,
        "maxRet": 0.9876288771629333,
        "minRet": 0.9701030850410461
    },
    "MiniGrid-DoorKey-8x8-custom-diff0.6069142875744653": {
        "meanRet": 0.9692630811973855,
        "maxRet": 0.985567033290863,
        "minRet": 0.9597938060760498
    },
    "MiniGrid-DoorKey-10x10-custom-diff0.6069142875744653": {
        "meanRet": 0.9583505153656006,
        "maxRet": 0.9752577543258667,
        "minRet": 0.9453608393669128
    },
    "MiniGrid-DoorKey-12x12-custom-diff0.6069142875744653": {
        "meanRet": 0.9360824704170227,
        "maxRet": 0.9659793972969055,
        "minRet": 0.9082474112510681
    }
}