{
    "model": "test12x12_25k_3step_3gen_3curric/epoch_17_curric0_gen2",
    "MiniGrid-DoorKey-6x6-custom-diff1": {
        "meanRet": 0.9879017961876733,
        "maxRet": 0.9925000071525574,
        "minRet": 0.9850000143051147
    },
    "MiniGrid-DoorKey-8x8-custom-diff1": {
        "meanRet": 0.9805048062251165,
        "maxRet": 0.9862499833106995,
        "minRet": 0.9756249785423279
    },
    "MiniGrid-DoorKey-10x10-custom-diff1": {
        "meanRet": 0.9702678599527904,
        "maxRet": 0.981249988079071,
        "minRet": 0.9587500095367432
    },
    "MiniGrid-DoorKey-12x12-custom-diff1": {
        "meanRet": 0.9598317306775314,
        "maxRet": 0.9768750071525574,
        "minRet": 0.9449999928474426
    }
}