{
    "model": "test12x12_50k_3step_3gen_3curric/epoch_6_curric1_gen1",
    "MiniGrid-DoorKey-6x6-custom-diff1": {
        "meanRet": 0.9877403836983901,
        "maxRet": 0.9925000071525574,
        "minRet": 0.9825000166893005
    },
    "MiniGrid-DoorKey-8x8-custom-diff1": {
        "meanRet": 0.9806500029563904,
        "maxRet": 0.9906250238418579,
        "minRet": 0.9700000286102295
    },
    "MiniGrid-DoorKey-10x10-custom-diff1": {
        "meanRet": 0.9703250002861022,
        "maxRet": 0.9850000143051147,
        "minRet": 0.9556249976158142
    },
    "MiniGrid-DoorKey-12x12-custom-diff1": {
        "meanRet": 0.9440249991416931,
        "maxRet": 0.9781249761581421,
        "minRet": 0.9118750095367432
    }
}