{
    "model": "test12x12_50k_3step_3gen_3curric/epoch_31_curric2_gen1",
    "MiniGrid-DoorKey-6x6-custom-diff0.47606022244325885": {
        "meanRet": 0.9706219029426575,
        "maxRet": 0.984233558177948,
        "minRet": 0.9632116556167603
    },
    "MiniGrid-DoorKey-8x8-custom-diff0.47606022244325885": {
        "meanRet": 0.9547931838918615,
        "maxRet": 0.9802919626235962,
        "minRet": 0.9369342923164368
    },
    "MiniGrid-DoorKey-10x10-custom-diff0.47606022244325885": {
        "meanRet": 0.9313382064854657,
        "maxRet": 0.9710949063301086,
        "minRet": 0.8896350264549255
    },
    "MiniGrid-DoorKey-12x12-custom-diff0.47606022244325885": {
        "meanRet": 0.8917897844314575,
        "maxRet": 0.9527007341384888,
        "minRet": 0.8331387042999268
    }
}