{
    "model": "Di_Rhea1\\epoch_2_curric0_gen2",
    "MiniGrid-DoorKey-5x5-custom-diff2": {
        "meanRet": 0.6812499910593033,
        "maxRet": 0.7107142806053162,
        "minRet": 0.6464285850524902
    },
    "MiniGrid-DoorKey-6x6-custom-diff2": {
        "meanRet": 0.6788636337627064,
        "maxRet": 0.7749999761581421,
        "minRet": 0.6175000071525574
    },
    "MiniGrid-DoorKey-8x8-custom-diff2": {
        "meanRet": 0.6914285692301664,
        "maxRet": 0.7814285755157471,
        "minRet": 0.6271428465843201
    },
    "MiniGrid-DoorKey-16x16-custom-diff2": {
        "meanRet": 0.5426595747470856,
        "maxRet": 0.8148936033248901,
        "minRet": 0.39361703395843506
    }
}