{
    "model": "test12x12_100k_3step_3gen_3curric/epoch_1_curric2_gen1",
    "MiniGrid-DoorKey-6x6-custom-diff1.0": {
        "meanRet": 0.1528125023469329,
        "maxRet": 0.9200000166893005,
        "minRet": 0.0
    },
    "MiniGrid-DoorKey-8x8-custom-diff1.0": {
        "meanRet": 0.03459472628310323,
        "maxRet": 0.957812488079071,
        "minRet": 0.0
    },
    "MiniGrid-DoorKey-10x10-custom-diff1.0": {
        "meanRet": 0.022081250324845314,
        "maxRet": 0.70660001039505,
        "minRet": 0.0
    },
    "MiniGrid-DoorKey-12x12-custom-diff1.0": {
        "meanRet": 0.008574218489229679,
        "maxRet": 0.27437499165534973,
        "minRet": 0.0
    }
}