{
    "model": "Di_Rhea1\\epoch_2_curric2_gen1",
    "MiniGrid-DoorKey-5x5-custom-diff2": {
        "meanRet": 0.5210714310407638,
        "maxRet": 0.6464285850524902,
        "minRet": 0.38928571343421936
    },
    "MiniGrid-DoorKey-6x6-custom-diff2": {
        "meanRet": 0.6197500050067901,
        "maxRet": 0.7300000190734863,
        "minRet": 0.5274999737739563
    },
    "MiniGrid-DoorKey-8x8-custom-diff2": {
        "meanRet": 0.6284285724163056,
        "maxRet": 0.7685714364051819,
        "minRet": 0.5242857336997986
    },
    "MiniGrid-DoorKey-16x16-custom-diff2": {
        "meanRet": 0.10251450538635254,
        "maxRet": 0.8148936033248901,
        "minRet": 0.0
    }
}