{
    "model": "test12x12_75k_3step_3gen_3curric/epoch_24_curric2_gen2",
    "MiniGrid-DoorKey-6x6-custom-diff0.5565023600555896": {
        "meanRet": 0.9781106975343492,
        "maxRet": 0.9865168333053589,
        "minRet": 0.9730337262153625
    },
    "MiniGrid-DoorKey-8x8-custom-diff0.5565023600555896": {
        "meanRet": 0.9685825407505035,
        "maxRet": 0.9820224642753601,
        "minRet": 0.9606741666793823
    },
    "MiniGrid-DoorKey-10x10-custom-diff0.5565023600555896": {
        "meanRet": 0.9597586349204734,
        "maxRet": 0.9865168333053589,
        "minRet": 0.9460673928260803
    },
    "MiniGrid-DoorKey-12x12-custom-diff0.5565023600555896": {
        "meanRet": 0.939056179523468,
        "maxRet": 0.9651685357093811,
        "minRet": 0.9202247262001038
    }
}