{
    "model": "test12x12_100k_3step_3gen_3curric/epoch_16_curric0_gen1",
    "MiniGrid-DoorKey-6x6-custom-diff0.7470715046045372": {
        "meanRet": 0.9829338055390578,
        "maxRet": 0.9907907247543335,
        "minRet": 0.9773953557014465
    },
    "MiniGrid-DoorKey-8x8-custom-diff0.7470715046045372": {
        "meanRet": 0.9737567122165973,
        "maxRet": 0.9849302172660828,
        "minRet": 0.9631627798080444
    },
    "MiniGrid-DoorKey-10x10-custom-diff0.7470715046045372": {
        "meanRet": 0.9641004633903504,
        "maxRet": 0.9815813899040222,
        "minRet": 0.9413953423500061
    },
    "MiniGrid-DoorKey-12x12-custom-diff0.7470715046045372": {
        "meanRet": 0.9316837215423583,
        "maxRet": 0.9757209420204163,
        "minRet": 0.875255823135376
    }
}