{
    "model": "test12x12_150k_3step_3gen_3curric/epoch_9_curric1_gen2",
    "MiniGrid-DoorKey-6x6-custom-diff0.8813807381558474": {
        "meanRet": 0.9860611030688653,
        "maxRet": 0.9929078221321106,
        "minRet": 0.980141818523407
    },
    "MiniGrid-DoorKey-8x8-custom-diff0.8813807381558474": {
        "meanRet": 0.9770496439933777,
        "maxRet": 0.9893617033958435,
        "minRet": 0.9716312289237976
    },
    "MiniGrid-DoorKey-10x10-custom-diff0.8813807381558474": {
        "meanRet": 0.9646241068840027,
        "maxRet": 0.980141818523407,
        "minRet": 0.9539006948471069
    },
    "MiniGrid-DoorKey-12x12-custom-diff0.8813807381558474": {
        "meanRet": 0.945758867263794,
        "maxRet": 0.9680851101875305,
        "minRet": 0.9205673933029175
    }
}