{
    "model": "test12x12_25k_3step_3gen_3curric/epoch_44_curric2_gen3",
    "MiniGrid-DoorKey-6x6-custom-diff0.3319142875744653": {
        "meanRet": 0.9676226449012756,
        "maxRet": 0.9811320900917053,
        "minRet": 0.9584905505180359
    },
    "MiniGrid-DoorKey-8x8-custom-diff0.3319142875744653": {
        "meanRet": 0.945500733760687,
        "maxRet": 0.9679245352745056,
        "minRet": 0.9320755004882812
    },
    "MiniGrid-DoorKey-10x10-custom-diff0.3319142875744653": {
        "meanRet": 0.9221132040023804,
        "maxRet": 0.9754716753959656,
        "minRet": 0.8905660510063171
    },
    "MiniGrid-DoorKey-12x12-custom-diff0.3319142875744653": {
        "meanRet": 0.8701132106781005,
        "maxRet": 0.9377358555793762,
        "minRet": 0.8207547068595886
    }
}