{
    "model": "test12x12_50k_3step_3gen_3curric/epoch_46_curric2_gen2",
    "MiniGrid-DoorKey-6x6-custom-diff0.15": {
        "meanRet": 0.9229166668194991,
        "maxRet": 0.949999988079071,
        "minRet": 0.8999999761581421
    },
    "MiniGrid-DoorKey-8x8-custom-diff0.15": {
        "meanRet": 0.8815476213182721,
        "maxRet": 0.9333333373069763,
        "minRet": 0.8541666865348816
    },
    "MiniGrid-DoorKey-10x10-custom-diff0.15": {
        "meanRet": 0.834166657924652,
        "maxRet": 0.9458333253860474,
        "minRet": 0.7749999761581421
    },
    "MiniGrid-DoorKey-12x12-custom-diff0.15": {
        "meanRet": 0.7435000014305114,
        "maxRet": 0.8666666746139526,
        "minRet": 0.6583333611488342
    }
}