{
    "model": "Di_Rhea1\\epoch_5_curric2_gen3",
    "MiniGrid-DoorKey-5x5-custom-diff2": {
        "meanRet": 0.5446428582072258,
        "maxRet": 0.6785714030265808,
        "minRet": 0.4535714387893677
    },
    "MiniGrid-DoorKey-6x6-custom-diff2": {
        "meanRet": 0.5882500112056732,
        "maxRet": 0.6850000023841858,
        "minRet": 0.48249998688697815
    },
    "MiniGrid-DoorKey-8x8-custom-diff2": {
        "meanRet": 0.621999990940094,
        "maxRet": 0.691428542137146,
        "minRet": 0.5114285945892334
    },
    "MiniGrid-DoorKey-16x16-custom-diff2": {
        "meanRet": 0.07253989297896624,
        "maxRet": 0.5244680643081665,
        "minRet": 0.0
    }
}