{
    "model": "test12x12_75k_3step_3gen_3curric/epoch_36_curric0_gen1",
    "MiniGrid-DoorKey-6x6-custom-diff0.15": {
        "meanRet": 0.8928333353996277,
        "maxRet": 0.9416666626930237,
        "minRet": 0.862500011920929
    },
    "MiniGrid-DoorKey-8x8-custom-diff0.15": {
        "meanRet": 0.8543333339691163,
        "maxRet": 0.9083333611488342,
        "minRet": 0.8041666746139526
    },
    "MiniGrid-DoorKey-10x10-custom-diff0.15": {
        "meanRet": 0.7758333373069763,
        "maxRet": 0.9083333611488342,
        "minRet": 0.699999988079071
    },
    "MiniGrid-DoorKey-12x12-custom-diff0.15": {
        "meanRet": 0.6768333387374877,
        "maxRet": 0.8333333134651184,
        "minRet": 0.5333333611488342
    }
}