{
    "model": "SO_RHEA_2PARA_5GEN_14May\\epoch_3_curric0_gen2",
    "MiniGrid-DoorKey-5x5-custom-diff2": {
        "meanRet": 0.7077922008254312,
        "maxRet": 0.7428571581840515,
        "minRet": 0.6785714030265808
    },
    "MiniGrid-DoorKey-6x6-custom-diff2": {
        "meanRet": 0.7434999942779541,
        "maxRet": 0.8199999928474426,
        "minRet": 0.7074999809265137
    },
    "MiniGrid-DoorKey-8x8-custom-diff2": {
        "meanRet": 0.7210000097751618,
        "maxRet": 0.8585714101791382,
        "minRet": 0.6528571248054504
    },
    "MiniGrid-DoorKey-16x16-custom-diff2": {
        "meanRet": 0.499893619120121,
        "maxRet": 0.8308510780334473,
        "minRet": 0.19574467837810516
    }
}