{
    "model": "test12x12_100k_3step_3gen_3curric/epoch_24_curric0_gen3",
    "MiniGrid-DoorKey-6x6-custom-diff0.15": {
        "meanRet": 0.9057098803696809,
        "maxRet": 0.9541666507720947,
        "minRet": 0.8500000238418579
    },
    "MiniGrid-DoorKey-8x8-custom-diff0.15": {
        "meanRet": 0.8517628197486584,
        "maxRet": 0.9375,
        "minRet": 0.8041666746139526
    },
    "MiniGrid-DoorKey-10x10-custom-diff0.15": {
        "meanRet": 0.7916666650772095,
        "maxRet": 0.8999999761581421,
        "minRet": 0.675000011920929
    },
    "MiniGrid-DoorKey-12x12-custom-diff0.15": {
        "meanRet": 0.6558333265781403,
        "maxRet": 0.8166666626930237,
        "minRet": 0.4208333194255829
    }
}