{
    "model": "DO_11_05_RHEA_PARA_ENV_1\\epoch_10_curric1_gen2",
    "MiniGrid-DoorKey-5x5-custom-diff2": {
        "meanRet": 0.7042857050895691,
        "maxRet": 0.7428571581840515,
        "minRet": 0.6785714030265808
    },
    "MiniGrid-DoorKey-6x6-custom-diff2": {
        "meanRet": 0.7187499940395355,
        "maxRet": 0.8199999928474426,
        "minRet": 0.6399999856948853
    },
    "MiniGrid-DoorKey-8x8-custom-diff2": {
        "meanRet": 0.6965714216232299,
        "maxRet": 0.8199999928474426,
        "minRet": 0.6399999856948853
    },
    "MiniGrid-DoorKey-16x16-custom-diff2": {
        "meanRet": 0.04428191389888525,
        "maxRet": 0.7446808218955994,
        "minRet": 0.0
    }
}