{
    "model": "test12x12_50k_3step_3gen_3curric/epoch_30_curric0_gen2",
    "MiniGrid-DoorKey-6x6-custom-diff0.5010602224432589": {
        "meanRet": 0.9756819208463033,
        "maxRet": 0.9837725162506104,
        "minRet": 0.9687933325767517
    },
    "MiniGrid-DoorKey-8x8-custom-diff0.5010602224432589": {
        "meanRet": 0.96215256690979,
        "maxRet": 0.9800277352333069,
        "minRet": 0.9500693678855896
    },
    "MiniGrid-DoorKey-10x10-custom-diff0.5010602224432589": {
        "meanRet": 0.9512177586555481,
        "maxRet": 0.9762829542160034,
        "minRet": 0.9263522624969482
    },
    "MiniGrid-DoorKey-12x12-custom-diff0.5010602224432589": {
        "meanRet": 0.9101248314747443,
        "maxRet": 0.9737864136695862,
        "minRet": 0.8664355278015137
    }
}