{
    "model": "test12x12_100k_3step_4gen_3curric/epoch_26_curric2_gen1",
    "MiniGrid-DoorKey-6x6-custom-diff0.15": {
        "meanRet": 0.9125000047683716,
        "maxRet": 0.9583333134651184,
        "minRet": 0.8791666626930237
    },
    "MiniGrid-DoorKey-8x8-custom-diff0.15": {
        "meanRet": 0.8535493810971578,
        "maxRet": 0.9416666626930237,
        "minRet": 0.8125
    },
    "MiniGrid-DoorKey-10x10-custom-diff0.15": {
        "meanRet": 0.7935000014305115,
        "maxRet": 0.9125000238418579,
        "minRet": 0.6916666626930237
    },
    "MiniGrid-DoorKey-12x12-custom-diff0.15": {
        "meanRet": 0.6779999959468842,
        "maxRet": 0.9208333492279053,
        "minRet": 0.4833333194255829
    }
}