{
    "model": "SO_RHEA_2PARA_5GEN_14May\\epoch_5_curric2_gen5",
    "MiniGrid-DoorKey-5x5-custom-diff0": {
        "meanRet": 0.960727258162065,
        "maxRet": 0.9675999879837036,
        "minRet": 0.9531999826431274
    },
    "MiniGrid-DoorKey-6x6-custom-diff0": {
        "meanRet": 0.9629999876022339,
        "maxRet": 0.9725000262260437,
        "minRet": 0.9549999833106995
    },
    "MiniGrid-DoorKey-8x8-custom-diff0": {
        "meanRet": 0.9590908993374218,
        "maxRet": 0.9775000214576721,
        "minRet": 0.9507812261581421
    },
    "MiniGrid-DoorKey-16x16-custom-diff0": {
        "meanRet": 0.9583238580010154,
        "maxRet": 0.9838281273841858,
        "minRet": 0.9286327958106995
    }
}