{
    "model": "test12x12_75k_3step_3gen_3curric/epoch_15_curric1_gen1",
    "MiniGrid-DoorKey-6x6-custom-diff0.7815023600555896": {
        "meanRet": 0.9849777729422958,
        "maxRet": 0.9919999837875366,
        "minRet": 0.9807999730110168
    },
    "MiniGrid-DoorKey-8x8-custom-diff0.7815023600555896": {
        "meanRet": 0.9780479979515075,
        "maxRet": 0.984000027179718,
        "minRet": 0.9711999893188477
    },
    "MiniGrid-DoorKey-10x10-custom-diff0.7815023600555896": {
        "meanRet": 0.9677439999580383,
        "maxRet": 0.9911999702453613,
        "minRet": 0.9544000029563904
    },
    "MiniGrid-DoorKey-12x12-custom-diff0.7815023600555896": {
        "meanRet": 0.9503039979934692,
        "maxRet": 0.9751999974250793,
        "minRet": 0.9223999977111816
    }
}