{
    "model": "Rhea_SaRun2\\epoch_3_curric1_gen3",
    "MiniGrid-DoorKey-5x5-custom-diff2": {
        "meanRet": 0.7032966934717618,
        "maxRet": 0.7428571581840515,
        "minRet": 0.6785714030265808
    },
    "MiniGrid-DoorKey-6x6-custom-diff2": {
        "meanRet": 0.7225000063578287,
        "maxRet": 0.8199999928474426,
        "minRet": 0.6625000238418579
    },
    "MiniGrid-DoorKey-8x8-custom-diff2": {
        "meanRet": 0.7480000078678131,
        "maxRet": 0.845714271068573,
        "minRet": 0.691428542137146
    },
    "MiniGrid-DoorKey-16x16-custom-diff2": {
        "meanRet": 0.013098403811454773,
        "maxRet": 0.41914892196655273,
        "minRet": 0.0
    }
}