{
    "model": "test12x12_75k_3step_3gen_3curric/epoch_47_curric1_gen2",
    "MiniGrid-DoorKey-6x6-custom-diff0.15": {
        "meanRet": 0.9236666750907898,
        "maxRet": 0.949999988079071,
        "minRet": 0.8958333134651184
    },
    "MiniGrid-DoorKey-8x8-custom-diff0.15": {
        "meanRet": 0.8685897428255814,
        "maxRet": 0.925000011920929,
        "minRet": 0.8291666507720947
    },
    "MiniGrid-DoorKey-10x10-custom-diff0.15": {
        "meanRet": 0.8012820505178891,
        "maxRet": 0.9041666388511658,
        "minRet": 0.699999988079071
    },
    "MiniGrid-DoorKey-12x12-custom-diff0.15": {
        "meanRet": 0.6818333315849304,
        "maxRet": 0.8916666507720947,
        "minRet": 0.5541666746139526
    }
}