{
    "model": "Rhea_Fr2\\epoch_1_curric3_gen3",
    "MiniGrid-DoorKey-5x5-custom-diff0": {
        "meanRet": 0.11383030315240224,
        "maxRet": 0.8271999955177307,
        "minRet": 0.0
    },
    "MiniGrid-DoorKey-6x6-custom-diff0": {
        "meanRet": 0.04695312515832484,
        "maxRet": 0.4050000011920929,
        "minRet": 0.0
    },
    "MiniGrid-DoorKey-8x8-custom-diff0": {
        "meanRet": 0.011914062313735485,
        "maxRet": 0.3812499940395355,
        "minRet": 0.0
    },
    "MiniGrid-DoorKey-16x16-custom-diff0": {
        "meanRet": 0.0,
        "maxRet": 0.0,
        "minRet": 0.0
    }
}