{
    "model": "test12x12_100k_3step_3gen_3curric/epoch_6_curric0_gen1",
    "MiniGrid-DoorKey-6x6-custom-diff0.9970715046045372": {
        "meanRet": 0.7249700391292572,
        "maxRet": 0.9711498022079468,
        "minRet": 0.34459930658340454
    },
    "MiniGrid-DoorKey-8x8-custom-diff0.9970715046045372": {
        "meanRet": 0.09336454840376973,
        "maxRet": 0.9272474050521851,
        "minRet": 0.0
    },
    "MiniGrid-DoorKey-10x10-custom-diff0.9970715046045372": {
        "meanRet": 0.040411584079265594,
        "maxRet": 0.6613240242004395,
        "minRet": 0.0
    },
    "MiniGrid-DoorKey-12x12-custom-diff0.9970715046045372": {
        "meanRet": 0.004986933898180723,
        "maxRet": 0.15958188474178314,
        "minRet": 0.0
    }
}