{
    "model": "test12x12_25k_3step_3gen_3curric/epoch_30_curric1_gen2",
    "MiniGrid-DoorKey-6x6-custom-diff0.6819142875744653": {
        "meanRet": 0.9823722073010036,
        "maxRet": 0.9908257126808167,
        "minRet": 0.9770641922950745
    },
    "MiniGrid-DoorKey-8x8-custom-diff0.6819142875744653": {
        "meanRet": 0.9740917444229126,
        "maxRet": 0.9862385392189026,
        "minRet": 0.9660550355911255
    },
    "MiniGrid-DoorKey-10x10-custom-diff0.6819142875744653": {
        "meanRet": 0.9621651411056519,
        "maxRet": 0.9761468172073364,
        "minRet": 0.9504587054252625
    },
    "MiniGrid-DoorKey-12x12-custom-diff0.6819142875744653": {
        "meanRet": 0.94,
        "maxRet": 0.9688073396682739,
        "minRet": 0.9110091924667358
    }
}