{
    "model": "test12x12_100k_4step_3gen_3curric/epoch_12_curric0_gen2",
    "MiniGrid-DoorKey-6x6-custom-diff0.635606": {
        "meanRet": 0.9723409843444825,
        "maxRet": 0.991147518157959,
        "minRet": 0.9527868628501892
    },
    "MiniGrid-DoorKey-8x8-custom-diff0.635606": {
        "meanRet": 0.9224917984008789,
        "maxRet": 0.9773770570755005,
        "minRet": 0.8760655522346497
    },
    "MiniGrid-DoorKey-10x10-custom-diff0.635606": {
        "meanRet": 0.8414819669723511,
        "maxRet": 0.954754114151001,
        "minRet": 0.7354098558425903
    },
    "MiniGrid-DoorKey-12x12-custom-diff0.635606": {
        "meanRet": 0.5895213139057159,
        "maxRet": 0.9016393423080444,
        "minRet": 0.2790164053440094
    }
}