{
    "model": "test12x12_50k_3step_3gen_3curric/epoch_39_curric1_gen3",
    "MiniGrid-DoorKey-6x6-custom-diff0.2760602224432589": {
        "meanRet": 0.9594659852981567,
        "maxRet": 0.9727959632873535,
        "minRet": 0.9478589296340942
    },
    "MiniGrid-DoorKey-8x8-custom-diff0.2760602224432589": {
        "meanRet": 0.937974796295166,
        "maxRet": 0.9705289602279663,
        "minRet": 0.9161208868026733
    },
    "MiniGrid-DoorKey-10x10-custom-diff0.2760602224432589": {
        "meanRet": 0.9180251693725586,
        "maxRet": 0.9591939449310303,
        "minRet": 0.8843828439712524
    },
    "MiniGrid-DoorKey-12x12-custom-diff0.2760602224432589": {
        "meanRet": 0.8659748148918152,
        "maxRet": 0.934256911277771,
        "minRet": 0.7937027812004089
    }
}