{
    "model": "SO_RHEA_2PARA_5GEN_14May\\epoch_1_curric1_gen2",
    "MiniGrid-DoorKey-5x5-custom-diff0": {
        "meanRet": 0.9593199849128723,
        "maxRet": 0.9675999879837036,
        "minRet": 0.9531999826431274
    },
    "MiniGrid-DoorKey-6x6-custom-diff0": {
        "meanRet": 0.9502499878406525,
        "maxRet": 0.9674999713897705,
        "minRet": 0.9350000023841858
    },
    "MiniGrid-DoorKey-8x8-custom-diff0": {
        "meanRet": 0.8403906345367431,
        "maxRet": 0.9296875,
        "minRet": 0.7314062714576721
    },
    "MiniGrid-DoorKey-16x16-custom-diff0": {
        "meanRet": 0.07789550721645355,
        "maxRet": 0.71875,
        "minRet": 0.0
    }
}