{
    "model": "test12x12_150k_3step_3gen_3curric/epoch_15_curric1_gen2",
    "MiniGrid-DoorKey-6x6-custom-diff0.7313807381558474": {
        "meanRet": 0.9838196183073109,
        "maxRet": 0.9897435903549194,
        "minRet": 0.9794871807098389
    },
    "MiniGrid-DoorKey-8x8-custom-diff0.7313807381558474": {
        "meanRet": 0.9755555415153503,
        "maxRet": 0.9846153855323792,
        "minRet": 0.9666666388511658
    },
    "MiniGrid-DoorKey-10x10-custom-diff0.7313807381558474": {
        "meanRet": 0.9621399067066334,
        "maxRet": 0.9846153855323792,
        "minRet": 0.9470085501670837
    },
    "MiniGrid-DoorKey-12x12-custom-diff0.7313807381558474": {
        "meanRet": 0.9508034086227417,
        "maxRet": 0.9709401726722717,
        "minRet": 0.9264957308769226
    }
}