{
    "model": "test12x12_75k_3step_3gen_3curric/epoch_17_curric1_gen2",
    "MiniGrid-DoorKey-6x6-custom-diff0.7315023600555897": {
        "meanRet": 0.9846153694849747,
        "maxRet": 0.9914529919624329,
        "minRet": 0.9803418517112732
    },
    "MiniGrid-DoorKey-8x8-custom-diff0.7315023600555897": {
        "meanRet": 0.9765285895420954,
        "maxRet": 0.9854700565338135,
        "minRet": 0.9700854420661926
    },
    "MiniGrid-DoorKey-10x10-custom-diff0.7315023600555897": {
        "meanRet": 0.9639657974243164,
        "maxRet": 0.9811965823173523,
        "minRet": 0.952136754989624
    },
    "MiniGrid-DoorKey-12x12-custom-diff0.7315023600555897": {
        "meanRet": 0.9429059720039368,
        "maxRet": 0.9726495742797852,
        "minRet": 0.9205127954483032
    }
}