{
    "model": "SO_RHEA_2PARA_5GEN_14May\\epoch_6_curric1_gen1",
    "MiniGrid-DoorKey-5x5-custom-diff0": {
        "meanRet": 0.9567999839782715,
        "maxRet": 0.9675999879837036,
        "minRet": 0.9495999813079834
    },
    "MiniGrid-DoorKey-6x6-custom-diff0": {
        "meanRet": 0.9607499837875366,
        "maxRet": 0.9700000286102295,
        "minRet": 0.9574999809265137
    },
    "MiniGrid-DoorKey-8x8-custom-diff0": {
        "meanRet": 0.9663906276226044,
        "maxRet": 0.9775000214576721,
        "minRet": 0.957812488079071
    },
    "MiniGrid-DoorKey-16x16-custom-diff0": {
        "meanRet": 0.9674101531505584,
        "maxRet": 0.9845312237739563,
        "minRet": 0.9493749737739563
    }
}