{
    "model": "Di_Rhea1\\epoch_1_curric1_gen2",
    "MiniGrid-DoorKey-5x5-custom-diff0": {
        "meanRet": 0.7616799950599671,
        "maxRet": 0.9315999746322632,
        "minRet": 0.5752000212669373
    },
    "MiniGrid-DoorKey-6x6-custom-diff0": {
        "meanRet": 0.7070000052452088,
        "maxRet": 0.9075000286102295,
        "minRet": 0.5625
    },
    "MiniGrid-DoorKey-8x8-custom-diff0": {
        "meanRet": 0.10554450705195918,
        "maxRet": 0.6878125071525574,
        "minRet": 0.0
    },
    "MiniGrid-DoorKey-16x16-custom-diff0": {
        "meanRet": 0.022395020350813866,
        "maxRet": 0.7166406512260437,
        "minRet": 0.0
    }
}