{
    "model": "test12x12_75k_3step_3gen_3curric/epoch_16_curric1_gen1",
    "MiniGrid-DoorKey-6x6-custom-diff0.7565023600555896": {
        "meanRet": 0.9838347148895263,
        "maxRet": 0.9892562031745911,
        "minRet": 0.9776859283447266
    },
    "MiniGrid-DoorKey-8x8-custom-diff0.7565023600555896": {
        "meanRet": 0.9752727222442626,
        "maxRet": 0.9867768883705139,
        "minRet": 0.968595027923584
    },
    "MiniGrid-DoorKey-10x10-custom-diff0.7565023600555896": {
        "meanRet": 0.9663140487670898,
        "maxRet": 0.9793388247489929,
        "minRet": 0.9512396454811096
    },
    "MiniGrid-DoorKey-12x12-custom-diff0.7565023600555896": {
        "meanRet": 0.9398677682876587,
        "maxRet": 0.9727272987365723,
        "minRet": 0.9140495657920837
    }
}