{
    "model": "test12x12_75k_3step_3gen_3curric/epoch_42_curric1_gen2",
    "MiniGrid-DoorKey-6x6-custom-diff0.15": {
        "meanRet": 0.9181089790967795,
        "maxRet": 0.949999988079071,
        "minRet": 0.8916666507720947
    },
    "MiniGrid-DoorKey-8x8-custom-diff0.15": {
        "meanRet": 0.8567901253700256,
        "maxRet": 0.9291666746139526,
        "minRet": 0.7916666865348816
    },
    "MiniGrid-DoorKey-10x10-custom-diff0.15": {
        "meanRet": 0.7571666622161866,
        "maxRet": 0.8999999761581421,
        "minRet": 0.6083333492279053
    },
    "MiniGrid-DoorKey-12x12-custom-diff0.15": {
        "meanRet": 0.6471666622161866,
        "maxRet": 0.8541666865348816,
        "minRet": 0.40416666865348816
    }
}