{
    "model": "test12x12_25k_3step_3gen_3curric/epoch_19_curric2_gen3",
    "MiniGrid-DoorKey-6x6-custom-diff0.9569142875744653": {
        "meanRet": 0.9876862597465516,
        "maxRet": 0.9908496737480164,
        "minRet": 0.9843137264251709
    },
    "MiniGrid-DoorKey-8x8-custom-diff0.9569142875744653": {
        "meanRet": 0.9798954081535339,
        "maxRet": 0.9875816702842712,
        "minRet": 0.9732025861740112
    },
    "MiniGrid-DoorKey-10x10-custom-diff0.9569142875744653": {
        "meanRet": 0.9674771094322204,
        "maxRet": 0.9843137264251709,
        "minRet": 0.9483659863471985
    },
    "MiniGrid-DoorKey-12x12-custom-diff0.9569142875744653": {
        "meanRet": 0.9504836463928222,
        "maxRet": 0.983660101890564,
        "minRet": 0.915032684803009
    }
}