{
    "model": "Di_Rhea1\\epoch_1_curric0_gen1",
    "MiniGrid-DoorKey-5x5-custom-diff0": {
        "meanRet": 0.9542799830436707,
        "maxRet": 0.9639999866485596,
        "minRet": 0.9459999799728394
    },
    "MiniGrid-DoorKey-6x6-custom-diff0": {
        "meanRet": 0.9529166519641876,
        "maxRet": 0.9649999737739563,
        "minRet": 0.9449999928474426
    },
    "MiniGrid-DoorKey-8x8-custom-diff0": {
        "meanRet": 0.9516761357134039,
        "maxRet": 0.9634374976158142,
        "minRet": 0.9437500238418579
    },
    "MiniGrid-DoorKey-16x16-custom-diff0": {
        "meanRet": 0.8779726564884186,
        "maxRet": 0.9658984541893005,
        "minRet": 0.8122656345367432
    }
}