{
    "model": "test12x12_150k_3step_3gen_3curric/epoch_14_curric0_gen1",
    "MiniGrid-DoorKey-6x6-custom-diff0.7563807381558474": {
        "meanRet": 0.9848264527320861,
        "maxRet": 0.9900826215744019,
        "minRet": 0.9801653027534485
    },
    "MiniGrid-DoorKey-8x8-custom-diff0.7563807381558474": {
        "meanRet": 0.9751748213401208,
        "maxRet": 0.984297513961792,
        "minRet": 0.968595027923584
    },
    "MiniGrid-DoorKey-10x10-custom-diff0.7563807381558474": {
        "meanRet": 0.9697190022468567,
        "maxRet": 0.984297513961792,
        "minRet": 0.9611570239067078
    },
    "MiniGrid-DoorKey-12x12-custom-diff0.7563807381558474": {
        "meanRet": 0.9501487565040588,
        "maxRet": 0.9752066135406494,
        "minRet": 0.9314049482345581
    }
}