{
    "model": "test12x12_25k_3step_3gen_3curric/epoch_38_curric1_gen1",
    "MiniGrid-DoorKey-6x6-custom-diff0.4819142875744653": {
        "meanRet": 0.973766233921051,
        "maxRet": 0.983116865158081,
        "minRet": 0.9675324559211731
    },
    "MiniGrid-DoorKey-8x8-custom-diff0.4819142875744653": {
        "meanRet": 0.960831172466278,
        "maxRet": 0.9766233563423157,
        "minRet": 0.9493506550788879
    },
    "MiniGrid-DoorKey-10x10-custom-diff0.4819142875744653": {
        "meanRet": 0.9437402606010437,
        "maxRet": 0.9688311815261841,
        "minRet": 0.9142857193946838
    },
    "MiniGrid-DoorKey-12x12-custom-diff0.4819142875744653": {
        "meanRet": 0.9153246736526489,
        "maxRet": 0.9597402811050415,
        "minRet": 0.8688311576843262
    }
}