{
    "model": "test12x12_25k_3step_3gen_3curric/epoch_7_curric0_gen3",
    "MiniGrid-DoorKey-6x6-custom-diff1": {
        "meanRet": 0.8036250019073486,
        "maxRet": 0.9868749976158142,
        "minRet": 0.6018750071525574
    },
    "MiniGrid-DoorKey-8x8-custom-diff1": {
        "meanRet": 0.2344575470910882,
        "maxRet": 0.953125,
        "minRet": 0.0
    },
    "MiniGrid-DoorKey-10x10-custom-diff1": {
        "meanRet": 0.08092447898040216,
        "maxRet": 0.9168750047683716,
        "minRet": 0.0
    },
    "MiniGrid-DoorKey-12x12-custom-diff1": {
        "meanRet": 0.03217447859545549,
        "maxRet": 0.5381249785423279,
        "minRet": 0.0
    }
}