{
    "model": "Rhea_SaRun2\\epoch_1_curric2_gen2",
    "MiniGrid-DoorKey-5x5-custom-diff0": {
        "meanRet": 0.9471999804178873,
        "maxRet": 0.9639999866485596,
        "minRet": 0.9351999759674072
    },
    "MiniGrid-DoorKey-6x6-custom-diff0": {
        "meanRet": 0.9567499816417694,
        "maxRet": 0.9674999713897705,
        "minRet": 0.9474999904632568
    },
    "MiniGrid-DoorKey-8x8-custom-diff0": {
        "meanRet": 0.9510624945163727,
        "maxRet": 0.9690625071525574,
        "minRet": 0.9423437714576721
    },
    "MiniGrid-DoorKey-16x16-custom-diff0": {
        "meanRet": 0.8160624980926514,
        "maxRet": 0.9514843821525574,
        "minRet": 0.6688281297683716
    }
}