{
    "model": "test12x12_100k_3step_4gen_3curric/epoch_29_curric0_gen1",
    "MiniGrid-DoorKey-6x6-custom-diff0.15": {
        "meanRet": 0.9269230870100168,
        "maxRet": 0.949999988079071,
        "minRet": 0.9083333611488342
    },
    "MiniGrid-DoorKey-8x8-custom-diff0.15": {
        "meanRet": 0.8750000023841857,
        "maxRet": 0.925000011920929,
        "minRet": 0.8458333611488342
    },
    "MiniGrid-DoorKey-10x10-custom-diff0.15": {
        "meanRet": 0.8348333334922791,
        "maxRet": 0.9458333253860474,
        "minRet": 0.7666666507720947
    },
    "MiniGrid-DoorKey-12x12-custom-diff0.15": {
        "meanRet": 0.7439999961853028,
        "maxRet": 0.862500011920929,
        "minRet": 0.612500011920929
    }
}