{
    "model": "test12x12_25k_3step_3gen_3curric/epoch_37_curric1_gen2",
    "MiniGrid-DoorKey-6x6-custom-diff0.5069142875744653": {
        "meanRet": 0.9772079793306497,
        "maxRet": 0.9851852059364319,
        "minRet": 0.970370352268219
    },
    "MiniGrid-DoorKey-8x8-custom-diff0.5069142875744653": {
        "meanRet": 0.9626780656667856,
        "maxRet": 0.9740740656852722,
        "minRet": 0.9530864357948303
    },
    "MiniGrid-DoorKey-10x10-custom-diff0.5069142875744653": {
        "meanRet": 0.9443019903623141,
        "maxRet": 0.9679012298583984,
        "minRet": 0.9259259104728699
    },
    "MiniGrid-DoorKey-12x12-custom-diff0.5069142875744653": {
        "meanRet": 0.9190408381131979,
        "maxRet": 0.9592592716217041,
        "minRet": 0.8716049194335938
    }
}