{
    "model": "test12x12_75k_3step_3gen_3curric/epoch_29_curric2_gen1",
    "MiniGrid-DoorKey-6x6-custom-diff0.15": {
        "meanRet": 0.873666672706604,
        "maxRet": 0.9458333253860474,
        "minRet": 0.7833333611488342
    },
    "MiniGrid-DoorKey-8x8-custom-diff0.15": {
        "meanRet": 0.7271666693687439,
        "maxRet": 0.9083333611488342,
        "minRet": 0.5874999761581421
    },
    "MiniGrid-DoorKey-10x10-custom-diff0.15": {
        "meanRet": 0.20908333450555802,
        "maxRet": 0.7749999761581421,
        "minRet": 0.0
    },
    "MiniGrid-DoorKey-12x12-custom-diff0.15": {
        "meanRet": 0.060156249441206455,
        "maxRet": 0.5916666388511658,
        "minRet": 0.0
    }
}