{
    "model": "Rhea_Fr2\\epoch_3_curric0_gen2",
    "MiniGrid-DoorKey-5x5-custom-diff2": {
        "meanRet": 0.6705357084671656,
        "maxRet": 0.7428571581840515,
        "minRet": 0.6142857074737549
    },
    "MiniGrid-DoorKey-6x6-custom-diff2": {
        "meanRet": 0.7197727235880765,
        "maxRet": 0.7749999761581421,
        "minRet": 0.6850000023841858
    },
    "MiniGrid-DoorKey-8x8-custom-diff2": {
        "meanRet": 0.7248571515083313,
        "maxRet": 0.8199999928474426,
        "minRet": 0.6657142639160156
    },
    "MiniGrid-DoorKey-16x16-custom-diff2": {
        "meanRet": 0.09847074514254928,
        "maxRet": 0.693617045879364,
        "minRet": 0.0
    }
}