{
    "model": "test12x12_50k_3step_3gen_3curric/epoch_13_curric0_gen3",
    "MiniGrid-DoorKey-6x6-custom-diff0.9260602224432589": {
        "meanRet": 0.9863965952837909,
        "maxRet": 0.9912227988243103,
        "minRet": 0.9824455976486206
    },
    "MiniGrid-DoorKey-8x8-custom-diff0.9260602224432589": {
        "meanRet": 0.9803681694544278,
        "maxRet": 0.9871717691421509,
        "minRet": 0.9736683964729309
    },
    "MiniGrid-DoorKey-10x10-custom-diff0.9260602224432589": {
        "meanRet": 0.967348837852478,
        "maxRet": 0.9817704558372498,
        "minRet": 0.9547637104988098
    },
    "MiniGrid-DoorKey-12x12-custom-diff0.9260602224432589": {
        "meanRet": 0.9494662101452167,
        "maxRet": 0.9729932546615601,
        "minRet": 0.9264066219329834
    }
}