{
    "model": "test12x12_150k_3step_3gen_3curric/epoch_10_curric1_gen3",
    "MiniGrid-DoorKey-6x6-custom-diff0.8563807381558474": {
        "meanRet": 0.9858293533325195,
        "maxRet": 0.9912408590316772,
        "minRet": 0.9824817776679993
    },
    "MiniGrid-DoorKey-8x8-custom-diff0.8563807381558474": {
        "meanRet": 0.9776934337615967,
        "maxRet": 0.9875912666320801,
        "minRet": 0.970802903175354
    },
    "MiniGrid-DoorKey-10x10-custom-diff0.8563807381558474": {
        "meanRet": 0.9702189779281616,
        "maxRet": 0.9875912666320801,
        "minRet": 0.9605839252471924
    },
    "MiniGrid-DoorKey-12x12-custom-diff0.8563807381558474": {
        "meanRet": 0.9520774850478539,
        "maxRet": 0.9729927182197571,
        "minRet": 0.9160584211349487
    }
}