{
    "model": "test12x12_50k_3step_3gen_3curric/epoch_25_curric0_gen2",
    "MiniGrid-DoorKey-6x6-custom-diff0.6260602224432589": {
        "meanRet": 0.9765260861470149,
        "maxRet": 0.9870144128799438,
        "minRet": 0.9690344333648682
    },
    "MiniGrid-DoorKey-8x8-custom-diff0.6260602224432589": {
        "meanRet": 0.9692341899871826,
        "maxRet": 0.9850166440010071,
        "minRet": 0.9590455293655396
    },
    "MiniGrid-DoorKey-10x10-custom-diff0.6260602224432589": {
        "meanRet": 0.9577669215202331,
        "maxRet": 0.979023277759552,
        "minRet": 0.935072124004364
    },
    "MiniGrid-DoorKey-12x12-custom-diff0.6260602224432589": {
        "meanRet": 0.9424639344215393,
        "maxRet": 0.9730299711227417,
        "minRet": 0.9160932302474976
    }
}