{
    "model": "test12x12_150k_3step_3gen_3curric/epoch_21_curric1_gen1",
    "MiniGrid-DoorKey-6x6-custom-diff0.15": {
        "meanRet": 0.9206666707992553,
        "maxRet": 0.949999988079071,
        "minRet": 0.8958333134651184
    },
    "MiniGrid-DoorKey-8x8-custom-diff0.15": {
        "meanRet": 0.8742283935900088,
        "maxRet": 0.9291666746139526,
        "minRet": 0.8333333134651184
    },
    "MiniGrid-DoorKey-10x10-custom-diff0.15": {
        "meanRet": 0.8325320551028619,
        "maxRet": 0.9208333492279053,
        "minRet": 0.7833333611488342
    },
    "MiniGrid-DoorKey-12x12-custom-diff0.15": {
        "meanRet": 0.7001666617393494,
        "maxRet": 0.862500011920929,
        "minRet": 0.5333333611488342
    }
}