{
    "model": "test12x12_100k_3step_3gen_3curric/epoch_27_curric2_gen3",
    "MiniGrid-DoorKey-6x6-custom-diff0.15": {
        "meanRet": 0.9180000019073487,
        "maxRet": 0.9416666626930237,
        "minRet": 0.8916666507720947
    },
    "MiniGrid-DoorKey-8x8-custom-diff0.15": {
        "meanRet": 0.8398333311080932,
        "maxRet": 0.8999999761581421,
        "minRet": 0.7666666507720947
    },
    "MiniGrid-DoorKey-10x10-custom-diff0.15": {
        "meanRet": 0.8083333327220037,
        "maxRet": 0.9166666865348816,
        "minRet": 0.6833333373069763
    },
    "MiniGrid-DoorKey-12x12-custom-diff0.15": {
        "meanRet": 0.5861666655540466,
        "maxRet": 0.8458333611488342,
        "minRet": 0.32499998807907104
    }
}