{
    "model": "new_25k_7step_4gen_3curric/epoch_4_curric0_gen4",
    "MiniGrid-DoorKey-6x6-custom-diff1": {
        "meanRet": 0.8137249994277954,
        "maxRet": 0.9831249713897705,
        "minRet": 0.5268750190734863
    },
    "MiniGrid-DoorKey-8x8-custom-diff1": {
        "meanRet": 0.08880102056629803,
        "maxRet": 0.7918750047683716,
        "minRet": 0.0
    },
    "MiniGrid-DoorKey-10x10-custom-diff1": {
        "meanRet": 0.026783854390184086,
        "maxRet": 0.6662499904632568,
        "minRet": 0.0
    },
    "MiniGrid-DoorKey-12x12-custom-diff1": {
        "meanRet": 0.012005208681027094,
        "maxRet": 0.5762500166893005,
        "minRet": 0.0
    }
}