{
    "model": "test12x12_100k_3step_4gen_3curric/epoch_8_curric2_gen1",
    "MiniGrid-DoorKey-6x6-custom-diff0.94467792277423": {
        "meanRet": 0.9866937931094851,
        "maxRet": 0.9920588135719299,
        "minRet": 0.9827941060066223
    },
    "MiniGrid-DoorKey-8x8-custom-diff0.94467792277423": {
        "meanRet": 0.980941174030304,
        "maxRet": 0.9887499809265137,
        "minRet": 0.976838231086731
    },
    "MiniGrid-DoorKey-10x10-custom-diff0.94467792277423": {
        "meanRet": 0.973794116973877,
        "maxRet": 0.9874264597892761,
        "minRet": 0.9642646908760071
    },
    "MiniGrid-DoorKey-12x12-custom-diff0.94467792277423": {
        "meanRet": 0.9584869879942673,
        "maxRet": 0.9781617522239685,
        "minRet": 0.9404411911964417
    }
}