{
    "model": "test12x12_100k_3step_4gen_3curric/epoch_5_curric1_gen1",
    "MiniGrid-DoorKey-6x6-custom-diff1": {
        "meanRet": 0.9866826923993918,
        "maxRet": 0.9912499785423279,
        "minRet": 0.9825000166893005
    },
    "MiniGrid-DoorKey-8x8-custom-diff1": {
        "meanRet": 0.9830250024795533,
        "maxRet": 0.9887499809265137,
        "minRet": 0.9775000214576721
    },
    "MiniGrid-DoorKey-10x10-custom-diff1": {
        "meanRet": 0.9748999953269959,
        "maxRet": 0.9850000143051147,
        "minRet": 0.9649999737739563
    },
    "MiniGrid-DoorKey-12x12-custom-diff1": {
        "meanRet": 0.9602750015258789,
        "maxRet": 0.9781249761581421,
        "minRet": 0.9393749833106995
    }
}