{
    "model": "test12x12_75k_3step_3gen_3curric/epoch_12_curric2_gen3",
    "MiniGrid-DoorKey-6x6-custom-diff0.8565023600555897": {
        "meanRet": 0.9858506459456223,
        "maxRet": 0.9927007555961609,
        "minRet": 0.9817517995834351
    },
    "MiniGrid-DoorKey-8x8-custom-diff0.8565023600555897": {
        "meanRet": 0.9784671549613659,
        "maxRet": 0.9868612885475159,
        "minRet": 0.9715328216552734
    },
    "MiniGrid-DoorKey-10x10-custom-diff0.8565023600555897": {
        "meanRet": 0.9721546415929441,
        "maxRet": 0.9875912666320801,
        "minRet": 0.9642335772514343
    },
    "MiniGrid-DoorKey-12x12-custom-diff0.8565023600555897": {
        "meanRet": 0.9473868656158447,
        "maxRet": 0.9751824736595154,
        "minRet": 0.9226277470588684
    }
}