{
    "model": "Rhea_Fr2\\epoch_1_curric0_gen2",
    "MiniGrid-DoorKey-5x5-custom-diff0": {
        "meanRet": 0.9534999827543894,
        "maxRet": 0.9675999879837036,
        "minRet": 0.9459999799728394
    },
    "MiniGrid-DoorKey-6x6-custom-diff0": {
        "meanRet": 0.9562499821186066,
        "maxRet": 0.9649999737739563,
        "minRet": 0.9474999904632568
    },
    "MiniGrid-DoorKey-8x8-custom-diff0": {
        "meanRet": 0.9452968716621399,
        "maxRet": 0.9845312237739563,
        "minRet": 0.9240624904632568
    },
    "MiniGrid-DoorKey-16x16-custom-diff0": {
        "meanRet": 0.7802734434604645,
        "maxRet": 0.910351574420929,
        "minRet": 0.5788280963897705
    }
}