{
    "model": "test12x12_50k_3step_3gen_3curric/epoch_29_curric2_gen1",
    "MiniGrid-DoorKey-6x6-custom-diff0.5260602224432589": {
        "meanRet": 0.9762219309806823,
        "maxRet": 0.9881109595298767,
        "minRet": 0.9678996205329895
    },
    "MiniGrid-DoorKey-8x8-custom-diff0.5260602224432589": {
        "meanRet": 0.9631439900398254,
        "maxRet": 0.9809775352478027,
        "minRet": 0.9512549638748169
    },
    "MiniGrid-DoorKey-10x10-custom-diff0.5260602224432589": {
        "meanRet": 0.9416961646080018,
        "maxRet": 0.9809775352478027,
        "minRet": 0.915587842464447
    },
    "MiniGrid-DoorKey-12x12-custom-diff0.5260602224432589": {
        "meanRet": 0.9188216614723206,
        "maxRet": 0.9571994543075562,
        "minRet": 0.8692206144332886
    }
}