{
    "model": "test12x12_25k_3step_3gen_3curric/epoch_12_curric2_gen3",
    "MiniGrid-DoorKey-6x6-custom-diff1": {
        "meanRet": 0.987893526200895,
        "maxRet": 0.9925000071525574,
        "minRet": 0.9837499856948853
    },
    "MiniGrid-DoorKey-8x8-custom-diff1": {
        "meanRet": 0.9813749957084655,
        "maxRet": 0.9887499809265137,
        "minRet": 0.9756249785423279
    },
    "MiniGrid-DoorKey-10x10-custom-diff1": {
        "meanRet": 0.9730528776462262,
        "maxRet": 0.9862499833106995,
        "minRet": 0.9624999761581421
    },
    "MiniGrid-DoorKey-12x12-custom-diff1": {
        "meanRet": 0.9585249924659729,
        "maxRet": 0.9793750047683716,
        "minRet": 0.9437500238418579
    }
}