{
    "model": "test12x12_75k_3step_3gen_3curric/epoch_40_curric2_gen2",
    "MiniGrid-DoorKey-6x6-custom-diff0.15": {
        "meanRet": 0.9226851816530581,
        "maxRet": 0.9583333134651184,
        "minRet": 0.8958333134651184
    },
    "MiniGrid-DoorKey-8x8-custom-diff0.15": {
        "meanRet": 0.8799679485651163,
        "maxRet": 0.925000011920929,
        "minRet": 0.8416666388511658
    },
    "MiniGrid-DoorKey-10x10-custom-diff0.15": {
        "meanRet": 0.8321666669845581,
        "maxRet": 0.9083333611488342,
        "minRet": 0.7749999761581421
    },
    "MiniGrid-DoorKey-12x12-custom-diff0.15": {
        "meanRet": 0.7354999995231628,
        "maxRet": 0.8666666746139526,
        "minRet": 0.6416666507720947
    }
}