{
    "model": "MI_RHEA_PARA_ENV_2_first\\epoch_2_curric2_gen2",
    "MiniGrid-DoorKey-5x5-custom-diff1": {
        "meanRet": 0.8609756082296371,
        "maxRet": 0.9012194871902466,
        "minRet": 0.8353658318519592
    },
    "MiniGrid-DoorKey-6x6-custom-diff1": {
        "meanRet": 0.8771008302768072,
        "maxRet": 0.916806697845459,
        "minRet": 0.8563024997711182
    },
    "MiniGrid-DoorKey-8x8-custom-diff1": {
        "meanRet": 0.8775829434394836,
        "maxRet": 0.9274881482124329,
        "minRet": 0.8379147052764893
    },
    "MiniGrid-DoorKey-16x16-custom-diff1": {
        "meanRet": 0.5836567997932434,
        "maxRet": 0.7124260067939758,
        "minRet": 0.4781064987182617
    }
}