{
    "model": "test12x12_100k_3step_3gen_3curric/epoch_14_curric2_gen3",
    "MiniGrid-DoorKey-6x6-custom-diff0.7970715046045371": {
        "meanRet": 0.9837733221054077,
        "maxRet": 0.9913687705993652,
        "minRet": 0.9772449731826782
    },
    "MiniGrid-DoorKey-8x8-custom-diff0.7970715046045371": {
        "meanRet": 0.9766800403594971,
        "maxRet": 0.9897994995117188,
        "minRet": 0.9678291082382202
    },
    "MiniGrid-DoorKey-10x10-custom-diff0.7970715046045371": {
        "meanRet": 0.9673269438743591,
        "maxRet": 0.9827376008033752,
        "minRet": 0.948212742805481
    },
    "MiniGrid-DoorKey-12x12-custom-diff0.7970715046045371": {
        "meanRet": 0.950221438407898,
        "maxRet": 0.9772449731826782,
        "minRet": 0.9074106216430664
    }
}