{
    "model": "DO_11_05_RHEA_PARA_ENV_1\\epoch_1_curric0_gen1",
    "MiniGrid-DoorKey-5x5-custom-diff0": {
        "meanRet": 0.07951515100219032,
        "maxRet": 0.8271999955177307,
        "minRet": 0.0
    },
    "MiniGrid-DoorKey-6x6-custom-diff0": {
        "meanRet": 0.026718749664723873,
        "maxRet": 0.29750001430511475,
        "minRet": 0.0
    },
    "MiniGrid-DoorKey-8x8-custom-diff0": {
        "meanRet": 0.024223633110523224,
        "maxRet": 0.46000000834465027,
        "minRet": 0.0
    },
    "MiniGrid-DoorKey-16x16-custom-diff0": {
        "meanRet": 0.0,
        "maxRet": 0.0,
        "minRet": 0.0
    }
}