{
    "model": "test12x12_100k_4step_3gen_3curric/epoch_14_curric2_gen2",
    "MiniGrid-DoorKey-6x6-custom-diff0.533207": {
        "meanRet": 0.90495436668396,
        "maxRet": 0.9788787364959717,
        "minRet": 0.8157757520675659
    },
    "MiniGrid-DoorKey-8x8-custom-diff0.533207": {
        "meanRet": 0.7046779656410217,
        "maxRet": 0.9061277508735657,
        "minRet": 0.49426335096359253
    },
    "MiniGrid-DoorKey-10x10-custom-diff0.533207": {
        "meanRet": 0.19313168168067932,
        "maxRet": 0.9483702778816223,
        "minRet": 0.0
    },
    "MiniGrid-DoorKey-12x12-custom-diff0.533207": {
        "meanRet": 0.04180519406994184,
        "maxRet": 0.6773142218589783,
        "minRet": 0.0
    }
}