{
    "model": "MI_RHEA_PARA_ENV_2_first\\epoch_8_curric0_gen3",
    "MiniGrid-DoorKey-5x5-custom-diff1": {
        "meanRet": 0.861538474376385,
        "maxRet": 0.8902438879013062,
        "minRet": 0.8463414907455444
    },
    "MiniGrid-DoorKey-6x6-custom-diff1": {
        "meanRet": 0.8910924315452575,
        "maxRet": 0.9092437028884888,
        "minRet": 0.8714285492897034
    },
    "MiniGrid-DoorKey-8x8-custom-diff1": {
        "meanRet": 0.8899526119232177,
        "maxRet": 0.9104265570640564,
        "minRet": 0.8720378875732422
    },
    "MiniGrid-DoorKey-16x16-custom-diff1": {
        "meanRet": 0.8020000040531159,
        "maxRet": 0.9158579707145691,
        "minRet": 0.6900591850280762
    }
}