{
    "model": "test12x12_50k_3step_3gen_3curric/epoch_8_curric2_gen3",
    "MiniGrid-DoorKey-6x6-custom-diff1": {
        "meanRet": 0.98822500705719,
        "maxRet": 0.9925000071525574,
        "minRet": 0.9850000143051147
    },
    "MiniGrid-DoorKey-8x8-custom-diff1": {
        "meanRet": 0.982124993801117,
        "maxRet": 0.9887499809265137,
        "minRet": 0.9775000214576721
    },
    "MiniGrid-DoorKey-10x10-custom-diff1": {
        "meanRet": 0.9758249974250793,
        "maxRet": 0.9850000143051147,
        "minRet": 0.9674999713897705
    },
    "MiniGrid-DoorKey-12x12-custom-diff1": {
        "meanRet": 0.9580528873663682,
        "maxRet": 0.9775000214576721,
        "minRet": 0.9399999976158142
    }
}