{
    "model": "test12x12_100k_3step_4gen_3curric/epoch_33_curric1_gen3",
    "MiniGrid-DoorKey-6x6-custom-diff0.15": {
        "meanRet": 0.9259615494654729,
        "maxRet": 0.949999988079071,
        "minRet": 0.9083333611488342
    },
    "MiniGrid-DoorKey-8x8-custom-diff0.15": {
        "meanRet": 0.8910256372048304,
        "maxRet": 0.9375,
        "minRet": 0.8583333492279053
    },
    "MiniGrid-DoorKey-10x10-custom-diff0.15": {
        "meanRet": 0.8575000047683716,
        "maxRet": 0.9333333373069763,
        "minRet": 0.8041666746139526
    },
    "MiniGrid-DoorKey-12x12-custom-diff0.15": {
        "meanRet": 0.7356666660308838,
        "maxRet": 0.8833333253860474,
        "minRet": 0.6291666626930237
    }
}