{
    "model": "SoRRH_2\\epoch_4_curric1",
    "MiniGrid-DoorKey-5x5-custom-diff0": {
        "meanRet": 0.9542799830436707,
        "maxRet": 0.9603999853134155,
        "minRet": 0.9495999813079834
    },
    "MiniGrid-DoorKey-6x6-custom-diff0": {
        "meanRet": 0.9579999923706055,
        "maxRet": 0.9700000286102295,
        "minRet": 0.949999988079071
    },
    "MiniGrid-DoorKey-8x8-custom-diff0": {
        "meanRet": 0.9528267004273154,
        "maxRet": 0.9634374976158142,
        "minRet": 0.9423437714576721
    },
    "MiniGrid-DoorKey-16x16-custom-diff0": {
        "meanRet": 0.9315731471235101,
        "maxRet": 0.9736328125,
        "minRet": 0.8864452838897705
    }
}