{
    "model": "Rhea_SaRun2\\epoch_5_curric1_gen1",
    "MiniGrid-DoorKey-5x5-custom-diff2": {
        "meanRet": 0.693181801926006,
        "maxRet": 0.7107142806053162,
        "minRet": 0.6785714030265808
    },
    "MiniGrid-DoorKey-6x6-custom-diff2": {
        "meanRet": 0.7259090922095559,
        "maxRet": 0.8199999928474426,
        "minRet": 0.6625000238418579
    },
    "MiniGrid-DoorKey-8x8-custom-diff2": {
        "meanRet": 0.7518571436405181,
        "maxRet": 0.8199999928474426,
        "minRet": 0.691428542137146
    },
    "MiniGrid-DoorKey-16x16-custom-diff2": {
        "meanRet": 0.5962765991687775,
        "maxRet": 0.7606382966041565,
        "minRet": 0.27234041690826416
    }
}