{
    "model": "Rhea_mi1\\epoch_2_curric1_gen1",
    "MiniGrid-DoorKey-5x5-custom": {
        "meanRet": 0.9001818407665599,
        "maxRet": 0.9190000295639038,
        "minRet": 0.8830000162124634
    },
    "MiniGrid-DoorKey-6x6-custom": {
        "meanRet": 0.8891200065612793,
        "maxRet": 0.920799970626831,
        "minRet": 0.8632000088691711
    },
    "MiniGrid-DoorKey-8x8-custom": {
        "meanRet": 0.8299000084400177,
        "maxRet": 0.9054999947547913,
        "minRet": 0.7929999828338623
    },
    "MiniGrid-DoorKey-16x16-custom": {
        "meanRet": 0.03550000116229057,
        "maxRet": 0.628000020980835,
        "minRet": 0.0
    }
}