{
    "model": "DO_11_05_RHEA_PARA_ENV_1\\epoch_10_curric1_gen2",
    "MiniGrid-DoorKey-5x5-custom-diff2": {
        "meanRet": 0.6068681295101459,
        "maxRet": 0.6785714030265808,
        "minRet": 0.550000011920929
    },
    "MiniGrid-DoorKey-6x6-custom-diff2": {
        "meanRet": 0.6400000154972076,
        "maxRet": 0.7300000190734863,
        "minRet": 0.5724999904632568
    },
    "MiniGrid-DoorKey-8x8-custom-diff2": {
        "meanRet": 0.625857150554657,
        "maxRet": 0.7942857146263123,
        "minRet": 0.5114285945892334
    },
    "MiniGrid-DoorKey-16x16-custom-diff2": {
        "meanRet": 0.04936835169792175,
        "maxRet": 0.7382978796958923,
        "minRet": 0.0
    }
}