{
    "model": "SO_RHEA_2PARA_5GEN_14May\\epoch_7_curric2_gen2",
    "MiniGrid-DoorKey-5x5-custom-diff2": {
        "meanRet": 0.6785714278618494,
        "maxRet": 0.7428571581840515,
        "minRet": 0.6464285850524902
    },
    "MiniGrid-DoorKey-6x6-custom-diff2": {
        "meanRet": 0.6538461584311265,
        "maxRet": 0.7524999976158142,
        "minRet": 0.5950000286102295
    },
    "MiniGrid-DoorKey-8x8-custom-diff2": {
        "meanRet": 0.7480000078678131,
        "maxRet": 0.8328571319580078,
        "minRet": 0.691428542137146
    },
    "MiniGrid-DoorKey-16x16-custom-diff2": {
        "meanRet": 0.6926595658063889,
        "maxRet": 0.8468084931373596,
        "minRet": 0.42234042286872864
    }
}