{
    "model": "test12x12_25k_3step_3gen_3curric/epoch_34_curric1_gen1",
    "MiniGrid-DoorKey-6x6-custom-diff0.5819142875744653": {
        "meanRet": 0.9798180506779597,
        "maxRet": 0.9870967864990234,
        "minRet": 0.9720430374145508
    },
    "MiniGrid-DoorKey-8x8-custom-diff0.5819142875744653": {
        "meanRet": 0.9707957077026367,
        "maxRet": 0.9817204475402832,
        "minRet": 0.9612902998924255
    },
    "MiniGrid-DoorKey-10x10-custom-diff0.5819142875744653": {
        "meanRet": 0.953462359905243,
        "maxRet": 0.977419376373291,
        "minRet": 0.9301075339317322
    },
    "MiniGrid-DoorKey-12x12-custom-diff0.5819142875744653": {
        "meanRet": 0.9196128988265991,
        "maxRet": 0.9569892287254333,
        "minRet": 0.8881720304489136
    }
}