{
    "model": "test12x12_150k_3step_3gen_3curric/epoch_19_curric1_gen3",
    "MiniGrid-DoorKey-6x6-custom-diff0.15": {
        "meanRet": 0.9160256431652949,
        "maxRet": 0.9583333134651184,
        "minRet": 0.8916666507720947
    },
    "MiniGrid-DoorKey-8x8-custom-diff0.15": {
        "meanRet": 0.8766666650772095,
        "maxRet": 0.9291666746139526,
        "minRet": 0.8333333134651184
    },
    "MiniGrid-DoorKey-10x10-custom-diff0.15": {
        "meanRet": 0.8226851909248917,
        "maxRet": 0.9208333492279053,
        "minRet": 0.7749999761581421
    },
    "MiniGrid-DoorKey-12x12-custom-diff0.15": {
        "meanRet": 0.6666666698455811,
        "maxRet": 0.875,
        "minRet": 0.5
    }
}