{
    "model": "test12x12_100k_3step_4gen_3curric/epoch_2_curric1_gen2",
    "MiniGrid-DoorKey-6x6-custom-diff1": {
        "meanRet": 0.7652749943733216,
        "maxRet": 0.9768750071525574,
        "minRet": 0.4762499928474426
    },
    "MiniGrid-DoorKey-8x8-custom-diff1": {
        "meanRet": 0.10088010010670642,
        "maxRet": 0.8268749713897705,
        "minRet": 0.0
    },
    "MiniGrid-DoorKey-10x10-custom-diff1": {
        "meanRet": 0.06351562465230624,
        "maxRet": 0.9243749976158142,
        "minRet": 0.0
    },
    "MiniGrid-DoorKey-12x12-custom-diff1": {
        "meanRet": 0.022447916368643444,
        "maxRet": 0.6212499737739563,
        "minRet": 0.0
    }
}