{
    "model": "test12x12_25k_3step_3gen_3curric/epoch_47_curric1_gen3",
    "MiniGrid-DoorKey-6x6-custom-diff0.2569142875744653": {
        "meanRet": 0.9559999871253967,
        "maxRet": 0.9707317352294922,
        "minRet": 0.9463414549827576
    },
    "MiniGrid-DoorKey-8x8-custom-diff0.2569142875744653": {
        "meanRet": 0.9343414664268493,
        "maxRet": 0.9634146094322205,
        "minRet": 0.9146341681480408
    },
    "MiniGrid-DoorKey-10x10-custom-diff0.2569142875744653": {
        "meanRet": 0.9104390263557434,
        "maxRet": 0.9634146094322205,
        "minRet": 0.8682926893234253
    },
    "MiniGrid-DoorKey-12x12-custom-diff0.2569142875744653": {
        "meanRet": 0.8459512233734131,
        "maxRet": 0.9170731902122498,
        "minRet": 0.7780487537384033
    }
}