{
    "model": "test12x12_25k_3step_3gen_3curric/epoch_49_curric1_gen3",
    "MiniGrid-DoorKey-6x6-custom-diff0.512744": {
        "meanRet": 0.9771777221134731,
        "maxRet": 0.9878048896789551,
        "minRet": 0.9707317352294922
    },
    "MiniGrid-DoorKey-8x8-custom-diff0.512744": {
        "meanRet": 0.9659005563992721,
        "maxRet": 0.9804878234863281,
        "minRet": 0.957317054271698
    },
    "MiniGrid-DoorKey-10x10-custom-diff0.512744": {
        "meanRet": 0.9561951184272766,
        "maxRet": 0.9853658676147461,
        "minRet": 0.9317073225975037
    },
    "MiniGrid-DoorKey-12x12-custom-diff0.512744": {
        "meanRet": 0.9199024319648743,
        "maxRet": 0.9634146094322205,
        "minRet": 0.8865853548049927
    }
}