{
    "model": "new_25k_7step_4gen_3curric/epoch_3_curric2_gen2",
    "MiniGrid-DoorKey-6x6-custom-diff1": {
        "meanRet": 0.7455250024795532,
        "maxRet": 0.9524999856948853,
        "minRet": 0.5137500166893005
    },
    "MiniGrid-DoorKey-8x8-custom-diff1": {
        "meanRet": 0.1900499990582466,
        "maxRet": 0.9275000095367432,
        "minRet": 0.0
    },
    "MiniGrid-DoorKey-10x10-custom-diff1": {
        "meanRet": 0.06989583435157935,
        "maxRet": 0.9018750190734863,
        "minRet": 0.0
    },
    "MiniGrid-DoorKey-12x12-custom-diff1": {
        "meanRet": 0.02503906252483527,
        "maxRet": 0.5756250023841858,
        "minRet": 0.0
    }
}