{
    "model": "test12x12_100k_3step_4gen_3curric/epoch_12_curric0_gen1",
    "MiniGrid-DoorKey-6x6-custom-diff0.84467792277423": {
        "meanRet": 0.9863360317853781,
        "maxRet": 0.9911184310913086,
        "minRet": 0.9822368621826172
    },
    "MiniGrid-DoorKey-8x8-custom-diff0.84467792277423": {
        "meanRet": 0.9784177660942077,
        "maxRet": 0.9888980388641357,
        "minRet": 0.971875011920929
    },
    "MiniGrid-DoorKey-10x10-custom-diff0.84467792277423": {
        "meanRet": 0.9667998147862298,
        "maxRet": 0.9822368621826172,
        "minRet": 0.9533717036247253
    },
    "MiniGrid-DoorKey-12x12-custom-diff0.84467792277423": {
        "meanRet": 0.9441052627563477,
        "maxRet": 0.973355233669281,
        "minRet": 0.9148848652839661
    }
}