{
    "model": "test12x12_100k_3step_3gen_3curric/epoch_3_curric1_gen2",
    "MiniGrid-DoorKey-6x6-custom-diff1": {
        "meanRet": 0.9639750003814698,
        "maxRet": 0.9906250238418579,
        "minRet": 0.9200000166893005
    },
    "MiniGrid-DoorKey-8x8-custom-diff1": {
        "meanRet": 0.7909249973297119,
        "maxRet": 0.9387500286102295,
        "minRet": 0.39937499165534973
    },
    "MiniGrid-DoorKey-10x10-custom-diff1": {
        "meanRet": 0.37245192245031017,
        "maxRet": 0.9262499809265137,
        "minRet": 0.0
    },
    "MiniGrid-DoorKey-12x12-custom-diff1": {
        "meanRet": 0.04550781287252903,
        "maxRet": 0.5606250166893005,
        "minRet": 0.0
    }
}