{
    "model": "SO_RHEA_2PARA_5GEN_14May\\epoch_3_curric2_gen1",
    "MiniGrid-DoorKey-5x5-custom-diff2": {
        "meanRet": 0.6884615421295166,
        "maxRet": 0.7428571581840515,
        "minRet": 0.6464285850524902
    },
    "MiniGrid-DoorKey-6x6-custom-diff2": {
        "meanRet": 0.6606250007947286,
        "maxRet": 0.7749999761581421,
        "minRet": 0.6175000071525574
    },
    "MiniGrid-DoorKey-8x8-custom-diff2": {
        "meanRet": 0.7171428582885049,
        "maxRet": 0.7814285755157471,
        "minRet": 0.6657142639160156
    },
    "MiniGrid-DoorKey-16x16-custom-diff2": {
        "meanRet": 0.44946809113025665,
        "maxRet": 0.7382978796958923,
        "minRet": 0.20531915128231049
    }
}