{
    "model": "test12x12_100k_3step_3gen_3curric/epoch_9_curric1_gen3",
    "MiniGrid-DoorKey-6x6-custom-diff0.9220715046045371": {
        "meanRet": 0.9854860639572144,
        "maxRet": 0.9911831021308899,
        "minRet": 0.9789751172065735
    },
    "MiniGrid-DoorKey-8x8-custom-diff0.9220715046045371": {
        "meanRet": 0.9749600625038147,
        "maxRet": 0.98643559217453,
        "minRet": 0.9647324681282043
    },
    "MiniGrid-DoorKey-10x10-custom-diff0.9220715046045371": {
        "meanRet": 0.9664280368731573,
        "maxRet": 0.9850791096687317,
        "minRet": 0.9477769136428833
    },
    "MiniGrid-DoorKey-12x12-custom-diff0.9220715046045371": {
        "meanRet": 0.9420798826217651,
        "maxRet": 0.9823662638664246,
        "minRet": 0.9016578793525696
    }
}