{
    "model": "Rhea_SaRun2\\epoch_1_curric1_gen2",
    "MiniGrid-DoorKey-5x5-custom-diff0": {
        "meanRet": 0.9554908925836737,
        "maxRet": 0.9639999866485596,
        "minRet": 0.9459999799728394
    },
    "MiniGrid-DoorKey-6x6-custom-diff0": {
        "meanRet": 0.9576922884354224,
        "maxRet": 0.9674999713897705,
        "minRet": 0.9524999856948853
    },
    "MiniGrid-DoorKey-8x8-custom-diff0": {
        "meanRet": 0.9488125085830689,
        "maxRet": 0.96484375,
        "minRet": 0.9409375190734863
    },
    "MiniGrid-DoorKey-16x16-custom-diff0": {
        "meanRet": 0.8996640622615815,
        "maxRet": 0.9680078029632568,
        "minRet": 0.8481249809265137
    }
}