{
    "model": "test12x12_100k_3step_4gen_3curric/epoch_19_curric1_gen1",
    "MiniGrid-DoorKey-6x6-custom-diff0.66967792277423": {
        "meanRet": 0.9810290455818176,
        "maxRet": 0.9906638860702515,
        "minRet": 0.9757261276245117
    },
    "MiniGrid-DoorKey-8x8-custom-diff0.66967792277423": {
        "meanRet": 0.9676002771766098,
        "maxRet": 0.9841286540031433,
        "minRet": 0.9570539593696594
    },
    "MiniGrid-DoorKey-10x10-custom-diff0.66967792277423": {
        "meanRet": 0.9516016626358033,
        "maxRet": 0.9710580706596375,
        "minRet": 0.9281120300292969
    },
    "MiniGrid-DoorKey-12x12-custom-diff0.66967792277423": {
        "meanRet": 0.9221369290351867,
        "maxRet": 0.9626556038856506,
        "minRet": 0.8795643448829651
    }
}