{
    "model": "test12x12_100k_3step_3gen_3curric/epoch_40_curric0_gen1",
    "MiniGrid-DoorKey-6x6-custom-diff0.15": {
        "meanRet": 0.9012820560198563,
        "maxRet": 0.9375,
        "minRet": 0.8583333492279053
    },
    "MiniGrid-DoorKey-8x8-custom-diff0.15": {
        "meanRet": 0.8633333349227905,
        "maxRet": 0.9291666746139526,
        "minRet": 0.8125
    },
    "MiniGrid-DoorKey-10x10-custom-diff0.15": {
        "meanRet": 0.820833330154419,
        "maxRet": 0.9333333373069763,
        "minRet": 0.737500011920929
    },
    "MiniGrid-DoorKey-12x12-custom-diff0.15": {
        "meanRet": 0.7248333311080932,
        "maxRet": 0.8208333253860474,
        "minRet": 0.550000011920929
    }
}