{
    "model": "test12x12_150k_3step_3gen_3curric/epoch_9_curric0_gen3",
    "MiniGrid-DoorKey-6x6-custom-diff0.8813807381558474": {
        "meanRet": 0.9872907900810242,
        "maxRet": 0.9929078221321106,
        "minRet": 0.9829787015914917
    },
    "MiniGrid-DoorKey-8x8-custom-diff0.8813807381558474": {
        "meanRet": 0.9800283646583557,
        "maxRet": 0.9865248203277588,
        "minRet": 0.9744681119918823
    },
    "MiniGrid-DoorKey-10x10-custom-diff0.8813807381558474": {
        "meanRet": 0.9698036060883448,
        "maxRet": 0.9914893507957458,
        "minRet": 0.9602836966514587
    },
    "MiniGrid-DoorKey-12x12-custom-diff0.8813807381558474": {
        "meanRet": 0.957503547668457,
        "maxRet": 0.9836879372596741,
        "minRet": 0.9397163391113281
    }
}