{
    "model": "test12x12_50k_3step_3gen_3curric/epoch_7_curric2_gen3",
    "MiniGrid-DoorKey-6x6-custom-diff1": {
        "meanRet": 0.9874278857157781,
        "maxRet": 0.9925000071525574,
        "minRet": 0.9837499856948853
    },
    "MiniGrid-DoorKey-8x8-custom-diff1": {
        "meanRet": 0.9802500009536743,
        "maxRet": 0.9881250262260437,
        "minRet": 0.9743750095367432
    },
    "MiniGrid-DoorKey-10x10-custom-diff1": {
        "meanRet": 0.9664749956130981,
        "maxRet": 0.9862499833106995,
        "minRet": 0.9456250071525574
    },
    "MiniGrid-DoorKey-12x12-custom-diff1": {
        "meanRet": 0.9390384577787839,
        "maxRet": 0.9800000190734863,
        "minRet": 0.9131249785423279
    }
}