{
    "model": "test12x12_100k_3step_3gen_3curric/epoch_27_curric1_gen1",
    "MiniGrid-DoorKey-6x6-custom-diff0.15": {
        "meanRet": 0.9044871765833634,
        "maxRet": 0.9416666626930237,
        "minRet": 0.8791666626930237
    },
    "MiniGrid-DoorKey-8x8-custom-diff0.15": {
        "meanRet": 0.8553333353996276,
        "maxRet": 0.925000011920929,
        "minRet": 0.800000011920929
    },
    "MiniGrid-DoorKey-10x10-custom-diff0.15": {
        "meanRet": 0.8078333330154419,
        "maxRet": 0.9375,
        "minRet": 0.6791666746139526
    },
    "MiniGrid-DoorKey-12x12-custom-diff0.15": {
        "meanRet": 0.6958333349227905,
        "maxRet": 0.8416666388511658,
        "minRet": 0.5
    }
}