{
    "model": "test12x12_50k_3step_3gen_3curric/epoch_39_curric1_gen1",
    "MiniGrid-DoorKey-6x6-custom-diff0.2760602224432589": {
        "meanRet": 0.9566750526428223,
        "maxRet": 0.9773299694061279,
        "minRet": 0.9433249235153198
    },
    "MiniGrid-DoorKey-8x8-custom-diff0.2760602224432589": {
        "meanRet": 0.937793436050415,
        "maxRet": 0.9637279510498047,
        "minRet": 0.922921895980835
    },
    "MiniGrid-DoorKey-10x10-custom-diff0.2760602224432589": {
        "meanRet": 0.9180251693725586,
        "maxRet": 0.9501259326934814,
        "minRet": 0.8934508562088013
    },
    "MiniGrid-DoorKey-12x12-custom-diff0.2760602224432589": {
        "meanRet": 0.8645239353179932,
        "maxRet": 0.9274559020996094,
        "minRet": 0.8186398148536682
    }
}