{
    "model": "Rhea_Fr2\\epoch_5_curric2_gen2",
    "MiniGrid-DoorKey-5x5-custom-diff2": {
        "meanRet": 0.5090909085490487,
        "maxRet": 0.6464285850524902,
        "minRet": 0.38928571343421936
    },
    "MiniGrid-DoorKey-6x6-custom-diff2": {
        "meanRet": 0.5213636403734033,
        "maxRet": 0.7524999976158142,
        "minRet": 0.3700000047683716
    },
    "MiniGrid-DoorKey-8x8-custom-diff2": {
        "meanRet": 0.6232857197523117,
        "maxRet": 0.7942857146263123,
        "minRet": 0.46000000834465027
    },
    "MiniGrid-DoorKey-16x16-custom-diff2": {
        "meanRet": 0.07762733734015262,
        "maxRet": 0.6585106253623962,
        "minRet": 0.0
    }
}