{
    "model": "test12x12_100k_3step_4gen_3curric/epoch_7_curric2_gen1",
    "MiniGrid-DoorKey-6x6-custom-diff0.96967792277423": {
        "meanRet": 0.9872607469558716,
        "maxRet": 0.9916189312934875,
        "minRet": 0.9832378029823303
    },
    "MiniGrid-DoorKey-8x8-custom-diff0.96967792277423": {
        "meanRet": 0.9822320985794067,
        "maxRet": 0.9883953928947449,
        "minRet": 0.9780802130699158
    },
    "MiniGrid-DoorKey-10x10-custom-diff0.96967792277423": {
        "meanRet": 0.9728482480232532,
        "maxRet": 0.9825931191444397,
        "minRet": 0.9638968706130981
    },
    "MiniGrid-DoorKey-12x12-custom-diff0.96967792277423": {
        "meanRet": 0.9499197769165039,
        "maxRet": 0.9729226231575012,
        "minRet": 0.9303724765777588
    }
}