{
    "model": "DO_11_05_RHEA_PARA_ENV_1\\epoch_4_curric3_gen2",
    "MiniGrid-DoorKey-5x5-custom-diff2": {
        "meanRet": 0.6785714209079743,
        "maxRet": 0.7107142806053162,
        "minRet": 0.6464285850524902
    },
    "MiniGrid-DoorKey-6x6-custom-diff2": {
        "meanRet": 0.6417307716149551,
        "maxRet": 0.7749999761581421,
        "minRet": 0.550000011920929
    },
    "MiniGrid-DoorKey-8x8-custom-diff2": {
        "meanRet": 0.5359740311449225,
        "maxRet": 0.7171428799629211,
        "minRet": 0.40857142210006714
    },
    "MiniGrid-DoorKey-16x16-custom-diff2": {
        "meanRet": 0.0,
        "maxRet": 0.0,
        "minRet": 0.0
    }
}