{
    "model": "test12x12_25k_3step_3gen_3curric/epoch_18_curric0_gen2",
    "MiniGrid-DoorKey-6x6-custom-diff0.9819142875744653": {
        "meanRet": 0.9854522347450256,
        "maxRet": 0.9923567175865173,
        "minRet": 0.9808917045593262
    },
    "MiniGrid-DoorKey-8x8-custom-diff0.9819142875744653": {
        "meanRet": 0.9790318512916565,
        "maxRet": 0.9898089170455933,
        "minRet": 0.9719745516777039
    },
    "MiniGrid-DoorKey-10x10-custom-diff0.9819142875744653": {
        "meanRet": 0.9677197527885437,
        "maxRet": 0.9802547693252563,
        "minRet": 0.9535031914710999
    },
    "MiniGrid-DoorKey-12x12-custom-diff0.9819142875744653": {
        "meanRet": 0.9597991223518665,
        "maxRet": 0.9802547693252563,
        "minRet": 0.9369426965713501
    }
}