{
    "model": "test12x12_150k_3step_3gen_3curric/epoch_1_curric0_gen2",
    "MiniGrid-DoorKey-6x6-custom-diff1.0": {
        "meanRet": 0.9505555475199664,
        "maxRet": 0.9700000286102295,
        "minRet": 0.9375
    },
    "MiniGrid-DoorKey-8x8-custom-diff1.0": {
        "meanRet": 0.936831247806549,
        "maxRet": 0.9662500023841858,
        "minRet": 0.9142187237739563
    },
    "MiniGrid-DoorKey-10x10-custom-diff1.0": {
        "meanRet": 0.9194319939613342,
        "maxRet": 0.9739000201225281,
        "minRet": 0.8586999773979187
    },
    "MiniGrid-DoorKey-12x12-custom-diff1.0": {
        "meanRet": 0.8442999982833862,
        "maxRet": 0.9606249928474426,
        "minRet": 0.7275000214576721
    }
}