{
    "model": "test12x12_100k_3step_4gen_3curric/epoch_10_curric1_gen4",
    "MiniGrid-DoorKey-6x6-custom-diff0.89467792277423": {
        "meanRet": 0.9867236065864563,
        "maxRet": 0.9909161329269409,
        "minRet": 0.9825310707092285
    },
    "MiniGrid-DoorKey-8x8-custom-diff0.89467792277423": {
        "meanRet": 0.9788136601448059,
        "maxRet": 0.9874223470687866,
        "minRet": 0.9699534177780151
    },
    "MiniGrid-DoorKey-10x10-custom-diff0.89467792277423": {
        "meanRet": 0.9694503116607666,
        "maxRet": 0.9888198971748352,
        "minRet": 0.9580745100975037
    },
    "MiniGrid-DoorKey-12x12-custom-diff0.89467792277423": {
        "meanRet": 0.9503881907463074,
        "maxRet": 0.9783384799957275,
        "minRet": 0.9280279278755188
    }
}