{
    "model": "SO_RHEA_2PARA_5GEN_14May\\epoch_6_curric0_gen2",
    "MiniGrid-DoorKey-5x5-custom-diff0": {
        "meanRet": 0.9585999846458435,
        "maxRet": 0.9675999879837036,
        "minRet": 0.9531999826431274
    },
    "MiniGrid-DoorKey-6x6-custom-diff0": {
        "meanRet": 0.9570454413240607,
        "maxRet": 0.9725000262260437,
        "minRet": 0.949999988079071
    },
    "MiniGrid-DoorKey-8x8-custom-diff0": {
        "meanRet": 0.9604971517216075,
        "maxRet": 0.9775000214576721,
        "minRet": 0.9521874785423279
    },
    "MiniGrid-DoorKey-16x16-custom-diff0": {
        "meanRet": 0.9503977407108654,
        "maxRet": 0.9803125262260437,
        "minRet": 0.9261718988418579
    }
}