{
    "model": "test12x12_25k_3step_3gen_3curric/epoch_19_curric2_gen1",
    "MiniGrid-DoorKey-6x6-custom-diff0.9569142875744653": {
        "meanRet": 0.9860130620002746,
        "maxRet": 0.9921568632125854,
        "minRet": 0.9816993474960327
    },
    "MiniGrid-DoorKey-8x8-custom-diff0.9569142875744653": {
        "meanRet": 0.9796882707339066,
        "maxRet": 0.9901960492134094,
        "minRet": 0.969281017780304
    },
    "MiniGrid-DoorKey-10x10-custom-diff0.9569142875744653": {
        "meanRet": 0.9641276895999908,
        "maxRet": 0.9869281053543091,
        "minRet": 0.9477124214172363
    },
    "MiniGrid-DoorKey-12x12-custom-diff0.9569142875744653": {
        "meanRet": 0.936915020942688,
        "maxRet": 0.969281017780304,
        "minRet": 0.9078431129455566
    }
}