{
    "model": "Rhea_mi1\\epoch_4_curric0_gen2",
    "MiniGrid-DoorKey-5x5-custom": {
        "meanRet": 0.9046000242233276,
        "maxRet": 0.9190000295639038,
        "minRet": 0.8830000162124634
    },
    "MiniGrid-DoorKey-6x6-custom": {
        "meanRet": 0.8963200151920319,
        "maxRet": 0.920799970626831,
        "minRet": 0.8704000115394592
    },
    "MiniGrid-DoorKey-8x8-custom": {
        "meanRet": 0.8842272704297846,
        "maxRet": 0.9190000295639038,
        "minRet": 0.8604999780654907
    },
    "MiniGrid-DoorKey-16x16-custom": {
        "meanRet": 0.050875000189989805,
        "maxRet": 0.5320000052452087,
        "minRet": 0.0
    }
}