{
    "model": "DO_11_05_RHEA_PARA_ENV_1\\epoch_1_curric2_gen1",
    "MiniGrid-DoorKey-5x5-custom-diff0": {
        "meanRet": 0.5507200077176094,
        "maxRet": 0.8091999888420105,
        "minRet": 0.24040000140666962
    },
    "MiniGrid-DoorKey-6x6-custom-diff0": {
        "meanRet": 0.5575000077486039,
        "maxRet": 0.9300000071525574,
        "minRet": 0.3075000047683716
    },
    "MiniGrid-DoorKey-8x8-custom-diff0": {
        "meanRet": 0.0808398425579071,
        "maxRet": 0.7384374737739563,
        "minRet": 0.0
    },
    "MiniGrid-DoorKey-16x16-custom-diff0": {
        "meanRet": 0.0,
        "maxRet": 0.0,
        "minRet": 0.0
    }
}