{
    "model": "test12x12_50k_3step_3gen_3curric/epoch_32_curric1_gen2",
    "MiniGrid-DoorKey-6x6-custom-diff0.45106022244325883": {
        "meanRet": 0.9719678567988532,
        "maxRet": 0.9819722771644592,
        "minRet": 0.9653312563896179
    },
    "MiniGrid-DoorKey-8x8-custom-diff0.45106022244325883": {
        "meanRet": 0.9575441502607785,
        "maxRet": 0.9750385284423828,
        "minRet": 0.9459167718887329
    },
    "MiniGrid-DoorKey-10x10-custom-diff0.45106022244325883": {
        "meanRet": 0.9431432962417603,
        "maxRet": 0.9708783030509949,
        "minRet": 0.9265022873878479
    },
    "MiniGrid-DoorKey-12x12-custom-diff0.45106022244325883": {
        "meanRet": 0.9057565546035766,
        "maxRet": 0.9473035335540771,
        "minRet": 0.8627118468284607
    }
}