{
    "model": "test12x12_25k_3step_3gen_3curric/epoch_40_curric0_gen1",
    "MiniGrid-DoorKey-6x6-custom-diff0.43191428757446526": {
        "meanRet": 0.971712295655851,
        "maxRet": 0.9826086759567261,
        "minRet": 0.9637681245803833
    },
    "MiniGrid-DoorKey-8x8-custom-diff0.43191428757446526": {
        "meanRet": 0.9564637684822083,
        "maxRet": 0.9768115878105164,
        "minRet": 0.9405797123908997
    },
    "MiniGrid-DoorKey-10x10-custom-diff0.43191428757446526": {
        "meanRet": 0.9417391252517701,
        "maxRet": 0.9739130139350891,
        "minRet": 0.9188405871391296
    },
    "MiniGrid-DoorKey-12x12-custom-diff0.43191428757446526": {
        "meanRet": 0.9108985471725464,
        "maxRet": 0.960869550704956,
        "minRet": 0.8753623366355896
    }
}