{
    "model": "test12x12_50k_3step_3gen_3curric/epoch_44_curric1_gen1",
    "MiniGrid-DoorKey-6x6-custom-diff0.15": {
        "meanRet": 0.9212797646011625,
        "maxRet": 0.949999988079071,
        "minRet": 0.8999999761581421
    },
    "MiniGrid-DoorKey-8x8-custom-diff0.15": {
        "meanRet": 0.882000002861023,
        "maxRet": 0.9375,
        "minRet": 0.8458333611488342
    },
    "MiniGrid-DoorKey-10x10-custom-diff0.15": {
        "meanRet": 0.8408333277702331,
        "maxRet": 0.9083333611488342,
        "minRet": 0.75
    },
    "MiniGrid-DoorKey-12x12-custom-diff0.15": {
        "meanRet": 0.7316666722297669,
        "maxRet": 0.8583333492279053,
        "minRet": 0.5874999761581421
    }
}