{
    "model": "test12x12_50k_3step_3gen_3curric/epoch_5_curric1_gen3",
    "MiniGrid-DoorKey-6x6-custom-diff1": {
        "meanRet": 0.986490384890483,
        "maxRet": 0.9925000071525574,
        "minRet": 0.9800000190734863
    },
    "MiniGrid-DoorKey-8x8-custom-diff1": {
        "meanRet": 0.9753750061988831,
        "maxRet": 0.987500011920929,
        "minRet": 0.9674999713897705
    },
    "MiniGrid-DoorKey-10x10-custom-diff1": {
        "meanRet": 0.9653750038146973,
        "maxRet": 0.9893749952316284,
        "minRet": 0.9393749833106995
    },
    "MiniGrid-DoorKey-12x12-custom-diff1": {
        "meanRet": 0.9313999938964844,
        "maxRet": 0.9700000286102295,
        "minRet": 0.8725000023841858
    }
}