{
    "model": "SO_RHEA_2PARA_5GEN_14May\\epoch_1_curric2_gen3",
    "MiniGrid-DoorKey-5x5-custom-diff0": {
        "meanRet": 0.9540307521820068,
        "maxRet": 0.9639999866485596,
        "minRet": 0.9495999813079834
    },
    "MiniGrid-DoorKey-6x6-custom-diff0": {
        "meanRet": 0.9652499914169311,
        "maxRet": 0.9725000262260437,
        "minRet": 0.9599999785423279
    },
    "MiniGrid-DoorKey-8x8-custom-diff0": {
        "meanRet": 0.9617968698342642,
        "maxRet": 0.9775000214576721,
        "minRet": 0.9535937309265137
    },
    "MiniGrid-DoorKey-16x16-custom-diff0": {
        "meanRet": 0.919105464220047,
        "maxRet": 0.9595702886581421,
        "minRet": 0.8727343678474426
    }
}