{
    "model": "test12x12_100k_3step_3gen_3curric/epoch_26_curric1_gen2",
    "MiniGrid-DoorKey-6x6-custom-diff0.15": {
        "meanRet": 0.9158333301544189,
        "maxRet": 0.9541666507720947,
        "minRet": 0.887499988079071
    },
    "MiniGrid-DoorKey-8x8-custom-diff0.15": {
        "meanRet": 0.8530448766855093,
        "maxRet": 0.9333333373069763,
        "minRet": 0.7833333611488342
    },
    "MiniGrid-DoorKey-10x10-custom-diff0.15": {
        "meanRet": 0.7785000038146973,
        "maxRet": 0.887499988079071,
        "minRet": 0.6208333373069763
    },
    "MiniGrid-DoorKey-12x12-custom-diff0.15": {
        "meanRet": 0.6294871752078717,
        "maxRet": 0.8291666507720947,
        "minRet": 0.4000000059604645
    }
}