{
    "model": "SO_RHEA_2PARA_5GEN_14May\\epoch_8_curric2_gen5",
    "MiniGrid-DoorKey-5x5-custom-diff1": {
        "meanRet": 0.8836585283279419,
        "maxRet": 0.9012194871902466,
        "minRet": 0.8573170900344849
    },
    "MiniGrid-DoorKey-6x6-custom-diff1": {
        "meanRet": 0.886554616689682,
        "maxRet": 0.916806697845459,
        "minRet": 0.8638655543327332
    },
    "MiniGrid-DoorKey-8x8-custom-diff1": {
        "meanRet": 0.8818483412265777,
        "maxRet": 0.9317535758018494,
        "minRet": 0.8549762964248657
    },
    "MiniGrid-DoorKey-16x16-custom-diff1": {
        "meanRet": 0.12478920072317123,
        "maxRet": 0.87857985496521,
        "minRet": 0.0
    }
}