{
    "model": "test12x12_100k_3step_4gen_3curric/epoch_34_curric0_gen1",
    "MiniGrid-DoorKey-6x6-custom-diff0.15": {
        "meanRet": 0.9305000066757202,
        "maxRet": 0.949999988079071,
        "minRet": 0.9166666865348816
    },
    "MiniGrid-DoorKey-8x8-custom-diff0.15": {
        "meanRet": 0.8860000014305115,
        "maxRet": 0.9375,
        "minRet": 0.8541666865348816
    },
    "MiniGrid-DoorKey-10x10-custom-diff0.15": {
        "meanRet": 0.8349999952316284,
        "maxRet": 0.9333333373069763,
        "minRet": 0.7666666507720947
    },
    "MiniGrid-DoorKey-12x12-custom-diff0.15": {
        "meanRet": 0.67599999666214,
        "maxRet": 0.875,
        "minRet": 0.5666666626930237
    }
}