{
    "model": "Mo_Rhea1\\epoch_1_curric0_gen1",
    "MiniGrid-DoorKey-5x5-custom-diff0": {
        "meanRet": 0.6382000058889389,
        "maxRet": 0.9136000275611877,
        "minRet": 0.3447999954223633
    },
    "MiniGrid-DoorKey-6x6-custom-diff0": {
        "meanRet": 0.02625000011175871,
        "maxRet": 0.4325000047683716,
        "minRet": 0.0
    },
    "MiniGrid-DoorKey-8x8-custom-diff0": {
        "meanRet": 0.05582519620656967,
        "maxRet": 0.7890625,
        "minRet": 0.0
    },
    "MiniGrid-DoorKey-16x16-custom-diff0": {
        "meanRet": 0.0076843262650072575,
        "maxRet": 0.24589844048023224,
        "minRet": 0.0
    }
}