{
    "model": "test12x12_100k_3step_4gen_3curric/epoch_15_curric1_gen1",
    "MiniGrid-DoorKey-6x6-custom-diff0.76967792277423": {
        "meanRet": 0.9839651010654591,
        "maxRet": 0.9902527332305908,
        "minRet": 0.9788808822631836
    },
    "MiniGrid-DoorKey-8x8-custom-diff0.76967792277423": {
        "meanRet": 0.9769314074516297,
        "maxRet": 0.9870036244392395,
        "minRet": 0.9707581400871277
    },
    "MiniGrid-DoorKey-10x10-custom-diff0.76967792277423": {
        "meanRet": 0.9681913352012634,
        "maxRet": 0.9821299910545349,
        "minRet": 0.9545126557350159
    },
    "MiniGrid-DoorKey-12x12-custom-diff0.76967792277423": {
        "meanRet": 0.9456750917434692,
        "maxRet": 0.9756317734718323,
        "minRet": 0.9212093949317932
    }
}