{
    "model": "Mo_Rhea1\\epoch_5_curric0_gen1",
    "MiniGrid-DoorKey-5x5-custom-diff2": {
        "meanRet": 0.6711538479878352,
        "maxRet": 0.7428571581840515,
        "minRet": 0.6464285850524902
    },
    "MiniGrid-DoorKey-6x6-custom-diff2": {
        "meanRet": 0.687045460397547,
        "maxRet": 0.7749999761581421,
        "minRet": 0.5950000286102295
    },
    "MiniGrid-DoorKey-8x8-custom-diff2": {
        "meanRet": 0.7544285833835602,
        "maxRet": 0.8585714101791382,
        "minRet": 0.7171428799629211
    },
    "MiniGrid-DoorKey-16x16-custom-diff2": {
        "meanRet": 0.04614361561834812,
        "maxRet": 0.76382976770401,
        "minRet": 0.0
    }
}