{
    "model": "Rhea_Fr2\\epoch_2_curric2_gen3",
    "MiniGrid-DoorKey-5x5-custom-diff1": {
        "meanRet": 0.8902438879013062,
        "maxRet": 0.9012194871902466,
        "minRet": 0.8792682886123657
    },
    "MiniGrid-DoorKey-6x6-custom-diff1": {
        "meanRet": 0.895492737943476,
        "maxRet": 0.916806697845459,
        "minRet": 0.8789916038513184
    },
    "MiniGrid-DoorKey-8x8-custom-diff1": {
        "meanRet": 0.8485781967639923,
        "maxRet": 0.9317535758018494,
        "minRet": 0.7696682214736938
    },
    "MiniGrid-DoorKey-16x16-custom-diff1": {
        "meanRet": 0.5159171655774116,
        "maxRet": 0.7933728098869324,
        "minRet": 0.23846153914928436
    }
}