{
    "model": "Rhea_Fr2\\epoch_5_curric2_gen1",
    "MiniGrid-DoorKey-5x5-custom-diff2": {
        "meanRet": 0.5767857109506925,
        "maxRet": 0.6785714030265808,
        "minRet": 0.48571428656578064
    },
    "MiniGrid-DoorKey-6x6-custom-diff2": {
        "meanRet": 0.5995000034570694,
        "maxRet": 0.7300000190734863,
        "minRet": 0.46000000834465027
    },
    "MiniGrid-DoorKey-8x8-custom-diff2": {
        "meanRet": 0.5950000077486038,
        "maxRet": 0.7428571581840515,
        "minRet": 0.48571428656578064
    },
    "MiniGrid-DoorKey-16x16-custom-diff2": {
        "meanRet": 0.09541223431006074,
        "maxRet": 0.7063829898834229,
        "minRet": 0.0
    }
}