{
    "model": "test12x12_100k_4step_3gen_3curric/epoch_1_curric1_gen2",
    "MiniGrid-DoorKey-6x6-custom-diff1.0": {
        "meanRet": 0.9479999923706055,
        "maxRet": 0.9700000286102295,
        "minRet": 0.9300000071525574
    },
    "MiniGrid-DoorKey-8x8-custom-diff1.0": {
        "meanRet": 0.9497687482833862,
        "maxRet": 0.9775000214576721,
        "minRet": 0.9254687428474426
    },
    "MiniGrid-DoorKey-10x10-custom-diff1.0": {
        "meanRet": 0.9393760061264038,
        "maxRet": 0.9775000214576721,
        "minRet": 0.9010000228881836
    },
    "MiniGrid-DoorKey-12x12-custom-diff1.0": {
        "meanRet": 0.9305250024795533,
        "maxRet": 0.9725000262260437,
        "minRet": 0.8799999952316284
    }
}