{
    "model": "test12x12_75k_3step_3gen_3curric/epoch_26_curric0_gen1",
    "MiniGrid-DoorKey-6x6-custom-diff0.5065023600555897": {
        "meanRet": 0.9776828151482803,
        "maxRet": 0.9876543283462524,
        "minRet": 0.9716049432754517
    },
    "MiniGrid-DoorKey-8x8-custom-diff0.5065023600555897": {
        "meanRet": 0.9671111083030701,
        "maxRet": 0.9827160239219666,
        "minRet": 0.9580246806144714
    },
    "MiniGrid-DoorKey-10x10-custom-diff0.5065023600555897": {
        "meanRet": 0.9522176539456403,
        "maxRet": 0.9716049432754517,
        "minRet": 0.9320987462997437
    },
    "MiniGrid-DoorKey-12x12-custom-diff0.5065023600555897": {
        "meanRet": 0.905580244064331,
        "maxRet": 0.9481481313705444,
        "minRet": 0.8592592477798462
    }
}