{
    "model": "test12x12_100k_3step_3gen_3curric/epoch_15_curric1_gen2",
    "MiniGrid-DoorKey-6x6-custom-diff0.7720715046045372": {
        "meanRet": 0.9817108603624197,
        "maxRet": 0.9886588454246521,
        "minRet": 0.9740774035453796
    },
    "MiniGrid-DoorKey-8x8-custom-diff0.7720715046045372": {
        "meanRet": 0.9710240295300117,
        "maxRet": 0.9878487586975098,
        "minRet": 0.9603060483932495
    },
    "MiniGrid-DoorKey-10x10-custom-diff0.7720715046045372": {
        "meanRet": 0.955153911113739,
        "maxRet": 0.9902790188789368,
        "minRet": 0.915751576423645
    },
    "MiniGrid-DoorKey-12x12-custom-diff0.7720715046045372": {
        "meanRet": 0.9226210618019104,
        "maxRet": 0.9635463356971741,
        "minRet": 0.8841584324836731
    }
}