{
    "model": "test12x12_100k_3step_3gen_3curric/epoch_45_curric0_gen3",
    "MiniGrid-DoorKey-6x6-custom-diff0.15": {
        "meanRet": 0.9165000033378601,
        "maxRet": 0.9541666507720947,
        "minRet": 0.887499988079071
    },
    "MiniGrid-DoorKey-8x8-custom-diff0.15": {
        "meanRet": 0.8678333258628845,
        "maxRet": 0.9208333492279053,
        "minRet": 0.8083333373069763
    },
    "MiniGrid-DoorKey-10x10-custom-diff0.15": {
        "meanRet": 0.8073333334922791,
        "maxRet": 0.9125000238418579,
        "minRet": 0.7041666507720947
    },
    "MiniGrid-DoorKey-12x12-custom-diff0.15": {
        "meanRet": 0.7203333330154419,
        "maxRet": 0.8791666626930237,
        "minRet": 0.512499988079071
    }
}