{
    "model": "test12x12_25k_3step_3gen_3curric/epoch_26_curric1_gen2",
    "MiniGrid-DoorKey-6x6-custom-diff0.7819142875744653": {
        "meanRet": 0.9849279999732972,
        "maxRet": 0.9904000163078308,
        "minRet": 0.9807999730110168
    },
    "MiniGrid-DoorKey-8x8-custom-diff0.7819142875744653": {
        "meanRet": 0.9749230673679938,
        "maxRet": 0.9879999756813049,
        "minRet": 0.967199981212616
    },
    "MiniGrid-DoorKey-10x10-custom-diff0.7819142875744653": {
        "meanRet": 0.9636799931526184,
        "maxRet": 0.9807999730110168,
        "minRet": 0.9488000273704529
    },
    "MiniGrid-DoorKey-12x12-custom-diff0.7819142875744653": {
        "meanRet": 0.9412799978256225,
        "maxRet": 0.9679999947547913,
        "minRet": 0.9160000085830688
    }
}