{
    "model": "test12x12_100k_3step_3gen_3curric/epoch_49_curric0_gen3",
    "MiniGrid-DoorKey-6x6-custom-diff0.15": {
        "meanRet": 0.9149691418365196,
        "maxRet": 0.9458333253860474,
        "minRet": 0.887499988079071
    },
    "MiniGrid-DoorKey-8x8-custom-diff0.15": {
        "meanRet": 0.8716346163016099,
        "maxRet": 0.925000011920929,
        "minRet": 0.824999988079071
    },
    "MiniGrid-DoorKey-10x10-custom-diff0.15": {
        "meanRet": 0.8265000009536743,
        "maxRet": 0.9083333611488342,
        "minRet": 0.7583333253860474
    },
    "MiniGrid-DoorKey-12x12-custom-diff0.15": {
        "meanRet": 0.7384615357105548,
        "maxRet": 0.8958333134651184,
        "minRet": 0.5916666388511658
    }
}