{
    "model": "test12x12_25k_3step_3gen_3curric/epoch_45_curric1_gen2",
    "MiniGrid-DoorKey-6x6-custom-diff0.30691428757446526": {
        "meanRet": 0.9642449021339417,
        "maxRet": 0.9755101799964905,
        "minRet": 0.9571428298950195
    },
    "MiniGrid-DoorKey-8x8-custom-diff0.30691428757446526": {
        "meanRet": 0.9419501181002017,
        "maxRet": 0.9775510430335999,
        "minRet": 0.9265305995941162
    },
    "MiniGrid-DoorKey-10x10-custom-diff0.30691428757446526": {
        "meanRet": 0.9182040905952453,
        "maxRet": 0.9693877696990967,
        "minRet": 0.8734694123268127
    },
    "MiniGrid-DoorKey-12x12-custom-diff0.30691428757446526": {
        "meanRet": 0.8660408115386963,
        "maxRet": 0.9469387531280518,
        "minRet": 0.8204081654548645
    }
}