{
    "model": "test12x12_75k_3step_3gen_3curric/epoch_25_curric0_gen3",
    "MiniGrid-DoorKey-6x6-custom-diff0.5315023600555897": {
        "meanRet": 0.9779956340789795,
        "maxRet": 0.9858823418617249,
        "minRet": 0.9717646837234497
    },
    "MiniGrid-DoorKey-8x8-custom-diff0.5315023600555897": {
        "meanRet": 0.9666352891921997,
        "maxRet": 0.9764705896377563,
        "minRet": 0.9588235020637512
    },
    "MiniGrid-DoorKey-10x10-custom-diff0.5315023600555897": {
        "meanRet": 0.9520470547676086,
        "maxRet": 0.9847058653831482,
        "minRet": 0.9317647218704224
    },
    "MiniGrid-DoorKey-12x12-custom-diff0.5315023600555897": {
        "meanRet": 0.9251764702796936,
        "maxRet": 0.9682353138923645,
        "minRet": 0.8917647004127502
    }
}