{
    "model": "test12x12_50k_3step_3gen_3curric/epoch_32_curric2_gen3",
    "MiniGrid-DoorKey-6x6-custom-diff0.45106022244325883": {
        "meanRet": 0.9729583996992844,
        "maxRet": 0.9833590388298035,
        "minRet": 0.9625577926635742
    },
    "MiniGrid-DoorKey-8x8-custom-diff0.45106022244325883": {
        "meanRet": 0.959464261165032,
        "maxRet": 0.9778119921684265,
        "minRet": 0.9473035335540771
    },
    "MiniGrid-DoorKey-10x10-custom-diff0.45106022244325883": {
        "meanRet": 0.9445855188369751,
        "maxRet": 0.9778119921684265,
        "minRet": 0.92234206199646
    },
    "MiniGrid-DoorKey-12x12-custom-diff0.45106022244325883": {
        "meanRet": 0.9101386713981628,
        "maxRet": 0.96117103099823,
        "minRet": 0.8724191188812256
    }
}