{
    "model": "test12x12_75k_3step_3gen_3curric/epoch_20_curric0_gen1",
    "MiniGrid-DoorKey-6x6-custom-diff0.6565023600555896": {
        "meanRet": 0.9831999969482422,
        "maxRet": 0.9885714054107666,
        "minRet": 0.9780952334403992
    },
    "MiniGrid-DoorKey-8x8-custom-diff0.6565023600555896": {
        "meanRet": 0.9729670423727769,
        "maxRet": 0.9838095307350159,
        "minRet": 0.9676190614700317
    },
    "MiniGrid-DoorKey-10x10-custom-diff0.6565023600555896": {
        "meanRet": 0.9579188735396774,
        "maxRet": 0.9857142567634583,
        "minRet": 0.9447619318962097
    },
    "MiniGrid-DoorKey-12x12-custom-diff0.6565023600555896": {
        "meanRet": 0.9237333369255066,
        "maxRet": 0.9714285731315613,
        "minRet": 0.8999999761581421
    }
}