{
    "model": "test12x12_25k_3step_3gen_3curric/epoch_42_curric1_gen3",
    "MiniGrid-DoorKey-6x6-custom-diff0.3819142875744653": {
        "meanRet": 0.9716267379430624,
        "maxRet": 0.9836065769195557,
        "minRet": 0.9639344215393066
    },
    "MiniGrid-DoorKey-8x8-custom-diff0.3819142875744653": {
        "meanRet": 0.951409842967987,
        "maxRet": 0.9754098653793335,
        "minRet": 0.9360655546188354
    },
    "MiniGrid-DoorKey-10x10-custom-diff0.3819142875744653": {
        "meanRet": 0.9352131175994873,
        "maxRet": 0.965573787689209,
        "minRet": 0.911475419998169
    },
    "MiniGrid-DoorKey-12x12-custom-diff0.3819142875744653": {
        "meanRet": 0.8933770513534546,
        "maxRet": 0.9557377099990845,
        "minRet": 0.8409836292266846
    }
}