{
    "model": "Di_Rhea1\\epoch_1_curric2_gen1",
    "MiniGrid-DoorKey-5x5-custom-diff0": {
        "meanRet": 0.9567999839782715,
        "maxRet": 0.9675999879837036,
        "minRet": 0.9495999813079834
    },
    "MiniGrid-DoorKey-6x6-custom-diff0": {
        "meanRet": 0.9582499861717224,
        "maxRet": 0.9700000286102295,
        "minRet": 0.9524999856948853
    },
    "MiniGrid-DoorKey-8x8-custom-diff0": {
        "meanRet": 0.9683593809604645,
        "maxRet": 0.9803125262260437,
        "minRet": 0.9606249928474426
    },
    "MiniGrid-DoorKey-16x16-custom-diff0": {
        "meanRet": 0.9026523411273957,
        "maxRet": 0.9444531202316284,
        "minRet": 0.8590234518051147
    }
}