{
    "model": "Rhea_Fr2\\epoch_5_curric3_gen4",
    "MiniGrid-DoorKey-5x5-custom-diff2": {
        "meanRet": 0.7235714316368103,
        "maxRet": 0.7428571581840515,
        "minRet": 0.7107142806053162
    },
    "MiniGrid-DoorKey-6x6-custom-diff2": {
        "meanRet": 0.7320454499938271,
        "maxRet": 0.8199999928474426,
        "minRet": 0.6850000023841858
    },
    "MiniGrid-DoorKey-8x8-custom-diff2": {
        "meanRet": 0.7351428627967834,
        "maxRet": 0.8585714101791382,
        "minRet": 0.6657142639160156
    },
    "MiniGrid-DoorKey-16x16-custom-diff2": {
        "meanRet": 0.5158510684967041,
        "maxRet": 0.8212766051292419,
        "minRet": 0.2946808636188507
    }
}