{
    "model": "test12x12_50k_3step_3gen_3curric/epoch_32_curric2_gen3",
    "MiniGrid-DoorKey-6x6-custom-diff0.45106022244325883": {
        "meanRet": 0.973394963476393,
        "maxRet": 0.9833590388298035,
        "minRet": 0.9653312563896179
    },
    "MiniGrid-DoorKey-8x8-custom-diff0.45106022244325883": {
        "meanRet": 0.9592850613594055,
        "maxRet": 0.9736517667770386,
        "minRet": 0.9486902952194214
    },
    "MiniGrid-DoorKey-10x10-custom-diff0.45106022244325883": {
        "meanRet": 0.9378736519813538,
        "maxRet": 0.9736517667770386,
        "minRet": 0.9140215516090393
    },
    "MiniGrid-DoorKey-12x12-custom-diff0.45106022244325883": {
        "meanRet": 0.9121355938911438,
        "maxRet": 0.9556240439414978,
        "minRet": 0.8738058805465698
    }
}