{
    "model": "test12x12_100k_3step_3gen_3curric/epoch_49_curric1_gen3",
    "MiniGrid-DoorKey-6x6-custom-diff0.15": {
        "meanRet": 0.9186666703224182,
        "maxRet": 0.9458333253860474,
        "minRet": 0.8958333134651184
    },
    "MiniGrid-DoorKey-8x8-custom-diff0.15": {
        "meanRet": 0.8736666655540466,
        "maxRet": 0.9291666746139526,
        "minRet": 0.8291666507720947
    },
    "MiniGrid-DoorKey-10x10-custom-diff0.15": {
        "meanRet": 0.8188333296775818,
        "maxRet": 0.9291666746139526,
        "minRet": 0.7166666388511658
    },
    "MiniGrid-DoorKey-12x12-custom-diff0.15": {
        "meanRet": 0.721166672706604,
        "maxRet": 0.8791666626930237,
        "minRet": 0.5
    }
}