{
    "model": "Mo_Rhea1\\epoch_4_curric0_gen2",
    "MiniGrid-DoorKey-5x5-custom-diff2": {
        "meanRet": 0.6839285691579183,
        "maxRet": 0.7428571581840515,
        "minRet": 0.6464285850524902
    },
    "MiniGrid-DoorKey-6x6-custom-diff2": {
        "meanRet": 0.7142500162124634,
        "maxRet": 0.7524999976158142,
        "minRet": 0.6625000238418579
    },
    "MiniGrid-DoorKey-8x8-custom-diff2": {
        "meanRet": 0.7092307714315561,
        "maxRet": 0.7814285755157471,
        "minRet": 0.6657142639160156
    },
    "MiniGrid-DoorKey-16x16-custom-diff2": {
        "meanRet": 0.015392287634313107,
        "maxRet": 0.4925532042980194,
        "minRet": 0.0
    }
}