{
    "model": "test12x12_100k_3step_3gen_3curric/epoch_27_curric2_gen2",
    "MiniGrid-DoorKey-6x6-custom-diff0.15": {
        "meanRet": 0.9021666717529296,
        "maxRet": 0.9541666507720947,
        "minRet": 0.8458333611488342
    },
    "MiniGrid-DoorKey-8x8-custom-diff0.15": {
        "meanRet": 0.8545000028610229,
        "maxRet": 0.9208333492279053,
        "minRet": 0.7916666865348816
    },
    "MiniGrid-DoorKey-10x10-custom-diff0.15": {
        "meanRet": 0.8183333301544189,
        "maxRet": 0.925000011920929,
        "minRet": 0.7083333134651184
    },
    "MiniGrid-DoorKey-12x12-custom-diff0.15": {
        "meanRet": 0.7149999976158142,
        "maxRet": 0.8833333253860474,
        "minRet": 0.48750001192092896
    }
}