{
    "model": "test12x12_100k_3step_3gen_3curric/epoch_20_curric0_gen1",
    "MiniGrid-DoorKey-6x6-custom-diff0.6470715046045372": {
        "meanRet": 0.9804726099967956,
        "maxRet": 0.9893662929534912,
        "minRet": 0.974865734577179
    },
    "MiniGrid-DoorKey-8x8-custom-diff0.6470715046045372": {
        "meanRet": 0.9651987171173095,
        "maxRet": 0.9845327734947205,
        "minRet": 0.95069819688797
    },
    "MiniGrid-DoorKey-10x10-custom-diff0.6470715046045372": {
        "meanRet": 0.949917380626385,
        "maxRet": 0.9738990068435669,
        "minRet": 0.9245972037315369
    },
    "MiniGrid-DoorKey-12x12-custom-diff0.6470715046045372": {
        "meanRet": 0.9211944150924682,
        "maxRet": 0.9680988192558289,
        "minRet": 0.8559613227844238
    }
}