{
    "model": "test12x12_50k_3step_3gen_3curric/epoch_36_curric0_gen3",
    "MiniGrid-DoorKey-6x6-custom-diff0.35106022244325885": {
        "meanRet": 0.9671947073053431,
        "maxRet": 0.9786138534545898,
        "minRet": 0.9572277069091797
    },
    "MiniGrid-DoorKey-8x8-custom-diff0.35106022244325885": {
        "meanRet": 0.9486732482910156,
        "maxRet": 0.969702959060669,
        "minRet": 0.9358415603637695
    },
    "MiniGrid-DoorKey-10x10-custom-diff0.35106022244325885": {
        "meanRet": 0.9344871163368225,
        "maxRet": 0.9786138534545898,
        "minRet": 0.9055445790290833
    },
    "MiniGrid-DoorKey-12x12-custom-diff0.35106022244325885": {
        "meanRet": 0.896633665561676,
        "maxRet": 0.9483168125152588,
        "minRet": 0.8342574238777161
    }
}