{
    "model": "test12x12_100k_3step_3gen_3curric/epoch_10_curric0_gen2",
    "MiniGrid-DoorKey-6x6-custom-diff0.8970715046045371": {
        "meanRet": 0.984287679195404,
        "maxRet": 0.9909372329711914,
        "minRet": 0.9783888459205627
    },
    "MiniGrid-DoorKey-8x8-custom-diff0.8970715046045371": {
        "meanRet": 0.9770782351493835,
        "maxRet": 0.9895429611206055,
        "minRet": 0.9644461870193481
    },
    "MiniGrid-DoorKey-10x10-custom-diff0.8970715046045371": {
        "meanRet": 0.9726165747642517,
        "maxRet": 0.9860573410987854,
        "minRet": 0.9512006044387817
    },
    "MiniGrid-DoorKey-12x12-custom-diff0.8970715046045371": {
        "meanRet": 0.9444523620605468,
        "maxRet": 0.9776917099952698,
        "minRet": 0.8947327733039856
    }
}