{
    "model": "test12x12_50k_3step_3gen_3curric/epoch_27_curric2_gen2",
    "MiniGrid-DoorKey-6x6-custom-diff0.5760602224432588": {
        "meanRet": 0.9782870893294995,
        "maxRet": 0.983715295791626,
        "minRet": 0.9739444851875305
    },
    "MiniGrid-DoorKey-8x8-custom-diff0.5760602224432588": {
        "meanRet": 0.9702533149719238,
        "maxRet": 0.982629656791687,
        "minRet": 0.9609167575836182
    },
    "MiniGrid-DoorKey-10x10-custom-diff0.5760602224432588": {
        "meanRet": 0.961877146592507,
        "maxRet": 0.9869722723960876,
        "minRet": 0.9435464143753052
    },
    "MiniGrid-DoorKey-12x12-custom-diff0.5760602224432588": {
        "meanRet": 0.9319383868804345,
        "maxRet": 0.9696019291877747,
        "minRet": 0.9055488705635071
    }
}