{
    "model": "test12x12_100k_3step_3gen_3curric/epoch_16_curric1_gen2",
    "MiniGrid-DoorKey-6x6-custom-diff0.7470715046045372": {
        "meanRet": 0.9788353514671325,
        "maxRet": 0.986604630947113,
        "minRet": 0.9723721146583557
    },
    "MiniGrid-DoorKey-8x8-custom-diff0.7470715046045372": {
        "meanRet": 0.9672844318243173,
        "maxRet": 0.9840930104255676,
        "minRet": 0.9573023319244385
    },
    "MiniGrid-DoorKey-10x10-custom-diff0.7470715046045372": {
        "meanRet": 0.9625265073776245,
        "maxRet": 0.9857674241065979,
        "minRet": 0.9363721013069153
    },
    "MiniGrid-DoorKey-12x12-custom-diff0.7470715046045372": {
        "meanRet": 0.9347981357574463,
        "maxRet": 0.966511607170105,
        "minRet": 0.8819534778594971
    }
}