{
    "model": "test12x12_75k_3step_3gen_3curric/epoch_3_curric0_gen3",
    "MiniGrid-DoorKey-6x6-custom-diff1": {
        "meanRet": 0.9887740428631122,
        "maxRet": 0.9925000071525574,
        "minRet": 0.9856250286102295
    },
    "MiniGrid-DoorKey-8x8-custom-diff1": {
        "meanRet": 0.9743500018119812,
        "maxRet": 0.9893749952316284,
        "minRet": 0.9556249976158142
    },
    "MiniGrid-DoorKey-10x10-custom-diff1": {
        "meanRet": 0.9397596189608941,
        "maxRet": 0.9800000190734863,
        "minRet": 0.8956249952316284
    },
    "MiniGrid-DoorKey-12x12-custom-diff1": {
        "meanRet": 0.907625002861023,
        "maxRet": 0.9706249833106995,
        "minRet": 0.8349999785423279
    }
}