{
    "model": "test12x12_50k_3step_3gen_3curric/epoch_48_curric1_gen3",
    "MiniGrid-DoorKey-6x6-custom-diff0.15": {
        "meanRet": 0.9206666731834412,
        "maxRet": 0.949999988079071,
        "minRet": 0.8999999761581421
    },
    "MiniGrid-DoorKey-8x8-custom-diff0.15": {
        "meanRet": 0.8798076946001786,
        "maxRet": 0.9416666626930237,
        "minRet": 0.8416666388511658
    },
    "MiniGrid-DoorKey-10x10-custom-diff0.15": {
        "meanRet": 0.8294871816268334,
        "maxRet": 0.9125000238418579,
        "minRet": 0.7666666507720947
    },
    "MiniGrid-DoorKey-12x12-custom-diff0.15": {
        "meanRet": 0.735666663646698,
        "maxRet": 0.887499988079071,
        "minRet": 0.637499988079071
    }
}