{
    "model": "test12x12_150k_3step_3gen_3curric/epoch_10_curric1_gen1",
    "MiniGrid-DoorKey-6x6-custom-diff0.8563807381558474": {
        "meanRet": 0.9851970839500427,
        "maxRet": 0.9912408590316772,
        "minRet": 0.9817517995834351
    },
    "MiniGrid-DoorKey-8x8-custom-diff0.8563807381558474": {
        "meanRet": 0.9787759689184335,
        "maxRet": 0.9868612885475159,
        "minRet": 0.9729927182197571
    },
    "MiniGrid-DoorKey-10x10-custom-diff0.8563807381558474": {
        "meanRet": 0.9692588356825022,
        "maxRet": 0.9861313700675964,
        "minRet": 0.9554744362831116
    },
    "MiniGrid-DoorKey-12x12-custom-diff0.8563807381558474": {
        "meanRet": 0.9530600744944352,
        "maxRet": 0.9802919626235962,
        "minRet": 0.9291970729827881
    }
}