{
    "model": "test12x12_100k_3step_3gen_3curric/epoch_14_curric0_gen1",
    "MiniGrid-DoorKey-6x6-custom-diff0.7970715046045371": {
        "meanRet": 0.9834618728894454,
        "maxRet": 0.9913687705993652,
        "minRet": 0.9772449731826782
    },
    "MiniGrid-DoorKey-8x8-custom-diff0.7970715046045371": {
        "meanRet": 0.9713443803787232,
        "maxRet": 0.9897994995117188,
        "minRet": 0.956843912601471
    },
    "MiniGrid-DoorKey-10x10-custom-diff0.7970715046045371": {
        "meanRet": 0.9553349889241732,
        "maxRet": 0.985876202583313,
        "minRet": 0.9309502840042114
    },
    "MiniGrid-DoorKey-12x12-custom-diff0.7970715046045371": {
        "meanRet": 0.9035187458992004,
        "maxRet": 0.9631211757659912,
        "minRet": 0.8014821410179138
    }
}