{
    "model": "test12x12_50k_3step_3gen_3curric/epoch_8_curric0_gen1",
    "MiniGrid-DoorKey-6x6-custom-diff1": {
        "meanRet": 0.9868028920430404,
        "maxRet": 0.9918749928474426,
        "minRet": 0.9825000166893005
    },
    "MiniGrid-DoorKey-8x8-custom-diff1": {
        "meanRet": 0.9782932721651517,
        "maxRet": 0.9906250238418579,
        "minRet": 0.96875
    },
    "MiniGrid-DoorKey-10x10-custom-diff1": {
        "meanRet": 0.9697355765562791,
        "maxRet": 0.9837499856948853,
        "minRet": 0.9581249952316284
    },
    "MiniGrid-DoorKey-12x12-custom-diff1": {
        "meanRet": 0.9552163481712341,
        "maxRet": 0.9762499928474426,
        "minRet": 0.9331250190734863
    }
}