{
    "model": "SO_RHEA_2PARA_5GEN_14May\\epoch_4_curric2_gen2",
    "MiniGrid-DoorKey-5x5-custom-diff2": {
        "meanRet": 0.696103881705891,
        "maxRet": 0.7107142806053162,
        "minRet": 0.6785714030265808
    },
    "MiniGrid-DoorKey-6x6-custom-diff2": {
        "meanRet": 0.7367499947547913,
        "maxRet": 0.8199999928474426,
        "minRet": 0.6850000023841858
    },
    "MiniGrid-DoorKey-8x8-custom-diff2": {
        "meanRet": 0.7342857172091802,
        "maxRet": 0.8199999928474426,
        "minRet": 0.691428542137146
    },
    "MiniGrid-DoorKey-16x16-custom-diff2": {
        "meanRet": 0.5592553168535233,
        "maxRet": 0.6744681000709534,
        "minRet": 0.4861702024936676
    }
}