{
    "model": "Mo_Rhea1\\epoch_3_curric0_gen4",
    "MiniGrid-DoorKey-5x5-custom-diff2": {
        "meanRet": 0.5120129856196317,
        "maxRet": 0.6785714030265808,
        "minRet": 0.38928571343421936
    },
    "MiniGrid-DoorKey-6x6-custom-diff2": {
        "meanRet": 0.5868181884288788,
        "maxRet": 0.7300000190734863,
        "minRet": 0.46000000834465027
    },
    "MiniGrid-DoorKey-8x8-custom-diff2": {
        "meanRet": 0.6091428577899933,
        "maxRet": 0.7428571581840515,
        "minRet": 0.4471428692340851
    },
    "MiniGrid-DoorKey-16x16-custom-diff2": {
        "meanRet": 0.1008381699070786,
        "maxRet": 0.6744681000709534,
        "minRet": 0.0
    }
}